file,line,kind,symbol,value,evidence
algebra.py,996,FunctionDef,prime_factors,,declaration
audit_phase144_6_r5_17a_r2.py,109,FunctionDef,_statement_types,,declaration
audit_phase144_6_r5_17a_r3.py,98,FunctionDef,_statement_types,,declaration
audit_phase144_6_r5_17d.py,141,FunctionDef,_rule_name,,declaration
audit_phase144_6_r5_17d_r1.py,76,FunctionDef,_rule_name,,declaration
audit_phase144_6_r5_17d_r1.py,97,FunctionDef,_classify_statement,,declaration
audit_phase144_6_r5_17e.py,105,FunctionDef,_other_direct_provider_statements,,declaration
audit_phase144_6_r5_21.py,51,ClassDef,FactProbe,,declaration
audit_phase144_6_r5_21.py,58,ClassDef,FactTrace,,declaration
audit_phase144_6_r5_21.py,147,FunctionDef,build_missing_fact_traces,,declaration
audit_phase144_6_r5_22.py,109,FunctionDef,build_statement_structure_traces,,declaration
audit_phase144_6_r5_23.py,71,FunctionDef,_canonical_fact_targets,,declaration
audit_phase144_6_r5_24.py,63,ClassDef,VisibleFactBodyTrace,,declaration
audit_phase144_6_r5_24.py,180,FunctionDef,build_visible_fact_body_traces,,declaration
audit_phase144_6_r5_27.py,62,ClassDef,RequiredFactCoverage,,declaration
audit_phase144_6_r5_27.py,229,FunctionDef,build_required_fact_coverage,,declaration
audit_phase144_6_r5_28.py,228,FunctionDef,_candidate_owner_rule,,declaration
audit_phase144_6_r5_29.py,40,ClassDef,MissingFactChainPlacement,,declaration
audit_phase144_6_r5_37.py,51,FunctionDef,_visible_statement_catalog,,declaration
audit_phase144_6_r5_37.py,63,FunctionDef,_has_equivalent_visible_statement,,declaration
audit_phase144_6_r5_43_5.py,348,FunctionDef,_rule_name,,declaration
audit_phase144_6_r5_43_8.py,147,FunctionDef,_rule_name,,declaration
audit_phase144_6_r5_43_9.py,48,FunctionDef,_rule_name,,declaration
audit_phase144_6_r5_43_9.py,59,FunctionDef,_reference_identity,,declaration
audit_phase162_r3a_presentation.py,81,Call,ProofRepositoryEntry,key='phase162_r3a_audit_pi5_3'; step=final; phase='162',candidate registration (not unique)
audit_phase162_r3b_existing_renderer.py,30,Call,ProofRepositoryEntry,key='phase162_r3b_audit_pi5_3'; step=root; phase='162',candidate registration (not unique)
audit_phase162_r3h.py,14,Assignment,entries,build_phase162_r3h_inventory(presentation),candidate container
audit_phase162_r3i.py,13,Assignment,entries,build_phase162_r3i_sidecar_audit(presentation),candidate container
audit_phase162_r3j.py,13,Assignment,entries,build_phase162_r3j_inference_rule_audit(presentation),candidate container
audit_phase162_r3k.py,15,Assignment,entries,build_phase162_r3k_rule_meaning_audit(presentation),candidate container
barratt_hilton_rules.py,36,ClassDef,HomotopyGroupMembershipStatement,,declaration
barratt_hilton_rules.py,64,FunctionDef,barratt_hilton_first_inference_rule,,declaration
barratt_hilton_rules.py,187,FunctionDef,barratt_hilton_second_inference_rule,,declaration
barratt_hilton_rules.py,23,Call,LiteratureReference,label='Toda Prop.3.1'; author='H. Toda'; title='Composition Methods in Homotopy Groups of Spheres'; year=1962; locator='Proposition 3.1',candidate registration (not unique)
composition_facts.py,87,ClassDef,ZeroCompositionFactRepository,,declaration
composition_facts.py,228,Assignment,ZERO_COMPOSITION_FACT_REPOSITORY,"ZeroCompositionFactRepository(facts=(ETA_3_E_NU_PRIME_ZERO_COMPOSITION_FACT, NU_PRIME_NU_6_ZERO_COMPOSITION_FACT))",candidate container
composition_facts.py,88,Assignment,facts,(),candidate container
composition_scalar_rules.py,31,ClassDef,IdentityMapStatement,,declaration
composition_scalar_rules.py,35,FunctionDef,toda_2_1_right_multiple_inference_rule,,declaration
composition_scalar_rules.py,87,FunctionDef,right_identity_composition_inference_rule,,declaration
composition_scalar_rules.py,18,Call,LiteratureReference,label='Toda (2.1)'; author='H. Toda'; title='Composition Methods in Homotopy Groups of Spheres'; year=1962; locator='(2.1)',candidate registration (not unique)
ehp_rules.py,22,ClassDef,EHPZeroCompositionStatement,,declaration
ehp_rules.py,27,FunctionDef,ehp_exactness_inference_rule,,declaration
ehp_rules.py,144,FunctionDef,ehp_exactness_image_implies_kernel_inference_rule,,declaration
ehp_rules.py,193,FunctionDef,ehp_exactness_kernel_implies_image_inference_rule,,declaration
ehp_rules.py,242,FunctionDef,ehp_exactness_implies_zero_composition_inference_rule,,declaration
ehp_rules.py,281,FunctionDef,ehp_zero_composition_implies_zero_relation_inference_rule,,declaration
formatter.py,49,FunctionDef,format_literature_reference,,declaration
formatter.py,98,FunctionDef,format_inference_rule,,declaration
formatter.py,104,FunctionDef,format_statement,,declaration
generator_facts.py,13,ClassDef,GeneratorTypingFact,,declaration
generator_facts.py,26,ClassDef,GeneratorAmbientGroupFact,,declaration
generator_facts.py,33,ClassDef,GeneratorFactRepository,,declaration
generator_facts.py,214,Assignment,GENERATOR_FACT_REPOSITORY,"GeneratorFactRepository(typing_facts=(ETA_3_TYPING_FACT, NU_PRIME_TYPING_FACT, NU_7_TYPING_FACT), ambient_group_facts=(ETA_3_AMBIENT_GROUP_FACT, NU_PRIME_AMBIENT_GROUP_FACT, NU_7_AMBIENT_GROUP_FACT))",candidate container
generator_facts.py,34,Assignment,typing_facts,(),candidate container
generator_facts.py,38,Assignment,ambient_group_facts,(),candidate container
homomorphism_rules.py,25,ClassDef,HomomorphismStatement,,declaration
homomorphism_rules.py,29,FunctionDef,homomorphism_preserves_addition_inference_rule,,declaration
homomorphism_rules.py,86,FunctionDef,homomorphism_preserves_zero_inference_rule,,declaration
homomorphism_rules.py,127,FunctionDef,homomorphism_preserves_inverse_inference_rule,,declaration
homomorphism_rules.py,180,FunctionDef,homomorphism_preserves_multiple_inference_rule,,declaration
homomorphism_rules.py,234,FunctionDef,suspension_is_homomorphism_inference_rule,,declaration
homomorphism_rules.py,248,FunctionDef,suspension_additivity_bridge_inference_rule,,declaration
homomorphism_rules.py,309,FunctionDef,suspension_multiple_bridge_inference_rule,,declaration
homomorphism_rules.py,365,FunctionDef,homomorphism_preserves_known_zero_inference_rule,,declaration
homotopy_groups.py,31,ClassDef,FiniteHomotopyGroupStatement,,declaration
homotopy_groups.py,49,ClassDef,PrimaryComponentMembershipStatement,,declaration
homotopy_groups.py,61,ClassDef,TodaPrimaryGroupMembershipStatement,,declaration
homotopy_groups.py,85,ClassDef,TodaPrimaryGroupZeroStatement,,declaration
homotopy_groups.py,90,ClassDef,TodaSuspensionIsomorphismStatement,,declaration
hopf_facts.py,13,Call,LiteratureReference,label='Toda Prop.5.1'; author='H. Toda'; title='Composition Methods in Homotopy Groups of Spheres'; year=1962; locator='Proposition 5.1',candidate registration (not unique)
hopf_rules.py,30,ClassDef,HopfInvariantStatement,,declaration
hopf_rules.py,38,ClassDef,HopfCompositionLawStatement,,declaration
hopf_rules.py,44,ClassDef,HopfLeftCompositionLawStatement,,declaration
hopf_rules.py,60,FunctionDef,toda_prop22_right_inference_rule,,declaration
hopf_rules.py,105,FunctionDef,toda_prop22_left_inference_rule,,declaration
hopf_rules.py,168,FunctionDef,hopf_invariant_statement_to_ehp_h_equality_inference_rule,,declaration
hopf_rules.py,209,FunctionDef,ehp_h_preserves_equality_inference_rule,,declaration
hopf_rules.py,244,FunctionDef,hopf_composition_law_inference_rule,,declaration
hopf_rules.py,281,FunctionDef,hopf_left_composition_law_inference_rule,,declaration
hopf_rules.py,327,FunctionDef,hopf_left_composition_formula_inference_rule,,declaration
hopf_rules.py,382,FunctionDef,hopf_composition_formula_inference_rule,,declaration
hopf_rules.py,438,FunctionDef,hopf_invariant_value_zero_inference_rule,,declaration
hopf_rules.py,502,FunctionDef,ehp_zero_composition_implies_suspended_hopf_zero_inference_rule,,declaration
hopf_rules.py,98,Call,LiteratureReference,label='Toda Proposition 2.2'; locator='Proposition 2.2',candidate registration (not unique)
indeterminacy_rules.py,25,ClassDef,CosetMembershipStatement,,declaration
indeterminacy_rules.py,31,ClassDef,SignIndeterminacyStatement,,declaration
indeterminacy_rules.py,37,ClassDef,CoefficientIndeterminacyStatement,,declaration
indeterminacy_rules.py,43,FunctionDef,modulo_implies_coset_membership_inference_rule,,declaration
indeterminacy_rules.py,84,FunctionDef,equality_implies_sign_indeterminacy_inference_rule,,declaration
indeterminacy_rules.py,119,FunctionDef,coset_membership_implies_modulo_inference_rule,,declaration
indeterminacy_rules.py,170,FunctionDef,symbolic_odd_equality_implies_coefficient_indeterminacy_inference_rule,,declaration
low_dimensional_facts.py,18,FunctionDef,pi_2_1_zero_fact,,declaration
low_dimensional_facts.py,27,FunctionDef,pi_3_3_free_cyclic_fact,,declaration
low_dimensional_facts.py,49,FunctionDef,pi_5_5_free_cyclic_fact,,declaration
low_dimensional_facts.py,71,FunctionDef,pi_7_7_free_cyclic_fact,,declaration
low_dimensional_facts.py,93,FunctionDef,pi_15_15_free_cyclic_fact,,declaration
low_dimensional_facts.py,115,FunctionDef,pi_17_17_free_cyclic_fact,,declaration
low_dimensional_facts.py,137,FunctionDef,pi_4_5_zero_fact,,declaration
low_dimensional_facts.py,146,FunctionDef,pi_6_7_zero_fact,,declaration
low_dimensional_facts.py,155,FunctionDef,e_pi_1_1_to_pi_2_2_isomorphism_fact,,declaration
main.py,59,Assignment,render_repository_generator_applicability_markdown,render_repository_generator_applicability_compact_markdown,candidate container
map_facts.py,12,ClassDef,MapTypingFact,,declaration
map_facts.py,21,ClassDef,MapIsomorphismFact,,declaration
map_facts.py,37,ClassDef,MapIsomorphismFactRepository,,declaration
map_facts.py,101,Assignment,MAP_ISOMORPHISM_FACT_REPOSITORY,"MapIsomorphismFactRepository(facts=(EHP_H_MAP_ISOMORPHISM_FACT,))",candidate container
map_facts.py,38,Assignment,facts,(),candidate container
map_property_rules.py,16,ClassDef,InjectiveMapStatement,,declaration
map_property_rules.py,21,ClassDef,IsomorphismStatement,,declaration
map_property_rules.py,25,FunctionDef,isomorphism_implies_injective_inference_rule,,declaration
map_property_rules.py,55,FunctionDef,injective_map_reflects_equality_inference_rule,,declaration
phase161_r4_literature_premise_matching.py,40,ClassDef,BackwardLiteratureGoal,,declaration
phase161_r4_literature_premise_matching.py,47,ClassDef,BackwardLiteratureMatch,,declaration
phase161_r4_literature_premise_matching.py,54,FunctionDef,expand_phase161_r4_literature_goal,,declaration
phase162_group_structure_backward.py,76,FunctionDef,group_structure_transport_inference_rule,,declaration
phase162_pi5_3_web_replay.py,56,Call,ProofRepositoryEntry,key='phase162-pi5-3-reconstructed-web'; step=root; theorem='Toda Proposition 5.3'; phase='162',candidate registration (not unique)
phase162_r3_narrative_connection.py,108,FunctionDef,_reference_section,,declaration
phase162_r3_narrative_connection.py,278,FunctionDef,render_phase162_r3_with_public_references,,declaration
phase162_r3h_reason_inventory.py,121,Assignment,entries,tuple((classify_r3h_unexplained_step(record) for record in baseline.records if record.reason_status == 'UNEXPLAINED')),candidate container
phase162_r3j_inference_rule_audit.py,22,ClassDef,R3JRuleEntry,,declaration
phase162_r3j_inference_rule_audit.py,41,FunctionDef,classify_r3j_inference_rule,,declaration
phase162_r3j_inference_rule_audit.py,111,FunctionDef,build_phase162_r3j_inference_rule_audit,,declaration
phase162_r3j_inference_rule_audit.py,115,Assignment,r3i_entries,build_phase162_r3i_sidecar_audit(presentation),candidate container
phase162_r3k_rule_meaning_audit.py,62,FunctionDef,build_phase162_r3k_rule_meaning_audit,,declaration
phase162_r3k_rule_meaning_audit.py,137,FunctionDef,render_phase162_r3k_rule_meaning_markdown,,declaration
phase162_r3k_rule_meaning_audit.py,66,Assignment,r3j_entries,build_phase162_r3j_inference_rule_audit(presentation),candidate container
phase162_r3k_rule_meaning_audit.py,69,Assignment,entries,[],candidate container
phase162_reference_boundary.py,46,FunctionDef,cite_verified_fixed_statement,,declaration
phase162_reference_boundary.py,101,FunctionDef,validate_cited_fixed_statement,,declaration
phase162_reference_boundary.py,88,Call,LiteratureReference,label='Toda ' + reference_locator; locator=reference_locator,candidate registration (not unique)
phase162_validated_proof_presentation.py,148,FunctionDef,build_validated_proof_reference_entries,,declaration
phase162_validated_proof_presentation.py,190,FunctionDef,_render_validated_reference_section,,declaration
phase162_validated_proof_presentation.py,250,FunctionDef,_validated_reference_number_by_step_id,,declaration
phase162_validated_proof_presentation.py,261,FunctionDef,_direct_reference_markers,,declaration
phase162_validated_proof_presentation.py,274,FunctionDef,_validated_reference_application_prose,,declaration
phase162_validated_proof_presentation.py,341,FunctionDef,_reference_component_reuse_boundary_ids,,declaration
phase162_validated_proof_presentation.py,392,FunctionDef,_fixed_statement_reuse_visible_ids,,declaration
phase162_validated_proof_presentation.py,559,FunctionDef,_validated_ancestral_reference_numbers,,declaration
phase162_validated_proof_presentation.py,198,Assignment,entries,build_validated_proof_reference_entries(presentation),candidate container
phase162_validated_proof_presentation.py,353,Assignment,reference_entries,build_validated_proof_reference_entries(presentation),candidate container
probe_relation_proof.py,16,Call,LiteratureReference,label='Toda'; author='H. Toda'; title='Composition Methods in Homotopy Groups of Spheres'; year=1962,candidate registration (not unique)
probes/probe_phase26_capabilities.py,311,Assignment,entries,print_phase26_generator_typing_demo(),candidate container
probes/probe_phase27_capabilities.py,148,FunctionDef,print_theorem_repository_demo,,declaration
probes/probe_phase30_capabilities.py,261,FunctionDef,print_initial_hopf_fact,,declaration
probes/probe_phase32_capabilities.py,88,FunctionDef,statement_text,,declaration
probes/probe_phase33_capabilities.py,150,FunctionDef,statement_text,,declaration
probes/probe_phase34_capabilities.py,158,FunctionDef,statement_text,,declaration
probes/probe_phase34_capabilities.py,416,FunctionDef,build_phase34_second_theorem_step,,declaration
probes/probe_phase34_capabilities.py,503,FunctionDef,print_phase34_theorem_chain,,declaration
probes/probe_phase35_capabilities.py,160,FunctionDef,statement_text,,declaration
probes/probe_phase36_capabilities.py,76,FunctionDef,statement_text,,declaration
probes/probe_phase37_capabilities.py,87,FunctionDef,statement_text,,declaration
probes/probe_phase38_capabilities.py,82,FunctionDef,statement_text,,declaration
probes/probe_phase45_capabilities.py,450,FunctionDef,print_phase45_theorem_results,,declaration
probes/probe_phase46_capabilities.py,173,FunctionDef,theorem_text,,declaration
probes/probe_phase46_capabilities.py,357,FunctionDef,print_phase46_theorem_result,,declaration
probes/probe_phase47_capabilities.py,301,FunctionDef,theorem_text,,declaration
probes/probe_phase47_capabilities.py,555,FunctionDef,print_phase47_theorem_result,,declaration
probes/probe_phase60_capabilities.py,506,FunctionDef,phase60_literature_usage,,declaration
probes/probe_phase60_capabilities.py,605,FunctionDef,print_phase60_literature_statements,,declaration
probes/probe_phase61_capabilities.py,398,FunctionDef,phase61_literature_usage,,declaration
probes/probe_phase61_capabilities.py,426,FunctionDef,print_literature_item,,declaration
probes/probe_phase61_capabilities.py,480,FunctionDef,print_phase61_literature_statements,,declaration
probes/probe_phase62_capabilities.py,415,FunctionDef,phase62_literature_usage,,declaration
probes/probe_phase62_capabilities.py,440,FunctionDef,print_phase62_literature_statements,,declaration
probes/probe_phase63_capabilities.py,455,FunctionDef,phase63_literature_usage,,declaration
probes/probe_phase63_capabilities.py,477,FunctionDef,print_phase63_literature_statements,,declaration
probes/probe_phase65_capabilities.py,421,FunctionDef,print_phase65_literature,,declaration
probes/probe_phase66_capabilities.py,251,FunctionDef,print_phase66_literature,,declaration
probes/probe_phase68_capabilities.py,452,FunctionDef,print_phase68_literature,,declaration
probes/probe_phase69_capabilities.py,287,FunctionDef,print_phase69_literature,,declaration
probes/probe_phase70_capabilities.py,438,FunctionDef,print_phase70_literature,,declaration
probes/probe_phase71_capabilities.py,417,FunctionDef,print_phase71_literature,,declaration
probes/probe_phase73_capabilities.py,439,FunctionDef,print_phase73_literature,,declaration
probes/probe_phase75_capabilities.py,497,FunctionDef,print_phase75_literature,,declaration
probes/probe_phase79_capabilities.py,25,Assignment,repository,data['repository'],candidate container
probes/probe_phase81_capabilities.py,68,FunctionDef,_rule_names,,declaration
probes/probe_phase81_capabilities.py,87,Assignment,compatible_entries,data['compatible_entries'],candidate container
probes/probe_phase81_capabilities.py,99,Assignment,repository,data['repository'],candidate container
probes/probe_phase82_capabilities.py,120,Assignment,repository,data['repository'],candidate container
probes/probe_phase86_capabilities.py,59,FunctionDef,_producer_rules,,declaration
probes/probe_phase86_capabilities.py,79,FunctionDef,_dependency_rule_ids,,declaration
probes/probe_phase86_capabilities.py,147,Assignment,repository,data['repository'],candidate container
probes/probe_phase86_capabilities.py,188,Assignment,default_repository_result,default_result.repository_inference_result,candidate container
probes/probe_phase86_capabilities.py,191,Assignment,explicit_repository_result,explicit_result.repository_inference_result,candidate container
probes/probe_phase86_capabilities.py,420,Assignment,repository,data['repository'],candidate container
probes/probe_phase86_capabilities.py,455,Assignment,repository_result,depth_three_result.repository_inference_result,candidate container
probes/probe_phase86_capabilities.py,577,Assignment,repository,data['repository'],candidate container
probes/probe_phase86_capabilities.py,596,Assignment,repository_result,depth_four_result.repository_inference_result,candidate container
probes/probe_phase87_capabilities.py,45,Assignment,repository,data['repository'],candidate container
probes/probe_phase87_capabilities.py,95,Assignment,repository_result,two_attempt_result.repository_inference_result,candidate container
proof.py,14,ClassDef,LiteratureReference,,declaration
proof.py,23,ClassDef,FoundationalReferenceIdentity,,declaration
proof.py,56,ClassDef,LiteratureStatement,,declaration
proof.py,98,ClassDef,ProofRule,,declaration
proof.py,292,FunctionDef,substitute_statement_pattern,,declaration
proof.py,408,FunctionDef,match_statement_pattern,,declaration
proof.py,442,ClassDef,InferenceRule,,declaration
proof.py,640,FunctionDef,match_inference_rule_bindings,,declaration
proof.py,698,FunctionDef,matches_inference_rule,,declaration
proof.py,853,FunctionDef,is_inference_rule_applicable,,declaration
proof.py,866,FunctionDef,find_applicable_inference_rules,,declaration
proof.py,945,FunctionDef,find_inference_matches_for_rule,,declaration
proof.py,1135,ClassDef,KernelStatement,,declaration
proof.py,1141,ClassDef,ImageStatement,,declaration
proof.py,1147,ClassDef,CokernelStatement,,declaration
proof.py,1192,ClassDef,ExactnessStatement,,declaration
proof.py,1366,FunctionDef,_normalize_inference_rules,,declaration
proof.py,1522,FunctionDef,_validate_inference_rule,,declaration
proof_repository.py,7,ClassDef,ProofRepositoryEntry,,declaration
proof_repository.py,60,ClassDef,ProofRepository,,declaration
proof_repository.py,124,FunctionDef,find_by_statement_type,,declaration
proof_repository.py,161,FunctionDef,find_by_theorem,,declaration
relation_rules.py,19,FunctionDef,additive_inverse_inference_rule,,declaration
relation_rules.py,42,FunctionDef,sum_commutativity_inference_rule,,declaration
relation_rules.py,66,FunctionDef,sum_associativity_inference_rule,,declaration
relation_rules.py,97,FunctionDef,double_equals_repeated_sum_inference_rule,,declaration
relation_rules.py,120,FunctionDef,order_implies_zero_multiple_inference_rule,,declaration
relation_rules.py,182,FunctionDef,zero_equality_implies_zero_inference_rule,,declaration
relation_rules.py,227,FunctionDef,composition_equality_to_zero_inference_rule,,declaration
relation_rules.py,275,FunctionDef,zero_composition_equality_implies_zero_inference_rule,,declaration
relation_rules.py,340,FunctionDef,zero_composition_reverse_equality_implies_zero_inference_rule,,declaration
relation_rules.py,405,FunctionDef,iterated_suspension_one_bridge_inference_rule,,declaration
relation_rules.py,431,FunctionDef,suspension_preserves_equality_inference_rule,,declaration
relation_rules.py,469,FunctionDef,suspension_composition_functoriality_inference_rule,,declaration
relation_rules.py,544,FunctionDef,suspension_preserves_zero_inference_rule,,declaration
relation_rules.py,576,FunctionDef,suspension_preserves_zero_multiple_inference_rule,,declaration
relation_rules.py,640,FunctionDef,equality_preserved_under_right_composition_inference_rule,,declaration
relation_rules.py,687,FunctionDef,equality_preserved_under_left_composition_inference_rule,,declaration
relation_rules.py,734,FunctionDef,equality_preserved_under_multiple_inference_rule,,declaration
relation_rules.py,776,FunctionDef,nested_integer_multiple_inference_rule,,declaration
relation_rules.py,830,FunctionDef,equality_symmetry_inference_rule,,declaration
relation_rules.py,865,FunctionDef,equality_transitivity_inference_rule,,declaration
repository.py,8,ClassDef,SphereRepository,,declaration
repository.py,201,ClassDef,RelationRepository,,declaration
repository_element_exploration.py,15,ClassDef,RepositoryGeneratorExplorationResult,,declaration
repository_element_exploration.py,113,FunctionDef,build_repository_generator_exploration,,declaration
repository_element_facade.py,25,ClassDef,RepositoryGeneratorExplorationReport,,declaration
repository_element_facade.py,69,FunctionDef,explore_repository_generator,,declaration
repository_element_facade.py,99,FunctionDef,explore_standard_repository_generator_input,,declaration
repository_element_facade.py,108,Assignment,repository,build_standard_production_proof_repository(),candidate container
repository_element_lookup.py,19,ClassDef,RepositoryGeneratorOccurrence,,declaration
repository_element_lookup.py,115,FunctionDef,find_repository_entries_by_conclusion_generator,,declaration
repository_element_lookup.py,148,FunctionDef,find_repository_generator_occurrences,,declaration
repository_element_lookup.py,217,FunctionDef,find_repository_generator_occurrences_by_role,,declaration
repository_element_presentation.py,36,ClassDef,RepositoryGeneratorOccurrencePresentation,,declaration
repository_element_presentation.py,62,ClassDef,RepositoryGeneratorExplorationPresentation,,declaration
repository_element_presentation.py,220,FunctionDef,_render_repository_conclusion_value_latex,,declaration
repository_element_presentation.py,275,FunctionDef,render_repository_conclusion_latex,,declaration
repository_element_presentation.py,332,FunctionDef,_value_at_repository_occurrence_path_prefix,,declaration
repository_element_presentation.py,361,FunctionDef,_render_repository_occurrence_latex,,declaration
repository_element_presentation.py,406,FunctionDef,build_repository_generator_exploration_presentation,,declaration
repository_element_renderer.py,193,FunctionDef,render_repository_generator_exploration_markdown,,declaration
repository_foundational_group_specialization.py,205,Call,ProofRepositoryEntry,key=f'standard.toda.foundational::identity_{query.n}'; step=step; phase='130'; theorem='Sphere identity group',candidate registration (not unique)
repository_foundational_group_specialization.py,239,Call,ProofRepositoryEntry,key=f'standard.toda.foundational::circle_zero_{query.k}'; step=step; phase='56'; theorem='Toda pi_(i-1)^1 zero for i at least 3',candidate registration (not unique)
repository_foundational_group_specialization.py,267,Call,ProofRepositoryEntry,key=f'standard.toda.foundational::connectivity_{group_dimension}_{query.n}'; step=step; phase='130'; theorem='Sphere connectivity',candidate registration (not unique)
repository_generator_applicability_execution_entry.py,26,FunctionDef,_candidate_inference_rule_factory_name,,declaration
repository_generator_applicability_execution_entry.py,249,Call,catalog.register,,candidate registration (not unique)
repository_generator_applicability_execution_entry.py,315,Call,catalog.register,,candidate registration (not unique)
repository_generator_applicability_execution_orchestration.py,35,Assignment,seed_repository,,candidate container
repository_generator_applicability_execution_orchestration.py,134,Assignment,seed_repository,build_repository_generator_applicability_execution_seed_repository(candidate),candidate container
repository_generator_applicability_execution_seed.py,10,FunctionDef,build_repository_generator_applicability_execution_seed_repository,,declaration
repository_generator_applicability_execution_seed.py,31,Assignment,repository,ProofRepository(),candidate container
repository_generator_applicability_execution_seed.py,32,Call,repository.register,,candidate registration (not unique)
repository_generator_applicability_execution_seed.py,33,Call,ProofRepositoryEntry,key=f'{root_entry.key}::applicability-execution-seed'; step=source_step; phase=root_entry.phase; theorem=root_entry.theorem,candidate registration (not unique)
repository_generator_applicability_facade.py,26,ClassDef,RepositoryGeneratorApplicabilityExplorationResult,,declaration
repository_generator_applicability_facade.py,164,FunctionDef,explore_repository_generator_applicability,,declaration
repository_generator_applicability_facade.py,207,FunctionDef,explore_standard_repository_generator_applicability_input,,declaration
repository_generator_applicability_handoff.py,24,ClassDef,RepositoryGeneratorApplicabilityCandidateHandoff,,declaration
repository_generator_applicability_handoff.py,41,ClassDef,RepositoryGeneratorApplicabilityHandoffValidationStatus,,declaration
repository_generator_applicability_handoff.py,55,ClassDef,RepositoryGeneratorApplicabilityHandoffValidation,,declaration
repository_generator_applicability_handoff.py,111,ClassDef,RepositoryGeneratorApplicabilityHandoffSearchReport,,declaration
repository_generator_applicability_handoff.py,174,ClassDef,RepositoryGeneratorApplicabilityHandoffExecutionResult,,declaration
repository_generator_applicability_handoff.py,209,FunctionDef,execute_repository_generator_applicability_handoff_search_report,,declaration
repository_generator_applicability_handoff.py,245,FunctionDef,validate_repository_generator_applicability_handoff,,declaration
repository_generator_applicability_handoff.py,345,FunctionDef,build_repository_generator_applicability_handoff_search_report,,declaration
repository_generator_applicability_handoff.py,274,Assignment,same_rule_entries,tuple((entry for entry in execution_catalog.entries() if entry.rule is selected_rule)),candidate container
repository_generator_applicability_handoff.py,291,Assignment,safe_same_rule_entries,tuple((entry for entry in same_rule_entries if entry.fixed_point_safe)),candidate container
repository_generator_applicability_handoff.py,315,Assignment,goal_compatible_entries,"find_goal_compatible_rule_entries(same_rule_catalog, handoff.goal)",candidate container
repository_generator_applicability_handoff.py,311,Call,same_rule_catalog.register,,candidate registration (not unique)
repository_generator_applicability_presentation.py,28,FunctionDef,_rule_family_relevance_category,,declaration
repository_generator_applicability_presentation.py,50,FunctionDef,_rule_family_relevance_sort_key,,declaration
repository_generator_applicability_presentation.py,67,ClassDef,ApplicabilityRuleGroupPresentation,,declaration
repository_generator_applicability_presentation.py,149,ClassDef,ApplicabilityRuleFamilyPresentation,,declaration
repository_generator_applicability_presentation.py,414,ClassDef,RepositoryGeneratorApplicabilityPresentation,,declaration
repository_generator_applicability_presentation.py,625,FunctionDef,build_repository_generator_applicability_presentation,,declaration
repository_generator_applicability_presentation.py,122,FunctionDef,inference_rule,,declaration
repository_generator_applicability_presentation.py,341,FunctionDef,source_statement,,declaration
repository_generator_applicability_presentation.py,347,FunctionDef,rule_families,,declaration
repository_generator_applicability_presentation.py,603,FunctionDef,rule_group_count,,declaration
repository_generator_applicability_presentation.py,614,FunctionDef,rule_family_count,,declaration
repository_generator_applicability_renderer.py,415,FunctionDef,render_repository_generator_applicability_compact_markdown,,declaration
repository_generator_applicability_renderer.py,430,FunctionDef,render_repository_generator_applicability_detailed_markdown,,declaration
repository_generator_applicability_renderer.py,445,FunctionDef,render_repository_generator_applicability_markdown,,declaration
repository_generator_applicability_selection.py,18,ClassDef,RepositoryGeneratorApplicabilitySelection,,declaration
repository_generator_applicability_selection.py,103,FunctionDef,select_repository_generator_applicability_by_relevance,,declaration
repository_generator_applicability_selection.py,161,FunctionDef,select_repository_generator_applicability_by_source_nodes,,declaration
repository_generator_applicability_selection.py,240,FunctionDef,select_repository_generator_applicability_by_rule_family,,declaration
repository_generator_known_group_identity_lookup.py,204,FunctionDef,find_repository_generator_known_group_identity_nodes,,declaration
repository_generator_known_group_identity_lookup.py,327,FunctionDef,find_standard_repository_generator_known_group_identity_nodes,,declaration
repository_generator_known_group_identity_lookup.py,353,FunctionDef,find_standard_repository_generator_known_group_identity_input,,declaration
repository_generator_known_group_identity_lookup.py,341,Assignment,repository,build_standard_production_proof_repository(),candidate container
repository_generator_known_group_identity_presentation.py,16,ClassDef,RepositoryGeneratorKnownGroupIdentityPresentation,,declaration
repository_generator_known_group_identity_presentation.py,51,FunctionDef,build_repository_generator_known_group_identity_presentation,,declaration
repository_generator_known_group_identity_presentation.py,105,FunctionDef,build_standard_repository_generator_known_group_identity_presentation_input,,declaration
repository_generator_known_group_identity_renderer.py,12,FunctionDef,render_repository_generator_known_group_identity_markdown,,declaration
repository_generator_known_group_proof_replay.py,21,ClassDef,RepositoryGeneratorKnownGroupProofReplayStep,,declaration
repository_generator_known_group_proof_replay.py,57,ClassDef,RepositoryGeneratorKnownGroupProofReplayResult,,declaration
repository_generator_known_group_proof_replay.py,259,FunctionDef,build_standard_repository_generator_known_group_proof_replay_input,,declaration
repository_generator_known_group_proof_replay_presentation.py,13,ClassDef,RepositoryGeneratorKnownGroupProofReplayPresentation,,declaration
repository_generator_known_group_proof_replay_presentation.py,59,FunctionDef,build_repository_generator_known_group_proof_replay_presentation,,declaration
repository_generator_known_group_proof_replay_renderer.py,18,FunctionDef,_render_known_group_proof_replay_statement,,declaration
repository_generator_known_group_proof_replay_renderer.py,53,FunctionDef,_known_group_proof_replay_rule_name,,declaration
repository_generator_known_group_proof_replay_renderer.py,62,FunctionDef,render_repository_generator_known_group_proof_replay_markdown,,declaration
repository_generator_production_application_execution_seed.py,11,FunctionDef,build_repository_generator_production_application_execution_seed_repository,,declaration
repository_generator_production_application_execution_seed.py,44,Assignment,repository,ProofRepository(),candidate container
repository_generator_production_application_execution_seed.py,52,Call,repository.register,,candidate registration (not unique)
repository_generator_production_application_execution_seed.py,53,Call,ProofRepositoryEntry,key=f'{root_entry.key}::applicability-execution-seed::{premise_index:03d}'; step=premise_step; phase=root_entry.phase; theorem=root_entry.theorem,candidate registration (not unique)
repository_generator_production_application_recovery.py,13,ClassDef,RepositoryGeneratorProductionApplicationRecoveryStatus,,declaration
repository_generator_production_application_recovery.py,22,ClassDef,RepositoryGeneratorProductionApplicationRecovery,,declaration
repository_generator_production_application_recovery.py,114,FunctionDef,recover_repository_generator_production_application,,declaration
repository_generator_qualified_execution_family.py,48,ClassDef,RepositoryGeneratorQualifiedExecutionFamilyGroup,,declaration
repository_generator_qualified_execution_family.py,162,ClassDef,RepositoryGeneratorQualifiedExecutionFamilyGrouping,,declaration
repository_generator_qualified_execution_family.py,251,FunctionDef,group_qualified_repository_generator_execution_families,,declaration
repository_generator_qualified_execution_family_selection.py,16,ClassDef,RepositoryGeneratorQualifiedExecutionFamilySelection,,declaration
repository_generator_qualified_execution_family_selection.py,129,FunctionDef,select_qualified_repository_generator_execution_family_by_root_and_source,,declaration
repository_generator_qualified_execution_family_selection.py,216,FunctionDef,select_qualified_repository_generator_execution_family_by_root_source_and_family,,declaration
repository_generator_qualified_execution_handoff.py,14,ClassDef,RepositoryGeneratorQualifiedExecutionHandoffResult,,declaration
repository_generator_qualified_execution_handoff.py,86,FunctionDef,execute_unique_qualified_repository_generator_applicability_selection,,declaration
repository_generator_qualified_execution_selection.py,16,ClassDef,RepositoryGeneratorQualifiedExecutionSelectionStatus,,declaration
repository_generator_qualified_execution_selection.py,25,ClassDef,RepositoryGeneratorQualifiedExecutionSelection,,declaration
repository_generator_qualified_execution_selection.py,92,FunctionDef,select_qualified_repository_generator_applicability_candidates,,declaration
repository_generator_qualified_execution_selection.py,127,FunctionDef,select_all_qualified_repository_generator_applicability_candidates,,declaration
repository_generator_standard_qualified_execution_facade.py,37,ClassDef,StandardRepositoryGeneratorQualifiedExecutionFacadeResult,,declaration
repository_generator_standard_qualified_execution_facade.py,161,ClassDef,StandardRepositoryGeneratorMultiFamilyExecutionFacadeResult,,declaration
repository_generator_standard_qualified_execution_facade.py,301,FunctionDef,execute_standard_repository_generator_applicability_result_by_root_and_source,,declaration
repository_generator_standard_qualified_execution_facade.py,379,FunctionDef,execute_standard_repository_generator_applicability_result_by_root_source_and_family,,declaration
repository_generator_two_premise_execution_integration.py,165,FunctionDef,execute_two_premise_repository_generator_production_application_candidate,,declaration
repository_generator_two_premise_execution_integration.py,33,Assignment,seed_repository,,candidate container
repository_generator_two_premise_execution_integration.py,218,Assignment,seed_repository,build_repository_generator_production_application_execution_seed_repository(recovery),candidate container
repository_generator_user_execution_candidate_presentation.py,13,ClassDef,RepositoryGeneratorUserExecutionCandidatePresentation,,declaration
repository_generator_user_execution_candidate_presentation.py,59,ClassDef,RepositoryGeneratorUserExecutionCandidateListPresentation,,declaration
repository_generator_user_execution_candidate_presentation.py,144,FunctionDef,build_repository_generator_user_execution_candidate_list_presentation,,declaration
repository_generator_user_execution_candidate_renderer.py,15,FunctionDef,_render_candidate_statement,,declaration
repository_generator_user_execution_candidate_renderer.py,46,FunctionDef,render_repository_generator_user_execution_candidate_list_markdown,,declaration
repository_generator_user_execution_facade.py,26,ClassDef,RepositoryGeneratorUserExecutionWorkflowStatus,,declaration
repository_generator_user_execution_facade.py,35,ClassDef,RepositoryGeneratorUserExecutionWorkflowResult,,declaration
repository_generator_user_execution_facade.py,284,FunctionDef,run_standard_repository_generator_user_execution_workflow,,declaration
repository_generator_user_execution_handoff.py,14,ClassDef,RepositoryGeneratorExecutableTargetExecutionResult,,declaration
repository_generator_user_execution_handoff.py,120,FunctionDef,execute_repository_generator_executable_target,,declaration
repository_generator_user_execution_presentation.py,12,ClassDef,RepositoryGeneratorUserExecutionPresentation,,declaration
repository_generator_user_execution_presentation.py,103,FunctionDef,build_repository_generator_user_execution_presentation,,declaration
repository_generator_user_execution_proof_step.py,12,ClassDef,RepositoryGeneratorExecutedProofStepResult,,declaration
repository_generator_user_execution_proof_step.py,95,FunctionDef,extract_repository_generator_executed_target_proof_step,,declaration
repository_generator_user_execution_proof_step.py,130,Assignment,repository_inference_result,bounded_execution.repository_inference_result,candidate container
repository_generator_user_execution_renderer.py,15,FunctionDef,_render_user_execution_statement,,declaration
repository_generator_user_execution_renderer.py,46,FunctionDef,render_repository_generator_user_execution_markdown,,declaration
repository_generator_user_execution_resolver.py,31,ClassDef,RepositoryGeneratorExecutableTarget,,declaration
repository_generator_user_execution_resolver.py,125,ClassDef,StandardRepositoryGeneratorExecutableTargetResolution,,declaration
repository_generator_user_execution_resolver.py,375,FunctionDef,resolve_standard_repository_generator_executable_targets_input,,declaration
repository_inference.py,28,ClassDef,RepositoryInferenceResult,,declaration
repository_inference.py,863,FunctionDef,repository_available_steps,,declaration
repository_inference.py,1110,FunctionDef,_concrete_requested_statement,,declaration
repository_inference.py,1320,FunctionDef,_diagnose_direct_producer_failure_for_final_rule,,declaration
repository_inference.py,1598,FunctionDef,_diagnose_bounded_producer_search_failure_for_final_rule,,declaration
repository_inference.py,2266,FunctionDef,_select_bounded_producer_chain_for_final_rule,,declaration
repository_inference.py,2808,FunctionDef,_build_bounded_producer_search_report_for_final_rule,,declaration
repository_inference.py,3105,FunctionDef,detect_goal_rule_missing_premises,,declaration
repository_inference.py,3154,FunctionDef,derive_goal_from_repository,,declaration
repository_inference.py,3185,FunctionDef,derive_goal_from_repository_with_catalog,,declaration
repository_inference.py,3206,FunctionDef,derive_goal_from_repository_with_one_level_producers,,declaration
repository_inference.py,3330,FunctionDef,derive_goal_from_repository_with_depth_two_producers,,declaration
repository_inference.py,783,Assignment,repository_inference_result,None,candidate container
repository_inference.py,2446,FunctionDef,candidate_rules_for_lookup,,declaration
repository_inference.py,3023,Assignment,repository_inference_result,"RepositoryInferenceResult(inference_result=final_result, goal_step=find_goal_step(final_result.steps, report.goal))",candidate container
repository_inference.py,1404,Assignment,candidate_entries,"find_premise_producer_candidate_entries(rule_catalog, lookup.premise_pattern, requested_statement=lookup.requested_statement)",candidate container
repository_inference.py,1773,Assignment,candidate_entries,"find_premise_producer_candidate_entries(rule_catalog, lookup.premise_pattern, requested_statement=lookup.requested_statement)",candidate container
repository_inference.py,2966,Assignment,repository_inference_result,"RepositoryInferenceResult(inference_result=inference_result, goal_step=find_goal_step(inference_result.steps, report.goal))",candidate container
repository_inference.py,2484,Call,register_node_spec,,candidate registration (not unique)
repository_inference.py,2587,Call,register_producer_lookup,,candidate registration (not unique)
repository_inference.py,2523,Call,register_producer_lookup,,candidate registration (not unique)
repository_inference.py,2568,Call,register_producer_candidate,,candidate registration (not unique)
repository_inference.py,2539,Call,dependency_rule_ids[registered_rule_id].append,,candidate registration (not unique)
repository_map_relation_exploration.py,23,ClassDef,RepositoryMapRelationOccurrence,,declaration
repository_map_relation_exploration.py,140,FunctionDef,find_repository_map_relation_occurrences,,declaration
repository_operation_query.py,8,ClassDef,RepositoryGeneratorQuery,,declaration
repository_operation_query.py,24,ClassDef,RepositoryCompositionQuery,,declaration
repository_operation_query.py,49,ClassDef,RepositoryThreeTermCompositionQuery,,declaration
repository_operation_query.py,80,Assignment,RepositoryOperationOperand,RepositoryGeneratorQuery | RepositoryCompositionQuery,candidate container
repository_operation_query.py,87,ClassDef,RepositoryMapOperationQuery,,declaration
repository_operation_query.py,116,Assignment,RepositoryOperationQuery,RepositoryMapOperationQuery | RepositoryCompositionQuery | RepositoryThreeTermCompositionQuery,candidate container
repository_operation_query.py,243,FunctionDef,parse_repository_operation_query,,declaration
repository_operation_query_facade.py,30,FunctionDef,query_repository_operation_input,,declaration
repository_operation_query_facade.py,81,FunctionDef,query_standard_repository_operation_input,,declaration
repository_operation_query_facade.py,84,Assignment,repository,build_standard_production_proof_repository(),candidate container
repository_operation_query_lookup.py,44,ClassDef,RepositoryOperationQueryMatchKind,,declaration
repository_operation_query_lookup.py,61,ClassDef,RepositoryOperationQueryMatch,,declaration
repository_operation_query_lookup.py,98,ClassDef,RepositoryOperationQueryResult,,declaration
repository_operation_query_lookup.py,663,FunctionDef,query_repository_operation,,declaration
repository_operation_query_presentation.py,16,ClassDef,RepositoryOperationQueryPresentationItem,,declaration
repository_operation_query_presentation.py,89,ClassDef,RepositoryOperationQueryPresentation,,declaration
repository_operation_query_presentation.py,127,FunctionDef,_render_operation_query_statement_latex,,declaration
repository_operation_query_presentation.py,150,FunctionDef,build_repository_operation_query_presentation,,declaration
repository_operation_query_proof_replay.py,14,ClassDef,RepositoryOperationQueryProofReplayStep,,declaration
repository_operation_query_proof_replay.py,50,ClassDef,RepositoryOperationQueryProofReplayResult,,declaration
repository_operation_query_proof_replay.py,281,FunctionDef,build_repository_operation_query_proof_replay,,declaration
repository_operation_query_proof_replay_presentation.py,10,ClassDef,RepositoryOperationQueryProofReplayPresentation,,declaration
repository_operation_query_proof_replay_presentation.py,62,FunctionDef,build_repository_operation_query_proof_replay_presentation,,declaration
repository_operation_query_proof_replay_renderer.py,9,FunctionDef,_render_operation_query_proof_replay_statement,,declaration
repository_operation_query_proof_replay_renderer.py,32,FunctionDef,_operation_query_proof_replay_rule_name,,declaration
repository_operation_query_proof_replay_renderer.py,41,FunctionDef,render_repository_operation_query_proof_replay_markdown,,declaration
repository_operation_query_proof_replay_statement_presentation.py,24,ClassDef,RepositoryOperationQueryProofReplayStatementPresentation,,declaration
repository_operation_query_proof_replay_statement_presentation.py,88,FunctionDef,_render_existing_statement_latex,,declaration
repository_operation_query_proof_replay_statement_presentation.py,159,FunctionDef,build_repository_operation_query_proof_replay_statement_presentation,,declaration
repository_operation_query_renderer.py,6,FunctionDef,render_repository_operation_query_markdown,,declaration
repository_proof_scope.py,11,ClassDef,RepositoryProofScopeNode,,declaration
repository_proof_scope.py,75,ClassDef,RepositoryProofScopeResult,,declaration
repository_proof_scope.py,146,FunctionDef,build_repository_entry_proof_scope,,declaration
repository_proof_scope.py,224,FunctionDef,build_repository_proof_scope,,declaration
repository_proof_scope.py,76,Assignment,repository,,candidate container
repository_proof_scope.py,101,Assignment,registered_entries,self.repository.entries(),candidate container
repository_proof_scope_applicability.py,18,ClassDef,RepositoryProofScopeApplicabilityCandidate,,declaration
repository_proof_scope_applicability.py,65,FunctionDef,find_repository_proof_scope_applicability_candidates,,declaration
repository_proof_scope_exploration.py,30,ClassDef,RepositoryProofScopeGeneratorOccurrence,,declaration
repository_proof_scope_exploration.py,98,ClassDef,RepositoryProofScopeTodaMembershipOccurrence,,declaration
repository_proof_scope_exploration.py,183,ClassDef,RepositoryProofScopeMapRelationOccurrence,,declaration
repository_proof_scope_exploration.py,338,FunctionDef,find_repository_proof_scope_generator_occurrences,,declaration
repository_proof_scope_exploration.py,411,FunctionDef,find_repository_proof_scope_toda_membership_occurrences,,declaration
repository_proof_scope_exploration.py,477,FunctionDef,find_repository_proof_scope_map_relation_occurrences,,declaration
repository_proof_scope_facade.py,32,ClassDef,RepositoryProofScopeExplorationResult,,declaration
repository_proof_scope_facade.py,150,FunctionDef,explore_repository_generator_proof_scope,,declaration
repository_proof_scope_facade.py,242,FunctionDef,explore_standard_repository_generator_proof_scope_input,,declaration
repository_proof_scope_facade.py,249,Assignment,repository,build_standard_production_proof_repository(),candidate container
repository_proof_scope_renderer.py,28,FunctionDef,render_repository_proof_scope_exploration_markdown,,declaration
repository_symbolic_sigma_specialization.py,261,FunctionDef,specialize_repository_proof_scope_for_generator,,declaration
repository_symbolic_stable_group_specialization.py,710,FunctionDef,specialize_repository_proof_scope_for_toda_group_query,,declaration
repository_theorem_pattern_exploration.py,12,ClassDef,RepositoryTheoremPatternOccurrence,,declaration
repository_theorem_pattern_exploration.py,46,FunctionDef,build_repository_theorem_pattern_occurrences,,declaration
repository_theorem_pattern_exploration.py,38,FunctionDef,statement_type,,declaration
repository_toda_membership_exploration.py,47,ClassDef,RepositoryTodaBracketMembershipOccurrence,,declaration
repository_toda_membership_exploration.py,183,FunctionDef,find_repository_toda_bracket_membership_occurrences,,declaration
rule_applicability.py,18,ClassDef,InferenceRuleApplicabilityCandidate,,declaration
rule_applicability.py,140,ClassDef,InferenceRulePremisePatternReference,,declaration
rule_applicability.py,229,ClassDef,InferenceRulePremisePatternIndex,,declaration
rule_applicability.py,416,FunctionDef,build_inference_rule_premise_pattern_index,,declaration
rule_applicability.py,424,FunctionDef,find_inference_rule_applicability_candidates,,declaration
rule_applicability.py,481,FunctionDef,find_indexed_inference_rule_applicability_candidates,,declaration
rule_applicability.py,121,FunctionDef,inference_rule,,declaration
rule_applicability.py,127,FunctionDef,matched_statement,,declaration
rule_applicability.py,325,FunctionDef,references,,declaration
rule_applicability.py,333,FunctionDef,compatible_references,,declaration
rule_catalog.py,10,ClassDef,RuleRelevanceCategory,,declaration
rule_catalog.py,20,ClassDef,InferenceRuleCatalogEntry,,declaration
rule_catalog.py,92,ClassDef,InferenceRuleCatalog,,declaration
rule_catalog.py,181,FunctionDef,find_goal_compatible_rule_entries,,declaration
rule_catalog.py,213,FunctionDef,find_goal_compatible_rules,,declaration
rule_catalog.py,248,FunctionDef,find_premise_producer_rule_entries,,declaration
rule_catalog.py,308,FunctionDef,find_premise_producer_rules,,declaration
rule_catalog.py,141,FunctionDef,rules,,declaration
rule_catalog.py,217,Assignment,entries,"find_goal_compatible_rule_entries(catalog, goal)",candidate container
rule_catalog.py,313,Assignment,entries,"find_premise_producer_rule_entries(catalog, premise_pattern, requested_statement=requested_statement)",candidate container
scalar_rules.py,19,ClassDef,OddScalarStatement,,declaration
scalar_rules.py,24,ClassDef,EvenScalarStatement,,declaration
scalar_rules.py,29,ClassDef,ScalarGreaterEqualStatement,,declaration
scalar_rules.py,35,ClassDef,ScalarCongruenceStatement,,declaration
scalar_rules.py,42,ClassDef,ScalarSignEvaluationStatement,,declaration
scalar_rules.py,47,FunctionDef,odd_scalar_implies_mod_two_congruence_inference_rule,,declaration
scalar_rules.py,89,FunctionDef,even_scalar_implies_mod_two_congruence_inference_rule,,declaration
scalar_rules.py,131,FunctionDef,even_scalar_evaluates_minus_one_power_inference_rule,,declaration
scalar_rules.py,164,FunctionDef,odd_scalar_evaluates_minus_one_power_inference_rule,,declaration
scalar_rules.py,197,FunctionDef,scalar_sign_evaluation_applies_to_multiple_inference_rule,,declaration
scalar_rules.py,260,FunctionDef,mod_two_one_scalar_preserves_order_two_element_inference_rule,,declaration
set_rules.py,26,ClassDef,ImageSubgroupReference,,declaration
set_rules.py,37,ClassDef,KernelSubgroupReference,,declaration
set_rules.py,61,ClassDef,ModuloStatement,,declaration
set_rules.py,68,ClassDef,CosetEqualityStatement,,declaration
set_rules.py,74,ClassDef,MembershipStatement,,declaration
set_rules.py,80,ClassDef,SubsetStatement,,declaration
set_rules.py,86,ClassDef,SubgroupEqualityStatement,,declaration
set_rules.py,91,FunctionDef,kernel_membership_statement,,declaration
set_rules.py,103,FunctionDef,image_membership_statement,,declaration
set_rules.py,115,FunctionDef,modulo_implies_difference_membership_inference_rule,,declaration
set_rules.py,158,FunctionDef,modulo_implies_coset_equality_inference_rule,,declaration
set_rules.py,201,FunctionDef,coset_equality_implies_modulo_inference_rule,,declaration
set_rules.py,263,FunctionDef,difference_membership_implies_modulo_inference_rule,,declaration
set_rules.py,336,FunctionDef,equality_implies_modulo_inference_rule,,declaration
set_rules.py,390,FunctionDef,zero_implies_modulo_inference_rule,,declaration
set_rules.py,435,FunctionDef,kernel_membership_implies_mapped_zero_inference_rule,,declaration
set_rules.py,480,FunctionDef,mapped_zero_implies_kernel_membership_inference_rule,,declaration
set_rules.py,529,FunctionDef,exactness_implies_subgroup_equality_inference_rule,,declaration
set_rules.py,582,FunctionDef,membership_subset_propagation_inference_rule,,declaration
set_rules.py,626,FunctionDef,subgroup_equality_membership_propagation_inference_rule,,declaration
set_rules.py,695,FunctionDef,subgroup_equality_modulo_propagation_inference_rule,,declaration
set_rules.py,765,FunctionDef,subgroup_equality_symmetry_inference_rule,,declaration
set_rules.py,795,FunctionDef,subgroup_equality_transitivity_inference_rule,,declaration
set_rules.py,836,FunctionDef,subset_transitivity_inference_rule,,declaration
set_rules.py,877,FunctionDef,subgroup_equality_implies_subset_inference_rule,,declaration
set_rules.py,909,FunctionDef,mutual_subset_implies_subgroup_equality_inference_rule,,declaration
stable_rules.py,19,ClassDef,SuspensionMapStatement,,declaration
stable_rules.py,25,ClassDef,SuspensionIsomorphismStatement,,declaration
stable_rules.py,30,ClassDef,SuspensionEpimorphismStatement,,declaration
stable_rules.py,35,ClassDef,SuspensionInjectiveStatement,,declaration
stable_rules.py,40,ClassDef,SuspensionMapEqualityStatement,,declaration
stable_rules.py,47,ClassDef,SuspensionMapZeroStatement,,declaration
stable_rules.py,179,FunctionDef,freudenthal_stable_isomorphism_inference_rule,,declaration
stable_rules.py,223,FunctionDef,freudenthal_boundary_epimorphism_inference_rule,,declaration
stable_rules.py,267,FunctionDef,suspension_isomorphism_implies_injective_inference_rule,,declaration
stable_rules.py,301,FunctionDef,suspension_injectivity_reflects_equality_inference_rule,,declaration
stable_rules.py,362,FunctionDef,suspension_injectivity_reflects_zero_inference_rule,,declaration
standard_production_applicability_catalog.py,76,FunctionDef,_is_equality_preserved_under_right_composition_rule,,declaration
standard_production_applicability_catalog.py,118,FunctionDef,_is_equality_preserved_under_left_composition_rule,,declaration
standard_production_applicability_catalog.py,160,FunctionDef,_is_equality_preserved_under_multiple_rule,,declaration
standard_production_applicability_catalog.py,202,FunctionDef,_is_nested_integer_multiple_rule,,declaration
standard_production_applicability_catalog.py,269,FunctionDef,_is_generic_relation_representative_rule,,declaration
standard_production_applicability_catalog.py,292,FunctionDef,_is_injective_map_reflection_rule,,declaration
standard_production_applicability_catalog.py,344,FunctionDef,_is_first_iterated_suspension_bridge_rule,,declaration
standard_production_applicability_catalog.py,386,FunctionDef,_barratt_hilton_representative_rules,,declaration
standard_production_applicability_catalog.py,439,FunctionDef,_same_nested_rule_factory,,declaration
standard_production_applicability_catalog.py,497,FunctionDef,_is_barratt_hilton_theorem_specific_rule,,declaration
standard_production_applicability_catalog.py,632,FunctionDef,_inference_rule_factory_name,,declaration
standard_production_applicability_catalog.py,1493,FunctionDef,_phase103_6d32_apply_theorem_specific_classification,,declaration
standard_production_applicability_catalog.py,1730,FunctionDef,_phase103_6d41_apply_theorem_specific_classification,,declaration
standard_production_applicability_catalog.py,1809,FunctionDef,_phase103_6d44_apply_theorem_specific_classification,,declaration
standard_production_applicability_catalog.py,1967,FunctionDef,_phase103_6d50_apply_theorem_specific_classification,,declaration
standard_production_applicability_catalog.py,2046,FunctionDef,_phase103_6d53_apply_theorem_specific_classification,,declaration
standard_production_applicability_catalog.py,2125,FunctionDef,_phase103_6d56_apply_theorem_specific_classification,,declaration
standard_production_applicability_catalog.py,2283,FunctionDef,_phase103_6d62_apply_theorem_specific_classification,,declaration
standard_production_applicability_catalog.py,2363,FunctionDef,_phase103_6d65_apply_theorem_specific_classification,,declaration
standard_production_applicability_catalog.py,2443,FunctionDef,_phase103_6d68_apply_theorem_specific_classification,,declaration
standard_production_applicability_catalog.py,2524,FunctionDef,_phase103_6d71_apply_theorem_specific_classification,,declaration
standard_production_applicability_catalog.py,2602,FunctionDef,_phase103_6d73_apply_theorem_specific_classification,,declaration
standard_production_applicability_catalog.py,2680,FunctionDef,_phase103_6d76_apply_theorem_specific_classification,,declaration
standard_production_applicability_catalog.py,2758,FunctionDef,_phase103_6d79_apply_theorem_specific_classification,,declaration
standard_production_applicability_catalog.py,2836,FunctionDef,_phase103_6d82_apply_theorem_specific_classification,,declaration
standard_production_applicability_catalog.py,2914,FunctionDef,_phase103_6d85_apply_theorem_specific_classification,,declaration
standard_production_applicability_catalog.py,2992,FunctionDef,_phase103_6d88_apply_theorem_specific_classification,,declaration
standard_production_applicability_catalog.py,3070,FunctionDef,_phase103_6d91_apply_theorem_specific_classification,,declaration
standard_production_applicability_catalog.py,3226,FunctionDef,_phase103_6d98_apply_theorem_specific_classification,,declaration
standard_production_applicability_catalog.py,3303,FunctionDef,_phase103_6d101_apply_theorem_specific_classification,,declaration
standard_production_applicability_catalog.py,3380,FunctionDef,_phase103_6d106_apply_theorem_specific_classification,,declaration
standard_production_applicability_catalog.py,755,Assignment,repository,build_standard_production_proof_repository(),candidate container
standard_production_applicability_catalog.py,790,Call,catalog.register,,candidate registration (not unique)
standard_production_applicability_catalog.py,1028,Call,classified_catalog.register,,candidate registration (not unique)
standard_production_applicability_catalog.py,1105,Call,classified_catalog.register,,candidate registration (not unique)
standard_production_applicability_catalog.py,1168,Call,classified_catalog.register,,candidate registration (not unique)
standard_production_applicability_catalog.py,1246,Call,classified_catalog.register,,candidate registration (not unique)
standard_production_applicability_catalog.py,1344,Call,classified_catalog.register,,candidate registration (not unique)
standard_production_applicability_catalog.py,1421,Call,classified_catalog.register,,candidate registration (not unique)
standard_production_applicability_catalog.py,1501,Call,classified_catalog.register,,candidate registration (not unique)
standard_production_applicability_catalog.py,1580,Call,classified_catalog.register,,candidate registration (not unique)
standard_production_applicability_catalog.py,1659,Call,classified_catalog.register,,candidate registration (not unique)
standard_production_applicability_catalog.py,1738,Call,classified_catalog.register,,candidate registration (not unique)
standard_production_applicability_catalog.py,1817,Call,classified_catalog.register,,candidate registration (not unique)
standard_production_applicability_catalog.py,1896,Call,classified_catalog.register,,candidate registration (not unique)
standard_production_applicability_catalog.py,1975,Call,classified_catalog.register,,candidate registration (not unique)
standard_production_applicability_catalog.py,2054,Call,classified_catalog.register,,candidate registration (not unique)
standard_production_applicability_catalog.py,2133,Call,classified_catalog.register,,candidate registration (not unique)
standard_production_applicability_catalog.py,2212,Call,classified_catalog.register,,candidate registration (not unique)
standard_production_applicability_catalog.py,2291,Call,classified_catalog.register,,candidate registration (not unique)
standard_production_applicability_catalog.py,2371,Call,classified_catalog.register,,candidate registration (not unique)
standard_production_applicability_catalog.py,2451,Call,classified_catalog.register,,candidate registration (not unique)
standard_production_applicability_catalog.py,2532,Call,classified_catalog.register,,candidate registration (not unique)
standard_production_applicability_catalog.py,2610,Call,classified_catalog.register,,candidate registration (not unique)
standard_production_applicability_catalog.py,2688,Call,classified_catalog.register,,candidate registration (not unique)
standard_production_applicability_catalog.py,2766,Call,classified_catalog.register,,candidate registration (not unique)
standard_production_applicability_catalog.py,2844,Call,classified_catalog.register,,candidate registration (not unique)
standard_production_applicability_catalog.py,2922,Call,classified_catalog.register,,candidate registration (not unique)
standard_production_applicability_catalog.py,3000,Call,classified_catalog.register,,candidate registration (not unique)
standard_production_applicability_catalog.py,3078,Call,classified_catalog.register,,candidate registration (not unique)
standard_production_applicability_catalog.py,3157,Call,classified_catalog.register,,candidate registration (not unique)
standard_production_applicability_catalog.py,3234,Call,classified_catalog.register,,candidate registration (not unique)
standard_production_applicability_catalog.py,3311,Call,classified_catalog.register,,candidate registration (not unique)
standard_production_applicability_catalog.py,3388,Call,classified_catalog.register,,candidate registration (not unique)
standard_production_applicability_catalog.py,3477,Call,classified_catalog.register,,candidate registration (not unique)
standard_production_repository.py,12,FunctionDef,build_standard_production_proof_repository,,declaration
standard_repository.py,36,FunctionDef,build_standard_proof_repository,,declaration
standard_repository.py,63,Assignment,repository,ProofRepository(),candidate container
standard_repository.py,65,Assignment,entries,"(ProofRepositoryEntry(key='standard.toda.prop56', step=prop56_step, phase='65', theorem='Toda Proposition 5.6'), ProofRepositoryEntry(key='standard.toda.prop58', step=prop58_step, phase='68', theorem='Toda Proposition 5.8'), ProofRepositoryEntry(key=",candidate container
standard_repository.py,66,Call,ProofRepositoryEntry,key='standard.toda.prop56'; step=prop56_step; phase='65'; theorem='Toda Proposition 5.6',candidate registration (not unique)
standard_repository.py,72,Call,ProofRepositoryEntry,key='standard.toda.prop58'; step=prop58_step; phase='68'; theorem='Toda Proposition 5.8',candidate registration (not unique)
standard_repository.py,78,Call,ProofRepositoryEntry,key='standard.toda.prop511'; step=prop511_step; phase='73'; theorem='Toda Proposition 5.11',candidate registration (not unique)
standard_repository.py,84,Call,ProofRepositoryEntry,key='standard.toda.prop515'; step=prop515_step; phase='75'; theorem='Toda Proposition 5.15',candidate registration (not unique)
standard_repository.py,93,Call,repository.register,,candidate registration (not unique)
tests/phase162_r5_6_reference_test_utils.py,16,FunctionDef,strip_reference_lead,,declaration
tests/test_composition_facts.py,28,FunctionDef,test_phase27_1_eta_3_e_nu_prime_zero_composition_fact_is_zero_relation,,declaration
tests/test_composition_facts.py,45,FunctionDef,test_phase27_1_eta_3_e_nu_prime_zero_composition_fact_has_composition_lhs,,declaration
tests/test_composition_facts.py,56,FunctionDef,test_phase27_1_eta_3_e_nu_prime_zero_composition_fact_preserves_actual_generator_structure,,declaration
tests/test_composition_facts.py,92,FunctionDef,test_phase27_1_eta_3_e_nu_prime_zero_composition_fact_has_expected_structure,,declaration
tests/test_composition_facts.py,118,FunctionDef,test_phase27_1_zero_composition_fact_does_not_add_typing_implicitly,,declaration
tests/test_composition_facts.py,148,FunctionDef,test_phase27_2_nu_prime_nu_6_zero_composition_fact_is_zero_relation,,declaration
tests/test_composition_facts.py,165,FunctionDef,test_phase27_2_nu_prime_nu_6_zero_composition_fact_has_composition_lhs,,declaration
tests/test_composition_facts.py,172,FunctionDef,test_phase27_2_nu_prime_nu_6_zero_composition_fact_preserves_generator_structure,,declaration
tests/test_composition_facts.py,197,FunctionDef,test_phase27_2_nu_prime_nu_6_zero_composition_fact_has_expected_structure,,declaration
tests/test_composition_facts.py,221,FunctionDef,test_phase27_2_nu_prime_nu_6_zero_fact_does_not_add_typing_implicitly,,declaration
tests/test_composition_facts.py,233,FunctionDef,test_phase27_correction_e_nu_6_equals_nu_7_fact_has_expected_structure,,declaration
tests/test_composition_facts.py,255,FunctionDef,test_phase27_correction_e_nu_6_equals_nu_7_is_not_zero_repository_fact,,declaration
tests/test_composition_facts.py,262,FunctionDef,test_phase27_3_zero_composition_fact_repository_is_empty_by_default,,declaration
tests/test_composition_facts.py,270,FunctionDef,test_phase27_3_production_repository_preserves_actual_primitive_zero_composition_facts,,declaration
tests/test_composition_facts.py,282,FunctionDef,test_phase27_3_repository_lookup_returns_eta_3_e_nu_prime_fact,,declaration
tests/test_composition_facts.py,296,FunctionDef,test_phase27_3_repository_lookup_returns_nu_prime_nu_6_fact,,declaration
tests/test_composition_facts.py,310,FunctionDef,test_phase27_3_repository_lookup_returns_none_for_unknown_composition,,declaration
tests/test_composition_facts.py,333,FunctionDef,test_phase27_3_repository_rejects_duplicate_zero_composition_fact,,declaration
tests/test_composition_facts.py,352,FunctionDef,test_phase27_3_repository_rejects_non_zero_composition_relation,,declaration
tests/test_composition_facts.py,421,FunctionDef,test_phase27_4_typed_eta_3_e_nu_prime_matches_zero_fact_by_untyped_structure,,declaration
tests/test_composition_facts.py,466,FunctionDef,test_phase27_4_typed_nu_prime_nu_6_matches_second_zero_fact_by_untyped_structure,,declaration
tests/test_composition_facts.py,501,FunctionDef,test_phase27_4_displayed_e_nu_prime_nu_7_is_not_primitive_zero_fact,,declaration
tests/test_composition_facts.py,263,Assignment,repository,ZeroCompositionFactRepository(),candidate container
tests/test_ehp.py,11,FunctionDef,make_repository,,declaration
tests/test_ehp.py,544,FunctionDef,test_ehp_n6_k5_repository_groups,,declaration
tests/test_ehp.py,563,FunctionDef,test_ehp_n6_k5_repository_maps,,declaration
tests/test_ehp.py,584,FunctionDef,test_ehp_n6_k5_repository_generators,,declaration
tests/test_ehp.py,743,FunctionDef,test_ehp_n4_k3_repository_groups_mixed,,declaration
tests/test_ehp.py,779,FunctionDef,test_ehp_n4_k3_repository_maps_mixed,,declaration
tests/test_ehp.py,802,FunctionDef,test_ehp_n4_k3_repository_generators_mixed,,declaration
tests/test_ehp.py,896,FunctionDef,test_ehp_n10_k9_repository_groups_mixed_noncyclic,,declaration
tests/test_ehp.py,941,FunctionDef,test_ehp_n10_k9_repository_maps_mixed_noncyclic,,declaration
tests/test_ehp.py,968,FunctionDef,test_ehp_n10_k9_repository_generators_mixed_noncyclic,,declaration
tests/test_ehp_rules.py,59,FunctionDef,make_sphere_repository,,declaration
tests/test_ehp_rules.py,65,FunctionDef,test_ehp_exactness_inference_rule_derives_exactness,,declaration
tests/test_ehp_rules.py,125,FunctionDef,test_ehp_exactness_argument_free_rule_uses_conclusion_pattern,,declaration
tests/test_ehp_rules.py,136,FunctionDef,test_ehp_exactness_argument_free_rule_substitutes_maps_into_conclusion,,declaration
tests/test_ehp_rules.py,393,FunctionDef,test_ehp_exactness_rules_reach_fixed_point_together,,declaration
tests/test_expression.py,417,FunctionDef,test_phase22_8_representative_literature_generator_scenario,,declaration
tests/test_formatter.py,294,FunctionDef,test_relation_repository_to_inference_proof,,declaration
tests/test_formatter.py,462,FunctionDef,test_format_literature_reference,,declaration
tests/test_formatter.py,494,FunctionDef,test_format_source_literature_reference,,declaration
tests/test_formatter.py,638,FunctionDef,test_format_inference_rule,,declaration
tests/test_formatter.py,657,FunctionDef,test_format_proof_step_inference_rule,,declaration
tests/test_formatter.py,687,FunctionDef,test_format_relation_inference_with_rule,,declaration
tests/test_formatter.py,305,Assignment,repository,RelationRepository([relation]),candidate container
tests/test_formatter.py,463,Call,LiteratureReference,label='Toda'; author='H. Toda'; title='Composition Methods in Homotopy Groups of Spheres'; year=1962; locator='Proposition X',candidate registration (not unique)
tests/test_formatter.py,495,Call,LiteratureReference,label='Toda'; author='H. Toda'; title='Composition Methods in Homotopy Groups of Spheres'; year=1962,candidate registration (not unique)
tests/test_formatter.py,517,Call,LiteratureReference,label='Toda'; author='H. Toda'; title='Composition Methods in Homotopy Groups of Spheres'; year=1962; locator='Proposition X',candidate registration (not unique)
tests/test_generator_facts.py,28,FunctionDef,test_phase25_1_generator_typing_fact_preserves_minimum_structure,,declaration
tests/test_generator_facts.py,45,FunctionDef,test_phase25_1_same_generator_typing_facts_are_structurally_equal,,declaration
tests/test_generator_facts.py,67,FunctionDef,test_phase25_1_generator_identity_is_part_of_typing_fact_identity,,declaration
tests/test_generator_facts.py,99,FunctionDef,test_phase25_1_generator_decoration_is_part_of_typing_fact_identity,,declaration
tests/test_generator_facts.py,120,FunctionDef,test_phase25_1_source_and_target_are_part_of_typing_fact_identity,,declaration
tests/test_generator_facts.py,148,FunctionDef,test_phase25_1_generator_typing_fact_does_not_type_homotopy_element_automatically,,declaration
tests/test_generator_facts.py,174,FunctionDef,test_phase25_2_generator_typing_fact_matches_same_generator,,declaration
tests/test_generator_facts.py,194,FunctionDef,test_phase25_2_generator_typing_fact_rejects_different_family,,declaration
tests/test_generator_facts.py,214,FunctionDef,test_phase25_2_generator_typing_fact_rejects_different_index,,declaration
tests/test_generator_facts.py,234,FunctionDef,test_phase25_2_generator_typing_fact_rejects_different_decoration,,declaration
tests/test_generator_facts.py,281,FunctionDef,test_phase25_2_typing_fact_matches_generator_stored_by_homotopy_element,,declaration
tests/test_generator_facts.py,310,FunctionDef,test_phase25_3_generator_ambient_group_fact_preserves_minimum_structure,,declaration
tests/test_generator_facts.py,327,FunctionDef,test_phase25_3_same_generator_ambient_group_facts_are_structurally_equal,,declaration
tests/test_generator_facts.py,349,FunctionDef,test_phase25_3_generator_identity_is_part_of_ambient_group_fact_identity,,declaration
tests/test_generator_facts.py,371,FunctionDef,test_phase25_3_group_dimension_is_part_of_ambient_group_fact_identity,,declaration
tests/test_generator_facts.py,392,FunctionDef,test_phase25_3_sphere_dimension_is_part_of_ambient_group_fact_identity,,declaration
tests/test_generator_facts.py,413,FunctionDef,test_phase25_3_ambient_group_fact_does_not_type_homotopy_element_automatically,,declaration
tests/test_generator_facts.py,446,FunctionDef,test_phase25_4_eta_3_typing_fact_representative_is_registered,,declaration
tests/test_generator_facts.py,457,FunctionDef,test_phase25_4_eta_3_ambient_group_fact_representative_is_registered,,declaration
tests/test_generator_facts.py,485,FunctionDef,test_phase25_4_eta_3_typing_and_ambient_group_facts_remain_distinct,,declaration
tests/test_generator_facts.py,522,FunctionDef,test_phase25_5_generator_fact_repository_is_empty_by_default,,declaration
tests/test_generator_facts.py,529,FunctionDef,test_phase25_5_production_repository_preserves_eta_3_facts,,declaration
tests/test_generator_facts.py,541,FunctionDef,test_phase25_5_repository_lookup_returns_eta_3_typing_fact,,declaration
tests/test_generator_facts.py,552,FunctionDef,test_phase25_5_repository_lookup_returns_eta_3_ambient_group_fact,,declaration
tests/test_generator_facts.py,565,FunctionDef,test_phase25_5_repository_lookup_returns_none_for_unknown_generator,,declaration
tests/test_generator_facts.py,589,FunctionDef,test_phase25_5_repository_lookup_does_not_type_homotopy_element_automatically,,declaration
tests/test_generator_facts.py,622,FunctionDef,test_phase25_6_repository_materializes_typed_eta_3_element,,declaration
tests/test_generator_facts.py,762,FunctionDef,test_phase25_7_eta_3_fact_materialization_connects_to_toda_entry_typing,,declaration
tests/test_generator_facts.py,805,FunctionDef,test_phase25_7_generator_facts_materialize_compatible_toda_entries,,declaration
tests/test_generator_facts.py,896,FunctionDef,test_phase25_7_generator_fact_typing_mismatch_reaches_toda_compatibility,,declaration
tests/test_generator_facts.py,1013,FunctionDef,test_phase25_8_repository_rejects_duplicate_typing_fact,,declaration
tests/test_generator_facts.py,1032,FunctionDef,test_phase25_8_repository_rejects_conflicting_typing_facts_for_same_generator,,declaration
tests/test_generator_facts.py,1057,FunctionDef,test_phase25_8_repository_rejects_duplicate_ambient_group_fact,,declaration
tests/test_generator_facts.py,1076,FunctionDef,test_phase25_8_repository_rejects_conflicting_ambient_group_facts_for_same_generator,,declaration
tests/test_generator_facts.py,1101,FunctionDef,test_phase25_8_same_generator_is_allowed_across_fact_families,,declaration
tests/test_generator_facts.py,1187,FunctionDef,test_phase25_9_lookup_preserves_registered_typing_fact_identity,,declaration
tests/test_generator_facts.py,1203,FunctionDef,test_phase25_9_lookup_preserves_registered_ambient_group_fact_identity,,declaration
tests/test_generator_facts.py,1219,FunctionDef,test_phase25_9_unrelated_generator_facts_do_not_change_eta_3_materialization,,declaration
tests/test_generator_facts.py,1290,FunctionDef,test_phase25_9_ambient_group_fact_alone_does_not_materialize_typing,,declaration
tests/test_generator_facts.py,1323,FunctionDef,test_phase25_9_materialization_does_not_modify_repository_state,,declaration
tests/test_generator_facts.py,1362,FunctionDef,test_phase25_9_generator_materialization_does_not_modify_theorem_fact_repository,,declaration
tests/test_generator_facts.py,1395,FunctionDef,test_phase26_1_nu_prime_typing_fact_has_expected_source_and_target,,declaration
tests/test_generator_facts.py,1406,FunctionDef,test_phase26_1_nu_prime_typing_fact_uses_nu_prime_generator_identity,,declaration
tests/test_generator_facts.py,1447,FunctionDef,test_phase26_2_nu_7_typing_fact_has_expected_source_and_target,,declaration
tests/test_generator_facts.py,1458,FunctionDef,test_phase26_2_nu_7_typing_fact_uses_nu_7_generator_identity,,declaration
tests/test_generator_facts.py,1513,FunctionDef,test_phase26_3_nu_prime_ambient_group_fact_has_expected_group,,declaration
tests/test_generator_facts.py,1526,FunctionDef,test_phase26_3_nu_prime_ambient_group_fact_uses_nu_prime_generator_identity,,declaration
tests/test_generator_facts.py,1543,FunctionDef,test_phase26_3_nu_7_ambient_group_fact_has_expected_group,,declaration
tests/test_generator_facts.py,1556,FunctionDef,test_phase26_3_nu_7_ambient_group_fact_uses_nu_7_generator_identity,,declaration
tests/test_generator_facts.py,1573,FunctionDef,test_phase26_3_nu_prime_typing_and_ambient_group_facts_remain_distinct,,declaration
tests/test_generator_facts.py,1595,FunctionDef,test_phase26_3_nu_7_typing_and_ambient_group_facts_remain_distinct,,declaration
tests/test_generator_facts.py,1617,FunctionDef,test_phase26_4_production_repository_returns_nu_prime_typing_fact,,declaration
tests/test_generator_facts.py,1630,FunctionDef,test_phase26_4_production_repository_materializes_nu_prime,,declaration
tests/test_generator_facts.py,1656,FunctionDef,test_phase26_4_production_repository_returns_nu_7_typing_fact,,declaration
tests/test_generator_facts.py,1669,FunctionDef,test_phase26_4_production_repository_materializes_nu_7,,declaration
tests/test_generator_facts.py,1695,FunctionDef,test_phase26_4_production_repository_returns_nu_prime_ambient_group_fact,,declaration
tests/test_generator_facts.py,1708,FunctionDef,test_phase26_4_production_repository_returns_nu_7_ambient_group_fact,,declaration
tests/test_generator_facts.py,1721,FunctionDef,test_phase26_5_repository_derived_nu_prime_suspends_to_expected_typing,,declaration
tests/test_generator_facts.py,1747,FunctionDef,test_phase26_5_suspended_nu_prime_preserves_repository_derived_base_element,,declaration
tests/test_generator_facts.py,1825,FunctionDef,test_phase26_5_suspended_nu_prime_typing_originates_from_registered_typing_fact,,declaration
tests/test_generator_facts.py,1873,FunctionDef,test_phase26_6_actual_epsilon_3_toda_entries_are_typed_from_production_facts,,declaration
tests/test_generator_facts.py,1980,FunctionDef,test_phase26_6_actual_toda_entries_preserve_generator_fact_origins,,declaration
tests/test_generator_facts.py,2045,FunctionDef,test_phase26_6_typed_bracket_matches_actual_theorem_notation_structure,,declaration
tests/test_generator_facts.py,2331,FunctionDef,test_phase26_8_eta_3_typing_and_ambient_group_facts_are_consistent,,declaration
tests/test_generator_facts.py,2342,FunctionDef,test_phase26_8_nu_prime_typing_and_ambient_group_facts_are_consistent,,declaration
tests/test_generator_facts.py,2353,FunctionDef,test_phase26_8_nu_7_typing_and_ambient_group_facts_are_consistent,,declaration
tests/test_generator_facts.py,2364,FunctionDef,test_phase26_8_inconsistent_typing_and_ambient_group_facts_return_false,,declaration
tests/test_generator_facts.py,2397,FunctionDef,test_phase26_8_typing_fact_without_ambient_group_fact_has_unknown_consistency,,declaration
tests/test_generator_facts.py,2423,FunctionDef,test_phase26_8_ambient_group_fact_without_typing_fact_has_unknown_consistency,,declaration
tests/test_generator_facts.py,2449,FunctionDef,test_phase26_9_actual_toda_typing_chain_does_not_modify_generator_repository,,declaration
tests/test_generator_facts.py,2524,FunctionDef,test_phase26_9_actual_toda_typing_chain_does_not_modify_theorem_repository,,declaration
tests/test_generator_facts.py,2586,FunctionDef,test_phase26_9_consistency_query_does_not_generate_or_modify_facts,,declaration
tests/test_generator_facts.py,2659,FunctionDef,test_phase26_9_actual_toda_entry_typing_preserves_registered_fact_origins,,declaration
tests/test_generator_facts.py,523,Assignment,repository,GeneratorFactRepository(),candidate container
tests/test_generator_facts.py,816,Assignment,repository,"GeneratorFactRepository(typing_facts=(ETA_3_TYPING_FACT, GeneratorTypingFact(generator=second_generator, source=6, target=4), GeneratorTypingFact(generator=third_generator, source=8, target=6)))",candidate container
tests/test_generator_facts.py,907,Assignment,repository,"GeneratorFactRepository(typing_facts=(ETA_3_TYPING_FACT, GeneratorTypingFact(generator=second_generator, source=6, target=5), GeneratorTypingFact(generator=third_generator, source=8, target=6)))",candidate container
tests/test_generator_facts.py,1102,Assignment,repository,"GeneratorFactRepository(typing_facts=(ETA_3_TYPING_FACT,), ambient_group_facts=(ETA_3_AMBIENT_GROUP_FACT,))",candidate container
tests/test_generator_facts.py,1225,Assignment,repository,"GeneratorFactRepository(typing_facts=(GeneratorTypingFact(generator=unrelated_generator, source=12, target=3), ETA_3_TYPING_FACT), ambient_group_facts=(GeneratorAmbientGroupFact(generator=unrelated_generator, group_dimension=12, sphere_dimension=3), ",candidate container
tests/test_generator_facts.py,1291,Assignment,repository,"GeneratorFactRepository(ambient_group_facts=(ETA_3_AMBIENT_GROUP_FACT,))",candidate container
tests/test_generator_facts.py,1324,Assignment,typing_facts_before,GENERATOR_FACT_REPOSITORY.typing_facts,candidate container
tests/test_generator_facts.py,1329,Assignment,ambient_facts_before,GENERATOR_FACT_REPOSITORY.ambient_group_facts,candidate container
tests/test_generator_facts.py,1363,Assignment,theorem_entries_before,THEOREM_FACT_REPOSITORY.entries,candidate container
tests/test_generator_facts.py,2370,Assignment,repository,"GeneratorFactRepository(typing_facts=(GeneratorTypingFact(generator=generator, source=6, target=3),), ambient_group_facts=(GeneratorAmbientGroupFact(generator=generator, group_dimension=7, sphere_dimension=3),))",candidate container
tests/test_generator_facts.py,2403,Assignment,repository,"GeneratorFactRepository(typing_facts=(GeneratorTypingFact(generator=generator, source=6, target=3),))",candidate container
tests/test_generator_facts.py,2429,Assignment,repository,"GeneratorFactRepository(ambient_group_facts=(GeneratorAmbientGroupFact(generator=generator, group_dimension=6, sphere_dimension=3),))",candidate container
tests/test_generator_facts.py,2450,Assignment,typing_facts_before,GENERATOR_FACT_REPOSITORY.typing_facts,candidate container
tests/test_generator_facts.py,2455,Assignment,ambient_facts_before,GENERATOR_FACT_REPOSITORY.ambient_group_facts,candidate container
tests/test_generator_facts.py,2525,Assignment,theorem_entries_before,THEOREM_FACT_REPOSITORY.entries,candidate container
tests/test_generator_facts.py,2587,Assignment,typing_facts_before,GENERATOR_FACT_REPOSITORY.typing_facts,candidate container
tests/test_generator_facts.py,2592,Assignment,ambient_facts_before,GENERATOR_FACT_REPOSITORY.ambient_group_facts,candidate container
tests/test_homomorphism_rules.py,42,FunctionDef,test_homomorphism_statement,,declaration
tests/test_homomorphism_rules.py,54,FunctionDef,test_homomorphism_statement_has_structural_equality,,declaration
tests/test_homomorphism_rules.py,70,FunctionDef,test_homomorphism_statement_distinguishes_map,,declaration
tests/test_homomorphism_rules.py,148,FunctionDef,test_homomorphism_preserves_addition_requires_homomorphism_statement,,declaration
tests/test_homomorphism_rules.py,390,FunctionDef,test_homomorphism_preserves_zero_requires_homomorphism_statement,,declaration
tests/test_homomorphism_rules.py,572,FunctionDef,test_homomorphism_preserves_inverse_requires_homomorphism_statement,,declaration
tests/test_homomorphism_rules.py,865,FunctionDef,test_homomorphism_preserves_multiple_requires_homomorphism_statement,,declaration
tests/test_homomorphism_rules.py,1451,FunctionDef,test_homomorphism_preserves_known_zero_requires_homomorphism_statement,,declaration
tests/test_homomorphism_rules.py,2504,FunctionDef,test_phase13_inference_scope_and_theorem_boundary,,declaration
tests/test_homomorphism_rules.py,2715,FunctionDef,test_phase13_concrete_rule_family_reaches_fixed_point,,declaration
tests/test_hopf_rules.py,50,FunctionDef,test_hopf_invariant_statement,,declaration
tests/test_hopf_rules.py,60,FunctionDef,test_hopf_invariant_statement_has_structural_equality,,declaration
tests/test_hopf_rules.py,74,FunctionDef,test_hopf_invariant_statement_distinguishes_expression,,declaration
tests/test_hopf_rules.py,90,FunctionDef,test_hopf_invariant_statement_distinguishes_value,,declaration
tests/test_hopf_rules.py,106,FunctionDef,test_hopf_invariant_statement_supports_zero_value,,declaration
tests/test_hopf_rules.py,115,FunctionDef,test_hopf_invariant_statement_supports_multiple_value,,declaration
tests/test_hopf_rules.py,130,FunctionDef,test_hopf_invariant_statement_preserves_provenance,,declaration
tests/test_hopf_rules.py,213,FunctionDef,test_hopf_invariant_proof_step_rejects_non_hopf_statement,,declaration
tests/test_hopf_rules.py,222,FunctionDef,test_hopf_composition_law_statement,,declaration
tests/test_hopf_rules.py,232,FunctionDef,test_hopf_invariant_implies_hopf_composition_law_statement,,declaration
tests/test_hopf_rules.py,272,FunctionDef,test_hopf_composition_law_inference_preserves_hopf_fact_provenance,,declaration
tests/test_hopf_rules.py,340,FunctionDef,test_hopf_composition_law_inference_rejects_non_hopf_statement,,declaration
tests/test_hopf_rules.py,503,FunctionDef,test_hopf_composition_formula_rejects_missing_law_statement,,declaration
tests/test_hopf_rules.py,1912,FunctionDef,test_phase11_theorem_scope_boundary,,declaration
tests/test_hopf_rules.py,2246,FunctionDef,test_phase30_3b_hopf_invariant_statement_derives_actual_ehp_h_equality,,declaration
tests/test_hopf_rules.py,2363,FunctionDef,test_phase30_3b_hopf_invariant_to_ehp_h_equality_rejects_non_hopf_statement,,declaration
tests/test_hopf_rules.py,131,Call,LiteratureReference,label='Toda'; author='H. Toda'; title='Composition Methods in Homotopy Groups of Spheres'; year=1962; locator='Hopf invariant fact',candidate registration (not unique)
tests/test_hopf_rules.py,174,Call,LiteratureReference,label='Toda'; author='H. Toda'; title='Composition Methods in Homotopy Groups of Spheres'; year=1962; locator='Hopf invariant fact',candidate registration (not unique)
tests/test_hopf_rules.py,273,Call,LiteratureReference,label='Toda'; author='H. Toda'; title='Composition Methods in Homotopy Groups of Spheres'; year=1962; locator='Hopf invariant fact',candidate registration (not unique)
tests/test_hopf_rules.py,1466,Call,LiteratureReference,label='Phase 11 representative'; author='Toda'; title='Composition methods'; year=1962; locator='representative Hopf fact',candidate registration (not unique)
tests/test_hopf_rules.py,2289,Call,LiteratureReference,label='Toda'; author='H. Toda'; title='Composition Methods in Homotopy Groups of Spheres'; year=1962; locator='generalized Hopf invariant fact',candidate registration (not unique)
tests/test_hopf_rules.py,1218,Call,LiteratureReference,label='Phase 11 representative'; author='Toda'; title='Composition methods'; year=1962; locator='representative Hopf fact',candidate registration (not unique)
tests/test_indeterminacy_rules.py,93,FunctionDef,test_coset_membership_statement,,declaration
tests/test_indeterminacy_rules.py,123,FunctionDef,test_coset_membership_statement_has_structural_equality,,declaration
tests/test_indeterminacy_rules.py,155,FunctionDef,test_coset_membership_statement_distinguishes_element,,declaration
tests/test_indeterminacy_rules.py,187,FunctionDef,test_coset_membership_statement_distinguishes_coset,,declaration
tests/test_indeterminacy_rules.py,219,FunctionDef,test_sign_indeterminacy_statement,,declaration
tests/test_indeterminacy_rules.py,232,FunctionDef,test_sign_indeterminacy_statement_has_structural_equality,,declaration
tests/test_indeterminacy_rules.py,246,FunctionDef,test_sign_indeterminacy_statement_distinguishes_value,,declaration
tests/test_indeterminacy_rules.py,260,FunctionDef,test_sign_indeterminacy_statement_distinguishes_representative,,declaration
tests/test_indeterminacy_rules.py,274,FunctionDef,test_coefficient_indeterminacy_statement,,declaration
tests/test_indeterminacy_rules.py,306,FunctionDef,test_coefficient_indeterminacy_statement_has_structural_equality,,declaration
tests/test_indeterminacy_rules.py,346,FunctionDef,test_coefficient_indeterminacy_statement_distinguishes_value,,declaration
tests/test_indeterminacy_rules.py,378,FunctionDef,test_coefficient_indeterminacy_statement_distinguishes_expression,,declaration
tests/test_indeterminacy_rules.py,414,FunctionDef,test_coefficient_indeterminacy_statement_distinguishes_scalar_constraint,,declaration
tests/test_indeterminacy_rules.py,616,FunctionDef,test_modulo_to_coset_membership_rule_rejects_plain_membership,,declaration
tests/test_inference_rule_pattern.py,55,FunctionDef,test_match_statement_pattern_binds_image_group_map,,declaration
tests/test_inference_rule_pattern.py,70,FunctionDef,test_match_statement_pattern_binds_kernel_group_map,,declaration
tests/test_inference_rule_pattern.py,81,FunctionDef,test_statement_pattern_matches_concrete_fields_and_rejects_difference,,declaration
tests/test_inference_rule_pattern.py,101,FunctionDef,test_statement_patterns_preserve_shared_binding_across_premises,,declaration
tests/test_inference_rule_pattern.py,177,FunctionDef,test_inference_rule_without_premise_patterns,,declaration
tests/test_inference_rule_pattern.py,188,FunctionDef,test_inference_rule_with_premise_pattern,,declaration
tests/test_inference_rule_pattern.py,217,FunctionDef,test_inference_rule_multiple_premise_patterns,,declaration
tests/test_inference_rule_pattern.py,276,FunctionDef,test_premise_pattern_matches_proof_rule,,declaration
tests/test_inference_rule_pattern.py,293,FunctionDef,test_premise_pattern_rejects_wrong_proof_rule,,declaration
tests/test_inference_rule_pattern.py,310,FunctionDef,test_premise_pattern_matches_statement_type,,declaration
tests/test_inference_rule_pattern.py,332,FunctionDef,test_premise_pattern_rejects_wrong_statement_type,,declaration
tests/test_inference_rule_pattern.py,486,FunctionDef,test_inference_rule_matches_single_premise,,declaration
tests/test_inference_rule_pattern.py,518,FunctionDef,test_inference_rule_rejects_single_wrong_premise,,declaration
tests/test_inference_rule_pattern.py,542,FunctionDef,test_inference_rule_matches_multiple_premises,,declaration
tests/test_inference_rule_pattern.py,588,FunctionDef,test_inference_rule_rejects_wrong_multiple_premise,,declaration
tests/test_inference_rule_pattern.py,626,FunctionDef,test_inference_rule_matching_is_ordered,,declaration
tests/test_inference_rule_pattern.py,664,FunctionDef,test_inference_rule_rejects_too_few_steps,,declaration
tests/test_inference_rule_pattern.py,691,FunctionDef,test_inference_rule_rejects_too_many_steps,,declaration
tests/test_inference_rule_pattern.py,722,FunctionDef,test_empty_inference_rule_matches_empty_steps,,declaration
tests/test_inference_rule_pattern.py,733,FunctionDef,test_empty_inference_rule_rejects_nonempty_steps,,declaration
tests/test_inference_rule_pattern.py,752,FunctionDef,test_matches_inference_rule_accepts_single_proof_step,,declaration
tests/test_inference_rule_pattern.py,774,FunctionDef,test_matches_inference_rule_accepts_tuple,,declaration
tests/test_inference_rule_pattern.py,798,FunctionDef,test_matches_inference_rule_accepts_list,,declaration
tests/test_inference_rule_pattern.py,822,FunctionDef,test_matches_inference_rule_rejects_invalid_rule,,declaration
tests/test_inference_rule_pattern.py,836,FunctionDef,test_matches_inference_rule_rejects_invalid_steps,,declaration
tests/test_inference_rule_pattern.py,853,FunctionDef,test_matches_inference_rule_rejects_invalid_step_in_list,,declaration
tests/test_inference_rule_pattern.py,1135,FunctionDef,test_find_matching_premises_empty_rule,,declaration
tests/test_inference_rule_pattern.py,1148,FunctionDef,test_find_matching_premises_empty_rule_ignores_available_steps,,declaration
tests/test_inference_rule_pattern.py,1268,FunctionDef,test_find_matching_premises_rejects_invalid_rule,,declaration
tests/test_inference_rule_pattern.py,1310,FunctionDef,test_inference_rule_is_applicable,,declaration
tests/test_inference_rule_pattern.py,1334,FunctionDef,test_inference_rule_is_not_applicable,,declaration
tests/test_inference_rule_pattern.py,1358,FunctionDef,test_inference_rule_applicable_with_multiple_patterns,,declaration
tests/test_inference_rule_pattern.py,1392,FunctionDef,test_inference_rule_not_applicable_when_premise_missing,,declaration
tests/test_inference_rule_pattern.py,1419,FunctionDef,test_empty_inference_rule_is_applicable,,declaration
tests/test_inference_rule_pattern.py,1430,FunctionDef,test_empty_inference_rule_is_applicable_with_available_steps,,declaration
tests/test_inference_rule_pattern.py,1449,FunctionDef,test_inference_rule_applicability_does_not_reuse_step,,declaration
tests/test_inference_rule_pattern.py,1476,FunctionDef,test_inference_rule_applicability_uses_distinct_steps,,declaration
tests/test_inference_rule_pattern.py,1510,FunctionDef,test_inference_rule_applicability_matches_relation_type,,declaration
tests/test_inference_rule_pattern.py,1555,FunctionDef,test_inference_rule_applicability_rejects_wrong_relation_type,,declaration
tests/test_inference_rule_pattern.py,1587,FunctionDef,test_is_inference_rule_applicable_accepts_single_step,,declaration
tests/test_inference_rule_pattern.py,1609,FunctionDef,test_is_inference_rule_applicable_accepts_list,,declaration
tests/test_inference_rule_pattern.py,1633,FunctionDef,test_is_inference_rule_applicable_rejects_invalid_rule,,declaration
tests/test_inference_rule_pattern.py,1649,FunctionDef,test_is_inference_rule_applicable_rejects_invalid_steps,,declaration
tests/test_inference_rule_pattern.py,1661,FunctionDef,test_is_inference_rule_applicable_rejects_invalid_step_in_list,,declaration
tests/test_inference_rule_pattern.py,1675,FunctionDef,test_find_applicable_inference_rules,,declaration
tests/test_inference_rule_pattern.py,1717,FunctionDef,test_find_applicable_inference_rules_multiple_matches,,declaration
tests/test_inference_rule_pattern.py,1760,FunctionDef,test_find_applicable_inference_rules_preserves_order,,declaration
tests/test_inference_rule_pattern.py,1803,FunctionDef,test_find_applicable_inference_rules_returns_empty,,declaration
tests/test_inference_rule_pattern.py,1833,FunctionDef,test_find_applicable_inference_rules_empty_rules,,declaration
tests/test_inference_rule_pattern.py,1852,FunctionDef,test_find_applicable_inference_rules_includes_empty_rule,,declaration
tests/test_inference_rule_pattern.py,1881,FunctionDef,test_find_applicable_inference_rules_multiple_patterns,,declaration
tests/test_inference_rule_pattern.py,1934,FunctionDef,test_find_applicable_inference_rules_relation_type,,declaration
tests/test_inference_rule_pattern.py,1986,FunctionDef,test_find_applicable_inference_rules_accepts_single_rule,,declaration
tests/test_inference_rule_pattern.py,2014,FunctionDef,test_find_applicable_inference_rules_accepts_list,,declaration
tests/test_inference_rule_pattern.py,2046,FunctionDef,test_find_applicable_inference_rules_rejects_invalid_rules,,declaration
tests/test_inference_rule_pattern.py,2062,FunctionDef,test_find_applicable_inference_rules_rejects_invalid_rule_in_list,,declaration
tests/test_inference_rule_pattern.py,2077,FunctionDef,test_find_applicable_inference_rules_rejects_invalid_steps,,declaration
tests/test_inference_rule_pattern.py,2091,FunctionDef,test_find_applicable_inference_rules_rejects_invalid_step_in_list,,declaration
tests/test_inference_rule_pattern.py,2240,FunctionDef,test_find_inference_match_empty_rule,,declaration
tests/test_inference_rule_pattern.py,2256,FunctionDef,test_find_inference_match_empty_rule_with_steps,,declaration
tests/test_inference_rule_pattern.py,2392,FunctionDef,test_find_inference_match_rejects_invalid_rule,,declaration
tests/test_inference_rule_pattern.py,2537,FunctionDef,test_find_inference_matches_preserves_rule_order,,declaration
tests/test_inference_rule_pattern.py,2607,FunctionDef,test_find_inference_matches_empty_rules,,declaration
tests/test_inference_rule_pattern.py,2622,FunctionDef,test_find_inference_matches_includes_empty_rule,,declaration
tests/test_inference_rule_pattern.py,2753,FunctionDef,test_find_inference_matches_accepts_single_rule,,declaration
tests/test_inference_rule_pattern.py,2819,FunctionDef,test_find_inference_matches_rejects_invalid_rules,,declaration
tests/test_inference_rule_pattern.py,2835,FunctionDef,test_find_inference_matches_rejects_invalid_rule_in_list,,declaration
tests/test_inference_rule_pattern.py,2880,FunctionDef,test_inference_rule_conclusion_builder_defaults_to_none,,declaration
tests/test_inference_rule_pattern.py,2891,FunctionDef,test_inference_rule_conclusion_builder,,declaration
tests/test_inference_rule_pattern.py,2906,FunctionDef,test_inference_rule_conclusion_builder_is_backward_compatible,,declaration
tests/test_inference_rule_pattern.py,3153,FunctionDef,test_apply_inference_match_premise_free_rule,,declaration
tests/test_inference_rule_pattern.py,3510,FunctionDef,test_apply_inference_matches_preserves_rules,,declaration
tests/test_inference_rule_pattern.py,3758,FunctionDef,test_derive_inference_steps_multiple_rules,,declaration
tests/test_inference_rule_pattern.py,3815,FunctionDef,test_derive_inference_steps_preserves_rule_order,,declaration
tests/test_inference_rule_pattern.py,3876,FunctionDef,test_derive_inference_steps_empty_rules,,declaration
tests/test_inference_rule_pattern.py,3891,FunctionDef,test_derive_inference_steps_accepts_single_rule_and_step,,declaration
tests/test_inference_rule_pattern.py,3954,FunctionDef,test_derive_inference_steps_rejects_invalid_rules,,declaration
tests/test_inference_rule_pattern.py,3987,FunctionDef,test_derive_inference_steps_requires_builder_for_matched_rule,,declaration
tests/test_inference_rule_pattern.py,4219,FunctionDef,test_run_inference_round_no_applicable_rules,,declaration
tests/test_inference_rule_pattern.py,4252,FunctionDef,test_run_inference_round_empty_rules,,declaration
tests/test_inference_rule_pattern.py,4301,FunctionDef,test_run_inference_round_accepts_single_rule_and_step,,declaration
tests/test_inference_rule_pattern.py,4374,FunctionDef,test_run_inference_round_rejects_invalid_rules,,declaration
tests/test_inference_rule_pattern.py,4404,FunctionDef,test_run_inference_round_requires_builder_for_matched_rule,,declaration
tests/test_inference_rule_pattern.py,5111,FunctionDef,test_derive_new_inference_steps_returns_empty_when_no_rule_matches,,declaration
tests/test_inference_rule_pattern.py,5142,FunctionDef,test_derive_new_inference_steps_empty_rules,,declaration
tests/test_inference_rule_pattern.py,5222,FunctionDef,test_derive_new_inference_steps_accepts_single_rule_and_step,,declaration
tests/test_inference_rule_pattern.py,5295,FunctionDef,test_derive_new_inference_steps_rejects_invalid_rules,,declaration
tests/test_inference_rule_pattern.py,5325,FunctionDef,test_derive_new_inference_steps_requires_builder_for_matched_rule,,declaration
tests/test_inference_rule_pattern.py,5459,FunctionDef,test_run_inference_until_stable_returns_initial_steps_when_no_rule_matches,,declaration
tests/test_inference_rule_pattern.py,5492,FunctionDef,test_run_inference_until_stable_empty_rules,,declaration
tests/test_inference_rule_pattern.py,5702,FunctionDef,test_run_inference_until_stable_accepts_single_rule_and_step,,declaration
tests/test_inference_rule_pattern.py,5777,FunctionDef,test_run_inference_until_stable_rejects_invalid_rules,,declaration
tests/test_inference_rule_pattern.py,5807,FunctionDef,test_run_inference_until_stable_requires_builder_for_matched_rule,,declaration
tests/test_inference_rule_pattern.py,6241,FunctionDef,test_run_inference_until_stable_with_history_accepts_single_rule_and_step,,declaration
tests/test_inference_rule_pattern.py,6316,FunctionDef,test_run_inference_until_stable_with_history_rejects_invalid_rules,,declaration
tests/test_inference_rule_pattern.py,6346,FunctionDef,test_run_inference_until_stable_with_history_requires_builder_for_matched_rule,,declaration
tests/test_inference_rule_pattern.py,9331,FunctionDef,test_find_all_matching_premises_empty_rule,,declaration
tests/test_inference_rule_pattern.py,9346,FunctionDef,test_find_all_matching_premises_empty_rule_ignores_available_steps,,declaration
tests/test_inference_rule_pattern.py,9421,FunctionDef,test_find_all_matching_premises_rejects_invalid_rule,,declaration
tests/test_inference_rule_pattern.py,9441,FunctionDef,test_find_inference_matches_for_rule_multiple,,declaration
tests/test_inference_rule_pattern.py,9487,FunctionDef,test_find_inference_matches_for_rule_returns_empty,,declaration
tests/test_inference_rule_pattern.py,9550,FunctionDef,test_find_inference_matches_collects_all_matches_per_rule,,declaration
tests/test_inference_rule_pattern.py,9593,FunctionDef,test_find_inference_matches_preserves_rule_then_assignment_order,,declaration
tests/test_inference_rule_pattern.py,10769,FunctionDef,test_match_premise_pattern_rejects_wrong_proof_rule,,declaration
tests/test_inference_rule_pattern.py,10789,FunctionDef,test_match_premise_pattern_rejects_wrong_statement_type,,declaration
tests/test_inference_rule_pattern.py,10951,FunctionDef,test_match_inference_rule_bindings_empty_rule,,declaration
tests/test_inference_rule_pattern.py,10966,FunctionDef,test_match_inference_rule_bindings_without_variables,,declaration
tests/test_inference_rule_pattern.py,10992,FunctionDef,test_match_inference_rule_bindings_single_premise_binding,,declaration
tests/test_inference_rule_pattern.py,11035,FunctionDef,test_match_inference_rule_bindings_merges_shared_variable,,declaration
tests/test_inference_rule_pattern.py,11096,FunctionDef,test_match_inference_rule_bindings_rejects_shared_variable_conflict,,declaration
tests/test_inference_rule_pattern.py,11152,FunctionDef,test_match_inference_rule_bindings_preserves_distinct_variables,,declaration
tests/test_inference_rule_pattern.py,11221,FunctionDef,test_match_inference_rule_bindings_rejects_premise_mismatch,,declaration
tests/test_inference_rule_pattern.py,11254,FunctionDef,test_match_inference_rule_bindings_rejects_wrong_step_count,,declaration
tests/test_inference_rule_pattern.py,11278,FunctionDef,test_match_inference_rule_bindings_rejects_invalid_rule,,declaration
tests/test_inference_rule_pattern.py,11292,FunctionDef,test_match_inference_rule_bindings_rejects_invalid_steps,,declaration
tests/test_inference_rule_pattern.py,11680,FunctionDef,test_find_inference_matches_for_rule_stores_distinct_bindings,,declaration
tests/test_inference_rule_pattern.py,12109,FunctionDef,test_inference_rule_conclusion_pattern_defaults_to_none,,declaration
tests/test_inference_rule_pattern.py,12120,FunctionDef,test_inference_rule_with_conclusion_pattern,,declaration
tests/test_inference_rule_pattern.py,12140,FunctionDef,test_inference_rule_conclusion_pattern_with_variable,,declaration
tests/test_inference_rule_pattern.py,12168,FunctionDef,test_inference_rule_conclusion_pattern_is_backward_compatible,,declaration
tests/test_inference_rule_pattern.py,12189,FunctionDef,test_inference_rule_can_hold_builder_and_conclusion_pattern,,declaration
tests/test_inference_rule_pattern.py,13653,FunctionDef,test_single_rule_multiple_binding_assignments_derive_distinct_conclusions_end_to_end,,declaration
tests/test_inference_rule_pattern.py,15434,FunctionDef,test_multiple_rules_chain_through_derived_conclusions_fixed_point_end_to_end,,declaration
tests/test_inference_rule_pattern.py,15599,FunctionDef,test_multiple_rules_propagate_multiple_binding_branches_fixed_point_end_to_end,,declaration
tests/test_inference_rule_pattern.py,15937,FunctionDef,test_multiple_branches_merge_into_multi_premise_rule_fixed_point_end_to_end,,declaration
tests/test_inference_rule_pattern.py,16332,FunctionDef,test_substitute_statement_pattern,,declaration
tests/test_inference_rule_pattern.py,16369,FunctionDef,test_substitute_statement_pattern_rejects_non_dataclass,,declaration
tests/test_inference_rule_pattern.py,16377,FunctionDef,test_inference_rule_accepts_statement_conclusion_pattern,,declaration
tests/test_inference_rule_pattern.py,16399,FunctionDef,test_substitute_inference_conclusion_with_statement_pattern,,declaration
tests/test_inference_rule_pattern.py,16446,FunctionDef,test_apply_inference_match_uses_statement_conclusion_pattern,,declaration
tests/test_inference_rule_pattern.py,16506,FunctionDef,test_inference_rule_match_guard_defaults_to_none,,declaration
tests/test_inference_rule_pattern.py,16514,FunctionDef,test_inference_rule_match_guard_accepts_match,,declaration
tests/test_inference_rule_pattern.py,16537,FunctionDef,test_inference_rule_match_guard_rejects_match,,declaration
tests/test_inference_rule_pattern.py,16560,FunctionDef,test_inference_rule_match_guard_receives_bindings,,declaration
tests/test_map_facts.py,58,FunctionDef,test_phase29_2_map_typing_fact_preserves_map,,declaration
tests/test_map_facts.py,74,FunctionDef,test_phase29_2_map_typing_fact_preserves_domain_dimensions,,declaration
tests/test_map_facts.py,89,FunctionDef,test_phase29_2_map_typing_fact_preserves_codomain_dimensions,,declaration
tests/test_map_facts.py,104,FunctionDef,test_phase29_2_map_typing_fact_has_structural_equality,,declaration
tests/test_map_facts.py,128,FunctionDef,test_phase29_2_map_identity_is_part_of_typing_fact_identity,,declaration
tests/test_map_facts.py,280,FunctionDef,test_phase29_3_hopf_map_typing_fact_is_map_typing_fact,,declaration
tests/test_map_facts.py,287,FunctionDef,test_phase29_3_hopf_map_typing_fact_uses_production_hopf_map,,declaration
tests/test_map_facts.py,293,FunctionDef,test_phase29_3_hopf_map_typing_fact_has_expected_domain,,declaration
tests/test_map_facts.py,307,FunctionDef,test_phase29_3_hopf_map_typing_fact_has_expected_codomain,,declaration
tests/test_map_facts.py,321,FunctionDef,test_phase29_3_hopf_map_typing_fact_has_expected_structure,,declaration
tests/test_map_facts.py,335,FunctionDef,test_phase29_3_hopf_map_typing_fact_does_not_change_map_symbol,,declaration
tests/test_map_facts.py,361,FunctionDef,test_phase29_4_map_isomorphism_fact_preserves_typing,,declaration
tests/test_map_facts.py,379,FunctionDef,test_phase29_4_map_isomorphism_fact_has_structural_equality,,declaration
tests/test_map_facts.py,401,FunctionDef,test_phase29_4_map_isomorphism_fact_distinguishes_map,,declaration
tests/test_map_facts.py,429,FunctionDef,test_phase29_4_map_isomorphism_fact_distinguishes_domain_context,,declaration
tests/test_map_facts.py,457,FunctionDef,test_phase29_4_map_isomorphism_fact_distinguishes_codomain_context,,declaration
tests/test_map_facts.py,485,FunctionDef,test_phase29_4_map_isomorphism_fact_can_use_production_h_typing,,declaration
tests/test_map_facts.py,499,FunctionDef,test_phase29_5_hopf_map_isomorphism_fact_uses_production_typing,,declaration
tests/test_map_facts.py,513,FunctionDef,test_phase29_5_hopf_map_isomorphism_fact_has_expected_structure,,declaration
tests/test_map_facts.py,524,FunctionDef,test_phase29_5_map_isomorphism_repository_is_empty_by_default,,declaration
tests/test_map_facts.py,532,FunctionDef,test_phase29_5_production_repository_preserves_actual_hopf_isomorphism_fact,,declaration
tests/test_map_facts.py,542,FunctionDef,test_phase29_5_repository_lookup_returns_actual_hopf_isomorphism_fact,,declaration
tests/test_map_facts.py,555,FunctionDef,test_phase29_5_repository_lookup_returns_none_for_unknown_typing,,declaration
tests/test_map_facts.py,573,FunctionDef,test_phase29_5_repository_lookup_distinguishes_map_identity,,declaration
tests/test_map_facts.py,593,FunctionDef,test_phase29_5_repository_rejects_duplicate_typing_context,,declaration
tests/test_map_facts.py,612,FunctionDef,test_phase29_5_repository_allows_same_map_in_different_typing_context,,declaration
tests/test_map_facts.py,648,FunctionDef,test_phase29_6_map_isomorphism_fact_materializes_isomorphism_statement,,declaration
tests/test_map_facts.py,661,FunctionDef,test_phase29_6_materialized_isomorphism_statement_preserves_actual_map,,declaration
tests/test_map_facts.py,697,FunctionDef,test_phase29_6_materialized_isomorphism_step_has_no_inference_rule,,declaration
tests/test_map_facts.py,706,FunctionDef,test_phase29_6_repository_lookup_materializes_actual_hopf_isomorphism_step,,declaration
tests/test_map_facts.py,733,FunctionDef,test_phase29_7_actual_hopf_isomorphism_fact_derives_injectivity,,declaration
tests/test_map_facts.py,831,FunctionDef,test_phase29_8_actual_hopf_fact_and_mapped_equality_run_end_to_end,,declaration
tests/test_map_facts.py,1105,FunctionDef,test_phase29_9_unknown_hopf_typing_context_has_no_isomorphism_fact,,declaration
tests/test_map_facts.py,1124,FunctionDef,test_phase29_9_actual_hopf_end_to_end_provenance_excludes_unrelated_fact,,declaration
tests/test_map_facts.py,1406,FunctionDef,test_phase30_3a_ehp_h_typing_fact_uses_canonical_map,,declaration
tests/test_map_facts.py,1437,FunctionDef,test_phase30_3a_ehp_h_isomorphism_fact_uses_canonical_typing,,declaration
tests/test_map_facts.py,525,Assignment,repository,MapIsomorphismFactRepository(),candidate container
tests/test_map_facts.py,625,Assignment,repository,"MapIsomorphismFactRepository(facts=(HOPF_MAP_ISOMORPHISM_FACT, different_fact))",candidate container
tests/test_map_property_rules.py,25,FunctionDef,test_phase28_1_injective_map_statement_preserves_map,,declaration
tests/test_map_property_rules.py,37,FunctionDef,test_phase28_1_injective_map_statement_has_structural_equality,,declaration
tests/test_map_property_rules.py,53,FunctionDef,test_phase28_1_injective_map_statement_distinguishes_map,,declaration
tests/test_map_property_rules.py,85,FunctionDef,test_phase28_2_isomorphism_statement_preserves_map,,declaration
tests/test_map_property_rules.py,97,FunctionDef,test_phase28_2_isomorphism_statement_has_structural_equality,,declaration
tests/test_map_property_rules.py,113,FunctionDef,test_phase28_2_isomorphism_statement_distinguishes_map,,declaration
tests/test_map_property_rules.py,133,FunctionDef,test_phase28_2_isomorphism_and_injectivity_remain_distinct_statements,,declaration
tests/test_map_property_rules.py,969,FunctionDef,test_phase28_9_end_to_end_provenance_excludes_unrelated_fact,,declaration
tests/test_phase100_12b_standard_repository_integration.py,36,FunctionDef,test_phase100_12b_standard_integration_builds_repository,,declaration
tests/test_phase100_12b_standard_repository_integration.py,87,FunctionDef,test_phase100_12b_standard_integration_registers_expected_theorems,,declaration
tests/test_phase100_12b_standard_repository_integration.py,180,FunctionDef,test_phase100_12b_standard_integration_builder_returns_fresh_repository,,declaration
tests/test_phase100_12b_standard_repository_integration.py,37,Assignment,repository,build_standard_production_proof_repository(),candidate container
tests/test_phase100_12b_standard_repository_integration.py,48,Assignment,repository,build_standard_production_proof_repository(),candidate container
tests/test_phase100_12b_standard_repository_integration.py,62,Assignment,entries,repository.entries(),candidate container
tests/test_phase100_12b_standard_repository_integration.py,88,Assignment,repository,build_standard_production_proof_repository(),candidate container
tests/test_phase100_12b_standard_repository_integration.py,92,Assignment,entries,repository.entries(),candidate container
tests/test_phase100_12b_standard_repository_integration.py,117,Assignment,repository,build_standard_production_proof_repository(),candidate container
tests/test_phase100_12b_standard_repository_integration.py,130,Assignment,repository,build_standard_production_proof_repository(),candidate container
tests/test_phase100_12b_standard_repository_integration.py,208,Assignment,repository,build_standard_production_proof_repository(),candidate container
tests/test_phase100_minimal_cli.py,269,FunctionDef,test_phase100_4_cli_does_not_mutate_repository,,declaration
tests/test_phase100_minimal_cli.py,311,FunctionDef,test_phase100_4_rejects_non_repository_programmer_input,,declaration
tests/test_phase100_minimal_cli.py,74,Assignment,repository,ProofRepository(),candidate container
tests/test_phase100_minimal_cli.py,274,Assignment,repository,data['repository'],candidate container
tests/test_phase100_minimal_cli.py,76,Call,ProofRepositoryEntry,key='phase100.cli.first'; step=phase65['pi7_4_step']; phase='65'; theorem='Toda Proposition 5.6 first',candidate registration (not unique)
tests/test_phase100_minimal_cli.py,85,Call,ProofRepositoryEntry,key='phase100.cli.second'; step=phase65['pi7_4_step']; phase='65'; theorem='Toda Proposition 5.6 second',candidate registration (not unique)
tests/test_phase100_minimal_cli.py,94,Call,repository.register,,candidate registration (not unique)
tests/test_phase100_minimal_cli.py,97,Call,repository.register,,candidate registration (not unique)
tests/test_phase100_production_proof_builder.py,117,FunctionDef,test_phase100_7_production_builder_preserves_inference_rule_semantics,,declaration
tests/test_phase100_prop511_production_proof_builder.py,105,FunctionDef,test_phase100_9_production_builder_preserves_inference_rule_semantics,,declaration
tests/test_phase100_prop515_production_proof_builder.py,135,FunctionDef,test_phase100_10_production_builder_preserves_inference_rule_semantics,,declaration
tests/test_phase100_prop515_sigma_chain_bootstrap.py,215,FunctionDef,test_phase100_12b4_3_derives_sigma8_with_theorem36_provenance,,declaration
tests/test_phase100_prop58_production_proof_builder.py,117,FunctionDef,test_phase100_8_production_builder_preserves_inference_rule_semantics,,declaration
tests/test_phase100_standard_repository.py,151,FunctionDef,test_phase100_11_standard_repository_has_deterministic_entry_order,,declaration
tests/test_phase100_standard_repository.py,189,FunctionDef,test_phase100_11_standard_repository_preserves_aggregate_step_identity,,declaration
tests/test_phase100_standard_repository.py,252,FunctionDef,test_phase100_11_standard_repository_finds_representative_group_queries,,declaration
tests/test_phase100_standard_repository.py,278,FunctionDef,test_phase100_11_standard_repository_preserves_nested_branch_provenance,,declaration
tests/test_phase100_standard_repository.py,327,FunctionDef,test_phase100_11_standard_repository_queries_do_not_mutate_entries,,declaration
tests/test_phase100_standard_repository.py,357,FunctionDef,test_phase100_11_standard_repository_builder_returns_fresh_repository,,declaration
tests/test_phase100_standard_repository.py,411,FunctionDef,test_phase100_11_standard_repository_rejects_wrong_theorem_role,,declaration
tests/test_phase100_standard_repository.py,437,FunctionDef,test_phase100_11_standard_repository_rejects_non_proof_step,,declaration
tests/test_phase100_standard_repository.py,131,Assignment,repository,"build_standard_proof_repository(prop56_step, prop58_step, prop511_step, prop515_step)",candidate container
tests/test_phase100_standard_repository.py,154,Assignment,entries,data['repository'].entries(),candidate container
tests/test_phase100_standard_repository.py,192,Assignment,entries,data['repository'].entries(),candidate container
tests/test_phase100_standard_repository.py,330,Assignment,repository,data['repository'],candidate container
tests/test_phase101_cli_boundary_alias_unknown_regression.py,37,FunctionDef,fake_explore_standard_repository_generator_input,,declaration
tests/test_phase101_cli_boundary_alias_unknown_regression.py,99,FunctionDef,fake_explore_standard_repository_generator_input,,declaration
tests/test_phase101_cli_boundary_alias_unknown_regression.py,204,FunctionDef,fake_explore_standard_repository_generator_input,,declaration
tests/test_phase101_production_element_exploration_facade.py,57,Assignment,expected_repository,build_standard_production_proof_repository(),candidate container
tests/test_phase101_production_exploration_validation.py,267,FunctionDef,test_phase101_4_production_repository_is_not_mutated_by_exploration,,declaration
tests/test_phase101_production_exploration_validation.py,268,Assignment,repository,build_standard_production_proof_repository(),candidate container
tests/test_phase102_map_relation_exploration.py,300,FunctionDef,test_phase102_4_repository_order_is_preserved,,declaration
tests/test_phase102_map_relation_exploration.py,403,FunctionDef,test_phase102_4_rejects_non_repository,,declaration
tests/test_phase102_map_relation_exploration.py,59,Assignment,repository,ProofRepository(),candidate container
tests/test_phase102_map_relation_exploration.py,143,Assignment,repository,ProofRepository(),candidate container
tests/test_phase102_map_relation_exploration.py,187,Assignment,repository,ProofRepository(),candidate container
tests/test_phase102_map_relation_exploration.py,228,Assignment,repository,ProofRepository(),candidate container
tests/test_phase102_map_relation_exploration.py,272,Assignment,repository,ProofRepository(),candidate container
tests/test_phase102_map_relation_exploration.py,361,Assignment,repository,ProofRepository(),candidate container
tests/test_phase102_map_relation_exploration.py,389,Assignment,repository,ProofRepository(),candidate container
tests/test_phase102_map_relation_exploration.py,52,Call,ProofRepositoryEntry,key='phase58.h_nu_prime_eta5'; step=final_step; phase='58'; theorem='Toda Lemma 5.2 / Hopf bridge',candidate registration (not unique)
tests/test_phase102_map_relation_exploration.py,60,Call,repository.register,,candidate registration (not unique)
tests/test_phase102_map_relation_exploration.py,144,Call,repository.register,,candidate registration (not unique)
tests/test_phase102_map_relation_exploration.py,188,Call,repository.register,,candidate registration (not unique)
tests/test_phase102_map_relation_exploration.py,229,Call,repository.register,,candidate registration (not unique)
tests/test_phase102_map_relation_exploration.py,273,Call,repository.register,,candidate registration (not unique)
tests/test_phase102_map_relation_exploration.py,327,Call,ProofRepositoryEntry,"key='phase102.first'; step=ProofStep(conclusion=Relation(lhs=MapApplication(map=MapSymbol(name='H'), expression=first_element), rhs=output), premis",candidate registration (not unique)
tests/test_phase102_map_relation_exploration.py,344,Call,ProofRepositoryEntry,"key='phase102.second'; step=ProofStep(conclusion=Relation(lhs=MapApplication(map=MapSymbol(name='E'), expression=second_element), rhs=output), premi",candidate registration (not unique)
tests/test_phase102_map_relation_exploration.py,362,Call,repository.register,,candidate registration (not unique)
tests/test_phase102_map_relation_exploration.py,365,Call,repository.register,,candidate registration (not unique)
tests/test_phase102_map_relation_exploration.py,145,Call,ProofRepositoryEntry,key='phase58.h_nu_prime_eta5'; step=final_step,candidate registration (not unique)
tests/test_phase102_map_relation_exploration.py,189,Call,ProofRepositoryEntry,"key='phase102.non-map'; step=ProofStep(conclusion=Relation(lhs=nu_prime, rhs=eta_5, relation_type=RelationType.EQUALITY), premises=(), rule=ProofRule",candidate registration (not unique)
tests/test_phase102_map_relation_exploration.py,230,Call,ProofRepositoryEntry,"key='phase102.output-only'; step=ProofStep(conclusion=Relation(lhs=MapApplication(map=EHP_H_MAP, expression=eta_5), rhs=nu_prime, relation_type=RelationT",candidate registration (not unique)
tests/test_phase102_map_relation_exploration.py,274,Call,ProofRepositoryEntry,"key='phase102.order'; step=ProofStep(conclusion=Relation(lhs=MapApplication(map=EHP_H_MAP, expression=nu_prime), rhs=eta_5, relation_type=RelationT",candidate registration (not unique)
tests/test_phase102_minimal_theorem_pattern_exploration_result.py,24,FunctionDef,test_phase102_2_result_preserves_source_occurrence_and_statement_identity,,declaration
tests/test_phase102_minimal_theorem_pattern_exploration_result.py,63,FunctionDef,test_phase102_2_actual_theorem_membership_statement_is_recovered_losslessly,,declaration
tests/test_phase102_minimal_theorem_pattern_exploration_result.py,192,FunctionDef,test_phase102_2_result_rejects_statement_not_from_source_entry,,declaration
tests/test_phase102_minimal_theorem_pattern_exploration_result.py,219,FunctionDef,test_phase102_2_builder_rejects_non_repository,,declaration
tests/test_phase102_production_scope_facade.py,243,FunctionDef,test_phase102_6_repository_facade_rejects_non_repository,,declaration
tests/test_phase102_production_scope_facade.py,256,FunctionDef,test_phase102_6_repository_facade_rejects_non_generator,,declaration
tests/test_phase102_production_scope_facade.py,292,FunctionDef,test_phase102_6_repository_is_not_mutated,,declaration
tests/test_phase102_production_scope_facade.py,116,Assignment,repository,build_standard_production_proof_repository(),candidate container
tests/test_phase102_production_scope_facade.py,293,Assignment,repository,build_standard_production_proof_repository(),candidate container
tests/test_phase102_proof_scope_semantic_exploration.py,291,FunctionDef,test_phase102_5b_repository_is_not_mutated_by_scope_semantic_search,,declaration
tests/test_phase102_proof_scope_semantic_exploration.py,31,Assignment,repository,build_standard_production_proof_repository(),candidate container
tests/test_phase102_proof_scope_semantic_exploration.py,44,Assignment,repository,build_standard_scope(),candidate container
tests/test_phase102_proof_scope_semantic_exploration.py,292,Assignment,repository,build_standard_scope(),candidate container
tests/test_phase102_proof_scope_traversal.py,267,FunctionDef,test_phase102_5a_repository_scope_preserves_registration_order,,declaration
tests/test_phase102_proof_scope_traversal.py,421,FunctionDef,test_phase102_5a_repository_is_not_mutated,,declaration
tests/test_phase102_proof_scope_traversal.py,461,FunctionDef,test_phase102_5a_repository_scope_rejects_non_repository,,declaration
tests/test_phase102_proof_scope_traversal.py,286,Assignment,repository,ProofRepository(),candidate container
tests/test_phase102_proof_scope_traversal.py,352,Assignment,repository,ProofRepository(),candidate container
tests/test_phase102_proof_scope_traversal.py,386,Assignment,repository,build_standard_production_proof_repository(),candidate container
tests/test_phase102_proof_scope_traversal.py,422,Assignment,repository,build_standard_production_proof_repository(),candidate container
tests/test_phase102_proof_scope_traversal.py,38,Call,ProofRepositoryEntry,key='phase102.root'; step=root,candidate registration (not unique)
tests/test_phase102_proof_scope_traversal.py,106,Call,ProofRepositoryEntry,key='phase102.bfs'; step=root,candidate registration (not unique)
tests/test_phase102_proof_scope_traversal.py,165,Call,ProofRepositoryEntry,key='phase102.shared'; step=root,candidate registration (not unique)
tests/test_phase102_proof_scope_traversal.py,213,Call,ProofRepositoryEntry,key='phase102.cycle'; step=root,candidate registration (not unique)
tests/test_phase102_proof_scope_traversal.py,247,Call,ProofRepositoryEntry,key='phase102.non-step'; step=root,candidate registration (not unique)
tests/test_phase102_proof_scope_traversal.py,276,Call,ProofRepositoryEntry,key='phase102.first'; step=first_root,candidate registration (not unique)
tests/test_phase102_proof_scope_traversal.py,281,Call,ProofRepositoryEntry,key='phase102.second'; step=second_root,candidate registration (not unique)
tests/test_phase102_proof_scope_traversal.py,287,Call,repository.register,,candidate registration (not unique)
tests/test_phase102_proof_scope_traversal.py,290,Call,repository.register,,candidate registration (not unique)
tests/test_phase102_proof_scope_traversal.py,332,Call,ProofRepositoryEntry,"key='phase102.first'; step=make_step('first', premises=(shared,))",candidate registration (not unique)
tests/test_phase102_proof_scope_traversal.py,342,Call,ProofRepositoryEntry,"key='phase102.second'; step=make_step('second', premises=(shared,))",candidate registration (not unique)
tests/test_phase102_proof_scope_traversal.py,353,Call,repository.register,,candidate registration (not unique)
tests/test_phase102_proof_scope_traversal.py,356,Call,repository.register,,candidate registration (not unique)
tests/test_phase102_toda_membership_filter.py,72,FunctionDef,test_phase102_3_actual_theorem_membership_finds_nu_prime_in_second_position,,declaration
tests/test_phase102_toda_membership_filter.py,323,FunctionDef,test_phase102_3_theorem_kind_filter_excludes_ordinary_membership,,declaration
tests/test_phase102_toda_membership_filter.py,408,FunctionDef,test_phase102_3_builder_rejects_non_repository,,declaration
tests/test_phase102_toda_membership_filter.py,152,Assignment,repository,ProofRepository(),candidate container
tests/test_phase102_toda_membership_filter.py,270,Assignment,repository,ProofRepository(),candidate container
tests/test_phase102_toda_membership_filter.py,324,Assignment,repository,ProofRepository(),candidate container
tests/test_phase102_toda_membership_filter.py,358,Assignment,repository,ProofRepository(),candidate container
tests/test_phase102_toda_membership_filter.py,62,Call,ProofRepositoryEntry,"key=key; step=ProofStep(conclusion=statement, premises=(), rule=ProofRule.GIVEN)",candidate registration (not unique)
tests/test_phase102_toda_membership_filter.py,292,Call,repository.register,,candidate registration (not unique)
tests/test_phase102_toda_membership_filter.py,326,Call,repository.register,,candidate registration (not unique)
tests/test_phase102_toda_membership_filter.py,360,Call,repository.register,,candidate registration (not unique)
tests/test_phase102_toda_membership_filter.py,213,Call,repository.register,,candidate registration (not unique)
tests/test_phase103_6d101_toda_lemma54_nu4_membership_theorem_specific_classification.py,56,FunctionDef,test_phase103_6d101_classifies_toda_lemma54_nu4_membership_as_theorem_specific,,declaration
tests/test_phase103_6d101_toda_lemma54_nu4_membership_theorem_specific_classification.py,82,FunctionDef,test_phase103_6d101_target_factory_is_exactly_the_audited_factory,,declaration
tests/test_phase103_6d101_toda_lemma54_nu4_membership_theorem_specific_classification.py,108,FunctionDef,test_phase103_6d101_changes_only_target_factory,,declaration
tests/test_phase103_6d101_toda_lemma54_nu4_membership_theorem_specific_classification.py,67,Assignment,entries,families[PHASE103_6D101_TARGET_FAMILY],candidate container
tests/test_phase103_6d101_toda_lemma54_nu4_membership_theorem_specific_classification.py,85,Assignment,entries,tuple((entry for entry in catalog.entries() if _inference_rule_factory_name(entry.rule) == PHASE103_6D101_TARGET_FACTORY)),candidate container
tests/test_phase103_6d101_toda_lemma54_nu4_membership_theorem_specific_classification.py,184,Assignment,target_entries,tuple((entry for entry in catalog.entries() if _inference_rule_factory_name(entry.rule) == PHASE103_6D101_TARGET_FACTORY)),candidate container
tests/test_phase103_6d101_toda_lemma54_nu4_membership_theorem_specific_classification.py,283,Assignment,before_entries,tuple(before.entries()),candidate container
tests/test_phase103_6d101_toda_lemma54_nu4_membership_theorem_specific_classification.py,287,Assignment,after_entries,tuple(after.entries()),candidate container
tests/test_phase103_6d101_toda_lemma54_nu4_membership_theorem_specific_classification.py,382,Assignment,entries,tuple(catalog.entries()),candidate container
tests/test_phase103_6d106_toda53_nu_prime_lemma52_membership_theorem_specific_classification.py,56,FunctionDef,test_phase103_6d106_classifies_target_family_as_theorem_specific,,declaration
tests/test_phase103_6d106_toda53_nu_prime_lemma52_membership_theorem_specific_classification.py,82,FunctionDef,test_phase103_6d106_target_factory_is_exactly_the_audited_factory,,declaration
tests/test_phase103_6d106_toda53_nu_prime_lemma52_membership_theorem_specific_classification.py,108,FunctionDef,test_phase103_6d106_changes_only_target_factory,,declaration
tests/test_phase103_6d106_toda53_nu_prime_lemma52_membership_theorem_specific_classification.py,67,Assignment,entries,families[PHASE103_6D106_TARGET_FAMILY],candidate container
tests/test_phase103_6d106_toda53_nu_prime_lemma52_membership_theorem_specific_classification.py,85,Assignment,entries,tuple((entry for entry in catalog.entries() if _inference_rule_factory_name(entry.rule) == PHASE103_6D106_TARGET_FACTORY)),candidate container
tests/test_phase103_6d106_toda53_nu_prime_lemma52_membership_theorem_specific_classification.py,184,Assignment,target_entries,tuple((entry for entry in catalog.entries() if _inference_rule_factory_name(entry.rule) == PHASE103_6D106_TARGET_FACTORY)),candidate container
tests/test_phase103_6d106_toda53_nu_prime_lemma52_membership_theorem_specific_classification.py,283,Assignment,before_entries,tuple(before.entries()),candidate container
tests/test_phase103_6d106_toda53_nu_prime_lemma52_membership_theorem_specific_classification.py,287,Assignment,after_entries,tuple(after.entries()),candidate container
tests/test_phase103_6d106_toda53_nu_prime_lemma52_membership_theorem_specific_classification.py,378,Assignment,entries,tuple(catalog.entries()),candidate container
tests/test_phase103_6d108_remaining_strict_self_identifying_nu_prime_grouped_relevance_classification.py,76,FunctionDef,_entries_by_factory,,declaration
tests/test_phase103_6d108_remaining_strict_self_identifying_nu_prime_grouped_relevance_classification.py,120,FunctionDef,test_phase103_6d108_classifies_all_eight_target_factories,,declaration
tests/test_phase103_6d108_remaining_strict_self_identifying_nu_prime_grouped_relevance_classification.py,148,FunctionDef,test_phase103_6d108_target_factories_cover_exactly_eight_families,,declaration
tests/test_phase103_6d108_remaining_strict_self_identifying_nu_prime_grouped_relevance_classification.py,175,FunctionDef,test_phase103_6d108_changes_only_target_factories_and_only_from_unclassified,,declaration
tests/test_phase103_6d108_remaining_strict_self_identifying_nu_prime_grouped_relevance_classification.py,346,Assignment,before_entries,tuple(before.entries()),candidate container
tests/test_phase103_6d108_remaining_strict_self_identifying_nu_prime_grouped_relevance_classification.py,349,Assignment,after_entries,tuple(after.entries()),candidate container
tests/test_phase103_6d108_remaining_strict_self_identifying_nu_prime_grouped_relevance_classification.py,482,Assignment,entries,tuple(catalog.entries()),candidate container
tests/test_phase103_6d108_remaining_strict_self_identifying_nu_prime_grouped_relevance_classification.py,135,Assignment,entries,by_factory[factory_name],candidate container
tests/test_phase103_6d108_remaining_strict_self_identifying_nu_prime_grouped_relevance_classification.py,266,Assignment,entries,by_factory[factory_name],candidate container
tests/test_phase103_6d10_second_wave_classification.py,229,FunctionDef,test_phase103_6d10_factory_provenance_uses_function_qualname,,declaration
tests/test_phase103_6d10_second_wave_classification.py,172,Assignment,affected_entries,tuple((entry for name in second_wave_names for entry in families[name])),candidate container
tests/test_phase103_6d10_second_wave_classification.py,141,Assignment,entries,families[name],candidate container
tests/test_phase103_6d10_second_wave_classification.py,207,Assignment,entries,families[name],candidate container
tests/test_phase103_6d12_deferred_boundary_classification.py,125,Assignment,affected_entries,tuple((entry for name in target_names for entry in families[name])),candidate container
tests/test_phase103_6d12_deferred_boundary_classification.py,222,Assignment,entries,catalog.entries(),candidate container
tests/test_phase103_6d12_deferred_boundary_classification.py,94,Assignment,entries,families[name],candidate container
tests/test_phase103_6d15_generic_exactness_structural_classification.py,239,Assignment,entries,tuple(catalog.entries()),candidate container
tests/test_phase103_6d15_generic_exactness_structural_classification.py,324,Assignment,entries,tuple(catalog.entries()),candidate container
tests/test_phase103_6d15_generic_exactness_structural_classification.py,366,Assignment,entries,tuple(catalog.entries()),candidate container
tests/test_phase103_6d18_suspension_isomorphism_map_property.py,250,Assignment,entries,tuple(catalog.entries()),candidate container
tests/test_phase103_6d18_suspension_isomorphism_map_property.py,406,Assignment,entries,tuple(catalog.entries()),candidate container
tests/test_phase103_6d18_suspension_isomorphism_map_property.py,457,Assignment,entries,tuple(catalog.entries()),candidate container
tests/test_phase103_6d20_zero_second_summand_structural_classification.py,348,Assignment,entries,tuple(catalog.entries()),candidate container
tests/test_phase103_6d20_zero_second_summand_structural_classification.py,399,Assignment,entries,tuple(catalog.entries()),candidate container
tests/test_phase103_6d24_hopf_injectivity_structural_classification.py,336,Assignment,changed_entries,tuple((after[key] for key in changed)),candidate container
tests/test_phase103_6d24_hopf_injectivity_structural_classification.py,419,Assignment,entries,tuple(catalog.entries()),candidate container
tests/test_phase103_6d24_hopf_injectivity_structural_classification.py,470,Assignment,entries,tuple(catalog.entries()),candidate container
tests/test_phase103_6d27_delta_surjectivity_structural_classification.py,355,Assignment,changed_entries,tuple((after[key] for key in changed)),candidate container
tests/test_phase103_6d27_delta_surjectivity_structural_classification.py,484,Assignment,entries,tuple(catalog.entries()),candidate container
tests/test_phase103_6d27_delta_surjectivity_structural_classification.py,535,Assignment,entries,tuple(catalog.entries()),candidate container
tests/test_phase103_6d2_rule_relevance_category.py,15,ClassDef,Phase103RelevanceStatement,,declaration
tests/test_phase103_6d2_rule_relevance_category.py,19,FunctionDef,make_phase103_rule,,declaration
tests/test_phase103_6d2_rule_relevance_category.py,128,Call,catalog.register,,candidate registration (not unique)
tests/test_phase103_6d2_rule_relevance_category.py,131,Call,catalog.register,,candidate registration (not unique)
tests/test_phase103_6d30_generator_image_delta_map_property_classification.py,347,Assignment,changed_entries,tuple((after[key] for key in changed)),candidate container
tests/test_phase103_6d30_generator_image_delta_map_property_classification.py,439,Assignment,entries,tuple(catalog.entries()),candidate container
tests/test_phase103_6d30_generator_image_delta_map_property_classification.py,490,Assignment,entries,tuple(catalog.entries()),candidate container
tests/test_phase103_6d32_residual_delta_injectivity_theorem_specific_classification.py,82,FunctionDef,test_phase103_6d32_classifies_all_7_residual_delta_injectivity_families_as_theorem_specific,,declaration
tests/test_phase103_6d32_residual_delta_injectivity_theorem_specific_classification.py,116,Assignment,affected_entries,tuple((entry for name in PHASE103_6D32_EXPECTED_THEOREM_SPECIFIC_FAMILIES for entry in families[name])),candidate container
tests/test_phase103_6d32_residual_delta_injectivity_theorem_specific_classification.py,146,Assignment,entries,families[PHASE103_6D32_N6_MAP_PROPERTY_FAMILY],candidate container
tests/test_phase103_6d32_residual_delta_injectivity_theorem_specific_classification.py,166,Assignment,entries,_delta_injective_entries(catalog),candidate container
tests/test_phase103_6d32_residual_delta_injectivity_theorem_specific_classification.py,284,Assignment,entries,catalog.entries(),candidate container
tests/test_phase103_6d32_residual_delta_injectivity_theorem_specific_classification.py,94,Assignment,entries,families[name],candidate container
tests/test_phase103_6d35_residual_suspension_injectivity_structural_classification.py,157,Assignment,entries,_suspension_injective_entries(catalog),candidate container
tests/test_phase103_6d35_residual_suspension_injectivity_structural_classification.py,163,Assignment,residual_target_entries,tuple((entry for entry in entries if entry.rule.name in PHASE103_6D35_TARGET_FAMILIES)),candidate container
tests/test_phase103_6d35_residual_suspension_injectivity_structural_classification.py,240,Assignment,entries,tuple(catalog.entries()),candidate container
tests/test_phase103_6d35_residual_suspension_injectivity_structural_classification.py,278,Assignment,delta_entries,"tuple((entry for entry in catalog.entries() if getattr(entry.conclusion_type, '__name__', None) == 'TodaDeltaInjectiveStatement'))",candidate container
tests/test_phase103_6d35_residual_suspension_injectivity_structural_classification.py,325,Assignment,entries,tuple(catalog.entries()),candidate container
tests/test_phase103_6d35_residual_suspension_injectivity_structural_classification.py,79,Assignment,entries,families[family],candidate container
tests/test_phase103_6d38_zero_group_exactness_structural_classification.py,140,Assignment,target_entries,tuple((entry for entry in catalog.entries() if entry.rule.name in PHASE103_6D38_TARGET_FAMILIES)),candidate container
tests/test_phase103_6d38_zero_group_exactness_structural_classification.py,217,Assignment,entries,tuple(catalog.entries()),candidate container
tests/test_phase103_6d38_zero_group_exactness_structural_classification.py,255,Assignment,delta_entries,"tuple((entry for entry in catalog.entries() if getattr(entry.conclusion_type, '__name__', None) == 'TodaDeltaInjectiveStatement'))",candidate container
tests/test_phase103_6d38_zero_group_exactness_structural_classification.py,307,Assignment,entries,tuple((entry for entry in catalog.entries() if entry.rule.name in target_families)),candidate container
tests/test_phase103_6d38_zero_group_exactness_structural_classification.py,330,Assignment,entries,tuple(catalog.entries()),candidate container
tests/test_phase103_6d38_zero_group_exactness_structural_classification.py,62,Assignment,entries,families[family],candidate container
tests/test_phase103_6d41_prop53_dependent_theorem_specific_classification.py,52,FunctionDef,test_phase103_6d41_classifies_only_the_two_audited_prop53_dependent_families_as_theorem_specific,,declaration
tests/test_phase103_6d41_prop53_dependent_theorem_specific_classification.py,252,FunctionDef,test_phase103_6d41_theorem_specific_entry_count_increases_by_exactly_two,,declaration
tests/test_phase103_6d41_prop53_dependent_theorem_specific_classification.py,140,Assignment,target_entries,tuple((entry for entry in catalog.entries() if entry.rule.name in PHASE103_6D41_TARGET_FAMILIES)),candidate container
tests/test_phase103_6d41_prop53_dependent_theorem_specific_classification.py,217,Assignment,entries,tuple(catalog.entries()),candidate container
tests/test_phase103_6d41_prop53_dependent_theorem_specific_classification.py,293,Assignment,entries,tuple((entry for entry in catalog.entries() if entry.rule.name in target_families)),candidate container
tests/test_phase103_6d41_prop53_dependent_theorem_specific_classification.py,316,Assignment,delta_entries,"tuple((entry for entry in catalog.entries() if getattr(entry.conclusion_type, '__name__', None) == 'TodaDeltaInjectiveStatement'))",candidate container
tests/test_phase103_6d41_prop53_dependent_theorem_specific_classification.py,363,Assignment,entries,tuple(catalog.entries()),candidate container
tests/test_phase103_6d41_prop53_dependent_theorem_specific_classification.py,62,Assignment,entries,families[family],candidate container
tests/test_phase103_6d44_prop56_specialization_theorem_specific_classification.py,52,FunctionDef,test_phase103_6d44_classifies_only_the_two_audited_prop56_specialization_families_as_theorem_specific,,declaration
tests/test_phase103_6d44_prop56_specialization_theorem_specific_classification.py,262,FunctionDef,test_phase103_6d44_theorem_specific_entry_count_increases_by_exactly_three,,declaration
tests/test_phase103_6d44_prop56_specialization_theorem_specific_classification.py,295,FunctionDef,test_phase103_6d44_preserves_6d41_prop53_theorem_specific_closure,,declaration
tests/test_phase103_6d44_prop56_specialization_theorem_specific_classification.py,150,Assignment,target_entries,tuple((entry for entry in catalog.entries() if entry.rule.name in PHASE103_6D44_TARGET_FAMILIES)),candidate container
tests/test_phase103_6d44_prop56_specialization_theorem_specific_classification.py,227,Assignment,entries,tuple(catalog.entries()),candidate container
tests/test_phase103_6d44_prop56_specialization_theorem_specific_classification.py,303,Assignment,entries,tuple((entry for entry in catalog.entries() if entry.rule.name in target_families)),candidate container
tests/test_phase103_6d44_prop56_specialization_theorem_specific_classification.py,331,Assignment,entries,tuple((entry for entry in catalog.entries() if entry.rule.name in target_families)),candidate container
tests/test_phase103_6d44_prop56_specialization_theorem_specific_classification.py,354,Assignment,delta_entries,"tuple((entry for entry in catalog.entries() if getattr(entry.conclusion_type, '__name__', None) == 'TodaDeltaInjectiveStatement'))",candidate container
tests/test_phase103_6d44_prop56_specialization_theorem_specific_classification.py,401,Assignment,entries,tuple(catalog.entries()),candidate container
tests/test_phase103_6d47_stable_zero_transport_structural_classification.py,93,FunctionDef,test_phase103_6d47_target_entries_are_exactly_the_two_audited_factories,,declaration
tests/test_phase103_6d47_stable_zero_transport_structural_classification.py,96,Assignment,target_entries,tuple((entry for entry in catalog.entries() if entry.rule.name in PHASE103_6D47_TARGET_FAMILIES)),candidate container
tests/test_phase103_6d47_stable_zero_transport_structural_classification.py,188,Assignment,target_entries,tuple((entry for entry in catalog.entries() if entry.rule.name in PHASE103_6D47_TARGET_FAMILIES)),candidate container
tests/test_phase103_6d47_stable_zero_transport_structural_classification.py,265,Assignment,entries,tuple(catalog.entries()),candidate container
tests/test_phase103_6d47_stable_zero_transport_structural_classification.py,341,Assignment,entries,tuple((entry for entry in catalog.entries() if entry.rule.name in target_families)),candidate container
tests/test_phase103_6d47_stable_zero_transport_structural_classification.py,369,Assignment,entries,tuple((entry for entry in catalog.entries() if entry.rule.name in target_families)),candidate container
tests/test_phase103_6d47_stable_zero_transport_structural_classification.py,392,Assignment,entries,tuple(catalog.entries()),candidate container
tests/test_phase103_6d4_relevance_metadata_propagation.py,33,FunctionDef,_entries_by_rule_name,,declaration
tests/test_phase103_6d4_relevance_metadata_propagation.py,121,FunctionDef,test_phase103_6d4_actual_theorem_specific_entries_are_classified,,declaration
tests/test_phase103_6d4_relevance_metadata_propagation.py,146,FunctionDef,test_phase103_6d4_unclassified_remains_for_nonrepresentative_rules,,declaration
tests/test_phase103_6d4_relevance_metadata_propagation.py,170,FunctionDef,test_phase103_6d4_theorem_category_reaches_nu_prime_candidate,,declaration
tests/test_phase103_6d4_relevance_metadata_propagation.py,252,FunctionDef,test_phase103_6d4_rule_family_preserves_classified_catalog_entries,,declaration
tests/test_phase103_6d4_relevance_metadata_propagation.py,104,Assignment,entries,"_entries_by_rule_name(catalog, 'equality symmetry')",candidate container
tests/test_phase103_6d4_relevance_metadata_propagation.py,126,Assignment,entries,"_entries_by_rule_name(catalog, 'Toda 5.3 nu-prime Lemma 5.2 bracket specialization')",candidate container
tests/test_phase103_6d50_toda52_finite_cyclic_transport_theorem_specific_classification.py,58,FunctionDef,test_phase103_6d50_classifies_only_the_two_audited_toda52_transport_families_as_theorem_specific,,declaration
tests/test_phase103_6d50_toda52_finite_cyclic_transport_theorem_specific_classification.py,90,FunctionDef,test_phase103_6d50_target_entries_are_exactly_the_two_audited_factories,,declaration
tests/test_phase103_6d50_toda52_finite_cyclic_transport_theorem_specific_classification.py,286,FunctionDef,test_phase103_6d50_theorem_specific_entry_count_increases_by_exactly_five,,declaration
tests/test_phase103_6d50_toda52_finite_cyclic_transport_theorem_specific_classification.py,93,Assignment,target_entries,tuple((entry for entry in catalog.entries() if entry.rule.name in PHASE103_6D50_TARGET_FAMILIES)),candidate container
tests/test_phase103_6d50_toda52_finite_cyclic_transport_theorem_specific_classification.py,178,Assignment,target_entries,tuple((entry for entry in catalog.entries() if entry.rule.name in PHASE103_6D50_TARGET_FAMILIES)),candidate container
tests/test_phase103_6d50_toda52_finite_cyclic_transport_theorem_specific_classification.py,251,Assignment,entries,tuple(catalog.entries()),candidate container
tests/test_phase103_6d50_toda52_finite_cyclic_transport_theorem_specific_classification.py,326,Assignment,entries,tuple((entry for entry in catalog.entries() if entry.rule.name in target_families)),candidate container
tests/test_phase103_6d50_toda52_finite_cyclic_transport_theorem_specific_classification.py,354,Assignment,entries,tuple((entry for entry in catalog.entries() if entry.rule.name in target_families)),candidate container
tests/test_phase103_6d50_toda52_finite_cyclic_transport_theorem_specific_classification.py,376,Assignment,entries,tuple(catalog.entries()),candidate container
tests/test_phase103_6d53_concrete_composition_zero_theorem_specific_classification.py,58,FunctionDef,test_phase103_6d53_classifies_the_two_audited_composition_zero_families_as_theorem_specific,,declaration
tests/test_phase103_6d53_concrete_composition_zero_theorem_specific_classification.py,76,FunctionDef,test_phase103_6d53_target_entries_are_exactly_the_two_audited_factories,,declaration
tests/test_phase103_6d53_concrete_composition_zero_theorem_specific_classification.py,275,FunctionDef,test_phase103_6d53_theorem_specific_entry_count_increases_by_exactly_six,,declaration
tests/test_phase103_6d53_concrete_composition_zero_theorem_specific_classification.py,79,Assignment,target_entries,tuple((entry for entry in catalog.entries() if entry.rule.name in PHASE103_6D53_TARGET_FAMILIES)),candidate container
tests/test_phase103_6d53_concrete_composition_zero_theorem_specific_classification.py,165,Assignment,target_entries,tuple((entry for entry in catalog.entries() if _inference_rule_factory_name(entry.rule) in PHASE103_6D53_TARGET_FACTORIES)),candidate container
tests/test_phase103_6d53_concrete_composition_zero_theorem_specific_classification.py,240,Assignment,entries,tuple(catalog.entries()),candidate container
tests/test_phase103_6d53_concrete_composition_zero_theorem_specific_classification.py,315,Assignment,entries,tuple((entry for entry in catalog.entries() if entry.rule.name in target_families)),candidate container
tests/test_phase103_6d53_concrete_composition_zero_theorem_specific_classification.py,343,Assignment,entries,tuple((entry for entry in catalog.entries() if entry.rule.name in target_families)),candidate container
tests/test_phase103_6d53_concrete_composition_zero_theorem_specific_classification.py,365,Assignment,entries,tuple(catalog.entries()),candidate container
tests/test_phase103_6d56_prop53_finite_cyclic_suspension_transport_theorem_specific_classification.py,58,FunctionDef,test_phase103_6d56_classifies_the_two_audited_prop53_transport_families_as_theorem_specific,,declaration
tests/test_phase103_6d56_prop53_finite_cyclic_suspension_transport_theorem_specific_classification.py,76,FunctionDef,test_phase103_6d56_target_entries_are_exactly_the_two_audited_factories,,declaration
tests/test_phase103_6d56_prop53_finite_cyclic_suspension_transport_theorem_specific_classification.py,275,FunctionDef,test_phase103_6d56_theorem_specific_entry_count_increases_by_exactly_fourteen,,declaration
tests/test_phase103_6d56_prop53_finite_cyclic_suspension_transport_theorem_specific_classification.py,79,Assignment,target_entries,tuple((entry for entry in catalog.entries() if entry.rule.name in PHASE103_6D56_TARGET_FAMILIES)),candidate container
tests/test_phase103_6d56_prop53_finite_cyclic_suspension_transport_theorem_specific_classification.py,165,Assignment,target_entries,tuple((entry for entry in catalog.entries() if _inference_rule_factory_name(entry.rule) in PHASE103_6D56_TARGET_FACTORIES)),candidate container
tests/test_phase103_6d56_prop53_finite_cyclic_suspension_transport_theorem_specific_classification.py,240,Assignment,entries,tuple(catalog.entries()),candidate container
tests/test_phase103_6d56_prop53_finite_cyclic_suspension_transport_theorem_specific_classification.py,315,Assignment,entries,tuple((entry for entry in catalog.entries() if entry.rule.name in target_families)),candidate container
tests/test_phase103_6d56_prop53_finite_cyclic_suspension_transport_theorem_specific_classification.py,343,Assignment,entries,tuple((entry for entry in catalog.entries() if entry.rule.name in target_families)),candidate container
tests/test_phase103_6d56_prop53_finite_cyclic_suspension_transport_theorem_specific_classification.py,365,Assignment,entries,tuple(catalog.entries()),candidate container
tests/test_phase103_6d59_prop53_eta_square_suspension_bridge_classification.py,76,FunctionDef,test_phase103_6d59_target_entries_are_exactly_the_two_audited_factories,,declaration
tests/test_phase103_6d59_prop53_eta_square_suspension_bridge_classification.py,79,Assignment,target_entries,tuple((entry for entry in catalog.entries() if entry.rule.name in PHASE103_6D59_TARGET_FAMILIES)),candidate container
tests/test_phase103_6d59_prop53_eta_square_suspension_bridge_classification.py,165,Assignment,target_entries,tuple((entry for entry in catalog.entries() if _inference_rule_factory_name(entry.rule) in PHASE103_6D59_TARGET_FACTORIES)),candidate container
tests/test_phase103_6d59_prop53_eta_square_suspension_bridge_classification.py,240,Assignment,entries,tuple(catalog.entries()),candidate container
tests/test_phase103_6d59_prop53_eta_square_suspension_bridge_classification.py,315,Assignment,entries,tuple((entry for entry in catalog.entries() if entry.rule.name in target_families)),candidate container
tests/test_phase103_6d59_prop53_eta_square_suspension_bridge_classification.py,343,Assignment,entries,tuple((entry for entry in catalog.entries() if entry.rule.name in target_families)),candidate container
tests/test_phase103_6d59_prop53_eta_square_suspension_bridge_classification.py,365,Assignment,entries,tuple(catalog.entries()),candidate container
tests/test_phase103_6d5b_category_family_ordering.py,99,FunctionDef,test_phase103_6d5b_rule_families_follow_explicit_category_order,,declaration
tests/test_phase103_6d5b_category_family_ordering.py,203,FunctionDef,test_phase103_6d5b_rule_group_order_is_not_changed,,declaration
tests/test_phase103_6d62_lemma54_nu4_construction_consequence_theorem_specific_classification.py,58,FunctionDef,test_phase103_6d62_classifies_the_two_audited_lemma54_nu4_families_as_theorem_specific,,declaration
tests/test_phase103_6d62_lemma54_nu4_construction_consequence_theorem_specific_classification.py,76,FunctionDef,test_phase103_6d62_target_entries_are_exactly_the_two_audited_factories,,declaration
tests/test_phase103_6d62_lemma54_nu4_construction_consequence_theorem_specific_classification.py,275,FunctionDef,test_phase103_6d62_theorem_specific_entry_count_increases_by_exactly_fourteen,,declaration
tests/test_phase103_6d62_lemma54_nu4_construction_consequence_theorem_specific_classification.py,79,Assignment,target_entries,tuple((entry for entry in catalog.entries() if entry.rule.name in PHASE103_6D62_TARGET_FAMILIES)),candidate container
tests/test_phase103_6d62_lemma54_nu4_construction_consequence_theorem_specific_classification.py,165,Assignment,target_entries,tuple((entry for entry in catalog.entries() if _inference_rule_factory_name(entry.rule) in PHASE103_6D62_TARGET_FACTORIES)),candidate container
tests/test_phase103_6d62_lemma54_nu4_construction_consequence_theorem_specific_classification.py,240,Assignment,entries,tuple(catalog.entries()),candidate container
tests/test_phase103_6d62_lemma54_nu4_construction_consequence_theorem_specific_classification.py,315,Assignment,entries,tuple((entry for entry in catalog.entries() if entry.rule.name in target_families)),candidate container
tests/test_phase103_6d62_lemma54_nu4_construction_consequence_theorem_specific_classification.py,343,Assignment,entries,tuple((entry for entry in catalog.entries() if entry.rule.name in target_families)),candidate container
tests/test_phase103_6d62_lemma54_nu4_construction_consequence_theorem_specific_classification.py,365,Assignment,entries,tuple(catalog.entries()),candidate container
tests/test_phase103_6d65_prop511_finite_dimensional_nu_squared_transport_theorem_specific_classification.py,60,FunctionDef,test_phase103_6d65_classifies_the_three_audited_prop511_nu_squared_families_as_theorem_specific,,declaration
tests/test_phase103_6d65_prop511_finite_dimensional_nu_squared_transport_theorem_specific_classification.py,78,FunctionDef,test_phase103_6d65_target_entries_are_exactly_the_three_audited_factories,,declaration
tests/test_phase103_6d65_prop511_finite_dimensional_nu_squared_transport_theorem_specific_classification.py,277,FunctionDef,test_phase103_6d65_theorem_specific_entry_count_increases_by_exactly_three,,declaration
tests/test_phase103_6d65_prop511_finite_dimensional_nu_squared_transport_theorem_specific_classification.py,81,Assignment,target_entries,tuple((entry for entry in catalog.entries() if entry.rule.name in PHASE103_6D65_TARGET_FAMILIES)),candidate container
tests/test_phase103_6d65_prop511_finite_dimensional_nu_squared_transport_theorem_specific_classification.py,167,Assignment,target_entries,tuple((entry for entry in catalog.entries() if _inference_rule_factory_name(entry.rule) in PHASE103_6D65_TARGET_FACTORIES)),candidate container
tests/test_phase103_6d65_prop511_finite_dimensional_nu_squared_transport_theorem_specific_classification.py,242,Assignment,entries,tuple(catalog.entries()),candidate container
tests/test_phase103_6d65_prop511_finite_dimensional_nu_squared_transport_theorem_specific_classification.py,317,Assignment,entries,tuple((entry for entry in catalog.entries() if entry.rule.name in target_families)),candidate container
tests/test_phase103_6d65_prop511_finite_dimensional_nu_squared_transport_theorem_specific_classification.py,345,Assignment,entries,tuple((entry for entry in catalog.entries() if entry.rule.name in target_families)),candidate container
tests/test_phase103_6d65_prop511_finite_dimensional_nu_squared_transport_theorem_specific_classification.py,367,Assignment,entries,tuple(catalog.entries()),candidate container
tests/test_phase103_6d68_cross_theorem_stable_range_transport_theorem_specific_classification.py,60,FunctionDef,test_phase103_6d68_classifies_the_three_audited_stable_range_transport_families_as_theorem_specific,,declaration
tests/test_phase103_6d68_cross_theorem_stable_range_transport_theorem_specific_classification.py,78,FunctionDef,test_phase103_6d68_target_entries_are_exactly_the_three_audited_factories,,declaration
tests/test_phase103_6d68_cross_theorem_stable_range_transport_theorem_specific_classification.py,277,FunctionDef,test_phase103_6d68_theorem_specific_entry_count_increases_by_exactly_twelve,,declaration
tests/test_phase103_6d68_cross_theorem_stable_range_transport_theorem_specific_classification.py,81,Assignment,target_entries,tuple((entry for entry in catalog.entries() if entry.rule.name in PHASE103_6D68_TARGET_FAMILIES)),candidate container
tests/test_phase103_6d68_cross_theorem_stable_range_transport_theorem_specific_classification.py,167,Assignment,target_entries,tuple((entry for entry in catalog.entries() if _inference_rule_factory_name(entry.rule) in PHASE103_6D68_TARGET_FACTORIES)),candidate container
tests/test_phase103_6d68_cross_theorem_stable_range_transport_theorem_specific_classification.py,242,Assignment,entries,tuple(catalog.entries()),candidate container
tests/test_phase103_6d68_cross_theorem_stable_range_transport_theorem_specific_classification.py,318,Assignment,entries,tuple((entry for entry in catalog.entries() if entry.rule.name in target_families)),candidate container
tests/test_phase103_6d68_cross_theorem_stable_range_transport_theorem_specific_classification.py,346,Assignment,entries,tuple((entry for entry in catalog.entries() if entry.rule.name in target_families)),candidate container
tests/test_phase103_6d68_cross_theorem_stable_range_transport_theorem_specific_classification.py,368,Assignment,entries,tuple(catalog.entries()),candidate container
tests/test_phase103_6d71_prop51_derived_eta_zero_relation_theorem_specific_classification.py,88,FunctionDef,test_phase103_6d71_target_factories_are_exactly_the_audited_allowlist,,declaration
tests/test_phase103_6d71_prop51_derived_eta_zero_relation_theorem_specific_classification.py,112,FunctionDef,test_phase103_6d71_changes_only_entries_from_the_four_target_factories,,declaration
tests/test_phase103_6d71_prop51_derived_eta_zero_relation_theorem_specific_classification.py,91,Assignment,target_entries,tuple((entry for entry in catalog.entries() if entry.rule.name in PHASE103_6D71_TARGET_FAMILIES)),candidate container
tests/test_phase103_6d71_prop51_derived_eta_zero_relation_theorem_specific_classification.py,179,Assignment,target_entries,tuple((entry for entry in catalog.entries() if _inference_rule_factory_name(entry.rule) in PHASE103_6D71_TARGET_FACTORIES)),candidate container
tests/test_phase103_6d71_prop51_derived_eta_zero_relation_theorem_specific_classification.py,202,Assignment,deferred_entries,tuple((entry for entry in catalog.entries() if entry.rule.name == PHASE103_6D71_DEFERRED_FAMILY)),candidate container
tests/test_phase103_6d71_prop51_derived_eta_zero_relation_theorem_specific_classification.py,285,Assignment,before_entries,tuple(before.entries()),candidate container
tests/test_phase103_6d71_prop51_derived_eta_zero_relation_theorem_specific_classification.py,288,Assignment,after_entries,tuple(after.entries()),candidate container
tests/test_phase103_6d71_prop51_derived_eta_zero_relation_theorem_specific_classification.py,352,Assignment,entries,tuple((entry for entry in catalog.entries() if entry.rule.name in target_families)),candidate container
tests/test_phase103_6d71_prop51_derived_eta_zero_relation_theorem_specific_classification.py,379,Assignment,entries,tuple((entry for entry in catalog.entries() if entry.rule.name in target_families)),candidate container
tests/test_phase103_6d71_prop51_derived_eta_zero_relation_theorem_specific_classification.py,399,Assignment,entries,tuple(catalog.entries()),candidate container
tests/test_phase103_6d73_prop511_pi14_13_eta13_group_identification_theorem_specific_classification.py,56,FunctionDef,test_phase103_6d73_classifies_pi14_13_eta13_as_theorem_specific,,declaration
tests/test_phase103_6d73_prop511_pi14_13_eta13_group_identification_theorem_specific_classification.py,77,FunctionDef,test_phase103_6d73_target_factory_is_exactly_the_audited_singleton,,declaration
tests/test_phase103_6d73_prop511_pi14_13_eta13_group_identification_theorem_specific_classification.py,101,FunctionDef,test_phase103_6d73_changes_only_target_factory_entries,,declaration
tests/test_phase103_6d73_prop511_pi14_13_eta13_group_identification_theorem_specific_classification.py,64,Assignment,entries,families[PHASE103_6D73_TARGET_FAMILY],candidate container
tests/test_phase103_6d73_prop511_pi14_13_eta13_group_identification_theorem_specific_classification.py,80,Assignment,entries,tuple((entry for entry in catalog.entries() if entry.rule.name == PHASE103_6D73_TARGET_FAMILY)),candidate container
tests/test_phase103_6d73_prop511_pi14_13_eta13_group_identification_theorem_specific_classification.py,168,Assignment,entries,tuple((entry for entry in catalog.entries() if _inference_rule_factory_name(entry.rule) == PHASE103_6D73_TARGET_FACTORY)),candidate container
tests/test_phase103_6d73_prop511_pi14_13_eta13_group_identification_theorem_specific_classification.py,244,Assignment,before_entries,tuple(before.entries()),candidate container
tests/test_phase103_6d73_prop511_pi14_13_eta13_group_identification_theorem_specific_classification.py,247,Assignment,after_entries,tuple(after.entries()),candidate container
tests/test_phase103_6d73_prop511_pi14_13_eta13_group_identification_theorem_specific_classification.py,312,Assignment,entries,tuple((entry for entry in catalog.entries() if entry.rule.name in target_families)),candidate container
tests/test_phase103_6d73_prop511_pi14_13_eta13_group_identification_theorem_specific_classification.py,339,Assignment,entries,tuple((entry for entry in catalog.entries() if entry.rule.name in target_families)),candidate container
tests/test_phase103_6d73_prop511_pi14_13_eta13_group_identification_theorem_specific_classification.py,359,Assignment,entries,tuple(catalog.entries()),candidate container
tests/test_phase103_6d76_prop56_nu_prime_order_four_theorem_specific_classification.py,56,FunctionDef,test_phase103_6d76_classifies_prop56_nu_prime_order_four_as_theorem_specific,,declaration
tests/test_phase103_6d76_prop56_nu_prime_order_four_theorem_specific_classification.py,79,FunctionDef,test_phase103_6d76_target_factory_is_exactly_the_audited_singleton,,declaration
tests/test_phase103_6d76_prop56_nu_prime_order_four_theorem_specific_classification.py,105,FunctionDef,test_phase103_6d76_changes_only_target_factory_entries,,declaration
tests/test_phase103_6d76_prop56_nu_prime_order_four_theorem_specific_classification.py,64,Assignment,entries,families[PHASE103_6D76_TARGET_FAMILY],candidate container
tests/test_phase103_6d76_prop56_nu_prime_order_four_theorem_specific_classification.py,82,Assignment,entries,tuple((entry for entry in catalog.entries() if entry.rule.name == PHASE103_6D76_TARGET_FAMILY)),candidate container
tests/test_phase103_6d76_prop56_nu_prime_order_four_theorem_specific_classification.py,175,Assignment,entries,tuple((entry for entry in catalog.entries() if _inference_rule_factory_name(entry.rule) == PHASE103_6D76_TARGET_FACTORY)),candidate container
tests/test_phase103_6d76_prop56_nu_prime_order_four_theorem_specific_classification.py,258,Assignment,before_entries,tuple(before.entries()),candidate container
tests/test_phase103_6d76_prop56_nu_prime_order_four_theorem_specific_classification.py,261,Assignment,after_entries,tuple(after.entries()),candidate container
tests/test_phase103_6d76_prop56_nu_prime_order_four_theorem_specific_classification.py,318,Assignment,entries,tuple((entry for entry in catalog.entries() if entry.rule.name == 'Toda Proposition 5.11 pi_14^13 eta_13')),candidate container
tests/test_phase103_6d76_prop56_nu_prime_order_four_theorem_specific_classification.py,361,Assignment,entries,tuple(catalog.entries()),candidate container
tests/test_phase103_6d79_prop59_delta_eta11_theorem_specific_classification.py,56,FunctionDef,test_phase103_6d79_classifies_prop59_delta_eta11_as_theorem_specific,,declaration
tests/test_phase103_6d79_prop59_delta_eta11_theorem_specific_classification.py,79,FunctionDef,test_phase103_6d79_target_factory_is_exactly_the_audited_singleton,,declaration
tests/test_phase103_6d79_prop59_delta_eta11_theorem_specific_classification.py,105,FunctionDef,test_phase103_6d79_changes_only_target_factory_entry,,declaration
tests/test_phase103_6d79_prop59_delta_eta11_theorem_specific_classification.py,64,Assignment,entries,families[PHASE103_6D79_TARGET_FAMILY],candidate container
tests/test_phase103_6d79_prop59_delta_eta11_theorem_specific_classification.py,82,Assignment,entries,tuple((entry for entry in catalog.entries() if entry.rule.name == PHASE103_6D79_TARGET_FAMILY)),candidate container
tests/test_phase103_6d79_prop59_delta_eta11_theorem_specific_classification.py,175,Assignment,entries,tuple((entry for entry in catalog.entries() if _inference_rule_factory_name(entry.rule) == PHASE103_6D79_TARGET_FACTORY)),candidate container
tests/test_phase103_6d79_prop59_delta_eta11_theorem_specific_classification.py,258,Assignment,before_entries,tuple(before.entries()),candidate container
tests/test_phase103_6d79_prop59_delta_eta11_theorem_specific_classification.py,261,Assignment,after_entries,tuple(after.entries()),candidate container
tests/test_phase103_6d79_prop59_delta_eta11_theorem_specific_classification.py,319,Assignment,entries,tuple((entry for entry in catalog.entries() if entry.rule.name == 'Toda Proposition 5.6 nu-prime order four')),candidate container
tests/test_phase103_6d79_prop59_delta_eta11_theorem_specific_classification.py,364,Assignment,entries,tuple(catalog.entries()),candidate container
tests/test_phase103_6d82_prop59_delta_eta9_squared_theorem_specific_classification.py,56,FunctionDef,test_phase103_6d82_classifies_prop59_delta_eta9_squared_as_theorem_specific,,declaration
tests/test_phase103_6d82_prop59_delta_eta9_squared_theorem_specific_classification.py,79,FunctionDef,test_phase103_6d82_target_factory_is_exactly_the_audited_singleton,,declaration
tests/test_phase103_6d82_prop59_delta_eta9_squared_theorem_specific_classification.py,105,FunctionDef,test_phase103_6d82_changes_only_target_factory_entry,,declaration
tests/test_phase103_6d82_prop59_delta_eta9_squared_theorem_specific_classification.py,64,Assignment,entries,families[PHASE103_6D82_TARGET_FAMILY],candidate container
tests/test_phase103_6d82_prop59_delta_eta9_squared_theorem_specific_classification.py,82,Assignment,entries,tuple((entry for entry in catalog.entries() if entry.rule.name == PHASE103_6D82_TARGET_FAMILY)),candidate container
tests/test_phase103_6d82_prop59_delta_eta9_squared_theorem_specific_classification.py,175,Assignment,entries,tuple((entry for entry in catalog.entries() if _inference_rule_factory_name(entry.rule) == PHASE103_6D82_TARGET_FACTORY)),candidate container
tests/test_phase103_6d82_prop59_delta_eta9_squared_theorem_specific_classification.py,258,Assignment,before_entries,tuple(before.entries()),candidate container
tests/test_phase103_6d82_prop59_delta_eta9_squared_theorem_specific_classification.py,261,Assignment,after_entries,tuple(after.entries()),candidate container
tests/test_phase103_6d82_prop59_delta_eta9_squared_theorem_specific_classification.py,319,Assignment,entries,tuple((entry for entry in catalog.entries() if entry.rule.name == 'Toda Proposition 5.9 Delta eta_11')),candidate container
tests/test_phase103_6d82_prop59_delta_eta9_squared_theorem_specific_classification.py,364,Assignment,entries,tuple(catalog.entries()),candidate container
tests/test_phase103_6d85_prop59_e_nu4_eta7_squared_bridge_theorem_specific_classification.py,56,FunctionDef,test_phase103_6d85_classifies_prop59_e_nu4_eta7_squared_bridge_as_theorem_specific,,declaration
tests/test_phase103_6d85_prop59_e_nu4_eta7_squared_bridge_theorem_specific_classification.py,79,FunctionDef,test_phase103_6d85_target_factory_is_exactly_the_audited_singleton,,declaration
tests/test_phase103_6d85_prop59_e_nu4_eta7_squared_bridge_theorem_specific_classification.py,105,FunctionDef,test_phase103_6d85_changes_only_target_factory_entry,,declaration
tests/test_phase103_6d85_prop59_e_nu4_eta7_squared_bridge_theorem_specific_classification.py,64,Assignment,entries,families[PHASE103_6D85_TARGET_FAMILY],candidate container
tests/test_phase103_6d85_prop59_e_nu4_eta7_squared_bridge_theorem_specific_classification.py,82,Assignment,entries,tuple((entry for entry in catalog.entries() if entry.rule.name == PHASE103_6D85_TARGET_FAMILY)),candidate container
tests/test_phase103_6d85_prop59_e_nu4_eta7_squared_bridge_theorem_specific_classification.py,175,Assignment,entries,tuple((entry for entry in catalog.entries() if _inference_rule_factory_name(entry.rule) == PHASE103_6D85_TARGET_FACTORY)),candidate container
tests/test_phase103_6d85_prop59_e_nu4_eta7_squared_bridge_theorem_specific_classification.py,258,Assignment,before_entries,tuple(before.entries()),candidate container
tests/test_phase103_6d85_prop59_e_nu4_eta7_squared_bridge_theorem_specific_classification.py,261,Assignment,after_entries,tuple(after.entries()),candidate container
tests/test_phase103_6d85_prop59_e_nu4_eta7_squared_bridge_theorem_specific_classification.py,319,Assignment,entries,tuple((entry for entry in catalog.entries() if entry.rule.name == 'Toda Proposition 5.9 Delta eta_9 squared')),candidate container
tests/test_phase103_6d85_prop59_e_nu4_eta7_squared_bridge_theorem_specific_classification.py,364,Assignment,entries,tuple(catalog.entries()),candidate container
tests/test_phase103_6d88_prop59_e_nu5_eta8_squared_zero_theorem_specific_classification.py,56,FunctionDef,test_phase103_6d88_classifies_prop59_e_nu5_eta8_squared_zero_as_theorem_specific,,declaration
tests/test_phase103_6d88_prop59_e_nu5_eta8_squared_zero_theorem_specific_classification.py,79,FunctionDef,test_phase103_6d88_target_factory_is_exactly_the_audited_singleton,,declaration
tests/test_phase103_6d88_prop59_e_nu5_eta8_squared_zero_theorem_specific_classification.py,105,FunctionDef,test_phase103_6d88_changes_only_target_factory_entry,,declaration
tests/test_phase103_6d88_prop59_e_nu5_eta8_squared_zero_theorem_specific_classification.py,64,Assignment,entries,families[PHASE103_6D88_TARGET_FAMILY],candidate container
tests/test_phase103_6d88_prop59_e_nu5_eta8_squared_zero_theorem_specific_classification.py,82,Assignment,entries,tuple((entry for entry in catalog.entries() if entry.rule.name == PHASE103_6D88_TARGET_FAMILY)),candidate container
tests/test_phase103_6d88_prop59_e_nu5_eta8_squared_zero_theorem_specific_classification.py,175,Assignment,entries,tuple((entry for entry in catalog.entries() if _inference_rule_factory_name(entry.rule) == PHASE103_6D88_TARGET_FACTORY)),candidate container
tests/test_phase103_6d88_prop59_e_nu5_eta8_squared_zero_theorem_specific_classification.py,258,Assignment,before_entries,tuple(before.entries()),candidate container
tests/test_phase103_6d88_prop59_e_nu5_eta8_squared_zero_theorem_specific_classification.py,261,Assignment,after_entries,tuple(after.entries()),candidate container
tests/test_phase103_6d88_prop59_e_nu5_eta8_squared_zero_theorem_specific_classification.py,319,Assignment,entries,tuple((entry for entry in catalog.entries() if entry.rule.name == 'Toda Proposition 5.9 E nu_4 eta_7 squared bridge')),candidate container
tests/test_phase103_6d88_prop59_e_nu5_eta8_squared_zero_theorem_specific_classification.py,364,Assignment,entries,tuple(catalog.entries()),candidate container
tests/test_phase103_6d8_first_wave_classification.py,120,Assignment,affected_entries,tuple((entry for name in EXPECTED_FIRST_WAVE for entry in families[name])),candidate container
tests/test_phase103_6d8_first_wave_classification.py,182,Assignment,entries,catalog.entries(),candidate container
tests/test_phase103_6d8_first_wave_classification.py,96,Assignment,entries,families[name],candidate container
tests/test_phase103_6d8_first_wave_classification.py,155,Assignment,entries,families[name],candidate container
tests/test_phase103_6d91_prop59_pi7_2_suspension_zero_theorem_specific_classification.py,56,FunctionDef,test_phase103_6d91_classifies_prop59_pi7_2_suspension_zero_as_theorem_specific,,declaration
tests/test_phase103_6d91_prop59_pi7_2_suspension_zero_theorem_specific_classification.py,79,FunctionDef,test_phase103_6d91_target_factory_is_exactly_the_audited_singleton,,declaration
tests/test_phase103_6d91_prop59_pi7_2_suspension_zero_theorem_specific_classification.py,105,FunctionDef,test_phase103_6d91_changes_only_target_factory_entry,,declaration
tests/test_phase103_6d91_prop59_pi7_2_suspension_zero_theorem_specific_classification.py,64,Assignment,entries,families[PHASE103_6D91_TARGET_FAMILY],candidate container
tests/test_phase103_6d91_prop59_pi7_2_suspension_zero_theorem_specific_classification.py,82,Assignment,entries,tuple((entry for entry in catalog.entries() if entry.rule.name == PHASE103_6D91_TARGET_FAMILY)),candidate container
tests/test_phase103_6d91_prop59_pi7_2_suspension_zero_theorem_specific_classification.py,175,Assignment,entries,tuple((entry for entry in catalog.entries() if _inference_rule_factory_name(entry.rule) == PHASE103_6D91_TARGET_FACTORY)),candidate container
tests/test_phase103_6d91_prop59_pi7_2_suspension_zero_theorem_specific_classification.py,258,Assignment,before_entries,tuple(before.entries()),candidate container
tests/test_phase103_6d91_prop59_pi7_2_suspension_zero_theorem_specific_classification.py,261,Assignment,after_entries,tuple(after.entries()),candidate container
tests/test_phase103_6d91_prop59_pi7_2_suspension_zero_theorem_specific_classification.py,319,Assignment,entries,tuple((entry for entry in catalog.entries() if entry.rule.name == 'Toda Proposition 5.9 E nu_5 eta_8 squared zero')),candidate container
tests/test_phase103_6d91_prop59_pi7_2_suspension_zero_theorem_specific_classification.py,364,Assignment,entries,tuple(catalog.entries()),candidate container
tests/test_phase103_6d94_paired_symbolic_eta_family_generator_bridge_classification.py,88,FunctionDef,test_phase103_6d94_target_factories_are_exactly_the_audited_pair,,declaration
tests/test_phase103_6d94_paired_symbolic_eta_family_generator_bridge_classification.py,114,FunctionDef,test_phase103_6d94_changes_only_the_two_target_factories,,declaration
tests/test_phase103_6d94_paired_symbolic_eta_family_generator_bridge_classification.py,329,FunctionDef,test_phase103_6d94_preserves_theorem_specific_count,,declaration
tests/test_phase103_6d94_paired_symbolic_eta_family_generator_bridge_classification.py,91,Assignment,entries,tuple((entry for entry in catalog.entries() if _inference_rule_factory_name(entry.rule) in PHASE103_6D94_TARGET_FACTORIES)),candidate container
tests/test_phase103_6d94_paired_symbolic_eta_family_generator_bridge_classification.py,271,Assignment,before_entries,tuple(before.entries()),candidate container
tests/test_phase103_6d94_paired_symbolic_eta_family_generator_bridge_classification.py,274,Assignment,after_entries,tuple(after.entries()),candidate container
tests/test_phase103_6d94_paired_symbolic_eta_family_generator_bridge_classification.py,377,Assignment,entries,tuple(catalog.entries()),candidate container
tests/test_phase103_6d94_paired_symbolic_eta_family_generator_bridge_classification.py,73,Assignment,entries,families[family_name],candidate container
tests/test_phase103_6d94_paired_symbolic_eta_family_generator_bridge_classification.py,188,Assignment,entries,tuple((entry for entry in catalog.entries() if _inference_rule_factory_name(entry.rule) == factory_name)),candidate container
tests/test_phase103_6d98_toda53_eta3_twice_zero_theorem_specific_classification.py,56,FunctionDef,test_phase103_6d98_classifies_toda53_eta3_twice_zero_as_theorem_specific,,declaration
tests/test_phase103_6d98_toda53_eta3_twice_zero_theorem_specific_classification.py,82,FunctionDef,test_phase103_6d98_target_factory_is_exactly_the_audited_factory,,declaration
tests/test_phase103_6d98_toda53_eta3_twice_zero_theorem_specific_classification.py,108,FunctionDef,test_phase103_6d98_changes_only_target_factory,,declaration
tests/test_phase103_6d98_toda53_eta3_twice_zero_theorem_specific_classification.py,67,Assignment,entries,families[PHASE103_6D98_TARGET_FAMILY],candidate container
tests/test_phase103_6d98_toda53_eta3_twice_zero_theorem_specific_classification.py,85,Assignment,entries,tuple((entry for entry in catalog.entries() if _inference_rule_factory_name(entry.rule) == PHASE103_6D98_TARGET_FACTORY)),candidate container
tests/test_phase103_6d98_toda53_eta3_twice_zero_theorem_specific_classification.py,184,Assignment,target_entries,tuple((entry for entry in catalog.entries() if _inference_rule_factory_name(entry.rule) == PHASE103_6D98_TARGET_FACTORY)),candidate container
tests/test_phase103_6d98_toda53_eta3_twice_zero_theorem_specific_classification.py,300,Assignment,before_entries,tuple(before.entries()),candidate container
tests/test_phase103_6d98_toda53_eta3_twice_zero_theorem_specific_classification.py,304,Assignment,after_entries,tuple(after.entries()),candidate container
tests/test_phase103_6d98_toda53_eta3_twice_zero_theorem_specific_classification.py,399,Assignment,entries,tuple(catalog.entries()),candidate container
tests/test_phase103_compact_detailed_renderer.py,11,FunctionDef,test_phase103_6c5_compact_renderer_keeps_summary_and_rule_families,,declaration
tests/test_phase103_generator_applicability_renderer.py,25,Call,catalog.register,,candidate registration (not unique)
tests/test_phase103_generator_specific_facade.py,46,Call,catalog.register,,candidate registration (not unique)
tests/test_phase103_grouped_applicability_presentation.py,457,FunctionDef,test_phase103_6c1_rule_group_count_is_grouped_not_raw_count,,declaration
tests/test_phase103_grouped_applicability_presentation.py,73,Assignment,repository,ProofRepository(),candidate container
tests/test_phase103_grouped_applicability_presentation.py,68,Call,ProofRepositoryEntry,key='phase103.grouped.root'; step=root_step,candidate registration (not unique)
tests/test_phase103_grouped_applicability_presentation.py,74,Call,repository.register,,candidate registration (not unique)
tests/test_phase103_grouped_applicability_renderer.py,56,FunctionDef,test_phase103_6c1_renderer_groups_same_rule_but_keeps_premise_matches,,declaration
tests/test_phase103_indexed_applicability_search.py,27,ClassDef,Phase103IndexedStatement,,declaration
tests/test_phase103_indexed_applicability_search.py,32,ClassDef,Phase103IndexedDerivedStatement,,declaration
tests/test_phase103_indexed_applicability_search.py,39,ClassDef,Phase103IndexedOtherStatement,,declaration
tests/test_phase103_indexed_applicability_search.py,43,FunctionDef,register_rule,,declaration
tests/test_phase103_indexed_applicability_search.py,58,Call,catalog.register,,candidate registration (not unique)
tests/test_phase103_indexed_applicability_search.py,83,Call,register_rule,"key='phase103.index.wildcard'; patterns=(PremisePattern(),)",candidate registration (not unique)
tests/test_phase103_indexed_applicability_search.py,91,Call,register_rule,"key='phase103.index.statement'; patterns=(PremisePattern(statement_type=Phase103IndexedStatement),)",candidate registration (not unique)
tests/test_phase103_indexed_applicability_search.py,103,Call,register_rule,"key='phase103.index.other'; patterns=(PremisePattern(statement_type=Phase103IndexedOtherStatement),)",candidate registration (not unique)
tests/test_phase103_indexed_applicability_search.py,115,Call,register_rule,"key='phase103.index.proof-rule'; patterns=(PremisePattern(proof_rule=ProofRule.GIVEN, statement_type=Phase103IndexedStatement), PremisePattern(proof_rule=ProofRul",candidate registration (not unique)
tests/test_phase103_indexed_applicability_search.py,134,Call,register_rule,"key='phase103.index.relation'; patterns=(PremisePattern(statement_type=Relation, relation_type=RelationType.EQUALITY), PremisePattern(statement_type=Relation, r",candidate registration (not unique)
tests/test_phase103_indexed_applicability_search.py,271,Call,register_rule,"key='phase103.index.base'; patterns=(PremisePattern(statement_type=Phase103IndexedStatement),)",candidate registration (not unique)
tests/test_phase103_indexed_applicability_search.py,322,Call,register_rule,"key='phase103.index.matching'; patterns=(PremisePattern(statement_type=Phase103IndexedStatement),)",candidate registration (not unique)
tests/test_phase103_indexed_applicability_search.py,354,Call,register_rule,"key=f'phase103.index.unrelated.{index_number}'; patterns=(PremisePattern(statement_type=statement_type),)",candidate registration (not unique)
tests/test_phase103_indexed_production_equivalence.py,33,Assignment,repository,build_standard_production_proof_repository(),candidate container
tests/test_phase103_minimal_applicability_candidate.py,22,ClassDef,Phase103ExampleStatement,,declaration
tests/test_phase103_minimal_applicability_candidate.py,27,ClassDef,Phase103OtherStatement,,declaration
tests/test_phase103_minimal_applicability_candidate.py,154,FunctionDef,test_phase103_2_candidate_exposes_derived_rule_statement_and_safety,,declaration
tests/test_phase103_minimal_applicability_candidate.py,227,FunctionDef,test_phase103_2_candidate_does_not_require_fixed_point_safe_rule,,declaration
tests/test_phase103_premise_pattern_compatibility_search.py,25,ClassDef,Phase103SearchStatement,,declaration
tests/test_phase103_premise_pattern_compatibility_search.py,30,ClassDef,Phase103OtherStatement,,declaration
tests/test_phase103_premise_pattern_compatibility_search.py,443,FunctionDef,test_phase103_3_excludes_non_matching_statement_type,,declaration
tests/test_phase103_premise_pattern_compatibility_search.py,478,FunctionDef,test_phase103_3_excludes_non_matching_proof_rule,,declaration
tests/test_phase103_premise_pattern_compatibility_search.py,622,FunctionDef,test_phase103_3_search_does_not_execute_rule,,declaration
tests/test_phase103_premise_pattern_compatibility_search.py,72,Call,catalog.register,,candidate registration (not unique)
tests/test_phase103_premise_pattern_compatibility_search.py,147,Call,catalog.register,,candidate registration (not unique)
tests/test_phase103_premise_pattern_compatibility_search.py,219,Call,catalog.register,,candidate registration (not unique)
tests/test_phase103_premise_pattern_compatibility_search.py,276,Call,catalog.register,,candidate registration (not unique)
tests/test_phase103_premise_pattern_compatibility_search.py,280,Call,catalog.register,,candidate registration (not unique)
tests/test_phase103_premise_pattern_compatibility_search.py,340,Call,catalog.register,,candidate registration (not unique)
tests/test_phase103_premise_pattern_compatibility_search.py,344,Call,catalog.register,,candidate registration (not unique)
tests/test_phase103_premise_pattern_compatibility_search.py,403,Call,catalog.register,,candidate registration (not unique)
tests/test_phase103_premise_pattern_compatibility_search.py,446,Call,catalog.register,,candidate registration (not unique)
tests/test_phase103_premise_pattern_compatibility_search.py,481,Call,catalog.register,,candidate registration (not unique)
tests/test_phase103_premise_pattern_compatibility_search.py,535,Call,catalog.register,,candidate registration (not unique)
tests/test_phase103_premise_pattern_compatibility_search.py,596,Call,catalog.register,,candidate registration (not unique)
tests/test_phase103_premise_pattern_compatibility_search.py,654,Call,catalog.register,,candidate registration (not unique)
tests/test_phase103_premise_pattern_compatibility_search.py,694,Call,catalog.register,,candidate registration (not unique)
tests/test_phase103_production_proof_scope_integration.py,35,ClassDef,Phase103ScopeStatement,,declaration
tests/test_phase103_production_proof_scope_integration.py,520,FunctionDef,test_phase103_4_search_does_not_mutate_repository_or_catalog,,declaration
tests/test_phase103_production_proof_scope_integration.py,119,Assignment,repository,ProofRepository(),candidate container
tests/test_phase103_production_proof_scope_integration.py,178,Assignment,repository,ProofRepository(),candidate container
tests/test_phase103_production_proof_scope_integration.py,266,Assignment,repository,ProofRepository(),candidate container
tests/test_phase103_production_proof_scope_integration.py,332,Assignment,repository,ProofRepository(),candidate container
tests/test_phase103_production_proof_scope_integration.py,388,Assignment,repository,ProofRepository(),candidate container
tests/test_phase103_production_proof_scope_integration.py,430,Assignment,repository,ProofRepository(),candidate container
tests/test_phase103_production_proof_scope_integration.py,462,Assignment,repository,build_standard_production_proof_repository(),candidate container
tests/test_phase103_production_proof_scope_integration.py,521,Assignment,repository,ProofRepository(),candidate container
tests/test_phase103_production_proof_scope_integration.py,539,Assignment,before_repository,repository.entries(),candidate container
tests/test_phase103_production_proof_scope_integration.py,556,Assignment,after_repository,repository.entries(),candidate container
tests/test_phase103_production_proof_scope_integration.py,602,Assignment,repository,ProofRepository(),candidate container
tests/test_phase103_production_proof_scope_integration.py,683,Assignment,repository,ProofRepository(),candidate container
tests/test_phase103_production_proof_scope_integration.py,736,Assignment,repository,ProofRepository(),candidate container
tests/test_phase103_production_proof_scope_integration.py,95,Call,catalog.register,,candidate registration (not unique)
tests/test_phase103_production_proof_scope_integration.py,120,Call,ProofRepositoryEntry,key='phase103.root'; step=root,candidate registration (not unique)
tests/test_phase103_production_proof_scope_integration.py,124,Call,repository.register,,candidate registration (not unique)
tests/test_phase103_production_proof_scope_integration.py,179,Call,ProofRepositoryEntry,key='phase103.root'; step=root,candidate registration (not unique)
tests/test_phase103_production_proof_scope_integration.py,183,Call,repository.register,,candidate registration (not unique)
tests/test_phase103_production_proof_scope_integration.py,267,Call,repository.register,,candidate registration (not unique)
tests/test_phase103_production_proof_scope_integration.py,322,Call,ProofRepositoryEntry,key='phase103.first'; step=first_root,candidate registration (not unique)
tests/test_phase103_production_proof_scope_integration.py,327,Call,ProofRepositoryEntry,key='phase103.second'; step=second_root,candidate registration (not unique)
tests/test_phase103_production_proof_scope_integration.py,333,Call,repository.register,,candidate registration (not unique)
tests/test_phase103_production_proof_scope_integration.py,336,Call,repository.register,,candidate registration (not unique)
tests/test_phase103_production_proof_scope_integration.py,389,Call,repository.register,,candidate registration (not unique)
tests/test_phase103_production_proof_scope_integration.py,431,Call,repository.register,,candidate registration (not unique)
tests/test_phase103_production_proof_scope_integration.py,484,Call,catalog.register,,candidate registration (not unique)
tests/test_phase103_production_proof_scope_integration.py,522,Call,repository.register,,candidate registration (not unique)
tests/test_phase103_production_proof_scope_integration.py,604,Call,ProofRepositoryEntry,key='phase103.wrapper'; step=first_step,candidate registration (not unique)
tests/test_phase103_production_proof_scope_integration.py,609,Call,repository.register,,candidate registration (not unique)
tests/test_phase103_production_proof_scope_integration.py,685,Call,ProofRepositoryEntry,key='phase103.wrapper.invalid'; step=make_step('known'),candidate registration (not unique)
tests/test_phase103_production_proof_scope_integration.py,692,Call,repository.register,,candidate registration (not unique)
tests/test_phase103_production_proof_scope_integration.py,737,Call,repository.register,,candidate registration (not unique)
tests/test_phase103_production_proof_scope_integration.py,268,Call,ProofRepositoryEntry,key='phase103.order'; step=root,candidate registration (not unique)
tests/test_phase103_production_proof_scope_integration.py,390,Call,ProofRepositoryEntry,key='phase103.unsafe'; step=make_step('known'),candidate registration (not unique)
tests/test_phase103_production_proof_scope_integration.py,432,Call,ProofRepositoryEntry,"key='phase103.unrelated'; step=ProofStep(conclusion='unrelated', premises=(), rule=ProofRule.GIVEN)",candidate registration (not unique)
tests/test_phase103_production_proof_scope_integration.py,523,Call,ProofRepositoryEntry,key='phase103.read-only'; step=make_step('known'),candidate registration (not unique)
tests/test_phase103_production_proof_scope_integration.py,738,Call,ProofRepositoryEntry,key='phase103.invalid-catalog'; step=make_step('known'),candidate registration (not unique)
tests/test_phase103_rule_family_grouped_presentation.py,23,FunctionDef,test_phase103_6c3_same_rule_name_forms_one_family_within_source,,declaration
tests/test_phase103_rule_family_grouped_presentation.py,274,FunctionDef,test_phase103_6c3_rule_family_count_is_separate_from_rule_group_count,,declaration
tests/test_phase103_rule_family_grouped_renderer.py,93,FunctionDef,test_phase103_6c3_renderer_prints_rule_family_name_once_per_source,,declaration
tests/test_phase103_rule_family_grouped_renderer.py,175,FunctionDef,test_phase103_6c3_renderer_reports_rule_family_count,,declaration
tests/test_phase103_standard_applicability_catalog.py,22,FunctionDef,test_phase103_6_standard_catalog_contains_only_production_inference_rules,,declaration
tests/test_phase103_standard_applicability_catalog.py,56,FunctionDef,test_phase103_6_standard_catalog_deduplicates_rule_identity,,declaration
tests/test_phase103_standard_applicability_catalog.py,23,Assignment,repository,build_standard_production_proof_repository(),candidate container
tests/test_phase104_3c_source_scoped_rule_family_selection.py,58,FunctionDef,test_phase104_3c_same_rule_name_on_other_source_is_not_selected,,declaration
tests/test_phase104_3c_source_scoped_rule_family_selection.py,255,FunctionDef,test_phase104_3c_requires_rule_name_string,,declaration
tests/test_phase104_3c_source_scoped_rule_family_selection.py,273,FunctionDef,test_phase104_3c_rejects_empty_rule_name,,declaration
tests/test_phase104_4f_candidate_handoff_validation.py,76,FunctionDef,test_phase104_4f_ready_uses_same_rule_identity_safe_goal_compatible_entry,,declaration
tests/test_phase104_4f_candidate_handoff_validation.py,110,FunctionDef,test_phase104_4f_same_rule_name_different_identity_is_not_execution_rule,,declaration
tests/test_phase104_4f_candidate_handoff_validation.py,147,FunctionDef,test_phase104_4f_same_rule_without_safe_entry_reports_not_fixed_point_safe,,declaration
tests/test_phase104_4f_candidate_handoff_validation.py,173,FunctionDef,test_phase104_4f_safe_same_rule_wrong_goal_type_is_goal_incompatible,,declaration
tests/test_phase104_4f_candidate_handoff_validation.py,200,FunctionDef,test_phase104_4f_safe_same_rule_false_goal_guard_is_goal_incompatible,,declaration
tests/test_phase104_4f_candidate_handoff_validation.py,308,FunctionDef,test_phase104_4f_same_rule_invalid_goal_guard_preserves_existing_type_error,,declaration
tests/test_phase104_4f_candidate_handoff_validation.py,91,Call,catalog.register,,candidate registration (not unique)
tests/test_phase104_4f_candidate_handoff_validation.py,124,Call,catalog.register,,candidate registration (not unique)
tests/test_phase104_4f_candidate_handoff_validation.py,151,Call,catalog.register,,candidate registration (not unique)
tests/test_phase104_4f_candidate_handoff_validation.py,177,Call,catalog.register,,candidate registration (not unique)
tests/test_phase104_4f_candidate_handoff_validation.py,204,Call,catalog.register,,candidate registration (not unique)
tests/test_phase104_4f_candidate_handoff_validation.py,244,Call,catalog.register,,candidate registration (not unique)
tests/test_phase104_4f_candidate_handoff_validation.py,247,Call,catalog.register,,candidate registration (not unique)
tests/test_phase104_4f_candidate_handoff_validation.py,273,Call,catalog.register,,candidate registration (not unique)
tests/test_phase104_4f_candidate_handoff_validation.py,290,Call,catalog.register,,candidate registration (not unique)
tests/test_phase104_4f_candidate_handoff_validation.py,312,Call,catalog.register,,candidate registration (not unique)
tests/test_phase104_4i_explicit_final_rule_bounded_search_core.py,31,FunctionDef,_build_ambiguous_final_rule_fixture,,declaration
tests/test_phase104_4i_explicit_final_rule_bounded_search_core.py,89,FunctionDef,test_phase104_4i_legacy_selection_preserves_final_rule_ambiguity,,declaration
tests/test_phase104_4i_explicit_final_rule_bounded_search_core.py,109,FunctionDef,test_phase104_4i_explicit_selection_uses_requested_final_rule_identity,,declaration
tests/test_phase104_4i_explicit_final_rule_bounded_search_core.py,141,FunctionDef,test_phase104_4i_complete_final_rule_requires_no_producer_nodes,,declaration
tests/test_phase104_4i_explicit_final_rule_bounded_search_core.py,169,FunctionDef,test_phase104_4i_legacy_diagnostic_preserves_ambiguous_final_rule,,declaration
tests/test_phase104_4i_explicit_final_rule_bounded_search_core.py,202,FunctionDef,test_phase104_4i_explicit_diagnostic_does_not_reselect_final_rule,,declaration
tests/test_phase104_4i_explicit_final_rule_bounded_search_core.py,225,FunctionDef,test_phase104_4i_legacy_report_preserves_ambiguous_final_rule,,declaration
tests/test_phase104_4i_explicit_final_rule_bounded_search_core.py,250,FunctionDef,test_phase104_4i_explicit_report_preserves_requested_final_rule_identity,,declaration
tests/test_phase104_4i_explicit_final_rule_bounded_search_core.py,288,FunctionDef,test_phase104_4i_explicit_cores_reject_non_inference_rule,,declaration
tests/test_phase104_4i_explicit_final_rule_bounded_search_core.py,71,Call,catalog.register,,candidate registration (not unique)
tests/test_phase104_4i_explicit_final_rule_bounded_search_core.py,74,Call,catalog.register,,candidate registration (not unique)
tests/test_phase104_4k_ready_handoff_search_report_adapter.py,229,FunctionDef,test_phase104_4k_ready_adapter_uses_validated_final_rule_identity,,declaration
tests/test_phase104_4k_ready_handoff_search_report_adapter.py,258,FunctionDef,test_phase104_4k_ready_adapter_does_not_reselect_competing_final_rule,,declaration
tests/test_phase104_4k_ready_handoff_search_report_adapter.py,378,FunctionDef,test_phase104_4k_wrapper_rejects_search_result_final_rule_drift,,declaration
tests/test_phase104_4k_ready_handoff_search_report_adapter.py,71,Assignment,repository,ProofRepository(),candidate container
tests/test_phase104_4k_ready_handoff_search_report_adapter.py,66,Call,ProofRepositoryEntry,key='phase104.4k.root'; step=source_step,candidate registration (not unique)
tests/test_phase104_4k_ready_handoff_search_report_adapter.py,72,Call,repository.register,,candidate registration (not unique)
tests/test_phase104_4k_ready_handoff_search_report_adapter.py,145,Call,execution_catalog.register,,candidate registration (not unique)
tests/test_phase104_4k_ready_handoff_search_report_adapter.py,162,Call,execution_catalog.register,,candidate registration (not unique)
tests/test_phase104_4k_ready_handoff_search_report_adapter.py,188,Call,repository.register,,candidate registration (not unique)
tests/test_phase104_4k_ready_handoff_search_report_adapter.py,189,Call,ProofRepositoryEntry,key='phase104.4k.goal'; step=goal_step,candidate registration (not unique)
tests/test_phase104_4m_ready_search_report_execution_adapter.py,271,FunctionDef,test_phase104_4m_executes_selected_producer_path_and_final_rule,,declaration
tests/test_phase104_4m_ready_search_report_execution_adapter.py,316,FunctionDef,test_phase104_4m_goal_already_available_executes_no_rule,,declaration
tests/test_phase104_4m_ready_search_report_execution_adapter.py,86,Assignment,repository,ProofRepository(),candidate container
tests/test_phase104_4m_ready_search_report_execution_adapter.py,296,Assignment,repository_result,result.execution_result.repository_inference_result,candidate container
tests/test_phase104_4m_ready_search_report_execution_adapter.py,337,Assignment,repository_result,result.execution_result.repository_inference_result,candidate container
tests/test_phase104_4m_ready_search_report_execution_adapter.py,81,Call,ProofRepositoryEntry,key='phase104.4m.root'; step=source_step,candidate registration (not unique)
tests/test_phase104_4m_ready_search_report_execution_adapter.py,87,Call,repository.register,,candidate registration (not unique)
tests/test_phase104_4m_ready_search_report_execution_adapter.py,169,Call,execution_catalog.register,,candidate registration (not unique)
tests/test_phase104_4m_ready_search_report_execution_adapter.py,183,Call,execution_catalog.register,,candidate registration (not unique)
tests/test_phase104_4m_ready_search_report_execution_adapter.py,204,Call,repository.register,,candidate registration (not unique)
tests/test_phase104_4m_ready_search_report_execution_adapter.py,205,Call,ProofRepositoryEntry,key='phase104.4m.goal'; step=goal_step,candidate registration (not unique)
tests/test_phase104_4o_end_to_end_provenance_regression.py,13,FunctionDef,test_phase104_4o_preserves_final_rule_identity_end_to_end,,declaration
tests/test_phase104_4o_end_to_end_provenance_regression.py,56,Assignment,repository_result,result.execution_result.repository_inference_result,candidate container
tests/test_phase104_4o_end_to_end_provenance_regression.py,113,Assignment,repository_result,result.execution_result.repository_inference_result,candidate container
tests/test_phase104_4o_end_to_end_provenance_regression.py,220,Assignment,repository_result,result.execution_result.repository_inference_result,candidate container
tests/test_phase105_10_unique_qualified_candidate_orchestration_handoff.py,50,Assignment,repository,ProofRepository(),candidate container
tests/test_phase105_10_unique_qualified_candidate_orchestration_handoff.py,197,Assignment,repository_result,result.execution.execution.execution_result.repository_inference_result,candidate container
tests/test_phase105_10_unique_qualified_candidate_orchestration_handoff.py,51,Call,repository.register,,candidate registration (not unique)
tests/test_phase105_14_qualified_execution_family_grouping.py,152,FunctionDef,test_phase105_14_groups_equivalent_rule_clones_at_same_source,,declaration
tests/test_phase105_16_root_source_execution_family_selection.py,242,Call,ProofRepositoryEntry,"key='phase105.16.foreign.root'; step=ProofStep(conclusion='foreign root', premises=(), rule=ProofRule.GIVEN)",candidate registration (not unique)
tests/test_phase105_17_standard_qualified_execution_facade.py,271,Call,ProofRepositoryEntry,"key='phase105.17.foreign.root'; step=ProofStep(conclusion='foreign root', premises=(), rule=ProofRule.GIVEN)",candidate registration (not unique)
tests/test_phase105_5_minimal_production_execution_seed_adapter.py,256,FunctionDef,test_phase105_5_adapter_returns_temporary_repository,,declaration
tests/test_phase105_5_minimal_production_execution_seed_adapter.py,275,FunctionDef,test_phase105_5_seed_repository_contains_only_exact_candidate_source_step,,declaration
tests/test_phase105_5_minimal_production_execution_seed_adapter.py,342,FunctionDef,test_phase105_5_adapter_does_not_mutate_standard_production_repository,,declaration
tests/test_phase105_5_minimal_production_execution_seed_adapter.py,363,FunctionDef,test_phase105_5_execution_entry_preserves_discovered_rule_identity,,declaration
tests/test_phase105_5_minimal_production_execution_seed_adapter.py,452,FunctionDef,test_phase105_5_actual_execution_preserves_seed_and_rule_provenance,,declaration
tests/test_phase105_5_minimal_production_execution_seed_adapter.py,53,Assignment,production_repository,build_standard_production_proof_repository(),candidate container
tests/test_phase105_5_minimal_production_execution_seed_adapter.py,165,Assignment,seed_repository,build_repository_generator_applicability_execution_seed_repository(candidate),candidate container
tests/test_phase105_5_minimal_production_execution_seed_adapter.py,312,Assignment,entries,data['seed_repository'].entries(),candidate container
tests/test_phase105_5_minimal_production_execution_seed_adapter.py,345,Assignment,production_entries,data['production_repository'].entries(),candidate container
tests/test_phase105_5_minimal_production_execution_seed_adapter.py,428,Assignment,repository_result,data['execution_result'].execution_result.repository_inference_result,candidate container
tests/test_phase105_5_minimal_production_execution_seed_adapter.py,462,Assignment,repository_result,data['execution_result'].execution_result.repository_inference_result,candidate container
tests/test_phase105_5_minimal_production_execution_seed_adapter.py,135,Call,target_only_catalog.register,,candidate registration (not unique)
tests/test_phase105_5_minimal_production_execution_seed_adapter.py,191,Call,execution_catalog.register,,candidate registration (not unique)
tests/test_phase105_6_first_qualified_production_execution_entry_adapter.py,25,FunctionDef,test_phase105_6_execution_entry_preserves_discovery_rule_identity,,declaration
tests/test_phase105_6_first_qualified_production_execution_entry_adapter.py,248,Assignment,repository_result,result.execution_result.repository_inference_result,candidate container
tests/test_phase105_7_candidate_execution_orchestration.py,239,FunctionDef,test_phase105_7_orchestration_does_not_mutate_standard_repository,,declaration
tests/test_phase105_7_candidate_execution_orchestration.py,80,Assignment,entries,result.seed_repository.entries(),candidate container
tests/test_phase105_7_candidate_execution_orchestration.py,106,Assignment,entries,result.execution_catalog.entries(),candidate container
tests/test_phase105_7_candidate_execution_orchestration.py,168,Assignment,repository_result,result.execution.execution_result.repository_inference_result,candidate container
tests/test_phase105_7_candidate_execution_orchestration.py,242,Assignment,before_entries,data['production_repository'].entries(),candidate container
tests/test_phase105_9_qualified_applicability_candidate_filtering.py,35,FunctionDef,_wrap_candidate_with_rule,,declaration
tests/test_phase106_4_relevant_scope_prefilter_optimization.py,43,Call,catalog.register,,candidate registration (not unique)
tests/test_phase107_12_explicit_root_source_family_selection.py,235,Call,ProofRepositoryEntry,"key='phase107.12.foreign.root'; step=ProofStep(conclusion='foreign root', premises=(), rule=ProofRule.GIVEN)",candidate registration (not unique)
tests/test_phase107_16_multi_family_execution_dispatch.py,37,FunctionDef,test_phase107_16_second_execution_catalog_preserves_rule_identity,,declaration
tests/test_phase107_16_multi_family_execution_dispatch.py,57,Assignment,entries,catalog.entries(),candidate container
tests/test_phase107_16_multi_family_execution_dispatch.py,114,Assignment,repository_result,result.execution.execution_result.repository_inference_result,candidate container
tests/test_phase107_16_multi_family_execution_dispatch.py,278,Assignment,repository_result,execution.execution.execution_result.repository_inference_result,candidate container
tests/test_phase107_18_multi_family_standard_facade_integration.py,307,Assignment,repository_result,underlying.execution.execution_result.repository_inference_result,candidate container
tests/test_phase107_18_multi_family_standard_facade_integration.py,488,Call,ProofRepositoryEntry,"key='phase107.18.foreign.root'; step=ProofStep(conclusion='foreign root', premises=(), rule=ProofRule.GIVEN)",candidate registration (not unique)
tests/test_phase107_5_exact_production_application_premise_tuple_recovery.py,49,Assignment,repository,build_standard_production_proof_repository(),candidate container
tests/test_phase107_5_exact_production_application_premise_tuple_recovery.py,105,Call,catalog.register,,candidate registration (not unique)
tests/test_phase107_5_exact_production_application_premise_tuple_recovery.py,392,Call,ProofRepositoryEntry,key='phase107.5.ambiguous.root'; step=root_step,candidate registration (not unique)
tests/test_phase107_7_two_premise_execution_seed_adapter.py,222,FunctionDef,test_phase107_7_seed_adapter_does_not_mutate_standard_repository,,declaration
tests/test_phase107_7_two_premise_execution_seed_adapter.py,83,Assignment,seed_repository,build_repository_generator_production_application_execution_seed_repository(recovery),candidate container
tests/test_phase107_7_two_premise_execution_seed_adapter.py,94,Assignment,entries,seed_repository.entries(),candidate container
tests/test_phase107_7_two_premise_execution_seed_adapter.py,142,Assignment,seed_repository,build_repository_generator_production_application_execution_seed_repository(recovery),candidate container
tests/test_phase107_7_two_premise_execution_seed_adapter.py,197,Assignment,seed_repository,build_repository_generator_production_application_execution_seed_repository(recovery),candidate container
tests/test_phase107_7_two_premise_execution_seed_adapter.py,225,Assignment,before_entries,data['repository'].entries(),candidate container
tests/test_phase107_7_two_premise_execution_seed_adapter.py,244,Assignment,seed_repository,build_repository_generator_production_application_execution_seed_repository(recovery),candidate container
tests/test_phase107_7_two_premise_execution_seed_adapter.py,422,Assignment,seed_repository,build_repository_generator_production_application_execution_seed_repository(recovery),candidate container
tests/test_phase107_7_two_premise_execution_seed_adapter.py,428,Assignment,entries,seed_repository.entries(),candidate container
tests/test_phase107_7_two_premise_execution_seed_adapter.py,343,Call,ProofRepositoryEntry,key='phase107.7.ambiguous.root'; step=root_step,candidate registration (not unique)
tests/test_phase107_9_two_premise_handoff_bounded_search_integration.py,451,FunctionDef,test_phase107_9_integration_does_not_mutate_standard_repository,,declaration
tests/test_phase107_9_two_premise_handoff_bounded_search_integration.py,273,Assignment,repository_result,result.execution.execution_result.repository_inference_result,candidate container
tests/test_phase107_9_two_premise_handoff_bounded_search_integration.py,454,Assignment,before_entries,data['repository'].entries(),candidate container
tests/test_phase107_9_two_premise_handoff_bounded_search_integration.py,58,Call,execution_catalog.register,,candidate registration (not unique)
tests/test_phase108_5_minimal_user_facing_executable_target_resolver.py,165,FunctionDef,test_phase108_5_target_step_matches_representative_rule_and_source_premise,,declaration
tests/test_phase108_7_executed_target_final_proof_step_extraction.py,198,FunctionDef,test_phase108_7_final_proof_step_preserves_target_inference_rule_identity,,declaration
tests/test_phase108_7_executed_target_final_proof_step_extraction.py,258,FunctionDef,test_phase108_7_does_not_return_repository_target_step_identity,,declaration
tests/test_phase108_8_minimal_user_facing_result_proof_presentation.py,195,FunctionDef,test_phase108_8_rule_name_comes_from_final_inference_rule,,declaration
tests/test_phase109_10_existing_fact_known_group_identity_validation.py,45,FunctionDef,test_phase109_10_eta3_existing_ambient_fact_is_registered,,declaration
tests/test_phase109_10_existing_fact_known_group_identity_validation.py,118,FunctionDef,test_phase109_10_eta3_input_facade_matches_existing_generator_fact,,declaration
tests/test_phase109_10_existing_fact_known_group_identity_validation.py,138,FunctionDef,test_phase109_10_nu7_existing_ambient_fact_is_registered,,declaration
tests/test_phase109_10_existing_fact_known_group_identity_validation.py,211,FunctionDef,test_phase109_10_nu7_input_facade_matches_existing_generator_fact,,declaration
tests/test_phase109_12_nu5_proof_derived_ambient_fallback.py,27,FunctionDef,test_phase109_12_nu5_still_has_no_explicit_ambient_group_fact,,declaration
tests/test_phase109_12_nu5_proof_derived_ambient_fallback.py,155,FunctionDef,test_phase109_12_existing_nu_prime_explicit_fact_path_still_works,,declaration
tests/test_phase109_12_nu5_proof_derived_ambient_fallback.py,186,FunctionDef,test_phase109_12_existing_eta3_explicit_fact_path_still_works,,declaration
tests/test_phase109_12_nu5_proof_derived_ambient_fallback.py,213,FunctionDef,test_phase109_12_existing_nu7_explicit_fact_path_still_works,,declaration
tests/test_phase109_14_decorated_sigma_finite_cyclic_fallback.py,47,FunctionDef,test_phase109_14_decorated_sigma_generators_still_have_no_explicit_ambient_fact,,declaration
tests/test_phase109_16_sigma8_direct_sum_fallback.py,35,FunctionDef,test_phase109_16_sigma8_still_has_no_explicit_ambient_group_fact,,declaration
tests/test_phase109_18_sigma9_indexed_finite_cyclic_fallback.py,27,FunctionDef,test_phase109_18_sigma9_still_has_no_explicit_ambient_group_fact,,declaration
tests/test_phase109_20_sigma10_concrete_specialization.py,49,FunctionDef,test_phase109_20_sigma10_still_has_no_explicit_ambient_group_fact,,declaration
tests/test_phase109_22_generic_indexed_sigma_specialization.py,314,Assignment,repository,build_standard_production_proof_repository(),candidate container
tests/test_phase109_22_generic_indexed_sigma_specialization.py,344,Assignment,repository,build_standard_production_proof_repository(),candidate container
tests/test_phase109_24_generic_indexed_sigma_proof_scope_integration.py,315,FunctionDef,test_phase109_24_standard_repository_roots_remain_unchanged,,declaration
tests/test_phase109_24_generic_indexed_sigma_proof_scope_integration.py,198,Assignment,repository,build_standard_production_proof_repository(),candidate container
tests/test_phase109_24_generic_indexed_sigma_proof_scope_integration.py,316,Assignment,repository,build_standard_production_proof_repository(),candidate container
tests/test_phase109_31_known_group_replay_narrow_rendering.py,17,FunctionDef,_nu_prime_replay_statements,,declaration
tests/test_phase109_31_known_group_replay_narrow_rendering.py,30,FunctionDef,_single_statement,,declaration
tests/test_phase109_3_recursive_known_group_identity_lookup.py,285,FunctionDef,test_phase109_3_recursive_lookup_does_not_mutate_repository,,declaration
tests/test_phase109_3_recursive_known_group_identity_lookup.py,347,FunctionDef,test_phase109_3_missing_ambient_group_fact_without_fallback_returns_empty_tuple,,declaration
tests/test_phase109_3_recursive_known_group_identity_lookup.py,365,FunctionDef,test_phase109_3_lookup_rejects_non_repository,,declaration
tests/test_phase109_3_recursive_known_group_identity_lookup.py,44,Assignment,repository,build_standard_production_proof_repository(),candidate container
tests/test_phase109_3_recursive_known_group_identity_lookup.py,48,Assignment,initial_entries,repository.entries(),candidate container
tests/test_phase109_3_recursive_known_group_identity_lookup.py,59,Assignment,final_entries,repository.entries(),candidate container
tests/test_phase109_3_recursive_known_group_identity_lookup.py,258,Assignment,repository,ProofRepository(),candidate container
tests/test_phase109_3_recursive_known_group_identity_lookup.py,248,Call,ProofRepositoryEntry,key='phase109.3.first'; step=first_root_step,candidate registration (not unique)
tests/test_phase109_3_recursive_known_group_identity_lookup.py,253,Call,ProofRepositoryEntry,key='phase109.3.second'; step=second_root_step,candidate registration (not unique)
tests/test_phase109_3_recursive_known_group_identity_lookup.py,260,Call,repository.register,,candidate registration (not unique)
tests/test_phase109_3_recursive_known_group_identity_lookup.py,263,Call,repository.register,,candidate registration (not unique)
tests/test_phase109_7_user_facing_target_dedup_delta_rendering.py,103,FunctionDef,test_phase109_7_candidate_renderer_uses_human_readable_delta_statement,,declaration
tests/test_phase110_10_operation_query_proof_replay.py,36,FunctionDef,test_phase110_10_single_fact_replays_without_fact_number,,declaration
tests/test_phase110_10_operation_query_proof_replay.py,85,FunctionDef,test_phase110_10_multiple_facts_require_fact_number,,declaration
tests/test_phase110_10_operation_query_proof_replay.py,101,FunctionDef,test_phase110_10_fact_number_selects_presented_fact,,declaration
tests/test_phase110_10_operation_query_proof_replay.py,128,FunctionDef,test_phase110_10_fact_number_out_of_range_is_rejected,,declaration
tests/test_phase110_10_operation_query_proof_replay.py,197,FunctionDef,test_phase110_10_presentation_preserves_query_fact_conclusion,,declaration
tests/test_phase110_10_operation_query_proof_replay.py,230,FunctionDef,test_phase110_10_renderer_starts_from_query_fact_not_repository_root,,declaration
tests/test_phase110_10_operation_query_proof_replay_cli.py,8,FunctionDef,test_phase110_10_query_proof_single_fact_runs_without_fact,,declaration
tests/test_phase110_10_operation_query_proof_replay_cli.py,143,FunctionDef,test_phase110_10_query_proof_multiple_facts_lists_and_requires_fact,,declaration
tests/test_phase110_10_operation_query_proof_replay_cli.py,202,FunctionDef,test_phase110_10_query_proof_fact_is_forwarded,,declaration
tests/test_phase110_10_operation_query_proof_replay_cli.py,276,FunctionDef,test_phase110_10_query_proof_fact_zero_is_parser_error,,declaration
tests/test_phase110_10_operation_query_proof_replay_cli.py,314,FunctionDef,test_phase110_10_query_proof_help_documents_fact,,declaration
tests/test_phase110_12_operation_query_proof_replay_statement_presentation.py,63,FunctionDef,_first_statement_of_type,,declaration
tests/test_phase110_12_operation_query_proof_replay_statement_presentation.py,336,FunctionDef,test_phase110_12_statement_rendering_is_deterministic,,declaration
tests/test_phase110_5_minimal_operation_query_core.py,197,FunctionDef,test_phase110_5_delta_iota9_finds_existing_up_to_sign_statement,,declaration
tests/test_phase110_5_minimal_operation_query_core.py,305,FunctionDef,test_phase110_5_composition_query_finds_existing_proof_facts,,declaration
tests/test_phase110_5_minimal_operation_query_core.py,341,FunctionDef,test_phase110_5_unknown_fact_returns_normal_empty_result,,declaration
tests/test_phase110_8_operation_query_cli_integration.py,98,FunctionDef,test_phase110_8_query_cli_reports_no_directly_renderable_fact,,declaration
tests/test_phase110_8_operation_query_result_presentation.py,12,FunctionDef,test_phase110_8_h_nu_prime_deduplicates_to_two_mathematical_facts,,declaration
tests/test_phase110_8_operation_query_result_presentation.py,64,FunctionDef,test_phase110_8_h_nu_prime_prioritizes_shallower_fact,,declaration
tests/test_phase110_8_operation_query_result_presentation.py,96,FunctionDef,test_phase110_8_delta_iota9_deduplicates_to_two_facts,,declaration
tests/test_phase110_8_operation_query_result_presentation.py,129,FunctionDef,test_phase110_8_e_eta2_nu_prime_deduplicates_to_one_fact,,declaration
tests/test_phase110_8_operation_query_result_presentation.py,158,FunctionDef,test_phase110_8_composition_suppresses_unrenderable_container_statement,,declaration
tests/test_phase110_8_operation_query_result_presentation.py,200,FunctionDef,test_phase110_8_composition_deduplicates_renderable_statements,,declaration
tests/test_phase111_10_proof_replay_depth_cli.py,148,FunctionDef,test_phase111_10_query_proof_fact_and_depth_are_forwarded,,declaration
tests/test_phase111_12_deep_show_proof_safe_fallback.py,53,FunctionDef,test_phase111_12_depth_two_show_proof_keeps_renderable_statements,,declaration
tests/test_phase111_9_three_term_composition_query.py,52,FunctionDef,test_phase111_9_three_term_query_finds_existing_pi7_2_fact,,declaration
tests/test_phase111_9_three_term_composition_query.py,111,FunctionDef,test_phase111_9_three_term_query_renders_pi7_2_fact,,declaration
tests/test_phase113_sigma_group_query_integration.py,135,FunctionDef,test_phase113_explicit_empty_repository_does_not_invent_sigma_specialization,,declaration
tests/test_phase114_3_nu5_operation_query_handoff.py,181,FunctionDef,test_phase114_4_direct_e_fact_still_has_priority,,declaration
tests/test_phase114_3_nu5_operation_query_handoff.py,187,FunctionDef,test_phase114_4_direct_delta_fact_still_has_priority,,declaration
tests/test_phase114_3_nu5_operation_query_handoff.py,136,Assignment,repository,build_standard_production_proof_repository(),candidate container
tests/test_phase115_sigma11_operation_query_handoff.py,250,FunctionDef,test_phase115_4_existing_direct_fact_still_has_priority,,declaration
tests/test_phase115_sigma11_operation_query_handoff.py,196,Assignment,repository,build_standard_production_proof_repository(),candidate container
tests/test_phase118_4_depth_browser_usability.py,143,FunctionDef,test_phase118_4_multiple_facts_remain_explicit_at_depth_ui_boundary,,declaration
tests/test_phase118_web_app.py,16,FunctionDef,test_phase118_2_multiple_facts_are_all_exposed,,declaration
tests/test_phase118_web_app.py,49,FunctionDef,test_phase118_2_multiple_facts_do_not_select_one_fact,,declaration
tests/test_phase118_web_operation_query.py,6,FunctionDef,test_phase118_2_h_nu_prime_exposes_two_existing_facts,,declaration
tests/test_phase118_web_operation_query.py,47,FunctionDef,test_phase118_2_delta_iota9_exposes_multiple_facts_without_selection,,declaration
tests/test_phase118_web_operation_query_proof.py,8,FunctionDef,test_phase118_3_single_fact_replays_with_default_depth_one,,declaration
tests/test_phase118_web_operation_query_proof.py,51,FunctionDef,test_phase118_3_h_nu_prime_fact_two_is_selected,,declaration
tests/test_phase118_web_operation_query_proof.py,70,FunctionDef,test_phase118_3_h_nu_prime_fact_one_preserves_provenance,,declaration
tests/test_phase118_web_operation_query_proof.py,94,FunctionDef,test_phase118_3_replay_steps_use_existing_statement_presentation,,declaration
tests/test_phase118_web_operation_query_proof.py,140,FunctionDef,test_phase118_3_invalid_fact_number_is_rejected,,declaration
tests/test_phase118_web_operation_query_proof.py,153,FunctionDef,test_phase118_3_nonpositive_fact_number_is_rejected,,declaration
tests/test_phase121_4_web_generator_exploration.py,113,FunctionDef,test_phase121_4_occurrence_view_preserves_latex_roles_phase_and_theorem,,declaration
tests/test_phase123_5a_web_applicability_volume.py,16,FunctionDef,test_phase123_5a_nu_prime_limits_rendered_sources_and_rule_families,,declaration
tests/test_phase129_nu_prime_operation_query_handoff.py,240,FunctionDef,test_phase129_4_handoff_does_not_mutate_repository,,declaration
tests/test_phase129_nu_prime_operation_query_handoff.py,298,FunctionDef,test_phase129_4_guard_is_theorem_specific_to_e_nu_prime,,declaration
tests/test_phase129_nu_prime_operation_query_handoff.py,334,FunctionDef,test_phase129_4_existing_direct_e_composition_fact_still_has_priority,,declaration
tests/test_phase129_nu_prime_operation_query_handoff.py,47,Assignment,repository,build_standard_production_proof_repository(),candidate container
tests/test_phase129_nu_prime_operation_query_handoff.py,241,Assignment,repository,build_standard_production_proof_repository(),candidate container
tests/test_phase129_nu_prime_operation_query_handoff.py,335,Assignment,repository,build_standard_production_proof_repository(),candidate container
tests/test_phase129_nu_prime_operation_query_handoff.py,357,Assignment,repository,build_standard_production_proof_repository(),candidate container
tests/test_phase130_foundational_query_semantics.py,39,Assignment,repository,build_standard_production_proof_repository(),candidate container
tests/test_phase130_foundational_query_semantics.py,83,Assignment,repository,build_standard_production_proof_repository(),candidate container
tests/test_phase130_foundational_query_semantics.py,121,Assignment,repository,build_standard_production_proof_repository(),candidate container
tests/test_phase130_k456_specialization.py,387,FunctionDef,test_phase130_8_repository_roots_remain_unchanged,,declaration
tests/test_phase130_k456_specialization.py,22,Assignment,repository,build_standard_production_proof_repository(),candidate container
tests/test_phase130_k456_specialization.py,69,Assignment,repository,build_standard_production_proof_repository(),candidate container
tests/test_phase130_k456_specialization.py,102,Assignment,repository,build_standard_production_proof_repository(),candidate container
tests/test_phase130_k456_specialization.py,138,Assignment,repository,build_standard_production_proof_repository(),candidate container
tests/test_phase130_k456_specialization.py,168,Assignment,repository,build_standard_production_proof_repository(),candidate container
tests/test_phase130_k456_specialization.py,204,Assignment,repository,build_standard_production_proof_repository(),candidate container
tests/test_phase130_k456_specialization.py,231,Assignment,repository,build_standard_production_proof_repository(),candidate container
tests/test_phase130_k456_specialization.py,258,Assignment,repository,build_standard_production_proof_repository(),candidate container
tests/test_phase130_k456_specialization.py,329,Assignment,repository,build_standard_production_proof_repository(),candidate container
tests/test_phase130_k456_specialization.py,388,Assignment,repository,build_standard_production_proof_repository(),candidate container
tests/test_phase130_low_dimensional_standard_query.py,259,FunctionDef,test_phase130_4_custom_repository_does_not_gain_low_dimensional_fallback,,declaration
tests/test_phase130_low_dimensional_standard_query.py,22,Assignment,repository,build_standard_production_proof_repository(),candidate container
tests/test_phase130_low_dimensional_standard_query.py,77,Assignment,repository,build_standard_production_proof_repository(),candidate container
tests/test_phase130_low_dimensional_standard_query.py,136,Assignment,repository,build_standard_production_proof_repository(),candidate container
tests/test_phase130_low_dimensional_standard_query.py,198,Assignment,repository,build_standard_production_proof_repository(),candidate container
tests/test_phase130_low_dimensional_standard_query.py,269,Assignment,repository,ProofRepository(),candidate container
tests/test_phase130_low_dimensional_standard_query.py,299,Assignment,repository,build_standard_production_proof_repository(),candidate container
tests/test_phase130_low_dimensional_standard_query.py,271,Call,repository.register,,candidate registration (not unique)
tests/test_phase130_low_dimensional_standard_query.py,272,Call,ProofRepositoryEntry,"key='phase130.custom'; step=ProofStep(conclusion='custom-root', premises=(), rule=ProofRule.GIVEN)",candidate registration (not unique)
tests/test_phase130_sigma9_standard_query.py,234,FunctionDef,test_phase130_11_repository_roots_remain_unchanged,,declaration
tests/test_phase130_sigma9_standard_query.py,29,Assignment,repository,build_standard_production_proof_repository(),candidate container
tests/test_phase130_sigma9_standard_query.py,53,Assignment,repository,build_standard_production_proof_repository(),candidate container
tests/test_phase130_sigma9_standard_query.py,100,Assignment,repository,build_standard_production_proof_repository(),candidate container
tests/test_phase130_sigma9_standard_query.py,176,Assignment,repository,build_standard_production_proof_repository(),candidate container
tests/test_phase130_sigma9_standard_query.py,207,Assignment,repository,build_standard_production_proof_repository(),candidate container
tests/test_phase130_sigma9_standard_query.py,235,Assignment,repository,build_standard_production_proof_repository(),candidate container
tests/test_phase130_stable_group_specialization.py,429,FunctionDef,test_phase130_6_standard_repository_roots_remain_unchanged,,declaration
tests/test_phase130_stable_group_specialization.py,33,Assignment,repository,build_standard_production_proof_repository(),candidate container
tests/test_phase130_stable_group_specialization.py,96,Assignment,repository,build_standard_production_proof_repository(),candidate container
tests/test_phase130_stable_group_specialization.py,167,Assignment,repository,build_standard_production_proof_repository(),candidate container
tests/test_phase130_stable_group_specialization.py,230,Assignment,repository,build_standard_production_proof_repository(),candidate container
tests/test_phase130_stable_group_specialization.py,286,Assignment,repository,build_standard_production_proof_repository(),candidate container
tests/test_phase130_stable_group_specialization.py,371,Assignment,repository,build_standard_production_proof_repository(),candidate container
tests/test_phase130_stable_group_specialization.py,397,Assignment,repository,build_standard_production_proof_repository(),candidate container
tests/test_phase130_stable_group_specialization.py,430,Assignment,repository,build_standard_production_proof_repository(),candidate container
tests/test_phase131_3_group_result_proof_replay.py,94,Call,ProofRepositoryEntry,key='phase131.fixture.pi16_9'; step=root_step; phase='131-3'; theorem='Phase 131-3 group-result replay fixture',candidate registration (not unique)
tests/test_phase131_3_group_result_proof_replay.py,154,Call,ProofRepositoryEntry,key='phase131.fixture.pi9_2'; step=root_step; phase='131-3'; theorem='Phase 131-3 zero-group replay fixture',candidate registration (not unique)
tests/test_phase132_4_group_proof_presentation.py,285,FunctionDef,test_phase132_4_builder_does_not_mutate_replay_or_repository,,declaration
tests/test_phase132_4_group_proof_presentation.py,25,Assignment,repository,build_standard_production_proof_repository(),candidate container
tests/test_phase132_4_group_proof_presentation.py,286,Assignment,repository,build_standard_production_proof_repository(),candidate container
tests/test_phase132_4_group_proof_presentation.py,290,Assignment,before_entries,repository.entries(),candidate container
tests/test_phase132_5_group_proof_outline_renderer.py,162,FunctionDef,test_phase132_5_unrenderable_premises_use_rule_name_before_type_name,,declaration
tests/test_phase132_5_group_proof_outline_renderer.py,27,Assignment,repository,build_standard_production_proof_repository(),candidate container
tests/test_phase132_5_group_proof_outline_renderer.py,251,Assignment,repository,build_standard_production_proof_repository(),candidate container
tests/test_phase132_5_group_proof_outline_renderer.py,255,Assignment,before_entries,repository.entries(),candidate container
tests/test_phase132_6_group_proof_narrative_renderer.py,107,FunctionDef,test_phase132_6_sigma9_narrative_preserves_direct_premise_indexes_and_facts,,declaration
tests/test_phase132_6_group_proof_narrative_renderer.py,225,FunctionDef,test_phase132_6_depth_two_uses_nested_edges_before_parent_fact,,declaration
tests/test_phase132_6_group_proof_narrative_renderer.py,272,FunctionDef,test_phase132_6_sigma_family_statements_use_readable_labels,,declaration
tests/test_phase132_6_group_proof_narrative_renderer.py,28,Assignment,repository,build_standard_production_proof_repository(),candidate container
tests/test_phase132_6_group_proof_narrative_renderer.py,143,Assignment,direct_facts,tuple((_render_group_proof_narrative_fact(edge.premise_step) for edge in root_edges)),candidate container
tests/test_phase132_6_group_proof_narrative_renderer.py,332,Assignment,repository,build_standard_production_proof_repository(),candidate container
tests/test_phase132_6_group_proof_narrative_renderer.py,336,Assignment,before_entries,repository.entries(),candidate container
tests/test_phase132_8_group_proof_narrative_dedup.py,162,FunctionDef,test_phase132_8_repeated_shared_dependency_uses_existing_reference,,declaration
tests/test_phase132_8_group_proof_narrative_dedup.py,278,FunctionDef,test_phase132_8_depth_one_also_references_shared_direct_dependency,,declaration
tests/test_phase132_8_group_proof_narrative_dedup.py,30,Assignment,repository,build_standard_production_proof_repository(),candidate container
tests/test_phase132_8_group_proof_narrative_dedup.py,331,Assignment,repository,data['repository'],candidate container
tests/test_phase132_8_group_proof_narrative_dedup.py,335,Assignment,before_entries,repository.entries(),candidate container
tests/test_phase134_11_pi8_5_narrative.py,79,FunctionDef,test_phase134_11_pi8_5_uses_hidden_toda55_as_reference,,declaration
tests/test_phase134_11_testfix_v2.py,59,FunctionDef,test_phase134_11_testfix_keeps_boundary_and_references,,declaration
tests/test_phase134_11_testfix_v3.py,27,FunctionDef,test_phase134_11_testfix_v3_keeps_hidden_reference_once,,declaration
tests/test_phase134_11_testfix_v3.py,90,FunctionDef,test_phase134_11_testfix_v3_keeps_reference_order,,declaration
tests/test_phase134_16_classifier_regression.py,49,FunctionDef,_roles_by_statement_type,,declaration
tests/test_phase134_16_classifier_regression.py,69,FunctionDef,test_phase134_16_pi6_3_reference_classification_is_unchanged,,declaration
tests/test_phase134_16_classifier_regression.py,87,FunctionDef,test_phase134_16_pi8_5_reference_classification_is_unchanged,,declaration
tests/test_phase134_16_presentation_catalog.py,27,FunctionDef,test_phase134_16_reference_candidate_catalog_contains_existing_types,,declaration
tests/test_phase134_16_presentation_catalog.py,38,FunctionDef,test_phase134_16_pi6_3_reference_scope_is_unchanged,,declaration
tests/test_phase134_16_presentation_catalog.py,48,FunctionDef,test_phase134_16_pi8_5_reference_scope_is_unchanged,,declaration
tests/test_phase134_16_presentation_catalog.py,58,FunctionDef,test_phase134_16_scoped_reference_types_are_candidates,,declaration
tests/test_phase134_21_pi15_8_roles.py,49,FunctionDef,test_phase134_21_prop44_is_reference_candidate,,declaration
tests/test_phase134_21_pi15_8_roles.py,57,FunctionDef,test_phase134_21_pi15_8_reference_scope_is_prop44,,declaration
tests/test_phase134_21_pi15_8_roles.py,72,FunctionDef,test_phase134_21_pi15_8_prop44_is_reference,,declaration
tests/test_phase134_24_pi15_8_narrative.py,134,FunctionDef,test_phase134_24_pi15_8_narrative_hides_internal_statement_labels,,declaration
tests/test_phase134_28_reference_block_assembler.py,8,FunctionDef,test_phase134_28_reference_section_lines_numbers_blocks,,declaration
tests/test_phase134_28_reference_block_assembler.py,35,FunctionDef,test_phase134_28_reference_section_lines_preserves_statement_lines,,declaration
tests/test_phase134_28_reference_block_assembler.py,68,FunctionDef,test_phase134_28_reference_section_lines_empty_is_empty,,declaration
tests/test_phase134_28_reference_block_assembler.py,78,FunctionDef,test_phase134_28_reference_section_lines_rejects_non_tuple,,declaration
tests/test_phase134_9_group_proof_narrative_classifier.py,73,FunctionDef,test_phase134_9_pi6_3_has_reference_boundary_and_derived,,declaration
tests/test_phase134_9_group_proof_narrative_classifier.py,104,FunctionDef,test_phase134_9_pi8_5_uses_same_four_fact_roles,,declaration
tests/test_phase135_2_web_narrative_inline_formatting.py,64,FunctionDef,test_phase135_2_web_adapter_preserves_reference_emphasis,,declaration
tests/test_phase141_8_general_roles.py,58,FunctionDef,_role_by_statement_type,,declaration
tests/test_phase141_8_general_roles.py,81,FunctionDef,test_phase141_8_reference_catalog_contains_general_reference_types,,declaration
tests/test_phase141_8_general_roles.py,95,FunctionDef,test_phase141_8_pi6_3_known_reference_steps_are_reference_blocks,,declaration
tests/test_phase141_9_catalog_compatibility.py,16,FunctionDef,test_phase141_9_reference_candidate_catalog_remains_backward_compatible,,declaration
tests/test_phase141_9_catalog_compatibility.py,27,FunctionDef,test_phase141_9_general_reference_catalog_extends_without_mutating_candidates,,declaration
tests/test_phase141_9_final_audit.py,151,FunctionDef,test_phase141_9_pi8_5_known_reference_types_are_reference,,declaration
tests/test_phase141_9_final_audit.py,211,FunctionDef,test_phase141_9_pi15_8_prop44_is_reference,,declaration
tests/test_phase141_narrative_blocks.py,54,FunctionDef,test_phase141_pi6_3_root_is_target_without_target_specific_rule,,declaration
tests/test_phase141_narrative_blocks.py,73,FunctionDef,test_phase141_pi8_5_root_uses_same_target_rule,,declaration
tests/test_phase141_narrative_blocks.py,92,FunctionDef,test_phase141_pi6_3_exactness_is_recognized_from_statement_semantics,,declaration
tests/test_phase141_narrative_blocks.py,120,FunctionDef,test_phase141_pi6_3_map_properties_are_recognized_from_statement_semantics,,declaration
tests/test_phase142_3_generic_proof_text.py,66,FunctionDef,test_phase142_3_generic_proof_keeps_every_pi6_3_fact,,declaration
tests/test_phase142_3_generic_proof_text.py,162,FunctionDef,test_phase142_3_generic_proof_contains_core_pi6_3_facts,,declaration
tests/test_phase143_2_generic_short_exact_sequence.py,150,FunctionDef,test_phase143_2_short_exact_rule_has_no_pi6_specific_hardcoding,,declaration
tests/test_phase143_3_generic_eta_normalization.py,32,FunctionDef,test_phase143_3_compacts_two_consecutive_eta_factors,,declaration
tests/test_phase143_3_generic_eta_normalization.py,37,FunctionDef,test_phase143_3_compacts_three_consecutive_eta_factors,,declaration
tests/test_phase143_3_generic_eta_normalization.py,53,FunctionDef,test_phase143_3_does_not_compact_nonconsecutive_eta_factors,,declaration
tests/test_phase143_73a_internal_statement_narrative.py,19,FunctionDef,test_phase143_73a_scalar_greater_equal_statement_renders_as_latex,,declaration
tests/test_phase143_75aa_toda56_nu4_prop44_specialization_rendering.py,28,FunctionDef,test_phase143_75aa_does_not_render_rule_name,,declaration
tests/test_phase143_75aa_toda56_nu4_prop44_specialization_rendering.py,45,FunctionDef,test_phase143_75aa_does_not_expand_lemma54_statement,,declaration
tests/test_phase143_75ab3_whitehead_correction_rendering.py,28,FunctionDef,test_phase143_75ab3_does_not_render_rule_name,,declaration
tests/test_phase143_75ac4_hopf_odd_multiple_rendering.py,27,FunctionDef,test_phase143_75ac4_does_not_render_rule_name,,declaration
tests/test_phase143_75ad_double_suspension_rendering.py,24,FunctionDef,test_phase143_75ad_does_not_render_rule_name,,declaration
tests/test_phase143_75m_finite_dimensional_semantic_rendering.py,23,FunctionDef,_target_facts,,declaration
tests/test_phase143_75m_finite_dimensional_semantic_rendering.py,24,Assignment,facts,{},candidate container
tests/test_phase143_75m_finite_dimensional_semantic_rendering.py,55,Assignment,facts,_target_facts(),candidate container
tests/test_phase143_75m_finite_dimensional_semantic_rendering.py,44,Assignment,facts,_render_group_proof_narrative_fact(node.proof_step),candidate container
tests/test_phase143_75p_prop44_suspension_injective_semantic_rendering.py,73,FunctionDef,test_phase143_75p_both_rule_families_use_same_semantic_renderer,,declaration
tests/test_phase143_75s_toda58_whitehead_square_semantic_rendering.py,28,FunctionDef,_target_statements,,declaration
tests/test_phase143_75t_toda58_equation_aggregate_semantic_rendering.py,32,FunctionDef,test_phase143_75t_equation58_aggregate_ignores_literature_text,,declaration
tests/test_phase143_7_narrative_arguments.py,236,FunctionDef,test_phase143_7_other_group_proofs_build_without_target_specific_rules,,declaration
tests/test_phase144_5_generic_definition_order_equations.py,39,FunctionDef,test_phase144_5_r2_equation_reference_uses_parenthesized_number,,declaration
tests/test_phase144_6_r3_production_references.py,51,FunctionDef,test_phase144_6_r3_pi6_3_references_are_structured_and_deduplicated,,declaration
tests/test_phase144_6_r3_production_references.py,69,FunctionDef,test_phase144_6_r3_pi6_3_generic_multi_argument_renders_reference_section,,declaration
tests/test_phase144_6_r3_production_references.py,97,FunctionDef,test_phase144_6_r3_reference_section_does_not_parse_internal_rule_names,,declaration
tests/test_phase144_6_r3_production_references.py,53,Assignment,entries,build_toda_group_proof_narrative_reference_entries(presentation),candidate container
tests/test_phase144_6_r3_structured_references.py,14,FunctionDef,test_phase144_6_r3_inference_rule_preserves_structured_literature_reference,,declaration
tests/test_phase144_6_r3_structured_references.py,39,FunctionDef,test_phase144_6_r3_rule_name_reference_is_inferred_without_structured_reference,,declaration
tests/test_phase144_6_r3_structured_references.py,56,FunctionDef,test_phase144_6_r3_reference_renderer_uses_structured_locator_not_rule_name,,declaration
tests/test_phase144_6_r3_structured_references.py,15,Call,LiteratureReference,label='Toda Prop.5.1'; author='H. Toda'; title='Composition Methods in Homotopy Groups of Spheres'; year=1962; locator='Proposition 5.1',candidate registration (not unique)
tests/test_phase144_6_r3_structured_references.py,57,Call,LiteratureReference,label='Toda Prop.5.1'; locator='Proposition 5.1',candidate registration (not unique)
tests/test_phase144_6_r4_supporting_fact_filtering.py,31,FunctionDef,test_phase144_6_r4_hides_internal_supporting_group_facts,,declaration
tests/test_phase144_6_r4_supporting_fact_filtering.py,60,FunctionDef,test_phase144_6_r4_preserves_structured_reference_section,,declaration
tests/test_phase144_6_r5_17a_proof_chain_selection_audit.py,60,FunctionDef,test_phase144_6_r5_17a_records_chain_roles_and_statement_types,,declaration
tests/test_phase144_6_r5_17d_failure_novelty_classification.py,26,FunctionDef,test_phase144_6_r5_17d_classifies_reference_as_explicit_role_novelty,,declaration
tests/test_phase144_6_r5_17d_r1_other_semantic_role_resolution.py,45,FunctionDef,test_phase144_6_r5_17d_r1_identifies_known_aggregate_statement_types,,declaration
tests/test_phase144_6_r5_17d_r1_other_semantic_role_resolution.py,61,FunctionDef,test_phase144_6_r5_17d_r1_identifies_known_provenance_only_statement_types,,declaration
tests/test_phase144_6_r5_21_missing_7_facts_generic_provider_audit.py,12,FunctionDef,build_missing_fact_traces,,declaration
tests/test_phase144_6_r5_21_missing_7_facts_generic_provider_audit.py,23,FunctionDef,test_phase144_6_r5_21_classifies_every_missing_fact_at_one_loss_stage,,declaration
tests/test_phase144_6_r5_21_missing_7_facts_generic_provider_audit.py,59,FunctionDef,test_phase144_6_r5_21_does_not_assume_all_missing_facts_have_same_cause,,declaration
tests/test_phase144_6_r5_22_missing_4_facts_statement_structure_audit.py,12,FunctionDef,build_statement_structure_traces,,declaration
tests/test_phase144_6_r5_22_missing_4_facts_statement_structure_audit.py,23,FunctionDef,test_phase144_6_r5_22_classifies_each_fact_by_statement_structure,,declaration
tests/test_phase144_6_r5_23_missing_7_facts_generic_visibility_path_audit.py,23,FunctionDef,test_phase144_6_r5_23_classifies_every_fact_by_visibility_path,,declaration
tests/test_phase144_6_r5_24_generic_visibility_policy_correction_design_audit.py,22,FunctionDef,build_visible_fact_body_traces,,declaration
tests/test_phase144_6_r5_24_generic_visibility_policy_correction_design_audit.py,48,FunctionDef,test_phase144_6_r5_24_traces_both_phase23_local_body_visible_hopf_facts,,declaration
tests/test_phase144_6_r5_24_generic_visibility_policy_correction_design_audit.py,57,FunctionDef,test_phase144_6_r5_24_visible_hopf_facts_are_not_frontier_losses,,declaration
tests/test_phase144_6_r5_25_multi_argument_suppression_selective_frontier_relevance_audit.py,24,FunctionDef,test_phase144_6_r5_25_traces_both_visible_hopf_facts,,declaration
tests/test_phase144_6_r5_25_multi_argument_suppression_selective_frontier_relevance_audit.py,52,FunctionDef,test_phase144_6_r5_25_finds_required_pi6_frontier_facts_in_candidate_inventory,,declaration
tests/test_phase144_6_r5_26_step_level_dedup_derivation_path_relevance_audit.py,34,FunctionDef,test_phase144_6_r5_26_traces_all_four_frontier_facts,,declaration
tests/test_phase144_6_r5_27_bounded_derivation_visibility_step_dedup_readiness_audit.py,39,FunctionDef,test_phase144_6_r5_27_covers_all_four_required_pi6_frontier_facts,,declaration
tests/test_phase144_6_r5_27_bounded_derivation_visibility_step_dedup_readiness_audit.py,50,FunctionDef,test_phase144_6_r5_27_required_pi6_facts_are_selected_only_for_non_definition_arguments,,declaration
tests/test_phase144_6_r5_28_narrative_contribution_ownership_audit.py,12,FunctionDef,test_phase144_6_r5_28_finds_candidates_for_all_missing6_facts,,declaration
tests/test_phase144_6_r5_28_narrative_contribution_ownership_audit.py,42,FunctionDef,test_phase144_6_r5_28_hypothetical_rule_selects_one_owner_per_missing_fact,,declaration
tests/test_phase144_6_r5_29_narrative_contribution_chain_ownership_audit.py,43,FunctionDef,test_phase144_6_r5_29_pi6_order_argument_chain_contains_missing_internal_fact,,declaration
tests/test_phase144_6_r5_30_upstream_calculation_attachment_audit.py,39,FunctionDef,test_phase144_6_r5_30_pi6_records_both_hopf_facts,,declaration
tests/test_phase144_6_r5_30_upstream_calculation_attachment_audit.py,55,FunctionDef,test_phase144_6_r5_30_reports_whether_order_chain_captures_hopf_facts_without_assuming_success,,declaration
tests/test_phase144_6_r5_31_upstream_calculation_attachment_semantic_audit.py,14,FunctionDef,test_phase144_6_r5_31_all_attachments_are_calculation_statements_with_types,,declaration
tests/test_phase144_6_r5_33_visible_step_rendered_markdown_survival_audit.py,22,FunctionDef,test_phase144_6_r5_33_hopf_facts_are_visible_and_block_kept_somewhere,,declaration
tests/test_phase144_6_r5_43_10_transport_chain_compression_production.py,146,FunctionDef,test_phase144_6_r5_43_10_transport_semantics_have_reference_metadata,,declaration
tests/test_phase144_6_r5_43_10_transport_chain_compression_production.py,254,FunctionDef,test_phase144_6_r5_43_10_renderer_does_not_hard_code_historical_rule_names,,declaration
tests/test_phase144_6_r5_43_9.py,14,FunctionDef,test_phase144_6_r5_43_9_all_chains_observe_same_reference_identity,,declaration
tests/test_phase146_7_generic_argument_purpose_prose.py,44,FunctionDef,test_phase146_7_rule_is_not_pi6_specific,,declaration
tests/test_phase148_rc2_4_repair_r4_2_calculation_premise_semantic_closure.py,339,FunctionDef,test_phase148_rc2_4_repair_r4_2_closure_has_no_pi6_or_rule_name_hardcoding,,declaration
tests/test_phase149_rc3_3_minimal_ordering.py,163,FunctionDef,test_phase149_rc3_3_pi6_3_calculation_chain_keeps_referenced_equations_numbered,,declaration
tests/test_phase150_rc4_5_visible_reasons.py,88,Assignment,reference_entries,build_toda_group_proof_narrative_reference_entries(presentation),candidate container
tests/test_phase150_rc4_5_visible_reasons.py,95,Assignment,reference_entries,"exclude_toda_group_proof_narrative_root_reference(reference_entries, empty_statement_lines, presentation.root_step)",candidate container
tests/test_phase150_rc4_5_visible_reasons.py,133,Assignment,reference_entries,build_toda_group_proof_narrative_reference_entries(presentation),candidate container
tests/test_phase150_rc4_5_visible_reasons.py,140,Assignment,reference_entries,"exclude_toda_group_proof_narrative_root_reference(reference_entries, empty_statement_lines, presentation.root_step)",candidate container
tests/test_phase150_rc4_5b_3_reference_binding.py,28,FunctionDef,test_phase150_rc4_5b_3_pi6_has_one_typed_reference_application,,declaration
tests/test_phase150_rc4_5b_3_reference_binding.py,49,FunctionDef,test_phase150_rc4_5b_3_reference_application_targets_definition_step,,declaration
tests/test_phase150_rc4_5b_3_reference_binding.py,61,FunctionDef,test_phase150_rc4_5b_3_renderer_uses_typed_reference_and_binding,,declaration
tests/test_phase150_rc4_5b_3_reference_binding.py,72,FunctionDef,test_phase150_rc4_5b_3_other_groups_do_not_invent_reference_application,,declaration
tests/test_phase150_rc4_5c_2_exactness_to_map_property.py,143,FunctionDef,test_phase150_rc4_5c_2_reason_builder_has_no_pi6_or_rule_name_special_case,,declaration
tests/test_phase150_rc4_5d_3_multiple_relation_to_order.py,78,FunctionDef,test_phase150_rc4_5d_3_classifier_has_no_target_or_rule_name_special_case,,declaration
tests/test_phase150_rc4_5e_2_short_exact_derivation_reason.py,100,FunctionDef,test_phase150_rc4_5e_2_helper_has_no_target_or_rule_name_special_case,,declaration
tests/test_phase150_rc4_5f_2_final_group_structure_reason.py,170,FunctionDef,test_phase150_rc4_5f_2_classifier_has_no_target_or_rule_name_special_case,,declaration
tests/test_phase150_rc4_7a_cross_group_reference_normalization.py,32,FunctionDef,test_phase150_rc4_7a_pi10_4_numbers_normalized_references,,declaration
tests/test_phase150_rc4_7a_cross_group_reference_normalization.py,45,FunctionDef,test_phase150_rc4_7a_pi12_5_numbers_normalized_references,,declaration
tests/test_phase150_rc4_7a_cross_group_reference_normalization.py,58,FunctionDef,test_phase150_rc4_7a_pi16_9_numbers_normalized_references,,declaration
tests/test_phase150_rc4_7a_cross_group_reference_normalization.py,94,FunctionDef,test_phase150_rc4_7a_depth1_keeps_legacy_reference_free_fallback,,declaration
tests/test_phase153_closure_repair_r13.py,44,FunctionDef,_reference_section,,declaration
tests/test_phase153_closure_repair_r13.py,119,FunctionDef,test_phase153_r13_pi8_5_specialized_connector_keeps_only_used_references,,declaration
tests/test_phase153_closure_repair_r13.py,145,FunctionDef,test_phase153_r13_pi15_8_specialized_reference_fallback_stays_external,,declaration
tests/test_phase153_closure_repair_r13.py,170,FunctionDef,test_phase153_r13_reference_numbers_are_contiguous_for_repaired_groups,,declaration
tests/test_phase153_generic_concrete_proof_scope_recovery.py,208,FunctionDef,test_phase153_generic_concrete_recovery_does_not_mutate_repository_roots,,declaration
tests/test_phase153_generic_concrete_proof_scope_recovery.py,99,Assignment,repository,build_standard_production_proof_repository(),candidate container
tests/test_phase153_generic_concrete_proof_scope_recovery.py,163,Assignment,repository,build_standard_production_proof_repository(),candidate container
tests/test_phase153_generic_concrete_proof_scope_recovery.py,209,Assignment,repository,build_standard_production_proof_repository(),candidate container
tests/test_phase153_r10_used_reference_filtering.py,154,FunctionDef,test_phase153_r10_pi6_2_keeps_only_used_references,,declaration
tests/test_phase153_r10_used_reference_filtering.py,167,FunctionDef,test_phase153_r10_pi6_2_body_uses_renumbered_references,,declaration
tests/test_phase153_r10_used_reference_filtering.py,59,Assignment,entries,"(TodaGroupProofNarrativeReferenceEntry(number=1, reference=LiteratureReference(label='Toda Lemma 1.1', locator='Lemma 1.1'), proof_steps=(_dummy_step('unused'),)), TodaGroupProofNarrativeReferenceEntry(number=2, reference=LiteratureReference(label='T",candidate container
tests/test_phase153_r10_used_reference_filtering.py,118,Assignment,filtered_entries,"filter_toda_group_proof_narrative_reference_entries_by_body_usage(entries, statement_lines, 'まず、[R2]を用いる。\nさらに、[R3]を用いる。')",candidate container
tests/test_phase153_r10_used_reference_filtering.py,62,Call,LiteratureReference,label='Toda Lemma 1.1'; locator='Lemma 1.1',candidate registration (not unique)
tests/test_phase153_r10_used_reference_filtering.py,74,Call,LiteratureReference,label='Toda Proposition 2.2'; locator='Proposition 2.2',candidate registration (not unique)
tests/test_phase153_r10_used_reference_filtering.py,86,Call,LiteratureReference,label='Toda Equation (3.3)'; locator='(3.3)',candidate registration (not unique)
tests/test_phase153_r10_used_reference_filtering.py,98,Call,LiteratureReference,label='Toda Proposition 4.4'; locator='Proposition 4.4',candidate registration (not unique)
tests/test_phase153_r11_generic_reference_attribution_filtering.py,85,FunctionDef,test_phase153_r11_pi6_3_generic_section_excludes_root_self_reference,,declaration
tests/test_phase153_r11_generic_reference_attribution_filtering.py,112,FunctionDef,test_phase153_r11_pi6_3_depth2_keeps_used_external_references,,declaration
tests/test_phase153_r12_root_reference_exclusion.py,42,FunctionDef,_reference_section,,declaration
tests/test_phase153_r12_root_reference_exclusion.py,61,FunctionDef,test_phase153_r12_pi11_4_excludes_root_proposition_515_reference,,declaration
tests/test_phase153_r12_root_reference_exclusion.py,75,FunctionDef,test_phase153_r12_pi11_4_body_uses_renumbered_external_references,,declaration
tests/test_phase153_r12_root_reference_exclusion.py,96,FunctionDef,test_phase153_r12_pi6_2_r10_reference_filtering_remains_stable,,declaration
tests/test_phase153_r2_public_reference_semantic_fact.py,41,FunctionDef,test_phase153_r2_public_pi10_6_keeps_provenance_only_reference_compact,,declaration
tests/test_phase153_r3_10_public_reference_connection_repair.py,70,FunctionDef,_phase153_r3_10_public_reference_section,,declaration
tests/test_phase153_r3_10_public_reference_connection_repair.py,95,FunctionDef,test_phase153_r3_10_all_group_reference_population_invariants,,declaration
tests/test_phase153_r3_11_reference_body_ownership_repair.py,100,FunctionDef,test_phase153_r3_11_replaces_embedded_unmarked_selected_statement_with_reference_marker,,declaration
tests/test_phase153_r3_11_reference_body_ownership_repair.py,123,FunctionDef,test_phase153_r3_11_preserves_surrounding_prose_when_replacing_embedded_statement,,declaration
tests/test_phase153_r3_11_reference_body_ownership_repair.py,147,FunctionDef,test_phase153_r3_11_keeps_nonidentical_body_statement,,declaration
tests/test_phase153_r3_3_reference_statement_selection.py,35,Call,LiteratureReference,label='Toda test reference'; locator='Proposition X',candidate registration (not unique)
tests/test_phase153_r3_4_reference_statement_rendering_connection.py,58,FunctionDef,test_phase153_r3_4_reference_renderer_accepts_statement_lines_without_breaking_old_api,,declaration
tests/test_phase153_r3_4_reference_statement_rendering_connection.py,109,FunctionDef,test_phase153_r3_4_pi10_6_builds_selected_reference_statement_lines_without_obsolete_45,,declaration
tests/test_phase153_r3_4_reference_statement_rendering_connection.py,142,FunctionDef,test_phase153_r3_4_public_pi10_6_reference_section_excludes_obsolete_45,,declaration
tests/test_phase153_r3_4_reference_statement_rendering_connection.py,152,FunctionDef,test_phase153_r3_4_does_not_render_internal_fallback_name_in_reference_section,,declaration
tests/test_phase153_r3_4_reference_statement_rendering_connection.py,113,Assignment,entries,build_toda_group_proof_narrative_reference_entries(presentation),candidate container
tests/test_phase153_r3_4_reference_statement_rendering_connection.py,59,Call,LiteratureReference,label='Toda test'; locator='Proposition X',candidate registration (not unique)
tests/test_phase153_r3_5_reference_body_duplicate_suppression.py,44,FunctionDef,test_phase153_r3_5_suppresses_exact_standalone_statement_line,,declaration
tests/test_phase153_r3_5_reference_body_duplicate_suppression.py,67,FunctionDef,test_phase153_r3_5_compacts_reference_marker_sentence,,declaration
tests/test_phase153_r3_5_reference_body_duplicate_suppression.py,90,FunctionDef,test_phase153_r3_5_does_not_suppress_similar_but_nonidentical_statement,,declaration
tests/test_phase153_r3_6_unresolved_reference_statement_rendering.py,82,FunctionDef,test_phase153_r3_6_all_previously_unresolved_reference_types_render_semantically,,declaration
tests/test_phase153_r3_6_unresolved_reference_statement_rendering.py,121,Assignment,entries,build_toda_group_proof_narrative_reference_entries(presentation),candidate container
tests/test_phase153_r3_9_remaining_reference_renderer_coverage.py,121,FunctionDef,test_phase153_r3_9_all_remaining_unresolved_reference_types_render_semantically,,declaration
tests/test_phase153_r3_9_remaining_reference_renderer_coverage.py,128,Assignment,entries,build_toda_group_proof_narrative_reference_entries(presentation),candidate container
tests/test_phase153_r5_reference_selection.py,16,FunctionDef,_reference,,declaration
tests/test_phase153_r5_reference_selection.py,81,FunctionDef,test_phase153_r5_root_only_candidate_produces_no_external_statement,,declaration
tests/test_phase153_r5_reference_selection.py,17,Call,LiteratureReference,label='Toda Proposition 5.15'; locator='Proposition 5.15',candidate registration (not unique)
tests/test_phase153_r6_aggregate_component_granularity.py,47,Assignment,entries,build_toda_group_proof_narrative_reference_entries(presentation),candidate container
tests/test_phase153_r6_reference_granularity.py,33,FunctionDef,_reference,,declaration
tests/test_phase153_r6_reference_granularity.py,65,FunctionDef,test_phase153_r6_prefers_reference_boundary_frontier_over_internal_used_steps,,declaration
tests/test_phase153_r6_reference_granularity.py,143,FunctionDef,test_phase153_r6_keeps_r5_fallback_when_reference_has_no_boundary_crossing,,declaration
tests/test_phase153_r6_reference_granularity.py,213,FunctionDef,test_phase153_r6_pi6_2_proposition_5_6_reference_is_granular,,declaration
tests/test_phase153_r6_reference_granularity.py,262,FunctionDef,test_phase153_r6_pi6_2_reference_candidate_selection_excludes_internal_prop56_statements,,declaration
tests/test_phase153_r6_reference_granularity.py,217,Assignment,entries,build_toda_group_proof_narrative_reference_entries(presentation),candidate container
tests/test_phase153_r6_reference_granularity.py,266,Assignment,entries,build_toda_group_proof_narrative_reference_entries(presentation),candidate container
tests/test_phase153_r6_reference_granularity.py,36,Call,LiteratureReference,label='Toda ' + locator; locator=locator,candidate registration (not unique)
tests/test_phase153_r7_proof_body_relevance.py,76,FunctionDef,test_phase153_r7_pi6_2_keeps_consumed_reference_and_final_conclusion,,declaration
tests/test_phase153_r7_proof_body_relevance.py,99,FunctionDef,test_phase153_r7_pi6_2_reference_use_does_not_expand_prop56_siblings,,declaration
tests/test_phase153_r7_sibling_boundary.py,56,FunctionDef,test_phase153_r7_r4_keeps_consumed_reference_and_target,,declaration
tests/test_phase153_r8_reference_use_prose_normalization.py,50,FunctionDef,test_phase153_r8_normalizes_replaced_reference_derivation_to_use_sentence,,declaration
tests/test_phase153_r8_reference_use_prose_normalization.py,72,FunctionDef,test_phase153_r8_normalizes_existing_reference_marker_to_use_sentence,,declaration
tests/test_phase153_r8_reference_use_prose_normalization.py,94,FunctionDef,test_phase153_r8_does_not_change_non_reference_derivation_sentence,,declaration
tests/test_phase153_r8_reference_use_prose_normalization.py,111,FunctionDef,test_phase153_r8_pi6_2_reference_use_is_not_written_as_obtained,,declaration
tests/test_phase153_r9_reference_reuse_derivation_suppression.py,68,FunctionDef,test_phase153_r9_selected_toda52_step_is_reference_reuse_boundary,,declaration
tests/test_phase153_r9_reference_reuse_derivation_suppression.py,102,FunctionDef,test_phase153_r9_pi6_2_reuses_selected_references_without_rederiving_ancestry,,declaration
tests/test_phase153_r9_reference_reuse_derivation_suppression.py,70,Assignment,reference_entries,build_toda_group_proof_narrative_reference_entries(presentation),candidate container
tests/test_phase153_scalar_order_narrative_classification.py,54,FunctionDef,test_phase153_scalar_greater_equal_statement_is_order_block,,declaration
tests/test_phase154_r2_fix3_reference_marker_completion.py,45,FunctionDef,test_phase154_r2_fix3_completes_bare_reference_marker_after_replacement,,declaration
tests/test_phase154_r2_fix3_reference_marker_completion.py,70,FunctionDef,test_phase154_r2_fix3_keeps_reference_marker_with_following_prose,,declaration
tests/test_phase154_r2_fix3_reference_marker_completion.py,94,FunctionDef,test_phase154_r2_fix3_pi11_4_has_complete_reference_use_sentence,,declaration
tests/test_phase154_r2_fixed1_nu4_decomposition_semantic_prose.py,42,FunctionDef,test_phase154_r2_fixed1_pi10_4_replaces_raw_nu4_rule_name_with_semantic_prose,,declaration
tests/test_phase154_r2_internal_prose_fallback_leakage.py,42,FunctionDef,test_phase154_r2_pi10_4_suppresses_raw_contribution_rule_name,,declaration
tests/test_phase154_r2_internal_prose_fallback_leakage.py,58,FunctionDef,test_phase154_r2_pi11_4_renders_injective_fact_in_japanese,,declaration
tests/test_phase154_r2_internal_prose_fallback_leakage.py,72,FunctionDef,test_phase154_r2_pi11_4_renders_exactness_fact_in_japanese,,declaration
tests/test_phase154_r5_fix1_graph_backed_reference_linkage.py,59,FunctionDef,test_phase154_r5_fix1_pi11_4_links_prop44_reference_to_visible_consumer,,declaration
tests/test_phase154_r5_fix1_graph_backed_reference_linkage.py,77,FunctionDef,test_phase154_r5_fix1_pi11_4_keeps_root_only_reference_neutral,,declaration
tests/test_phase154_r5_fix1_graph_backed_reference_linkage.py,87,FunctionDef,test_phase154_r5_fix1_does_not_duplicate_linked_consumer_fact,,declaration
tests/test_phase154_r5_fix1_graph_backed_reference_linkage.py,111,Assignment,entries,build_toda_group_proof_narrative_reference_entries(presentation),candidate container
tests/test_phase154_r5_fix1_repair1_reference_entry_frontier_linkage.py,62,FunctionDef,test_phase154_r5_fix1_repair1_pi11_4_links_prop44_reference_to_consumer,,declaration
tests/test_phase154_r5_fix1_repair1_reference_entry_frontier_linkage.py,130,FunctionDef,test_phase154_r5_fix1_repair1_keeps_root_only_reference_neutral,,declaration
tests/test_phase154_r5_fix1_repair1_reference_entry_frontier_linkage.py,140,FunctionDef,test_phase154_r5_fix1_repair1_does_not_duplicate_consumer_fact,,declaration
tests/test_phase154_r5_fix1_repair1_reference_entry_frontier_linkage.py,89,Assignment,entries,build_toda_group_proof_narrative_reference_entries(presentation),candidate container
tests/test_phase154_r5_fix1_repair1_reference_entry_frontier_linkage.py,100,Assignment,entries,"exclude_toda_group_proof_narrative_root_reference(entries, statement_lines, presentation.root_step)",candidate container
tests/test_phase154_r5_fix1_repair2_legacy_route_linkage.py,42,FunctionDef,test_phase154_r5_fix1_repair2_pi11_4_links_reference_after_marker_generation,,declaration
tests/test_phase154_r5_fix1_repair2_legacy_route_linkage.py,59,FunctionDef,test_phase154_r5_fix1_repair2_reference_filtering_renumbers_linked_marker,,declaration
tests/test_phase154_r5_fix1_repair2_legacy_route_linkage.py,71,FunctionDef,test_phase154_r5_fix1_repair2_keeps_root_only_reference_neutral,,declaration
tests/test_phase154_r6_2_ascii_comma_normalization.py,147,FunctionDef,test_phase154_r6_2_keeps_reference_title_punctuation,,declaration
tests/test_phase156_r5_reference_attribution_separation.py,57,FunctionDef,test_phase156_r5_pi6_reference_section_has_no_composite_53_lemma52_header,,declaration
tests/test_phase156_r5_repair10_owned_step_line_suppression.py,40,FunctionDef,test_phase156_r5_repair10_depth2_removes_owned_unreferenced_bracket_line,,declaration
tests/test_phase156_r5_repair10_owned_step_line_suppression.py,59,FunctionDef,test_phase156_r5_repair10_depth3_removes_owned_unreferenced_bracket_line,,declaration
tests/test_phase156_r5_repair11_reference_dependency_pruning.py,79,FunctionDef,test_phase156_r5_repair11_raw_graph_keeps_proposition51_reference,,declaration
tests/test_phase156_r5_repair11_reference_dependency_pruning.py,100,FunctionDef,test_phase156_r5_repair11_public_pi6_keeps_current_proof_required_references_depth2,,declaration
tests/test_phase156_r5_repair11_reference_dependency_pruning.py,132,FunctionDef,test_phase156_r5_repair11_public_pi6_keeps_current_proof_required_references_depth3,,declaration
tests/test_phase156_r5_repair11_reference_dependency_pruning.py,158,FunctionDef,test_phase156_r5_repair11_reference_numbers_are_compact_after_pruning,,declaration
tests/test_phase156_r5_repair11_reference_dependency_pruning.py,89,Assignment,entries,build_toda_group_proof_narrative_reference_entries(presentation),candidate container
tests/test_phase156_r5_repair12_reference_frontier.py,94,FunctionDef,test_phase156_r5_repair12_proposition51_is_not_on_reference_frontier,,declaration
tests/test_phase156_r5_repair12_reference_frontier.py,126,FunctionDef,test_phase156_r5_repair12_53_and_direct_parent_references_are_on_frontier,,declaration
tests/test_phase156_r5_repair12_reference_frontier.py,163,FunctionDef,test_phase156_r5_repair12_public_depth2_reference_headers_are_frontier_only,,declaration
tests/test_phase156_r5_repair12_reference_frontier.py,72,Assignment,entries,build_toda_group_proof_narrative_reference_entries(presentation),candidate container
tests/test_phase156_r5_repair12_reference_frontier.py,79,Assignment,entries,"exclude_toda_group_proof_narrative_root_reference(entries, empty_lines, presentation.root_step)",candidate container
tests/test_phase156_r5_repair12_reference_frontier.py,95,Assignment,entries,_data(2),candidate container
tests/test_phase156_r5_repair12_reference_frontier.py,127,Assignment,entries,_data(2),candidate container
tests/test_phase156_r5_repair12_reference_frontier.py,164,Assignment,entries,_data(2),candidate container
tests/test_phase156_r5_repair13_root_reference_frontier.py,94,FunctionDef,test_phase156_r5_repair13_proposition51_is_not_on_root_reference_frontier,,declaration
tests/test_phase156_r5_repair13_root_reference_frontier.py,126,FunctionDef,test_phase156_r5_repair13_toda52_is_on_root_reference_frontier,,declaration
tests/test_phase156_r5_repair13_root_reference_frontier.py,158,FunctionDef,test_phase156_r5_repair13_depth2_public_reference_headers,,declaration
tests/test_phase156_r5_repair13_root_reference_frontier.py,72,Assignment,entries,build_toda_group_proof_narrative_reference_entries(presentation),candidate container
tests/test_phase156_r5_repair13_root_reference_frontier.py,79,Assignment,entries,"exclude_toda_group_proof_narrative_root_reference(entries, empty_lines, presentation.root_step)",candidate container
tests/test_phase156_r5_repair13_root_reference_frontier.py,95,Assignment,entries,_data(2),candidate container
tests/test_phase156_r5_repair13_root_reference_frontier.py,127,Assignment,entries,_data(2),candidate container
tests/test_phase156_r5_repair13_root_reference_frontier.py,159,Assignment,entries,_data(2),candidate container
tests/test_phase156_r5_repair2_lemma52_specialization_attribution.py,48,FunctionDef,test_phase156_r5_repair2_lemma52_rules_have_explicit_lemma52_attribution,,declaration
tests/test_phase156_r5_repair2_lemma52_specialization_attribution.py,73,FunctionDef,test_phase156_r5_repair2_pi6_reference_headers_separate_53_and_lemma52,,declaration
tests/test_phase156_r5_repair4_bridge_reference_inference.py,9,FunctionDef,test_phase156_r5_repair4_unreferenced_bridge_does_not_infer_reference,,declaration
tests/test_phase156_r5_repair4_bridge_reference_inference.py,19,FunctionDef,test_phase156_r5_repair4_standard_equation_rule_still_infers_reference,,declaration
tests/test_phase156_r5_repair4_bridge_reference_inference.py,31,FunctionDef,test_phase156_r5_repair4_named_rule_still_infers_reference,,declaration
tests/test_phase156_r5_repair4_bridge_reference_inference.py,43,FunctionDef,test_phase156_r5_repair4_eta5_bridge_rule_has_no_fallback_reference,,declaration
tests/test_phase156_r5_repair6_reference_boundary_collapse.py,42,FunctionDef,test_phase156_r5_repair6_reference_53_is_public_boundary,,declaration
tests/test_phase156_r5_repair6_reference_boundary_collapse.py,71,FunctionDef,test_phase156_r5_repair6_pi6_keeps_53_consequences_as_reference_results,,declaration
tests/test_phase156_r5_repair7_reference_boundary_filter_order.py,108,FunctionDef,test_phase156_r5_repair7_53_reference_keeps_public_consequences,,declaration
tests/test_phase156_r5_repair8_reference_owned_ancestor_closure.py,104,FunctionDef,test_phase156_r5_repair8_unreferenced_definition_step_is_reference_owned,,declaration
tests/test_phase156_r5_repair8_reference_owned_ancestor_closure.py,158,FunctionDef,test_phase156_r5_repair8_different_explicit_reference_is_not_absorbed_into_53,,declaration
tests/test_phase156_r5_repair8_reference_owned_ancestor_closure.py,261,FunctionDef,test_phase156_r5_repair8_53_reference_keeps_public_consequences,,declaration
tests/test_phase156_r5_repair8_reference_owned_ancestor_closure.py,80,Assignment,entries,build_toda_group_proof_narrative_reference_entries(presentation),candidate container
tests/test_phase156_r5_repair8_reference_owned_ancestor_closure.py,87,Assignment,entries,"exclude_toda_group_proof_narrative_root_reference(entries, empty_lines, presentation.root_step)",candidate container
tests/test_phase156_r5_repair8_reference_owned_ancestor_closure.py,105,Assignment,entries,_data(2),candidate container
tests/test_phase156_r5_repair8_reference_owned_ancestor_closure.py,159,Assignment,entries,_data(2),candidate container
tests/test_phase157_r11_r17_residual_narrative_defects.py,61,FunctionDef,_reference_and_body,,declaration
tests/test_phase157_r11_r17_residual_narrative_defects.py,81,FunctionDef,test_phase157_r11_r17_pi6_3_zero_map_statement_precedes_its_use,,declaration
tests/test_phase157_r11_r17_residual_narrative_defects.py,184,FunctionDef,test_phase157_r11_r17_target_group_public_references_have_body_markers,,declaration
tests/test_phase157_r11_r17_residual_narrative_defects.py,216,FunctionDef,test_phase157_r11_r17_ancestry_only_references_are_not_public,,declaration
tests/test_phase157_r11_r17_residual_narrative_defects.py,230,FunctionDef,test_phase157_r11_r17_needed_references_remain_public_and_linked,,declaration
tests/test_phase157_r11_reference_reason_punctuation.py,43,FunctionDef,_reference_and_body,,declaration
tests/test_phase157_r11_reference_reason_punctuation.py,59,FunctionDef,test_phase157_r11_r11_equation_53_reference_contains_fixed_hopf_value,,declaration
tests/test_phase157_r11_reference_reason_punctuation.py,79,FunctionDef,test_phase157_r11_r11_reference_reuse_is_explicit,,declaration
tests/test_phase157_r11_reference_reason_punctuation.py,224,FunctionDef,test_phase157_r11_r11_reference_keeps_all_used_equation_53_components,,declaration
tests/test_phase157_r11_reference_reason_punctuation.py,238,FunctionDef,test_phase157_r11_r11_reference_non_definition_lines_end_with_period,,declaration
tests/test_phase157_r11_reference_reason_punctuation.py,309,FunctionDef,test_phase157_r11_r14_used_prop53_reference_is_public,,declaration
tests/test_phase157_r19_pi6_3_reference_dependency_restoration.py,39,FunctionDef,_reference_and_body,,declaration
tests/test_phase157_r19_pi6_3_reference_dependency_restoration.py,55,FunctionDef,test_phase157_r19_pi6_3_has_five_named_public_references,,declaration
tests/test_phase157_r19_pi6_3_reference_dependency_restoration.py,184,FunctionDef,test_phase157_r19_pi6_3_uses_canonical_reference_consequences,,declaration
tests/test_phase157_r20_generic_dependency_architecture.py,11,FunctionDef,test_phase157_r20_prop22_is_first_class_literature_provenance,,declaration
tests/test_phase157_r20_generic_dependency_architecture.py,53,FunctionDef,test_phase157_r20_reference_selection_has_no_pi6_root_specialization,,declaration
tests/test_phase157_r20_generic_dependency_rendering.py,39,FunctionDef,test_phase157_r20_reference_dependencies_are_recovered_from_graph,,declaration
tests/test_phase157_r20_repair10_reference_local_specialization.py,39,FunctionDef,test_phase157_r20_repair10_public_references_are_dependency_specialized,,declaration
tests/test_phase157_r20_repair10_reference_local_specialization.py,104,FunctionDef,test_phase157_r20_repair10_body_uses_same_reference_specializations,,declaration
tests/test_phase157_r20_repair12_map_property_reference_support.py,39,FunctionDef,test_phase157_r20_repair12_pi7_5_reference_support_precedes_surjectivity,,declaration
tests/test_phase157_r20_repair12_map_property_reference_support.py,78,FunctionDef,test_phase157_r20_repair12_public_references_keep_r1_through_r5,,declaration
tests/test_phase157_r20_repair14_late_surjectivity_reference_support.py,72,FunctionDef,test_phase157_r20_repair14_removes_wrong_reference_from_map_property,,declaration
tests/test_phase157_r20_repair14_late_surjectivity_reference_support.py,91,FunctionDef,test_phase157_r20_repair14_public_reference_order_is_r1_through_r5,,declaration
tests/test_phase157_r20_repair31_reference_period_and_stale_frontier_tests.py,39,FunctionDef,test_phase157_r20_repair31_reference_prefixed_math_lines_end_with_period,,declaration
tests/test_phase157_r20_repair31_reference_period_and_stale_frontier_tests.py,55,FunctionDef,test_phase157_r20_repair31_r2_hopf_reference_line_ends_with_period,,declaration
tests/test_phase157_r20_repair35_reference_aware_eta_bridge_anchor.py,43,FunctionDef,test_phase157_r20_repair35_eta_bridge_precedes_reference_aware_prop22,,declaration
tests/test_phase157_r20_repair42_repeated_reference_restatements.py,43,FunctionDef,test_phase157_r20_repair42_hopf_fixed_statement_is_not_repeated,,declaration
tests/test_phase157_r20_repair42_repeated_reference_restatements.py,59,FunctionDef,test_phase157_r20_repair42_double_nu_fixed_statement_is_not_repeated,,declaration
tests/test_phase157_r20_repair43_dangling_connector_cleanup.py,95,FunctionDef,test_phase157_r20_repair43_removes_unreferenced_numbered_connector,,declaration
tests/test_phase157_r20_repair43_dangling_connector_cleanup.py,113,FunctionDef,test_phase157_r20_repair43_reference_marker_does_not_keep_redundant_connector_prefix,,declaration
tests/test_phase157_r20_repair45_relation_dependency_and_unique_step_dedup.py,64,FunctionDef,test_phase157_r20_repair45_prop22_specialization_stays_after_fixed_reference,,declaration
tests/test_phase157_r20_repair53_display_closing_fragment_normalization.py,127,FunctionDef,test_phase157_r20_repair53_pi6_3_public_narrative_is_unchanged_by_fragment_rule,,declaration
tests/test_phase157_r20_repair53_r3_fixed_reference_attribution.py,80,FunctionDef,test_phase157_r20_repair53_r3_n8_prop44_is_fixed_statement,,declaration
tests/test_phase157_r20_repair53_r3_fixed_reference_attribution.py,106,FunctionDef,test_phase157_r20_repair53_r3_reference_identity_uses_prop44,,declaration
tests/test_phase157_r20_repair53_r3_fixed_reference_attribution.py,155,FunctionDef,test_phase157_r20_repair53_r3_public_pi15_8_restores_prop44_reference,,declaration
tests/test_phase157_r20_repair53_r3_fixed_reference_attribution.py,131,Assignment,entries,build_toda_group_proof_narrative_reference_entries(presentation),candidate container
tests/test_phase157_r20_repair53_r3c_legacy_reference_marker_remapping.py,42,FunctionDef,_reference_section,,declaration
tests/test_phase157_r20_repair53_r3c_legacy_reference_marker_remapping.py,125,FunctionDef,test_phase157_r20_repair53_r5_pi15_8_has_no_stale_reference_number,,declaration
tests/test_phase157_r20_repair6_descendant_reference_usage.py,39,FunctionDef,test_phase157_r20_repair6_used_reference_ancestry_keeps_required_references,,declaration
tests/test_phase157_r20_repair6_descendant_reference_usage.py,54,FunctionDef,test_phase157_r20_repair6_has_no_target_specific_reference_recovery,,declaration
tests/test_phase157_r20_repair7_fixed_aggregate_carriers.py,41,FunctionDef,test_phase157_r20_repair7_fixed_aggregate_carriers_reach_reference_selection,,declaration
tests/test_phase157_r20_repair7_fixed_aggregate_carriers.py,80,FunctionDef,test_phase157_r20_repair7_has_no_target_specific_reference_logic,,declaration
tests/test_phase157_r20_repair8_reference_alias_descendants.py,41,FunctionDef,test_phase157_r20_repair8_equivalent_step_usage_keeps_required_references,,declaration
tests/test_phase157_r20_repair8_reference_alias_descendants.py,54,FunctionDef,test_phase157_r20_repair8_keeps_target_specific_reference_logic_absent,,declaration
tests/test_phase157_r2_literature_statement_boundary.py,184,FunctionDef,test_phase157_r2_different_theorem_fixed_group_result_remains_eligible,,declaration
tests/test_phase157_r2_literature_statement_boundary.py,212,FunctionDef,test_phase157_r2_fixed_prop56_group_step_is_classified_as_fixed_statement,,declaration
tests/test_phase157_r2_literature_statement_boundary.py,227,FunctionDef,test_phase157_r2_prop56_order_fact_is_classified_as_proof_internal,,declaration
tests/test_phase157_r2_literature_statement_boundary.py,270,FunctionDef,test_phase157_r2_equation53_public_relations_are_fixed_statements,,declaration
tests/test_phase157_r2_literature_statement_boundary.py,315,FunctionDef,test_phase157_r2_untracked_rule_in_tracked_reference_is_proof_internal,,declaration
tests/test_phase157_r2_literature_statement_boundary.py,28,Call,LiteratureReference,label='Toda ' + locator; locator=locator,candidate registration (not unique)
tests/test_phase157_r3_pi6_3_reference_boundary.py,40,FunctionDef,_reference_and_body,,declaration
tests/test_phase157_r3_pi6_3_reference_boundary.py,57,FunctionDef,test_phase157_r3_pi6_3_reference_uses_earlier_prop56_group_result,,declaration
tests/test_phase157_r3_pi6_3_reference_boundary.py,75,FunctionDef,test_phase157_r3_pi6_3_reference_keeps_only_fixed_prop53_group_fact,,declaration
tests/test_phase157_r3_pi6_3_reference_boundary.py,95,FunctionDef,test_phase157_r3_pi6_3_reference_rehomes_pi6_5_to_prop51_fixed_family,,declaration
tests/test_phase157_r3_pi6_3_reference_boundary.py,108,FunctionDef,test_phase157_r3_pi6_3_reference_excludes_untracked_proof_machinery,,declaration
tests/test_phase157_r3_pi6_3_reference_boundary.py,122,FunctionDef,test_phase157_r3_pi6_3_reference_retains_fixed_53_components,,declaration
tests/test_phase157_r3_repair3_recursive_internal_recovery.py,40,FunctionDef,_find_recursive_rule,,declaration
tests/test_phase157_r4_r2_boundary_catalog.py,33,FunctionDef,test_phase157_r4_r2_prop511_inventory_matches_fixed_finite_dimensional_statement,,declaration
tests/test_phase157_r4_r2_boundary_catalog.py,59,FunctionDef,test_phase157_r4_r2_prop515_inventory_matches_fixed_finite_dimensional_statement,,declaration
tests/test_phase157_r4_r2_boundary_catalog.py,90,FunctionDef,test_phase157_r4_r2_prop515_same_theorem_group_order_allows_only_earlier_results,,declaration
tests/test_phase157_r4_r2_boundary_catalog.py,110,FunctionDef,test_phase157_r4_r2_lemma513_fixed_statement_is_registered,,declaration
tests/test_phase157_r4_r2_boundary_catalog.py,215,FunctionDef,test_phase157_r4_r2_equation55_nu_family_fixed_statement_is_registered,,declaration
tests/test_phase157_r4_r2_boundary_catalog.py,25,Call,LiteratureReference,label='Toda ' + locator; locator=locator,candidate registration (not unique)
tests/test_phase157_r4_r3_reference_selection_integration.py,27,FunctionDef,_reference,,declaration
tests/test_phase157_r4_r3_reference_selection_integration.py,54,FunctionDef,test_phase157_r4_r3_filter_keeps_only_earlier_fixed_same_theorem_group_result,,declaration
tests/test_phase157_r4_r3_reference_selection_integration.py,30,Call,LiteratureReference,label='Toda ' + locator; locator=locator,candidate registration (not unique)
tests/test_phase157_r4_r3_repair1_reference_retention.py,27,FunctionDef,_reference,,declaration
tests/test_phase157_r4_r3_repair1_reference_retention.py,181,FunctionDef,test_phase157_r4_r3_restore_does_not_add_unused_fixed_reference,,declaration
tests/test_phase157_r4_r3_repair1_reference_retention.py,122,Assignment,restored_entries,"restore_phase157_r4_representative_fixed_reference_entries_after_body_usage((lemma_entry, prop511_entry), {1: ('sigma-triple-prime fixed',), 2: ('pi10_4 fixed',)}, (filtered_prop511_entry,), {1: ('pi10_4 fixed',)}, 'uses [R1]', root_step, frozenset({",candidate container
tests/test_phase157_r4_r3_repair1_reference_retention.py,228,Assignment,restored_entries,"restore_phase157_r4_representative_fixed_reference_entries_after_body_usage((unused_entry, retained_entry), {1: ('unused',), 2: ('retained',)}, (filtered_retained_entry,), {1: ('retained',)}, 'uses [R1]', root_step, frozenset({id(retained_step)}))",candidate container
tests/test_phase157_r4_r3_repair1_reference_retention.py,30,Call,LiteratureReference,label='Toda ' + locator; locator=locator,candidate registration (not unique)
tests/test_phase157_r5_r10_reference_proof_boundary_qed.py,54,FunctionDef,_assert_reference_proof_boundary,,declaration
tests/test_phase157_r5_r10_reference_proof_boundary_qed.py,99,FunctionDef,test_phase157_r5_r10_public_reference_proof_boundary,,declaration
tests/test_phase157_r5_r10_reference_proof_boundary_qed.py,164,FunctionDef,test_phase157_r5_r10_separator_parser_recognizes_horizontal_rule,,declaration
tests/test_phase157_r5_r10_reference_proof_boundary_qed.py,219,FunctionDef,test_phase157_r5_r10_pi6_3_proof_body_does_not_repeat_reference_intro,,declaration
tests/test_phase157_r5_r3_boundary_catalog_expansion.py,279,FunctionDef,test_phase157_r5_r3_aggregate_fixed_statements_do_not_expand_component_inventory,,declaration
tests/test_phase157_r5_r3_boundary_catalog_expansion.py,242,Call,LiteratureReference,label='Toda ' + locator; locator=locator,candidate registration (not unique)
tests/test_phase157_r5_r4_generic_reference_selection.py,14,FunctionDef,_reference,,declaration
tests/test_phase157_r5_r4_generic_reference_selection.py,166,Assignment,restored_entries,"restore_toda_group_proof_narrative_fixed_reference_entries_after_body_usage((used_entry, retained_entry), {1: ('used fixed',), 2: ('retained fixed',)}, (filtered_retained_entry,), {1: ('retained fixed',)}, 'uses [R1]', root_step, frozenset({id(used_s",candidate container
tests/test_phase157_r5_r4_generic_reference_selection.py,17,Call,LiteratureReference,label='Toda ' + locator; locator=locator,candidate registration (not unique)
tests/test_phase157_r5_r6_53_bracket_definition_reference.py,73,FunctionDef,test_phase157_r5_r6_53_bracket_definition_source_is_fixed_statement,,declaration
tests/test_phase157_r5_r6_53_bracket_definition_reference.py,142,FunctionDef,test_phase157_r5_r6_pi6_reference_53_displays_bracket_definition,,declaration
tests/test_phase157_r5_r9_fixed_definition_body_suppression.py,47,FunctionDef,_reference_and_body,,declaration
tests/test_phase157_r5_r9_fixed_definition_body_suppression.py,65,FunctionDef,test_phase157_r5_r9_fixed_definition_remains_in_reference,,declaration
tests/test_phase157_r5_r9_fixed_definition_body_suppression.py,111,FunctionDef,test_phase157_r5_r9_fixed_definition_statement_is_not_repeated_in_body,,declaration
tests/test_phase157_r5_r9_fixed_definition_body_suppression.py,126,FunctionDef,test_phase157_r5_r9_body_starts_with_next_argument_after_reference_boundary,,declaration
tests/test_phase158_r5_4_repair_common_equation_numbering.py,61,FunctionDef,_reference_lines,,declaration
tests/test_phase158_r5_4_repair_common_equation_numbering.py,108,FunctionDef,test_phase158_r5_4_repair_numbers_only_equations_referenced_later,,declaration
tests/test_phase158_r5_4_repair_common_equation_numbering.py,138,FunctionDef,test_phase158_r5_4_repair_pi8_5_does_not_create_forward_equation_references,,declaration
tests/test_phase159_pi3_2_post_reference_locality_reapply.py,92,FunctionDef,test_phase159_pi3_2_post_reference_exactness_locality_is_final,,declaration
tests/test_phase159_pi3_2_post_reference_locality_reapply.py,115,FunctionDef,test_phase159_pi3_2_post_reference_definition_premises_are_final,,declaration
tests/test_phase159_pi3_2_post_reference_locality_reapply.py,140,FunctionDef,test_phase159_pi3_2_post_reference_dependency_chain_is_preserved,,declaration
tests/test_phase159_pi4_3_exactness_reason_unification.py,174,FunctionDef,test_phase159_exactness_to_kernel_builder_has_no_pi4_or_rule_name_special_case,,declaration
tests/test_phase159_pi4_3_prop51_direct_delta_provenance.py,104,FunctionDef,test_phase159_repair1_generic_direct_delta_image_rule_matches,,declaration
tests/test_phase159_pi4_3_prop51_direct_delta_provenance.py,130,FunctionDef,test_phase159_repair1_generic_direct_delta_image_rule_derives_image,,declaration
tests/test_phase159_pi4_3_prop51_direct_delta_provenance.py,176,FunctionDef,test_phase159_repair1_generic_direct_delta_image_rule_rejects_wrong_generator,,declaration
tests/test_phase159_pi4_3_prop51_direct_delta_provenance.py,221,FunctionDef,test_phase159_repair1_phase50_image_uses_prop51_direct_delta_statement,,declaration
tests/test_phase159_pi4_3_repair1c_prop56_direct_prop51_dependency.py,81,FunctionDef,test_phase159_repair1c_standard_production_repository_builds,,declaration
tests/test_phase159_pi4_3_repair1c_prop56_direct_prop51_dependency.py,82,Assignment,repository,build_standard_production_proof_repository(),candidate container
tests/test_phase159_pi4_3_repair2g_reference_policy.py,85,FunctionDef,_reference_section,,declaration
tests/test_phase159_pi4_3_repair2g_reference_policy.py,278,FunctionDef,test_phase159_repair2g_pi4_depth2_closure_reaches_delta_reference_sources,,declaration
tests/test_phase159_pi4_3_repair2g_reference_policy.py,323,FunctionDef,test_phase159_repair2g_pi4_public_reference_policy_is_51_then_prop51,,declaration
tests/test_phase159_pi4_3_repair2g_reference_policy.py,382,FunctionDef,test_phase159_repair2g_pi3_keeps_single_51_reference_policy,,declaration
tests/test_phase159_pi4_3_repair2g_reference_policy.py,401,FunctionDef,test_phase159_repair2g_ehp_exactness_is_not_a_reference,,declaration
tests/test_phase159_pi_nplus1_n_stable_transport.py,26,FunctionDef,test_phase159_repair3_pi5_4_reference_is_general_toda45_and_prop51,,declaration
tests/test_phase159_r1_2_pi3_2_closure.py,89,FunctionDef,test_phase159_r1_2_pi3_2_omits_empty_reference_section,,declaration
tests/test_phase159_r1_6a_foundational_reference_identity.py,15,FunctionDef,test_phase159_r1_6a_foundational_reference_is_superseded_by_toda_51,,declaration
tests/test_phase159_r1_6b_toda51_attribution.py,86,FunctionDef,test_phase159_r1_6b_pi3_2_low_dimensional_facts_are_toda_51_fixed_statements,,declaration
tests/test_phase159_r1_6b_toda51_attribution.py,134,FunctionDef,test_phase159_r1_6b_pi3_2_public_reference_uses_single_toda_51_entry,,declaration
tests/test_phase159_r1_6b_toda51_attribution.py,174,FunctionDef,test_phase159_r1_6b_pi3_2_number_tags_include_map_property_statement,,declaration
tests/test_phase159_r1_6b_toda51_attribution.py,208,FunctionDef,test_phase159_r1_6b_pi3_2_has_no_foundational_reference_labels,,declaration
tests/test_phase159_r1_6c_source_faithful_reference_linkage.py,35,FunctionDef,test_phase159_r1_6c_toda_51_reference_is_source_faithful,,declaration
tests/test_phase159_r1_6c_source_faithful_reference_linkage.py,99,FunctionDef,test_phase159_r1_6c_proof_body_links_reference_and_exactness,,declaration
tests/test_phase159_r1_6c_source_faithful_reference_linkage.py,154,FunctionDef,test_phase159_r1_6c_statement_numbers_are_outside_math,,declaration
tests/test_phase159_r1_6d_specialization_reference_linkage_finalization.py,81,FunctionDef,test_phase159_r1_6d_reference_marker_spacing_is_normalized,,declaration
tests/test_phase159_r1_6d_target_group_fact_order.py,35,FunctionDef,test_phase159_r1_6d_target_group_fact_follows_surjectivity,,declaration
tests/test_phase159_r1_6d_target_group_fact_order.py,80,FunctionDef,test_phase159_r1_6d_target_group_fact_is_not_before_surjectivity,,declaration
tests/test_phase159_r1_7c_r2_equality_transitivity_collapse.py,90,FunctionDef,test_phase159_r1_7c_r2_helper_has_no_group_or_theorem_special_case,,declaration
tests/test_phase159_r1_7c_r2_repair6_semantic_rendered_equality_chain.py,116,FunctionDef,test_phase159_r1_7c_r2_repair6_has_no_group_or_theorem_special_case,,declaration
tests/test_phase159_r1_7c_r3_repair4_reference_component_pruning.py,48,FunctionDef,_phase159_r1_7c_r3_repair4_reference_part,,declaration
tests/test_phase159_r1_7c_r3_repair4_reference_component_pruning.py,125,FunctionDef,test_phase159_r1_7c_r3_repair4_pi11_4_keeps_prop44_reference,,declaration
tests/test_phase159_r1_7c_r3_repair4_reference_component_pruning.py,178,FunctionDef,test_phase159_r1_7c_r3_repair4_nonmatching_pi6_3_reference_is_unchanged,,declaration
tests/test_phase159_r1_7c_r4_equation_reference_order_repair1.py,75,FunctionDef,test_phase159_r1_7c_r4_pi3_2_keeps_valid_backward_equation_references,,declaration
tests/test_phase159_r1_7c_r4_equation_reference_order_repair1.py,104,FunctionDef,test_phase159_r1_7c_r4_reorder_helper_moves_only_forward_reference_conclusion,,declaration
tests/test_phase159_r1_7c_r4_equation_reference_order_repair1.py,143,FunctionDef,test_phase159_r1_7c_r4_reorder_helper_leaves_missing_reference_untouched,,declaration
tests/test_phase159_r1_7c_r4_generator_canonicalization_repair1.py,127,FunctionDef,test_phase159_r1_7c_r4_repair1_public_pi6_3_reference_uses_eta5_squared,,declaration
tests/test_phase159_r1_7c_r4_map_property_dearu_public_normalization.py,114,FunctionDef,test_phase159_r1_7c_r4_reference_section_is_not_normalized,,declaration
tests/test_phase159_r1_7c_r4_repair6_residual_proof_prose_normalization.py,51,FunctionDef,_reference,,declaration
tests/test_phase159_r1_7c_r4_repair6_residual_proof_prose_normalization.py,101,FunctionDef,test_phase159_r1_7c_r4_repair6_reference_and_r3_pruning_are_preserved,,declaration
tests/test_phase160_generic_finite_cyclic_transport.py,85,FunctionDef,test_phase160_r4_generic_rule_matches_pi4_3_canonical_transport,,declaration
tests/test_phase160_generic_finite_cyclic_transport.py,235,FunctionDef,test_phase160_r4_generic_rule_matches_pi16_9_canonical_transport,,declaration
tests/test_phase160_remaining_stable_production.py,65,FunctionDef,_rule_names,,declaration
tests/test_phase161_pi4_2_restored_reference_relink.py,39,FunctionDef,test_phase161_r3_pi4_2_reference_keeps_toda52_after_r4_frontier_refinement,,declaration
tests/test_phase161_r4_literature_premise_matching.py,72,FunctionDef,test_r4_unrelated_goal_has_no_literature_plan,,declaration
tests/test_phase161_r4_pi4_2_specialization_frontier.py,98,FunctionDef,test_phase161_r4_pi4_2_same_locator_fixed_statement_survives_root_exclusion,,declaration
tests/test_phase161_r4_pi4_2_specialization_frontier.py,166,FunctionDef,test_phase161_r4_pi4_2_public_reference_is_general_and_body_is_specialized,,declaration
tests/test_phase161_r4_pi4_2_specialization_frontier.py,69,Assignment,entries,build_toda_group_proof_narrative_reference_entries(presentation),candidate container
tests/test_phase161_r4_pi4_2_specialization_frontier.py,74,Assignment,entries,"filter_toda_group_proof_narrative_reference_entries_by_fixed_statement_boundary(entries, presentation.root_step)",candidate container
tests/test_phase161_r4_pi4_2_specialization_frontier.py,84,Assignment,entries,"exclude_toda_group_proof_narrative_root_reference(entries, statement_lines, presentation.root_step)",candidate container
tests/test_phase161_r4_pi4_2_specialization_frontier.py,99,Assignment,entries,_phase161_r4_frontier_entries(),candidate container
tests/test_phase161_r4_pi4_2_specialization_frontier.py,103,Assignment,toda52_entries,tuple((entry for entry in entries if entry.reference.locator == '(5.2)')),candidate container
tests/test_phase161_r4_pi4_2_specialization_frontier.py,122,Assignment,entries,_phase161_r4_frontier_entries(),candidate container
tests/test_phase161_r4_r3_fixed_frontier_internal_ancestry.py,51,Assignment,entries,build_toda_group_proof_narrative_reference_entries(presentation),candidate container
tests/test_phase161_r4_r3_fixed_frontier_internal_ancestry.py,56,Assignment,entries,"filter_toda_group_proof_narrative_reference_entries_by_fixed_statement_boundary(entries, presentation.root_step)",candidate container
tests/test_phase161_r4_r3_fixed_frontier_internal_ancestry.py,66,Assignment,entries,"exclude_toda_group_proof_narrative_root_reference(entries, statement_lines, presentation.root_step)",candidate container
tests/test_phase161_r4_r3_fixed_frontier_internal_ancestry.py,82,Assignment,entries,_phase161_r4_r3_pi4_2_data(),candidate container
tests/test_phase161_r4_r3_fixed_frontier_internal_ancestry.py,137,Assignment,entries,_phase161_r4_r3_pi4_2_data(),candidate container
tests/test_phase161_r4_r4_restore_global_frontier.py,64,Assignment,entries,build_toda_group_proof_narrative_reference_entries(presentation),candidate container
tests/test_phase161_r4_r4_restore_global_frontier.py,69,Assignment,entries,"filter_toda_group_proof_narrative_reference_entries_by_fixed_statement_boundary(entries, presentation.root_step)",candidate container
tests/test_phase161_r4_r4_restore_global_frontier.py,79,Assignment,entries,"exclude_toda_group_proof_narrative_root_reference(entries, statement_lines, presentation.root_step)",candidate container
tests/test_phase161_r4_r4_restore_global_frontier.py,93,Assignment,entries,build_toda_group_proof_narrative_reference_entries(presentation),candidate container
tests/test_phase161_r4_r4_restore_global_frontier.py,102,Assignment,entries,"exclude_toda_group_proof_narrative_root_reference(entries, statement_lines, presentation.root_step)",candidate container
tests/test_phase161_r4_r4_restore_global_frontier.py,122,Assignment,entries,_phase161_r4_r4_pi4_2_entries(presentation),candidate container
tests/test_phase161_r4_r4_restore_global_frontier.py,196,Assignment,entries,_phase161_r4_r4_phase156_frontier_entries(presentation),candidate container
tests/test_phase161_r4_r5_pi4_3_prop51_reference_linkage.py,157,FunctionDef,test_phase161_r4_r5_pi4_2_public_reference_is_general_prop51,,declaration
tests/test_phase161_r4_r5_repair11_effective_reference_source_component.py,58,Assignment,entries,build_toda_group_proof_narrative_reference_entries(presentation),candidate container
tests/test_phase161_r4_r5_repair12_fixed_component_source_resolution.py,59,Assignment,entries,build_toda_group_proof_narrative_reference_entries(presentation),candidate container
tests/test_phase161_r4_r5_repair12_fixed_component_source_resolution.py,109,Assignment,entries,build_toda_group_proof_narrative_reference_entries(presentation),candidate container
tests/test_phase161_r4_r5_repair13_reference_selection_source_binding.py,55,FunctionDef,test_phase161_r4_r5_repair13_reference_selection_binds_prop51_component_source,,declaration
tests/test_phase161_r4_r5_repair13_reference_selection_source_binding.py,118,FunctionDef,test_phase161_r4_r5_repair13_public_reference_has_52_and_prop51,,declaration
tests/test_phase161_r4_r5_repair13_reference_selection_source_binding.py,59,Assignment,entries,build_toda_group_proof_narrative_reference_entries(presentation),candidate container
tests/test_phase161_r4_r5_repair13_reference_selection_source_binding.py,62,Assignment,entries,"filter_toda_group_proof_narrative_reference_entries_by_fixed_statement_boundary(entries, presentation.root_step)",candidate container
tests/test_phase161_r4_r5_repair13_reference_selection_source_binding.py,69,Assignment,normalized_entries,"_select_toda_group_proof_narrative_reference_entries_and_statement_lines(presentation, entries)",candidate container
tests/test_phase161_r4_r5_repair13_reference_selection_source_binding.py,76,Assignment,prop51_entries,tuple((entry for entry in normalized_entries if entry.reference.locator == 'Proposition 5.1')),candidate container
tests/test_phase161_r4_r5_repair14_reference_locator_dedup.py,88,FunctionDef,test_phase161_r4_r5_repair14_public_reference_has_52_and_prop51,,declaration
tests/test_phase161_r4_r5_repair14_reference_locator_dedup.py,55,Assignment,entries,build_toda_group_proof_narrative_reference_entries(presentation),candidate container
tests/test_phase161_r4_r5_repair14_reference_locator_dedup.py,59,Assignment,prop51_entries,tuple((entry for entry in entries if entry.reference.locator == 'Proposition 5.1')),candidate container
tests/test_phase161_r4_r5_repair16_prop51_higher_eta_fixed_boundary.py,86,FunctionDef,test_phase161_r4_r5_repair16_public_reference_keeps_general_prop51,,declaration
tests/test_phase161_r4_r5_repair4_zero_marker_consumer_linkage.py,39,FunctionDef,test_phase161_r4_r5_repair4_links_zero_marker_reference_to_pi4_3,,declaration
tests/test_phase161_r4_repair1_pi4_2_semantic_frontier.py,190,FunctionDef,test_phase161_r4_repair1_public_pi4_2_has_general_reference_and_specialized_body,,declaration
tests/test_phase161_r4_repair1_pi4_2_semantic_frontier.py,67,Assignment,entries,build_toda_group_proof_narrative_reference_entries(presentation),candidate container
tests/test_phase161_r4_repair1_pi4_2_semantic_frontier.py,72,Assignment,entries,"filter_toda_group_proof_narrative_reference_entries_by_fixed_statement_boundary(entries, presentation.root_step)",candidate container
tests/test_phase161_r4_repair1_pi4_2_semantic_frontier.py,82,Assignment,entries,"exclude_toda_group_proof_narrative_root_reference(entries, statement_lines, presentation.root_step)",candidate container
tests/test_phase161_r4_repair1_pi4_2_semantic_frontier.py,97,Assignment,entries,_phase161_r4_repair1_entries(),candidate container
tests/test_phase161_r4_repair1_pi4_2_semantic_frontier.py,153,Assignment,entries,_phase161_r4_repair1_entries(),candidate container
tests/test_phase161_r5_backward_proof_reconstruction.py,67,FunctionDef,test_phase161_r5_rejects_missing_literature_evidence,,declaration
tests/test_phase161_r6_proof_reconstruction_audit.py,60,FunctionDef,test_phase161_r6_each_literature_witness_is_necessary,,declaration
tests/test_phase161_r6_proof_reconstruction_audit.py,73,FunctionDef,test_phase161_r6_records_unverified_literature_ancestry_boundary,,declaration
tests/test_phase162_r3_2_reference_display.py,27,FunctionDef,test_phase162_r3_2_reference_is_only_fixed_statements,,declaration
tests/test_phase162_r3_2_reference_display.py,39,FunctionDef,test_phase162_r3_2_fixed_statements_are_outside_proof_body,,declaration
tests/test_phase162_r3_2_reference_display.py,29,Assignment,entries,build_validated_proof_reference_entries(presentation),candidate container
tests/test_phase162_r3_2_reference_display.py,41,Assignment,entries,build_validated_proof_reference_entries(presentation),candidate container
tests/test_phase162_r3_narrative_connection.py,60,FunctionDef,test_r3_reference_section_is_preserved_verbatim,,declaration
tests/test_phase162_r3_narrative_connection.py,67,FunctionDef,test_r3_rejects_invalid_root_rule,,declaration
tests/test_phase162_r3_narrative_connection.py,84,FunctionDef,test_r3_public_reference_adapter_uses_existing_renderer,,declaration
tests/test_phase162_r3a_presentation_audit.py,47,FunctionDef,test_phase162_r3a_bridge_target_uses_existing_rule_generator_identity,,declaration
tests/test_phase162_r3h_reason_inventory.py,25,Assignment,entries,inventory,candidate container
tests/test_phase162_r3h_reason_inventory.py,33,Assignment,entries,inventory,candidate container
tests/test_phase162_r3h_reason_inventory.py,43,Assignment,entries,inventory,candidate container
tests/test_phase162_r3h_reason_inventory.py,51,Assignment,entries,inventory,candidate container
tests/test_phase162_r3i_semantic_sidecar_audit.py,28,Assignment,entries,audit,candidate container
tests/test_phase162_r3i_semantic_sidecar_audit.py,35,Assignment,entries,audit,candidate container
tests/test_phase162_r3j_inference_rule_audit.py,45,FunctionDef,test_phase162_r3j_replayed_rule_is_not_counted_as_prose,,declaration
tests/test_phase162_r3j_inference_rule_audit.py,28,Assignment,entries,audit,candidate container
tests/test_phase162_r3j_inference_rule_audit.py,36,Assignment,entries,audit,candidate container
tests/test_phase162_r3j_inference_rule_audit.py,46,Assignment,entries,audit,candidate container
tests/test_phase162_r3k_rule_meaning_audit.py,28,Assignment,entries,audit,candidate container
tests/test_phase162_r3k_rule_meaning_audit.py,35,Assignment,entries,audit,candidate container
tests/test_phase162_r3k_rule_meaning_audit.py,43,Assignment,entries,audit,candidate container
tests/test_phase162_r3k_rule_meaning_audit.py,74,Assignment,entries,audit,candidate container
tests/test_phase162_r4_b2_concrete_transport.py,16,FunctionDef,test_phase162_r4_b2_1stem_concrete_transport_keeps_rule_ancestry,,declaration
tests/test_phase162_r4_b2_concrete_transport.py,35,FunctionDef,test_phase162_r4_b2_does_not_modify_original_repository_root,,declaration
tests/test_phase162_r4_b3_common_renderer_audit.py,7,FunctionDef,test_phase162_r4_b3_derived_replay_and_reference_audit,,declaration
tests/test_phase162_r4_b_common_renderer_link.py,32,Assignment,facts,extract_suspension_transport_facts(presentation.root_step),candidate container
tests/test_phase162_r4_b_transport_facts.py,13,Assignment,facts,extract_suspension_transport_facts(presentation.root_step),candidate container
tests/test_phase162_r4_b_transport_facts.py,31,Assignment,facts,extract_suspension_transport_facts(presentation.root_step),candidate container
tests/test_phase162_r4_b_transport_facts.py,44,Assignment,facts,extract_suspension_transport_facts(root),candidate container
tests/test_phase162_r4_narrative_refinement.py,49,FunctionDef,test_phase162_r4_preserves_verified_root_and_reference_boundary,,declaration
tests/test_phase162_r5_2_general_reference_schema.py,38,FunctionDef,test_phase162_r5_2_nu_prime_definition_is_in_reference,,declaration
tests/test_phase162_r5_3_reference_application_separation.py,15,FunctionDef,test_phase162_r5_3_direct_references_follow_proofstep_identity,,declaration
tests/test_phase162_r5_3_reference_application_separation.py,41,FunctionDef,test_phase162_r5_3_reference_general_forms_and_applied_body_separate,,declaration
tests/test_phase162_r5_3_reference_application_separation.py,18,Assignment,entries,build_validated_proof_reference_entries(presentation),candidate container
tests/test_phase162_r5_6_proof_relevance_reference_attribution.py,50,FunctionDef,test_phase162_r5_6_reference_ancestry_has_no_fabricated_markers,,declaration
tests/test_phase162_r5_6_repair2_direct_reference_attribution.py,15,FunctionDef,test_phase162_r5_6_repair2_core_steps_cite_only_direct_literature_premises,,declaration
tests/test_phase27_theorem_connection.py,78,FunctionDef,test_phase27_6_derived_definedness_matches_production_theorem_bracket,,declaration
tests/test_phase27_theorem_connection.py,95,FunctionDef,test_phase27_6_theorem_repository_materializes_matching_theorem_step,,declaration
tests/test_phase27_theorem_connection.py,122,FunctionDef,test_phase27_6_existing_theorem_rule_accepts_actual_derived_definedness,,declaration
tests/test_phase27_theorem_connection.py,182,FunctionDef,test_phase27_6_theorem_rule_does_not_apply_without_actual_definedness,,declaration
tests/test_phase27_theorem_connection.py,518,FunctionDef,test_phase27_9_end_to_end_provenance_excludes_unrelated_fact,,declaration
tests/test_phase27_theorem_connection.py,624,Assignment,zero_facts_before,ZERO_COMPOSITION_FACT_REPOSITORY.facts,candidate container
tests/test_phase27_theorem_connection.py,628,Assignment,theorem_entries_before,THEOREM_FACT_REPOSITORY.entries,candidate container
tests/test_phase30_prop22.py,189,FunctionDef,test_phase30_1_right_hopf_formula_distinguishes_unsuspended_right_factor,,declaration
tests/test_phase30_prop22.py,243,FunctionDef,test_phase30_2_phase11_hopf_statement_is_distinct_from_map_application_relation,,declaration
tests/test_phase30_prop22.py,273,FunctionDef,test_phase30_2_phase11_hopf_statement_preserves_expression_and_value_without_map_symbol,,declaration
tests/test_phase30_prop22.py,1283,FunctionDef,test_phase30_6_different_right_factor_does_not_close_prop22_formula,,declaration
tests/test_phase30_prop22.py,1571,FunctionDef,test_phase30_6_right_composition_rule_is_applied_as_single_staged_step,,declaration
tests/test_phase30_prop22.py,1797,FunctionDef,test_phase30_7_right_composition_rule_remains_staged_outside_terminal_rule_set,,declaration
tests/test_phase30_prop22.py,1915,FunctionDef,test_phase30_9_unrelated_base_hopf_fact_does_not_close_right_formula,,declaration
tests/test_phase30_prop22.py,2221,FunctionDef,test_phase30_direct_toda_prop22_right_formula_requires_no_hopf_value_fact,,declaration
tests/test_phase32_prop22.py,103,FunctionDef,test_phase32_1_left_hopf_formula_preserves_suspended_left_factor,,declaration
tests/test_phase32_prop22.py,279,FunctionDef,test_phase32_1_left_hopf_formula_distinguishes_unsuspended_left_factor,,declaration
tests/test_phase32_prop22.py,403,FunctionDef,test_phase32_2_hopf_statement_and_actual_h_equality_are_distinct,,declaration
tests/test_phase32_prop22.py,453,FunctionDef,test_phase32_2_hopf_statement_preserves_left_formula_structure_without_map_identity,,declaration
tests/test_phase32_prop22.py,574,FunctionDef,test_phase32_2_same_expression_and_value_do_not_collapse_statement_families,,declaration
tests/test_phase32_prop22.py,634,FunctionDef,test_phase32_3_left_composition_law_statement_preserves_minimum_structure,,declaration
tests/test_phase32_prop22.py,661,FunctionDef,test_phase32_3_left_composition_law_statement_has_structural_equality,,declaration
tests/test_phase32_prop22.py,692,FunctionDef,test_phase32_3_left_composition_law_statement_distinguishes_alpha,,declaration
tests/test_phase32_prop22.py,728,FunctionDef,test_phase32_3_left_composition_law_statement_distinguishes_beta,,declaration
tests/test_phase32_prop22.py,764,FunctionDef,test_phase32_3_left_composition_law_statement_distinguishes_gamma,,declaration
tests/test_phase32_prop22.py,1111,FunctionDef,test_phase32_5_base_hopf_statement_bridges_to_actual_h_equality,,declaration
tests/test_phase32_prop22.py,1305,FunctionDef,test_phase32_5_base_hopf_fact_reaches_left_composed_actual_h_equality,,declaration
tests/test_phase32_prop22.py,1521,FunctionDef,test_phase32_6_base_hopf_fact_closes_left_prop22_formula,,declaration
tests/test_phase32_prop22.py,2038,FunctionDef,test_phase32_7_left_formula_requires_explicit_law_statement,,declaration
tests/test_phase32_prop22.py,2152,FunctionDef,test_phase32_direct_toda_prop22_left_formula_requires_no_hopf_value_fact,,declaration
tests/test_phase33_barratt_hilton.py,455,FunctionDef,test_phase33_3_even_scalar_fact_accepts_compound_scalar_expression,,declaration
tests/test_phase33_barratt_hilton.py,483,FunctionDef,test_phase33_3_odd_scalar_fact_accepts_compound_scalar_expression,,declaration
tests/test_phase33_barratt_hilton.py,714,FunctionDef,test_phase33_3_even_sign_rule_rejects_odd_fact,,declaration
tests/test_phase33_barratt_hilton.py,741,FunctionDef,test_phase33_3_odd_sign_rule_rejects_even_fact,,declaration
tests/test_phase33_barratt_hilton.py,2045,FunctionDef,test_phase33_6_formula_is_structural_statement_not_barratt_hilton_inference,,declaration
tests/test_phase33_barratt_hilton.py,2198,FunctionDef,test_phase33_7_scalar_structure_does_not_imply_parity_fact,,declaration
tests/test_phase33_barratt_hilton.py,2405,FunctionDef,test_phase33_7_symbolic_sign_is_not_evaluated_without_parity_fact,,declaration
tests/test_phase34_barratt_hilton.py,122,FunctionDef,test_phase34_1_generator_ambient_group_fact_is_generator_specific,,declaration
tests/test_phase34_barratt_hilton.py,150,FunctionDef,test_phase34_1_generic_membership_statement_is_subgroup_membership,,declaration
tests/test_phase34_barratt_hilton.py,170,FunctionDef,test_phase34_1_current_membership_statement_has_no_homotopy_group_dimensions,,declaration
tests/test_phase34_barratt_hilton.py,262,FunctionDef,test_phase34_2_barratt_hilton_first_theorem_rule_derives_first_formula,,declaration
tests/test_phase34_barratt_hilton.py,383,FunctionDef,test_phase34_2_barratt_hilton_first_theorem_rule_preserves_inference_premises,,declaration
tests/test_phase34_barratt_hilton.py,482,FunctionDef,test_phase34_3_first_rule_ignores_unrelated_available_membership_premise,,declaration
tests/test_phase34_barratt_hilton.py,597,FunctionDef,test_phase34_3_first_rule_rejects_missing_b_membership,,declaration
tests/test_phase34_barratt_hilton.py,660,FunctionDef,test_phase34_3_first_rule_rejects_wrong_a_group_dimension,,declaration
tests/test_phase34_barratt_hilton.py,739,FunctionDef,test_phase34_3_first_rule_rejects_wrong_a_sphere_dimension,,declaration
tests/test_phase34_barratt_hilton.py,818,FunctionDef,test_phase34_3_first_rule_rejects_wrong_b_group_dimension,,declaration
tests/test_phase34_barratt_hilton.py,897,FunctionDef,test_phase34_3_first_rule_rejects_wrong_b_sphere_dimension,,declaration
tests/test_phase34_barratt_hilton.py,976,FunctionDef,test_phase34_3_first_rule_rejects_membership_of_different_element,,declaration
tests/test_phase34_barratt_hilton.py,1060,FunctionDef,test_phase34_4_barratt_hilton_second_theorem_rule_derives_second_formula,,declaration
tests/test_phase34_barratt_hilton.py,1178,FunctionDef,test_phase34_4_second_theorem_rule_reuses_barratt_hilton_membership_premises,,declaration
tests/test_phase34_barratt_hilton.py,1277,FunctionDef,test_phase34_4_first_and_second_theorem_rules_derive_distinct_formulas,,declaration
tests/test_phase34_barratt_hilton.py,1406,FunctionDef,test_phase34_5_toda_prop_3_1_reference_is_structured_literature_reference,,declaration
tests/test_phase34_barratt_hilton.py,1643,FunctionDef,test_phase34_6_first_formula_even_sign_reduction_connects_to_theorem_rhs,,declaration
tests/test_phase34_barratt_hilton.py,2199,FunctionDef,test_phase34_6_second_formula_even_sign_reduction_connects_to_theorem_rhs,,declaration
tests/test_phase34_barratt_hilton.py,2364,FunctionDef,test_phase34_7_first_theorem_rule_does_not_rewrite_smash_product_without_membership_premises,,declaration
tests/test_phase34_barratt_hilton.py,2420,FunctionDef,test_phase34_7_first_theorem_rule_does_not_use_formula_itself_as_applicability_premise,,declaration
tests/test_phase34_barratt_hilton.py,2504,FunctionDef,test_phase34_7_theorem_derivation_does_not_automatically_evaluate_first_sign,,declaration
tests/test_phase34_barratt_hilton.py,2628,FunctionDef,test_phase34_7_theorem_derived_symbolic_suspensions_do_not_gain_source_target_typing,,declaration
tests/test_phase34_barratt_hilton.py,2736,FunctionDef,test_phase34_7_barratt_hilton_theorem_does_not_introduce_actual_h_map_application,,declaration
tests/test_phase35_actual_h_calculation.py,257,FunctionDef,test_phase35_1_current_generator_repository_does_not_yet_type_iota_1,,declaration
tests/test_phase35_actual_h_calculation.py,272,FunctionDef,test_phase35_1_current_generator_repository_does_not_yet_type_iota_2,,declaration
tests/test_phase35_actual_h_calculation.py,287,FunctionDef,test_phase35_1_current_generator_repository_does_not_yet_type_iota_3,,declaration
tests/test_phase35_actual_h_calculation.py,302,FunctionDef,test_phase35_1_current_generator_repository_does_not_yet_type_eta_2,,declaration
tests/test_phase35_actual_h_calculation.py,425,FunctionDef,test_phase35_2_toda_prop_5_1_reference_is_structured_literature_reference,,declaration
tests/test_phase35_actual_h_calculation.py,460,FunctionDef,test_phase35_2_eta_2_hopf_fact_represents_h_eta_2_equals_iota_3,,declaration
tests/test_phase35_actual_h_calculation.py,483,FunctionDef,test_phase35_2_eta_2_hopf_fact_preserves_toda_prop_5_1_provenance,,declaration
tests/test_phase35_actual_h_calculation.py,498,FunctionDef,test_phase35_2_eta_2_hopf_fact_materializes_as_given_proof_step,,declaration
tests/test_phase35_actual_h_calculation.py,517,FunctionDef,test_phase35_2_eta_2_hopf_fact_bridges_to_actual_ehp_h_equality,,declaration
tests/test_phase35_actual_h_calculation.py,554,FunctionDef,test_phase35_2_actual_h_equality_preserves_fact_provenance_through_premise,,declaration
tests/test_phase35_actual_h_calculation.py,627,FunctionDef,test_phase35_3_prop22_left_rule_accepts_two_iota_1_and_eta_2,,declaration
tests/test_phase35_actual_h_calculation.py,716,FunctionDef,test_phase35_3_concrete_prop22_left_result_is_theorem_derived_proof_step,,declaration
tests/test_phase35_actual_h_calculation.py,810,FunctionDef,test_phase35_3_prop22_left_rhs_connects_structurally_to_h_eta_2_fact,,declaration
tests/test_phase35_actual_h_calculation.py,990,FunctionDef,test_phase35_4_first_barratt_hilton_rule_accepts_two_iota_1_in_pi_1_s_1,,declaration
tests/test_phase35_actual_h_calculation.py,1053,FunctionDef,test_phase35_4_first_barratt_hilton_rule_derives_concrete_two_iota_1_smash_formula,,declaration
tests/test_phase35_actual_h_calculation.py,1596,FunctionDef,test_phase35_5_concrete_sign_reduction_connects_to_barratt_hilton_theorem_rhs,,declaration
tests/test_phase35_actual_h_calculation.py,2369,FunctionDef,test_phase35_6_toda_2_1_right_multiple_rule_does_not_add_general_left_bilinearity,,declaration
tests/test_phase35_actual_h_calculation.py,3668,FunctionDef,test_phase35_8_identity_composition_requires_explicit_identity_fact,,declaration
tests/test_phase36_actual_h_multiple.py,65,FunctionDef,test_phase36_1_generic_multiple_rule_accepts_explicit_actual_h_homomorphism,,declaration
tests/test_phase36_actual_h_multiple.py,113,FunctionDef,test_phase36_1_actual_h_isomorphism_fact_materializes_as_isomorphism_not_homomorphism,,declaration
tests/test_phase36_actual_h_multiple.py,132,FunctionDef,test_phase36_1_multiple_rule_does_not_accept_actual_h_isomorphism_directly,,declaration
tests/test_phase36_actual_h_multiple.py,175,FunctionDef,test_phase36_2_actual_h_homomorphism_connects_to_generic_multiple_rule,,declaration
tests/test_phase38_injective_reflection.py,43,FunctionDef,test_phase38_1_actual_h_isomorphism_fact_is_available_from_repository,,declaration
tests/test_phase38_injective_reflection.py,64,FunctionDef,test_phase38_1_actual_h_isomorphism_fact_materializes_canonical_h,,declaration
tests/test_phase38_injective_reflection.py,89,FunctionDef,test_phase38_1_actual_h_isomorphism_matches_existing_injectivity_rule,,declaration
tests/test_phase39_primary_component.py,395,FunctionDef,test_phase39_5_primary_component_is_not_membership_statement,,declaration
tests/test_phase39_primary_component.py,468,FunctionDef,test_phase39_5_primary_component_has_no_theorem_provenance,,declaration
tests/test_phase40_toda_primary_group.py,444,FunctionDef,test_phase40_5_toda_primary_group_has_no_theorem_provenance,,declaration
tests/test_phase41_preimage_subgroup.py,48,FunctionDef,test_phase41_1_current_membership_statement_uses_subgroup_term,,declaration
tests/test_phase41_preimage_subgroup.py,58,FunctionDef,test_phase41_1_image_subgroup_reference_uses_group_map,,declaration
tests/test_phase41_preimage_subgroup.py,68,FunctionDef,test_phase41_1_kernel_subgroup_reference_uses_group_map,,declaration
tests/test_phase41_preimage_subgroup.py,268,FunctionDef,test_phase41_3_preimage_subgroup_is_distinct_from_image_subgroup_reference,,declaration
tests/test_phase41_preimage_subgroup.py,284,FunctionDef,test_phase41_3_preimage_subgroup_is_distinct_from_kernel_subgroup_reference,,declaration
tests/test_phase41_preimage_subgroup.py,481,FunctionDef,test_phase41_5_preimage_subgroup_is_not_membership_statement,,declaration
tests/test_phase41_preimage_subgroup.py,518,FunctionDef,test_phase41_5_preimage_subgroup_has_no_membership_theorem_semantics,,declaration
tests/test_phase41_preimage_subgroup.py,613,FunctionDef,test_phase41_5_preimage_subgroup_has_no_theorem_provenance,,declaration
tests/test_phase42_whitehead_product.py,651,FunctionDef,test_phase42_5_whitehead_product_has_no_zero_theorem_semantics,,declaration
tests/test_phase42_whitehead_product.py,679,FunctionDef,test_phase42_5_whitehead_product_has_no_nonzero_theorem_semantics,,declaration
tests/test_phase42_whitehead_product.py,791,FunctionDef,test_phase42_5_whitehead_product_has_no_theorem_provenance,,declaration
tests/test_phase44_toda_lemma41_case_semantics.py,309,FunctionDef,test_phase44_2_odd_case_rule_has_only_odd_scalar_premise,,declaration
tests/test_phase44_toda_lemma41_case_semantics.py,326,FunctionDef,test_phase44_2_odd_symbolic_n_matches_rule,,declaration
tests/test_phase44_toda_lemma41_case_semantics.py,538,FunctionDef,test_phase44_2_even_statement_does_not_match_odd_case_rule,,declaration
tests/test_phase44_toda_lemma41_case_semantics.py,1087,FunctionDef,test_phase44_3_group_representation_has_no_theorem_semantics,,declaration
tests/test_phase44_toda_lemma41_case_semantics.py,1203,FunctionDef,test_phase44_4_rule_has_even_and_nonzero_premises,,declaration
tests/test_phase44_toda_lemma41_case_semantics.py,1550,FunctionDef,test_phase44_4_nonzero_premise_without_even_statement_is_not_applicable,,declaration
tests/test_phase44_toda_lemma41_case_semantics.py,1578,FunctionDef,test_phase44_4_even_statement_without_nonzero_premise_is_not_applicable,,declaration
tests/test_phase44_toda_lemma41_case_semantics.py,1771,FunctionDef,test_phase44_4_odd_statement_does_not_replace_even_premise,,declaration
tests/test_phase44_toda_lemma41_case_semantics.py,1854,FunctionDef,test_phase44_5_rule_has_even_and_zero_premises,,declaration
tests/test_phase44_toda_lemma41_case_semantics.py,2179,FunctionDef,test_phase44_5_zero_premise_without_even_statement_is_not_applicable,,declaration
tests/test_phase44_toda_lemma41_case_semantics.py,2207,FunctionDef,test_phase44_5_even_statement_without_zero_premise_is_not_applicable,,declaration
tests/test_phase44_toda_lemma41_case_semantics.py,2396,FunctionDef,test_phase44_5_odd_statement_does_not_replace_even_premise,,declaration
tests/test_phase44_toda_lemma41_case_semantics.py,2433,FunctionDef,test_phase44_6_representative_uses_all_three_case_rules,,declaration
tests/test_phase44_toda_lemma41_case_semantics.py,2458,FunctionDef,test_phase44_6_odd_case_has_exactly_one_applicable_rule,,declaration
tests/test_phase44_toda_lemma41_case_semantics.py,2485,FunctionDef,test_phase44_6_even_nonzero_has_exactly_one_applicable_rule,,declaration
tests/test_phase44_toda_lemma41_case_semantics.py,2515,FunctionDef,test_phase44_6_even_zero_has_exactly_one_applicable_rule,,declaration
tests/test_phase44_toda_lemma41_case_semantics.py,3274,FunctionDef,test_phase44_6c_h_alpha_rule_matches_even_zero_case,,declaration
tests/test_phase44_toda_lemma41_case_semantics.py,3308,FunctionDef,test_phase44_6c_h_alpha_condition_is_theorem_derived,,declaration
tests/test_phase44_toda_lemma41_case_semantics.py,3373,FunctionDef,test_phase44_6c_suspension_primary_rule_matches_even_zero_case,,declaration
tests/test_phase44_toda_lemma41_case_semantics.py,3407,FunctionDef,test_phase44_6c_suspension_primary_condition_is_theorem_derived,,declaration
tests/test_phase44_toda_lemma41_case_semantics.py,3648,FunctionDef,test_phase44_6c_zero_case_three_theorem_results_reach_fixed_point,,declaration
tests/test_phase44_toda_lemma41_case_semantics.py,3695,FunctionDef,test_phase44_6c_alpha_condition_rules_do_not_match_nonzero_case,,declaration
tests/test_phase44_toda_lemma41_case_semantics.py,3726,FunctionDef,test_phase44_6d_zero_case_bundle_has_three_applicable_rules,,declaration
tests/test_phase45_toda_prop42_bridge.py,32,FunctionDef,test_phase45_6_bridge_rule_requires_toda_prop42_exactness_statement,,declaration
tests/test_phase45_toda_prop42_bridge.py,49,FunctionDef,test_phase45_6_bridge_matches_toda_exactness_statement,,declaration
tests/test_phase45_toda_prop42_bridge.py,155,FunctionDef,test_phase45_6_bridge_preserves_theorem_step_as_provenance,,declaration
tests/test_phase45_toda_prop42_bridge.py,322,FunctionDef,test_phase45_6_existing_ehp_rule_consumes_generic_exactness,,declaration
tests/test_phase45_toda_prop42_bridge.py,344,FunctionDef,test_phase45_6_existing_ehp_rule_derives_expected_zero_compositions,,declaration
tests/test_phase45_toda_prop42_bridge.py,407,FunctionDef,test_phase45_6_representative_preserves_three_toda_theorem_steps,,declaration
tests/test_phase45_toda_prop42_bridge.py,502,FunctionDef,test_phase45_6_generic_bridge_does_not_replace_toda_theorem_statement,,declaration
tests/test_phase45_toda_prop42_compatibility.py,168,FunctionDef,test_phase45_1_exactness_statement_accepts_symbolic_map_symbols,,declaration
tests/test_phase45_toda_prop42_compatibility.py,192,FunctionDef,test_phase45_1_exactness_statement_does_not_store_sequence_terms,,declaration
tests/test_phase45_toda_prop42_compatibility.py,222,FunctionDef,test_phase45_1_ehp_segment_is_concrete_repository_backed,,declaration
tests/test_phase45_toda_prop42_compatibility.py,274,FunctionDef,test_phase45_1_map_typing_fact_is_concrete_dimension_only,,declaration
tests/test_phase45_toda_prop42_compatibility.py,419,FunctionDef,test_phase45_1_exactness_statement_is_distinct_from_concrete_ehp_segment,,declaration
tests/test_phase45_toda_prop42_exactness_compatibility.py,79,FunctionDef,build_phase45_3_exactness_statements,,declaration
tests/test_phase45_toda_prop42_exactness_compatibility.py,351,FunctionDef,test_phase45_3_exactness_statement_does_not_store_source_term,,declaration
tests/test_phase45_toda_prop42_exactness_compatibility.py,369,FunctionDef,test_phase45_3_exactness_statement_does_not_store_middle_term,,declaration
tests/test_phase45_toda_prop42_exactness_compatibility.py,387,FunctionDef,test_phase45_3_exactness_statement_does_not_store_target_term,,declaration
tests/test_phase45_toda_prop42_exactness_compatibility.py,405,FunctionDef,test_phase45_3_exactness_statement_does_not_store_symbolic_indices,,declaration
tests/test_phase45_toda_prop42_exactness_compatibility.py,460,FunctionDef,test_phase45_3_same_e_h_exactness_statement_collides_across_instances,,declaration
tests/test_phase45_toda_prop42_exactness_compatibility.py,483,FunctionDef,test_phase45_3_same_h_delta_exactness_statement_collides_across_instances,,declaration
tests/test_phase45_toda_prop42_exactness_compatibility.py,506,FunctionDef,test_phase45_3_same_delta_e_exactness_statement_collides_across_instances,,declaration
tests/test_phase45_toda_prop42_exactness_compatibility.py,529,FunctionDef,test_phase45_3_exactness_statement_cannot_recover_sequence_instance,,declaration
tests/test_phase45_toda_prop42_exactness_compatibility.py,564,FunctionDef,test_phase45_3_exactness_statement_is_not_lossless_prop42_instance,,declaration
tests/test_phase45_toda_prop42_exactness_instance.py,685,FunctionDef,test_phase45_4_window_is_not_generic_exactness_statement,,declaration
tests/test_phase45_toda_prop42_exactness_instance.py,738,FunctionDef,test_phase45_4_window_has_no_theorem_provenance,,declaration
tests/test_phase45_toda_prop42_sequence.py,360,FunctionDef,test_phase45_2_sequence_is_not_exactness_statement,,declaration
tests/test_phase45_toda_prop42_sequence.py,387,FunctionDef,test_phase45_2_sequence_has_no_theorem_semantics,,declaration
tests/test_phase45_toda_prop42_theorem_semantics.py,178,FunctionDef,test_phase45_5_e_h_rule_matches_first_prop42_window,,declaration
tests/test_phase45_toda_prop42_theorem_semantics.py,214,FunctionDef,test_phase45_5_e_h_rule_derives_exactness_statement,,declaration
tests/test_phase45_toda_prop42_theorem_semantics.py,259,FunctionDef,test_phase45_5_h_delta_rule_matches_second_prop42_window,,declaration
tests/test_phase45_toda_prop42_theorem_semantics.py,295,FunctionDef,test_phase45_5_h_delta_rule_derives_exactness_statement,,declaration
tests/test_phase45_toda_prop42_theorem_semantics.py,340,FunctionDef,test_phase45_5_delta_e_rule_matches_third_prop42_window,,declaration
tests/test_phase45_toda_prop42_theorem_semantics.py,376,FunctionDef,test_phase45_5_delta_e_rule_derives_exactness_statement,,declaration
tests/test_phase45_toda_prop42_theorem_semantics.py,421,FunctionDef,test_phase45_5_each_window_has_exactly_one_applicable_rule,,declaration
tests/test_phase45_toda_prop42_theorem_semantics.py,483,FunctionDef,test_phase45_5_all_three_windows_derive_three_exactness_statements,,declaration
tests/test_phase45_toda_prop42_theorem_semantics.py,538,FunctionDef,test_phase45_5_all_three_theorem_results_preserve_provenance,,declaration
tests/test_phase45_toda_prop42_theorem_semantics.py,594,FunctionDef,test_phase45_5_three_rules_reach_fixed_point_in_one_round,,declaration
tests/test_phase45_toda_prop42_theorem_semantics.py,640,FunctionDef,test_phase45_5_e_h_rule_rejects_wrong_map_pair,,declaration
tests/test_phase45_toda_prop42_theorem_semantics.py,686,FunctionDef,test_phase45_5_e_h_rule_rejects_wrong_target_dimension,,declaration
tests/test_phase45_toda_prop42_theorem_semantics.py,735,FunctionDef,test_phase45_5_h_delta_rule_rejects_wrong_target_shape,,declaration
tests/test_phase45_toda_prop42_theorem_semantics.py,784,FunctionDef,test_phase45_5_delta_e_rule_rejects_wrong_middle_dimension,,declaration
tests/test_phase45_toda_prop42_theorem_semantics.py,886,FunctionDef,test_phase45_5_theorem_statement_preserves_full_window,,declaration
tests/test_phase46_toda_45_applicability_compatibility.py,128,FunctionDef,test_phase46_5_valid_instance_has_exactly_one_theorem_conclusion,,declaration
tests/test_phase46_toda_45_applicability_compatibility.py,231,FunctionDef,test_phase46_5_rule_rejects_missing_stable_range_premise,,declaration
tests/test_phase46_toda_45_applicability_compatibility.py,251,FunctionDef,test_phase46_5_rule_rejects_missing_suspension_range_premise,,declaration
tests/test_phase46_toda_45_applicability_compatibility.py,271,FunctionDef,test_phase46_5_rule_rejects_missing_map_premise,,declaration
tests/test_phase46_toda_45_applicability_compatibility.py,291,FunctionDef,test_phase46_5_rule_rejects_stable_range_from_different_n_instance,,declaration
tests/test_phase46_toda_45_applicability_compatibility.py,328,FunctionDef,test_phase46_5_rule_rejects_suspension_range_from_different_m_instance,,declaration
tests/test_phase46_toda_45_applicability_compatibility.py,365,FunctionDef,test_phase46_5_rule_rejects_map_from_different_k_instance,,declaration
tests/test_phase46_toda_45_applicability_compatibility.py,433,FunctionDef,test_phase46_5_generic_isomorphism_statement_map_is_still_map_symbol,,declaration
tests/test_phase46_toda_45_applicability_compatibility.py,443,FunctionDef,test_phase46_5_generic_injective_statement_map_is_still_map_symbol,,declaration
tests/test_phase46_toda_45_applicability_compatibility.py,464,FunctionDef,test_phase46_5_toda_theorem_statement_is_not_generic_isomorphism,,declaration
tests/test_phase46_toda_45_applicability_compatibility.py,479,FunctionDef,test_phase46_5_generic_isomorphism_rule_does_not_match_toda_theorem,,declaration
tests/test_phase46_toda_45_applicability_compatibility.py,500,FunctionDef,test_phase46_5_no_generic_bridge_is_present_on_toda_statement,,declaration
tests/test_phase46_toda_45_compatibility.py,266,FunctionDef,test_phase46_1_isomorphism_statement_accepts_map_symbol,,declaration
tests/test_phase46_toda_45_compatibility.py,278,FunctionDef,test_phase46_1_isomorphism_statement_stores_only_map_identity,,declaration
tests/test_phase46_toda_45_compatibility.py,338,FunctionDef,test_phase46_1_map_typing_fact_remains_concrete_dimension_only,,declaration
tests/test_phase46_toda_45_compatibility.py,360,FunctionDef,test_phase46_1_map_typing_fact_does_not_accept_toda_group_terms_as_fields,,declaration
tests/test_phase46_toda_45_compatibility.py,374,FunctionDef,test_phase46_1_current_scalar_rules_do_not_encode_stable_range_premises,,declaration
tests/test_phase46_toda_45_compatibility.py,413,FunctionDef,test_phase46_1_current_objects_do_not_encode_toda_45_theorem,,declaration
tests/test_phase46_toda_45_probe.py,59,FunctionDef,test_phase46_6_probe_formats_theorem_result,,declaration
tests/test_phase46_toda_45_probe.py,82,FunctionDef,test_phase46_6_representative_has_exactly_one_theorem_step,,declaration
tests/test_phase46_toda_45_probe.py,123,FunctionDef,test_phase46_6_representative_preserves_inference_rule_provenance,,declaration
tests/test_phase46_toda_45_stable_range_premise.py,19,FunctionDef,test_phase46_2_scalar_greater_equal_statement_uses_scalar_value,,declaration
tests/test_phase46_toda_45_stable_range_premise.py,76,FunctionDef,test_phase46_2_greater_equal_statement_has_structural_equality,,declaration
tests/test_phase46_toda_45_stable_range_premise.py,104,FunctionDef,test_phase46_2_greater_equal_statement_distinguishes_right_side,,declaration
tests/test_phase46_toda_45_stable_range_premise.py,132,FunctionDef,test_phase46_2_greater_equal_statement_distinguishes_direction,,declaration
tests/test_phase46_toda_45_stable_range_premise.py,154,FunctionDef,test_phase46_2_greater_equal_statement_accepts_integer_values,,declaration
tests/test_phase46_toda_45_stable_range_premise.py,164,FunctionDef,test_phase46_2_stable_range_premises_are_distinct_statements,,declaration
tests/test_phase46_toda_45_stable_range_premise.py,200,FunctionDef,test_phase46_2_stable_range_statements_can_be_given_proof_steps,,declaration
tests/test_phase46_toda_45_stable_range_premise.py,259,FunctionDef,test_phase46_2_greater_equal_statement_has_no_solver_semantics,,declaration
tests/test_phase46_toda_45_stable_range_premise.py,281,FunctionDef,test_phase46_2_greater_equal_statement_has_no_toda_semantics,,declaration
tests/test_phase46_toda_45_suspension_map.py,274,FunctionDef,test_phase46_3_map_has_no_toda_45_theorem_semantics,,declaration
tests/test_phase46_toda_45_theorem_semantics.py,114,FunctionDef,test_phase46_4_statement_preserves_specific_map_instance,,declaration
tests/test_phase46_toda_45_theorem_semantics.py,130,FunctionDef,test_phase46_4_statement_is_instance_aware,,declaration
tests/test_phase46_toda_45_theorem_semantics.py,158,FunctionDef,test_phase46_4_rule_requires_two_range_premises_and_map,,declaration
tests/test_phase46_toda_45_theorem_semantics.py,189,FunctionDef,test_phase46_4_rule_matches_valid_toda_45_instance,,declaration
tests/test_phase46_toda_45_theorem_semantics.py,206,FunctionDef,test_phase46_4_rule_derives_instance_aware_isomorphism,,declaration
tests/test_phase46_toda_45_theorem_semantics.py,304,FunctionDef,test_phase46_4_rule_rejects_wrong_stable_range_premise,,declaration
tests/test_phase46_toda_45_theorem_semantics.py,345,FunctionDef,test_phase46_4_rule_rejects_wrong_m_greater_equal_n_premise,,declaration
tests/test_phase46_toda_45_theorem_semantics.py,383,FunctionDef,test_phase46_4_rule_rejects_wrong_source_group_shape,,declaration
tests/test_phase46_toda_45_theorem_semantics.py,433,FunctionDef,test_phase46_4_rule_rejects_wrong_target_group_shape,,declaration
tests/test_phase46_toda_45_theorem_semantics.py,483,FunctionDef,test_phase46_4_rule_rejects_wrong_exponent,,declaration
tests/test_phase46_toda_45_theorem_semantics.py,533,FunctionDef,test_phase46_4_rule_does_not_evaluate_numeric_inequalities,,declaration
tests/test_phase46_toda_45_theorem_semantics.py,595,FunctionDef,test_phase46_4_statement_does_not_project_to_generic_isomorphism_yet,,declaration
tests/test_phase47_toda_prop44_applicability_compatibility.py,222,FunctionDef,test_phase47_5_positive_instance_derives_exactly_one_theorem,,declaration
tests/test_phase47_toda_prop44_applicability_compatibility.py,250,FunctionDef,test_phase47_5_negative_instance_derives_exactly_one_theorem,,declaration
tests/test_phase47_toda_prop44_applicability_compatibility.py,384,FunctionDef,test_phase47_5_rule_rejects_membership_from_different_n_instance,,declaration
tests/test_phase47_toda_prop44_applicability_compatibility.py,421,FunctionDef,test_phase47_5_rule_rejects_hopf_relation_from_different_n_instance,,declaration
tests/test_phase47_toda_prop44_applicability_compatibility.py,458,FunctionDef,test_phase47_5_rule_rejects_map_from_different_n_instance,,declaration
tests/test_phase47_toda_prop44_applicability_compatibility.py,495,FunctionDef,test_phase47_5_rule_rejects_cross_alpha_instance,,declaration
tests/test_phase47_toda_prop44_applicability_compatibility.py,625,FunctionDef,test_phase47_5_generic_isomorphism_statement_map_remains_map_symbol,,declaration
tests/test_phase47_toda_prop44_applicability_compatibility.py,635,FunctionDef,test_phase47_5_generic_injective_statement_map_remains_map_symbol,,declaration
tests/test_phase47_toda_prop44_applicability_compatibility.py,656,FunctionDef,test_phase47_5_prop44_theorem_is_not_generic_isomorphism,,declaration
tests/test_phase47_toda_prop44_applicability_compatibility.py,673,FunctionDef,test_phase47_5_prop44_theorem_is_distinct_from_toda45_theorem,,declaration
tests/test_phase47_toda_prop44_applicability_compatibility.py,710,FunctionDef,test_phase47_5_generic_isomorphism_rule_does_not_match_prop44_theorem,,declaration
tests/test_phase47_toda_prop44_applicability_compatibility.py,733,FunctionDef,test_phase47_5_prop44_theorem_does_not_create_generic_injective_statement,,declaration
tests/test_phase47_toda_prop44_applicability_compatibility.py,758,FunctionDef,test_phase47_5_prop44_statement_has_no_generic_bridge,,declaration
tests/test_phase47_toda_prop44_applicability_compatibility.py,785,FunctionDef,test_phase47_5_prop44_statement_has_no_e_injectivity_consequence,,declaration
tests/test_phase47_toda_prop44_compatibility.py,468,FunctionDef,test_phase47_1_primary_membership_statement_cannot_type_toda_group,,declaration
tests/test_phase47_toda_prop44_compatibility.py,485,FunctionDef,test_phase47_1_generic_isomorphism_statement_stores_only_map_symbol,,declaration
tests/test_phase47_toda_prop44_compatibility.py,607,FunctionDef,test_phase47_1_toda45_statement_remains_specific_to_iterated_suspension,,declaration
tests/test_phase47_toda_prop44_decomposition_groups.py,468,FunctionDef,test_phase47_2_source_group_has_no_prop44_theorem_semantics,,declaration
tests/test_phase47_toda_prop44_decomposition_groups.py,498,FunctionDef,test_phase47_2_target_group_has_no_prop44_theorem_semantics,,declaration
tests/test_phase47_toda_prop44_decomposition_map.py,600,FunctionDef,test_phase47_3_map_has_no_prop44_theorem_semantics,,declaration
tests/test_phase47_toda_prop44_probe.py,81,FunctionDef,test_phase47_6_probe_formats_theorem_result,,declaration
tests/test_phase47_toda_prop44_probe.py,105,FunctionDef,test_phase47_6_representative_has_exactly_one_theorem_step,,declaration
tests/test_phase47_toda_prop44_probe.py,146,FunctionDef,test_phase47_6_representative_preserves_inference_rule_provenance,,declaration
tests/test_phase47_toda_prop44_theorem_semantics.py,214,FunctionDef,test_phase47_4b_statement_preserves_specific_map_instance,,declaration
tests/test_phase47_toda_prop44_theorem_semantics.py,232,FunctionDef,test_phase47_4b_statement_is_instance_aware,,declaration
tests/test_phase47_toda_prop44_theorem_semantics.py,253,FunctionDef,test_phase47_4b_statement_is_not_generic_isomorphism,,declaration
tests/test_phase47_toda_prop44_theorem_semantics.py,270,FunctionDef,test_phase47_4b_rule_requires_membership_hopf_relation_and_map,,declaration
tests/test_phase47_toda_prop44_theorem_semantics.py,308,FunctionDef,test_phase47_4b_rule_matches_positive_hopf_instance,,declaration
tests/test_phase47_toda_prop44_theorem_semantics.py,323,FunctionDef,test_phase47_4b_rule_matches_negative_hopf_instance,,declaration
tests/test_phase47_toda_prop44_theorem_semantics.py,338,FunctionDef,test_phase47_4b_rule_derives_instance_aware_isomorphism,,declaration
tests/test_phase47_toda_prop44_theorem_semantics.py,368,FunctionDef,test_phase47_4b_valid_instance_derives_exactly_one_theorem_statement,,declaration
tests/test_phase47_toda_prop44_theorem_semantics.py,458,FunctionDef,test_phase47_4b_rule_rejects_missing_membership,,declaration
tests/test_phase47_toda_prop44_theorem_semantics.py,478,FunctionDef,test_phase47_4b_rule_rejects_missing_hopf_relation,,declaration
tests/test_phase47_toda_prop44_theorem_semantics.py,498,FunctionDef,test_phase47_4b_rule_rejects_missing_map,,declaration
tests/test_phase47_toda_prop44_theorem_semantics.py,518,FunctionDef,test_phase47_4b_rule_rejects_wrong_membership_degree,,declaration
tests/test_phase47_toda_prop44_theorem_semantics.py,565,FunctionDef,test_phase47_4b_rule_rejects_different_alpha_in_map,,declaration
tests/test_phase47_toda_prop44_theorem_semantics.py,602,FunctionDef,test_phase47_4b_rule_rejects_hopf_relation_for_different_alpha,,declaration
tests/test_phase47_toda_prop44_theorem_semantics.py,639,FunctionDef,test_phase47_4b_rule_rejects_wrong_hopf_map,,declaration
tests/test_phase47_toda_prop44_theorem_semantics.py,685,FunctionDef,test_phase47_4b_rule_rejects_wrong_hopf_value,,declaration
tests/test_phase47_toda_prop44_theorem_semantics.py,732,FunctionDef,test_phase47_4b_rule_rejects_wrong_target_sphere_dimension,,declaration
tests/test_phase47_toda_prop44_theorem_semantics.py,791,FunctionDef,test_phase47_4b_rule_rejects_reversed_source_summands,,declaration
tests/test_phase47_toda_prop44_theorem_semantics.py,856,FunctionDef,test_phase47_4b_rule_rejects_wrong_formula,,declaration
tests/test_phase47_toda_prop44_theorem_semantics.py,913,FunctionDef,test_phase47_4b_statement_does_not_project_to_generic_isomorphism,,declaration
tests/test_phase47_toda_prop44_toda_membership.py,290,FunctionDef,test_phase47_4a_statement_can_be_given_proof_step,,declaration
tests/test_phase47_toda_prop44_toda_membership.py,316,FunctionDef,test_phase47_4a_statement_has_no_membership_solver,,declaration
tests/test_phase47_toda_prop44_toda_membership.py,341,FunctionDef,test_phase47_4a_statement_has_no_prop44_theorem_semantics,,declaration
tests/test_phase47_toda_prop44_toda_membership.py,366,FunctionDef,test_phase47_4a_statement_does_not_validate_element_dimension,,declaration
tests/test_phase48_toda_prop44_e_injective_applicability.py,285,FunctionDef,test_phase48_5_derived_injectivity_preserves_proof_rule,,declaration
tests/test_phase48_toda_prop44_e_injective_applicability.py,311,FunctionDef,test_phase48_5_derived_injectivity_preserves_inference_rule,,declaration
tests/test_phase48_toda_prop44_e_injective_applicability.py,709,FunctionDef,test_phase48_5_different_i_injectivity_statements_remain_distinct,,declaration
tests/test_phase48_toda_prop44_e_injective_applicability.py,728,FunctionDef,test_phase48_5_different_n_injectivity_statements_remain_distinct,,declaration
tests/test_phase48_toda_prop44_e_injective_applicability.py,786,FunctionDef,test_phase48_5_generic_isomorphism_to_injective_rule_rejects_prop44_theorem,,declaration
tests/test_phase48_toda_prop44_e_injective_theorem.py,197,FunctionDef,test_phase48_4_injective_statement_map_type,,declaration
tests/test_phase48_toda_prop44_e_injective_theorem.py,207,FunctionDef,test_phase48_4_injective_statement_preserves_specific_suspension_map,,declaration
tests/test_phase48_toda_prop44_e_injective_theorem.py,225,FunctionDef,test_phase48_4_injective_statement_preserves_source_instance,,declaration
tests/test_phase48_toda_prop44_e_injective_theorem.py,243,FunctionDef,test_phase48_4_injective_statement_preserves_target_instance,,declaration
tests/test_phase48_toda_prop44_e_injective_theorem.py,323,FunctionDef,test_phase48_4_statement_is_not_generic_injective_statement,,declaration
tests/test_phase48_toda_prop44_e_injective_theorem.py,340,FunctionDef,test_phase48_4_statement_is_not_generic_isomorphism_statement,,declaration
tests/test_phase48_toda_prop44_e_injective_theorem.py,357,FunctionDef,test_phase48_4_statement_is_not_decomposition_isomorphism_statement,,declaration
tests/test_phase48_toda_prop44_e_injective_theorem.py,376,FunctionDef,test_phase48_4_rule_requires_isomorphism_and_restriction,,declaration
tests/test_phase48_toda_prop44_e_injective_theorem.py,400,FunctionDef,test_phase48_4_rule_matches_valid_instance,,declaration
tests/test_phase48_toda_prop44_e_injective_theorem.py,411,FunctionDef,test_phase48_4_rule_derives_specific_e_injectivity,,declaration
tests/test_phase48_toda_prop44_e_injective_theorem.py,439,FunctionDef,test_phase48_4_valid_instance_derives_exactly_one_injectivity_statement,,declaration
tests/test_phase48_toda_prop44_e_injective_theorem.py,465,FunctionDef,test_phase48_4_derived_statement_preserves_provenance,,declaration
tests/test_phase48_toda_prop44_e_injective_theorem.py,529,FunctionDef,test_phase48_4_rule_rejects_missing_isomorphism,,declaration
tests/test_phase48_toda_prop44_e_injective_theorem.py,546,FunctionDef,test_phase48_4_rule_rejects_missing_restriction,,declaration
tests/test_phase48_toda_prop44_e_injective_theorem.py,563,FunctionDef,test_phase48_4_rule_rejects_different_decomposition_map_instance,,declaration
tests/test_phase48_toda_prop44_e_injective_theorem.py,593,FunctionDef,test_phase48_4_rule_rejects_cross_n_instance,,declaration
tests/test_phase48_toda_prop44_e_injective_theorem.py,625,FunctionDef,test_phase48_4_rule_rejects_cross_alpha_instance,,declaration
tests/test_phase48_toda_prop44_e_injective_theorem.py,657,FunctionDef,test_phase48_4_rule_rejects_wrong_suspension_source,,declaration
tests/test_phase48_toda_prop44_e_injective_theorem.py,699,FunctionDef,test_phase48_4_rule_rejects_wrong_suspension_target,,declaration
tests/test_phase48_toda_prop44_e_injective_theorem.py,748,FunctionDef,test_phase48_4_generic_isomorphism_rule_does_not_match_specific_toda_isomorphism,,declaration
tests/test_phase48_toda_prop44_e_injective_theorem.py,813,FunctionDef,test_phase48_4_statement_has_no_generic_bridge,,declaration
tests/test_phase48_toda_prop44_e_injectivity_compatibility.py,161,FunctionDef,test_phase48_1_generic_injective_statement_accepts_canonical_e,,declaration
tests/test_phase48_toda_prop44_e_injectivity_compatibility.py,171,FunctionDef,test_phase48_1_generic_injective_statement_map_type_remains_map_symbol,,declaration
tests/test_phase48_toda_prop44_e_injectivity_compatibility.py,181,FunctionDef,test_phase48_1_generic_isomorphism_statement_map_type_remains_map_symbol,,declaration
tests/test_phase48_toda_prop44_e_injectivity_compatibility.py,292,FunctionDef,test_phase48_1_prop44_theorem_preserves_specific_decomposition_instance,,declaration
tests/test_phase48_toda_prop44_e_injectivity_compatibility.py,318,FunctionDef,test_phase48_1_prop44_theorem_preserves_first_summand_instance,,declaration
tests/test_phase48_toda_prop44_e_injectivity_compatibility.py,347,FunctionDef,test_phase48_1_prop44_theorem_preserves_target_instance,,declaration
tests/test_phase48_toda_prop44_e_injectivity_compatibility.py,510,FunctionDef,test_phase48_1_prop44_theorem_has_no_existing_e_injectivity_projection,,declaration
tests/test_phase48_toda_prop44_e_map.py,392,FunctionDef,test_phase48_2_suspension_map_has_no_prop44_theorem_semantics,,declaration
tests/test_phase48_toda_prop44_first_summand_restriction.py,173,FunctionDef,test_phase48_3_statement_decomposition_map_type,,declaration
tests/test_phase48_toda_prop44_first_summand_restriction.py,183,FunctionDef,test_phase48_3_statement_suspension_map_type,,declaration
tests/test_phase48_toda_prop44_first_summand_restriction.py,193,FunctionDef,test_phase48_3_statement_preserves_decomposition_map,,declaration
tests/test_phase48_toda_prop44_first_summand_restriction.py,214,FunctionDef,test_phase48_3_statement_preserves_suspension_map,,declaration
tests/test_phase48_toda_prop44_first_summand_restriction.py,309,FunctionDef,test_phase48_3_rule_requires_map_and_suspension_map,,declaration
tests/test_phase48_toda_prop44_first_summand_restriction.py,333,FunctionDef,test_phase48_3_rule_matches_valid_instance,,declaration
tests/test_phase48_toda_prop44_first_summand_restriction.py,344,FunctionDef,test_phase48_3_rule_derives_restriction_statement,,declaration
tests/test_phase48_toda_prop44_first_summand_restriction.py,375,FunctionDef,test_phase48_3_valid_instance_derives_exactly_one_statement,,declaration
tests/test_phase48_toda_prop44_first_summand_restriction.py,401,FunctionDef,test_phase48_3_derived_statement_preserves_provenance,,declaration
tests/test_phase48_toda_prop44_first_summand_restriction.py,465,FunctionDef,test_phase48_3_rule_rejects_missing_decomposition_map,,declaration
tests/test_phase48_toda_prop44_first_summand_restriction.py,482,FunctionDef,test_phase48_3_rule_rejects_missing_suspension_map,,declaration
tests/test_phase48_toda_prop44_first_summand_restriction.py,499,FunctionDef,test_phase48_3_rule_rejects_wrong_suspension_source,,declaration
tests/test_phase48_toda_prop44_first_summand_restriction.py,532,FunctionDef,test_phase48_3_rule_rejects_wrong_suspension_target,,declaration
tests/test_phase48_toda_prop44_first_summand_restriction.py,572,FunctionDef,test_phase48_3_rule_rejects_reversed_source_summands,,declaration
tests/test_phase48_toda_prop44_first_summand_restriction.py,626,FunctionDef,test_phase48_3_rule_rejects_wrong_formula,,declaration
tests/test_phase48_toda_prop44_first_summand_restriction.py,678,FunctionDef,test_phase48_3_rule_rejects_partial_formula,,declaration
tests/test_phase48_toda_prop44_first_summand_restriction.py,727,FunctionDef,test_phase48_3_statement_does_not_assert_injectivity,,declaration
tests/test_phase48_toda_prop44_first_summand_restriction.py,757,FunctionDef,test_phase48_3_statement_does_not_assert_isomorphism,,declaration
tests/test_phase48_toda_prop44_probe.py,339,FunctionDef,test_phase48_6_injectivity_preserves_rule_provenance,,declaration
tests/test_phase49_concrete_pi3_2_compatibility.py,42,FunctionDef,test_phase49_1_generic_injective_statement_uses_map_symbol,,declaration
tests/test_phase49_concrete_pi3_2_compatibility.py,52,FunctionDef,test_phase49_1_generic_isomorphism_statement_uses_map_symbol,,declaration
tests/test_phase49_concrete_pi3_2_compatibility.py,78,FunctionDef,test_phase49_1_existing_isomorphism_rule_matches_e_isomorphism,,declaration
tests/test_phase49_concrete_pi3_2_compatibility.py,97,FunctionDef,test_phase49_1_existing_isomorphism_rule_derives_e_injectivity,,declaration
tests/test_phase49_concrete_pi3_2_compatibility.py,123,FunctionDef,test_phase49_1_surjective_map_statement_does_not_exist_yet,,declaration
tests/test_phase49_concrete_pi3_2_compatibility.py,130,FunctionDef,test_phase49_1_no_isomorphism_to_surjective_rule_exists_yet,,declaration
tests/test_phase49_concrete_pi3_2_compatibility.py,137,FunctionDef,test_phase49_1_no_injective_surjective_to_isomorphism_rule_exists_yet,,declaration
tests/test_phase49_concrete_pi3_2_compatibility.py,144,FunctionDef,test_phase49_1_exactness_statement_accepts_e_h_map_symbols,,declaration
tests/test_phase49_concrete_pi3_2_compatibility.py,156,FunctionDef,test_phase49_1_exactness_statement_accepts_h_delta_map_symbols,,declaration
tests/test_phase49_concrete_pi3_2_compatibility.py,168,FunctionDef,test_phase49_1_exactness_statement_accepts_delta_e_map_symbols,,declaration
tests/test_phase49_concrete_pi3_2_compatibility.py,203,FunctionDef,test_phase49_1_toda_exactness_statement_preserves_low_dimensional_window,,declaration
tests/test_phase49_concrete_pi3_2_compatibility.py,249,FunctionDef,test_phase49_1_image_subgroup_reference_requires_concrete_group_map_contract,,declaration
tests/test_phase49_concrete_pi3_2_compatibility.py,259,FunctionDef,test_phase49_1_kernel_subgroup_reference_requires_concrete_group_map_contract,,declaration
tests/test_phase49_delta_hopf_surjectivity.py,184,FunctionDef,build_phase49_4_rules,,declaration
tests/test_phase49_delta_hopf_surjectivity.py,227,FunctionDef,test_phase49_4_suspension_injective_statement_uses_specific_map,,declaration
tests/test_phase49_delta_hopf_surjectivity.py,237,FunctionDef,test_phase49_4_delta_zero_statement_uses_specific_map,,declaration
tests/test_phase49_delta_hopf_surjectivity.py,247,FunctionDef,test_phase49_4_hopf_surjective_statement_uses_specific_map,,declaration
tests/test_phase49_delta_hopf_surjectivity.py,257,FunctionDef,test_phase49_4_suspension_isomorphism_rule_matches,,declaration
tests/test_phase49_delta_hopf_surjectivity.py,306,FunctionDef,test_phase49_4_delta_zero_rule_matches_valid_instance,,declaration
tests/test_phase49_delta_hopf_surjectivity.py,332,FunctionDef,test_phase49_4_delta_zero_rule_derives_expected_delta_zero,,declaration
tests/test_phase49_delta_hopf_surjectivity.py,369,FunctionDef,test_phase49_4_delta_zero_rule_rejects_wrong_e_instance,,declaration
tests/test_phase49_delta_hopf_surjectivity.py,406,FunctionDef,test_phase49_4_delta_zero_rule_rejects_wrong_map_order,,declaration
tests/test_phase49_delta_hopf_surjectivity.py,452,FunctionDef,test_phase49_4_hopf_surjectivity_rule_matches_valid_instance,,declaration
tests/test_phase49_delta_hopf_surjectivity.py,478,FunctionDef,test_phase49_4_hopf_surjectivity_rule_derives_expected_result,,declaration
tests/test_phase49_delta_hopf_surjectivity.py,838,FunctionDef,test_phase49_4_original_isomorphism_fact_is_instance_aware,,declaration
tests/test_phase49_generator_transport.py,142,FunctionDef,build_phase49_6_rules,,declaration
tests/test_phase49_generator_transport.py,173,FunctionDef,test_phase49_6_definition_statement_names_eta_2,,declaration
tests/test_phase49_generator_transport.py,192,FunctionDef,test_phase49_6_definition_statement_preserves_iota_3,,declaration
tests/test_phase49_generator_transport.py,204,FunctionDef,test_phase49_6_definition_statement_preserves_hopf_map,,declaration
tests/test_phase49_generator_transport.py,216,FunctionDef,test_phase49_6_define_eta2_rule_matches_valid_instance,,declaration
tests/test_phase49_generator_transport.py,227,FunctionDef,test_phase49_6_define_eta2_rule_derives_definition,,declaration
tests/test_phase49_generator_transport.py,249,FunctionDef,test_phase49_6_define_eta2_rule_rejects_wrong_source,,declaration
tests/test_phase49_generator_transport.py,287,FunctionDef,test_phase49_6_define_eta2_rule_rejects_wrong_target_generator,,declaration
tests/test_phase49_generator_transport.py,328,FunctionDef,test_phase49_6_eta2_hopf_rule_matches_definition,,declaration
tests/test_phase49_generator_transport.py,347,FunctionDef,test_phase49_6_eta2_hopf_rule_derives_h_eta2_equals_iota3,,declaration
tests/test_phase49_generator_transport.py,377,FunctionDef,test_phase49_6_free_cyclic_rule_matches_valid_instance,,declaration
tests/test_phase49_generator_transport.py,410,FunctionDef,test_phase49_6_free_cyclic_rule_derives_pi_3_2_free_on_eta_2,,declaration
tests/test_phase49_hopf_injectivity.py,181,FunctionDef,test_phase49_3_injective_statement_uses_specific_hopf_map,,declaration
tests/test_phase49_hopf_injectivity.py,206,FunctionDef,test_phase49_3_rule_requires_zero_group_and_toda_exactness,,declaration
tests/test_phase49_hopf_injectivity.py,317,FunctionDef,test_phase49_3_derived_h_injectivity_preserves_proof_rule,,declaration
tests/test_phase49_hopf_isomorphism.py,95,FunctionDef,test_phase49_5_isomorphism_statement_uses_specific_hopf_map,,declaration
tests/test_phase49_hopf_isomorphism.py,144,FunctionDef,test_phase49_5_rule_requires_injectivity_and_surjectivity,,declaration
tests/test_phase49_hopf_isomorphism.py,253,FunctionDef,test_phase49_5_derived_isomorphism_preserves_proof_rule,,declaration
tests/test_phase49_hopf_isomorphism.py,279,FunctionDef,test_phase49_5_derived_isomorphism_preserves_inference_rule,,declaration
tests/test_phase49_low_dimensional_facts.py,35,FunctionDef,test_phase49_2_zero_group_statement_uses_toda_primary_group,,declaration
tests/test_phase49_low_dimensional_facts.py,45,FunctionDef,test_phase49_2_pi_2_1_zero_fact_has_expected_group,,declaration
tests/test_phase49_low_dimensional_facts.py,58,FunctionDef,test_phase49_2_pi_2_1_zero_fact_preserves_group_dimension,,declaration
tests/test_phase49_low_dimensional_facts.py,64,FunctionDef,test_phase49_2_pi_2_1_zero_fact_preserves_sphere_dimension,,declaration
tests/test_phase49_low_dimensional_facts.py,70,FunctionDef,test_phase49_2_pi_2_1_zero_fact_is_not_expression_zero_relation,,declaration
tests/test_phase49_low_dimensional_facts.py,79,FunctionDef,test_phase49_2_pi_3_3_fact_is_equality_relation,,declaration
tests/test_phase49_low_dimensional_facts.py,92,FunctionDef,test_phase49_2_pi_3_3_fact_has_expected_group,,declaration
tests/test_phase49_low_dimensional_facts.py,103,FunctionDef,test_phase49_2_pi_3_3_fact_has_free_cyclic_target,,declaration
tests/test_phase49_low_dimensional_facts.py,144,FunctionDef,test_phase49_2_suspension_isomorphism_statement_uses_specific_map,,declaration
tests/test_phase49_low_dimensional_facts.py,154,FunctionDef,test_phase49_2_e_isomorphism_fact_has_expected_source,,declaration
tests/test_phase49_low_dimensional_facts.py,167,FunctionDef,test_phase49_2_e_isomorphism_fact_has_expected_target,,declaration
tests/test_phase49_low_dimensional_facts.py,180,FunctionDef,test_phase49_2_e_isomorphism_fact_preserves_specific_map,,declaration
tests/test_phase49_low_dimensional_facts.py,242,FunctionDef,test_phase49_2_low_dimensional_facts_can_be_given_steps,,declaration
tests/test_phase49_low_dimensional_facts.py,269,FunctionDef,test_phase49_2_low_dimensional_facts_are_structurally_distinct,,declaration
tests/test_phase49_low_dimensional_facts.py,243,Assignment,facts,"(pi_2_1_zero_fact(), pi_3_3_free_cyclic_fact(), e_pi_1_1_to_pi_2_2_isomorphism_fact())",candidate container
tests/test_phase49_low_dimensional_facts.py,270,Assignment,facts,"(pi_2_1_zero_fact(), pi_3_3_free_cyclic_fact(), e_pi_1_1_to_pi_2_2_isomorphism_fact())",candidate container
tests/test_phase49_probe.py,355,FunctionDef,test_phase49_probe_all_derived_steps_preserve_inference_rule,,declaration
tests/test_phase50_applicability_provenance.py,341,FunctionDef,build_phase50_5_rules,,declaration
tests/test_phase50_applicability_provenance.py,443,FunctionDef,test_phase50_5_final_step_preserves_inference_rule,,declaration
tests/test_phase50_eta_family_notation.py,105,FunctionDef,test_phase50_4e_eta_family_definition_is_statement,,declaration
tests/test_phase50_eta_family_notation.py,247,FunctionDef,test_phase50_4e_generator_rule_matches,,declaration
tests/test_phase50_eta_family_notation.py,273,FunctionDef,test_phase50_4e_generator_rule_derives_pi4_3_on_eta3,,declaration
tests/test_phase50_eta_family_notation.py,310,FunctionDef,test_phase50_4e_generator_rule_rejects_wrong_order,,declaration
tests/test_phase50_eta_family_notation.py,349,FunctionDef,test_phase50_4e_generator_rule_rejects_wrong_generator,,declaration
tests/test_phase50_low_dimensional_delta_facts.py,104,FunctionDef,test_phase50_4b_pi_5_5_fact_is_equality_relation,,declaration
tests/test_phase50_low_dimensional_delta_facts.py,117,FunctionDef,test_phase50_4b_pi_5_5_fact_has_expected_group,,declaration
tests/test_phase50_low_dimensional_delta_facts.py,128,FunctionDef,test_phase50_4b_pi_5_5_fact_is_free_cyclic,,declaration
tests/test_phase50_low_dimensional_delta_facts.py,152,FunctionDef,test_phase50_4b_pi_4_5_fact_is_zero_group_statement,,declaration
tests/test_phase50_low_dimensional_delta_facts.py,161,FunctionDef,test_phase50_4b_pi_4_5_fact_has_expected_group,,declaration
tests/test_phase50_low_dimensional_delta_facts.py,172,FunctionDef,test_phase50_4b_low_dimensional_facts_are_distinct,,declaration
tests/test_phase50_low_dimensional_delta_facts.py,179,FunctionDef,test_phase50_4b_delta_statement_map_uses_specific_delta_map,,declaration
tests/test_phase50_low_dimensional_delta_facts.py,189,FunctionDef,test_phase50_4b_delta_statement_element_uses_expression,,declaration
tests/test_phase50_low_dimensional_delta_facts.py,199,FunctionDef,test_phase50_4b_delta_statement_positive_value_uses_expression,,declaration
tests/test_phase50_low_dimensional_delta_facts.py,209,FunctionDef,test_phase50_4b_delta_statement_preserves_specific_map_instance,,declaration
tests/test_phase50_low_dimensional_delta_facts.py,228,FunctionDef,test_phase50_4b_delta_statement_preserves_iota_5,,declaration
tests/test_phase50_low_dimensional_delta_facts.py,240,FunctionDef,test_phase50_4b_delta_statement_preserves_whitehead_square,,declaration
tests/test_phase50_low_dimensional_delta_facts.py,252,FunctionDef,test_phase50_4b_delta_statement_is_not_sign_specific_relation,,declaration
tests/test_phase50_low_dimensional_delta_facts.py,282,FunctionDef,test_phase50_4b_valid_delta_map_derives_statement,,declaration
tests/test_phase50_low_dimensional_delta_facts.py,366,FunctionDef,test_phase50_4b_derived_statement_is_inference,,declaration
tests/test_phase50_low_dimensional_delta_facts.py,400,FunctionDef,test_phase50_4b_derived_statement_preserves_premise,,declaration
tests/test_phase50_low_dimensional_delta_facts.py,468,FunctionDef,test_phase50_4b_low_dimensional_facts_can_be_given_steps,,declaration
tests/test_phase50_low_dimensional_delta_facts.py,469,Assignment,facts,"(pi_5_5_free_cyclic_fact(), pi_4_5_zero_fact())",candidate container
tests/test_phase50_pi3_2_whitehead_square.py,192,FunctionDef,test_phase50_4a_statement_whitehead_square_uses_expression,,declaration
tests/test_phase50_pi3_2_whitehead_square.py,202,FunctionDef,test_phase50_4a_statement_positive_value_uses_expression,,declaration
tests/test_phase50_pi3_2_whitehead_square.py,212,FunctionDef,test_phase50_4a_statement_represents_expected_whitehead_square,,declaration
tests/test_phase50_pi3_2_whitehead_square.py,224,FunctionDef,test_phase50_4a_statement_represents_twice_eta_2,,declaration
tests/test_phase50_pi3_2_whitehead_square.py,239,FunctionDef,test_phase50_4a_rule_requires_four_premises,,declaration
tests/test_phase50_pi4_3_exactness_bridge.py,218,FunctionDef,test_phase50_4c_delta_image_statement_uses_specific_delta_map,,declaration
tests/test_phase50_pi4_3_exactness_bridge.py,228,FunctionDef,test_phase50_4c_delta_image_statement_uses_free_cyclic_group,,declaration
tests/test_phase50_pi4_3_exactness_bridge.py,238,FunctionDef,test_phase50_4c_kernel_statement_uses_specific_suspension_map,,declaration
tests/test_phase50_pi4_3_exactness_bridge.py,248,FunctionDef,test_phase50_4c_surjective_statement_uses_specific_suspension_map,,declaration
tests/test_phase50_pi4_3_exactness_bridge.py,258,FunctionDef,test_phase50_4c_delta_image_rule_matches_valid_instance,,declaration
tests/test_phase50_pi4_3_exactness_bridge.py,289,FunctionDef,test_phase50_4c_delta_image_rule_derives_expected_image,,declaration
tests/test_phase50_pi4_3_exactness_bridge.py,345,FunctionDef,test_phase50_4c_delta_image_rule_rejects_wrong_source_generator,,declaration
tests/test_phase50_pi4_3_exactness_bridge.py,395,FunctionDef,test_phase50_4c_kernel_rule_matches_valid_instance,,declaration
tests/test_phase50_pi4_3_exactness_bridge.py,421,FunctionDef,test_phase50_4c_kernel_rule_derives_expected_kernel,,declaration
tests/test_phase50_pi4_3_exactness_bridge.py,472,FunctionDef,test_phase50_4c_kernel_rule_rejects_wrong_delta_instance,,declaration
tests/test_phase50_pi4_3_exactness_bridge.py,512,FunctionDef,test_phase50_4c_surjectivity_rule_matches_valid_instance,,declaration
tests/test_phase50_pi4_3_exactness_bridge.py,536,FunctionDef,test_phase50_4c_surjectivity_rule_derives_expected_result,,declaration
tests/test_phase50_pi4_3_exactness_bridge.py,571,FunctionDef,test_phase50_4c_surjectivity_rule_rejects_wrong_zero_group,,declaration
tests/test_phase50_pi4_3_finite_cyclic.py,192,FunctionDef,test_phase50_4d_rule_requires_three_premises,,declaration
tests/test_phase50_pi4_3_finite_cyclic.py,520,FunctionDef,test_phase50_4d_derived_step_preserves_inference_rule,,declaration
tests/test_phase50_probe.py,465,FunctionDef,test_phase50_probe_all_derived_steps_preserve_inference_rule,,declaration
tests/test_phase50_prop27_theorem_semantics.py,91,FunctionDef,test_phase50_3_statement_argument_uses_expression,,declaration
tests/test_phase50_prop27_theorem_semantics.py,101,FunctionDef,test_phase50_3_statement_positive_value_uses_expression,,declaration
tests/test_phase50_prop27_theorem_semantics.py,111,FunctionDef,test_phase50_3_statement_preserves_whitehead_product,,declaration
tests/test_phase50_prop27_theorem_semantics.py,123,FunctionDef,test_phase50_3_statement_preserves_positive_two_iota_3,,declaration
tests/test_phase50_prop27_theorem_semantics.py,138,FunctionDef,test_phase50_3_statement_is_not_sign_specific_relation,,declaration
tests/test_phase50_prop27_theorem_semantics.py,149,FunctionDef,test_phase50_3_rule_requires_whitehead_product,,declaration
tests/test_phase50_prop27_theorem_semantics.py,177,FunctionDef,test_phase50_3_valid_iota2_whitehead_square_derives_statement,,declaration
tests/test_phase50_prop27_theorem_semantics.py,199,FunctionDef,test_phase50_3_derived_statement_preserves_argument,,declaration
tests/test_phase50_prop27_theorem_semantics.py,227,FunctionDef,test_phase50_3_derived_statement_preserves_two_iota3,,declaration
tests/test_phase50_prop27_theorem_semantics.py,319,FunctionDef,test_phase50_3_derived_statement_is_inference,,declaration
tests/test_phase50_prop27_theorem_semantics.py,345,FunctionDef,test_phase50_3_derived_statement_preserves_premise,,declaration
tests/test_phase50_prop27_theorem_semantics.py,371,FunctionDef,test_phase50_3_derived_statement_preserves_inference_rule,,declaration
tests/test_phase52_delta_direct_bridge.py,131,FunctionDef,test_phase52_2_statement_uses_specific_delta_map,,declaration
tests/test_phase52_delta_direct_bridge.py,170,FunctionDef,test_phase52_2_statement_preserves_iota5_element,,declaration
tests/test_phase52_delta_direct_bridge.py,191,FunctionDef,test_phase52_2_statement_preserves_two_eta2_positive_value,,declaration
tests/test_phase52_delta_direct_bridge.py,235,FunctionDef,test_phase52_2_statement_is_structurally_distinct_from_whitehead_version,,declaration
tests/test_phase52_delta_direct_bridge.py,257,FunctionDef,test_phase52_2_statement_does_not_encode_a_sign_choice,,declaration
tests/test_phase52_delta_direct_bridge.py,296,FunctionDef,test_phase52_3_bridge_rule_matches_valid_statements,,declaration
tests/test_phase52_delta_direct_bridge.py,322,FunctionDef,test_phase52_3_bridge_rule_derives_delta_iota5_two_eta2,,declaration
tests/test_phase52_probe.py,39,FunctionDef,test_phase52_probe_has_original_delta_whitehead_statement,,declaration
tests/test_phase52_probe.py,67,FunctionDef,test_phase52_probe_has_whitehead_two_eta2_statement,,declaration
tests/test_phase52_probe.py,99,FunctionDef,test_phase52_probe_derives_direct_delta_two_eta2_statement,,declaration
tests/test_phase53_finite_cyclic_transport.py,230,FunctionDef,test_phase53_2_toda45_statement_preserves_same_transport_map,,declaration
tests/test_phase53_finite_cyclic_transport.py,358,FunctionDef,test_phase53_3_transport_rule_matches_valid_specific_instance,,declaration
tests/test_phase53_finite_cyclic_transport.py,371,FunctionDef,test_phase53_3_transport_rule_derives_transported_finite_cyclic_group,,declaration
tests/test_phase55_probe.py,50,FunctionDef,test_phase55_probe_derives_final_prop51_statement,,declaration
tests/test_phase55_probe.py,77,FunctionDef,test_phase55_probe_final_statement_preserves_four_derived_premises,,declaration
tests/test_phase55_prop51_finite_dimensional_statement.py,55,FunctionDef,build_phase55_2_statement,,declaration
tests/test_phase55_prop51_finite_dimensional_statement.py,200,FunctionDef,test_phase55_2_finite_dimensional_statement_is_representable,,declaration
tests/test_phase55_prop51_finite_dimensional_statement.py,211,FunctionDef,test_phase55_2_statement_preserves_pi3_2_group_result,,declaration
tests/test_phase55_prop51_finite_dimensional_statement.py,224,FunctionDef,test_phase55_2_statement_preserves_eta2_hopf_result,,declaration
tests/test_phase55_prop51_finite_dimensional_statement.py,237,FunctionDef,test_phase55_2_statement_preserves_delta_iota5_result,,declaration
tests/test_phase55_prop51_finite_dimensional_statement.py,250,FunctionDef,test_phase55_2_statement_preserves_higher_eta_group_result,,declaration
tests/test_phase55_prop51_integration.py,131,FunctionDef,test_phase55_5_rule_matches_four_derived_finite_dimensional_results,,declaration
tests/test_phase55_prop51_integration.py,146,FunctionDef,test_phase55_5_derives_prop51_finite_dimensional_statement,,declaration
tests/test_phase55_prop51_integration.py,176,FunctionDef,test_phase55_5_statement_preserves_all_four_results,,declaration
tests/test_phase55_prop51_rejection_provenance.py,142,FunctionDef,test_phase55_6_given_prop51_statement_cannot_replace_missing_dependency,,declaration
tests/test_phase56_pi_i_minus_1_1_zero.py,108,FunctionDef,test_phase56_2_rule_matches_i_at_least_3,,declaration
tests/test_phase56_probe.py,109,FunctionDef,test_phase56_probe_derives_final_toda52_statement,,declaration
tests/test_phase56_probe.py,136,FunctionDef,test_phase56_probe_final_statement_has_expected_map,,declaration
tests/test_phase56_probe.py,193,FunctionDef,test_phase56_probe_final_statement_preserves_three_derived_premises,,declaration
tests/test_phase56_prop44_composition_compatibility.py,285,FunctionDef,test_phase56_1_existing_prop44_rule_does_not_directly_match_concrete_n2_data,,declaration
tests/test_phase56_prop44_eta2_specialization.py,195,FunctionDef,test_phase56_3_rule_matches_n2_eta2_specialization,,declaration
tests/test_phase56_prop44_second_summand_restriction.py,143,FunctionDef,test_phase56_4_rule_matches_derived_eta2_specialization,,declaration
tests/test_phase56_toda52_composition_isomorphism.py,149,FunctionDef,test_phase56_5_rule_matches_three_derived_dependencies,,declaration
tests/test_phase56_toda52_composition_isomorphism.py,282,FunctionDef,test_phase56_5_zero_statement_matches_first_summand,,declaration
tests/test_phase56_toda52_composition_isomorphism.py,305,FunctionDef,test_phase56_5_zero_statement_encodes_i_at_least_3_dependency,,declaration
tests/test_phase56_toda52_composition_isomorphism.py,396,FunctionDef,test_phase56_5_rejects_given_zero_statement,,declaration
tests/test_phase57_bracket_transformation_chain.py,197,FunctionDef,test_phase57_5_prop14_rule_matches_lemma52_bracket,,declaration
tests/test_phase57_bracket_transformation_chain.py,307,FunctionDef,test_phase57_5_prop13_rule_matches_prop14_result,,declaration
tests/test_phase57_bracket_transformation_chain.py,429,FunctionDef,test_phase57_5_cor37_rule_matches_prop13_result,,declaration
tests/test_phase57_bracket_transformation_chain.py,498,FunctionDef,test_phase57_5_prop13_rejects_given_prop14_statement,,declaration
tests/test_phase57_bracket_transformation_chain.py,521,FunctionDef,test_phase57_5_cor37_rejects_given_prop13_statement,,declaration
tests/test_phase57_delta_two_eta2_preimage.py,123,FunctionDef,phase52_rule,,declaration
tests/test_phase57_delta_two_eta2_preimage.py,133,FunctionDef,test_phase57_4_preimage_statement_is_representable,,declaration
tests/test_phase57_delta_two_eta2_preimage.py,144,FunctionDef,test_phase57_4_preimage_statement_preserves_specific_delta_map,,declaration
tests/test_phase57_delta_two_eta2_preimage.py,224,FunctionDef,test_phase57_4_rule_matches_derived_delta_relation,,declaration
tests/test_phase57_delta_two_eta2_preimage.py,239,FunctionDef,test_phase57_4_rule_derives_delta_preimage_statement,,declaration
tests/test_phase57_indeterminacy_vanishing.py,271,FunctionDef,test_phase57_6_eta4_zero_rule_rejects_given_prop51,,declaration
tests/test_phase57_lemma45_two_iota3.py,146,FunctionDef,test_phase57_2_lemma45_rule_matches_alpha_in_pi_i_s3,,declaration
tests/test_phase57_lemma45_two_iota3.py,163,FunctionDef,test_phase57_2_lemma45_rule_derives_two_iota3_alpha_equals_two_alpha,,declaration
tests/test_phase57_lemma45_two_iota3.py,241,FunctionDef,test_phase57_2_lemma45_rule_alone_does_not_derive_zero,,declaration
tests/test_phase57_prop26_hopf_bracket.py,313,FunctionDef,test_phase57_3_rule_matches_prop26_specialization,,declaration
tests/test_phase57_prop26_hopf_bracket.py,326,FunctionDef,test_phase57_3_rule_derives_hopf_bracket_consequence,,declaration
tests/test_phase58_double_eta4_bridge.py,359,FunctionDef,test_phase58_5_bridge_rule_matches_concrete_eta_definitions,,declaration
tests/test_phase58_hopf_eta5_bridge.py,300,FunctionDef,test_phase58_4_bridge_rule_matches_concrete_eta_definitions,,declaration
tests/test_phase58_lemma52_specialization.py,320,FunctionDef,test_phase58_3_eta3_zero_rule_rejects_given_pi4_3_relation,,declaration
tests/test_phase58_lemma52_specialization.py,370,FunctionDef,test_phase58_3_hopf_rule_matches_specialization,,declaration
tests/test_phase58_nu_prime_specialization.py,190,FunctionDef,test_phase58_2_specialization_rule_matches_expected_membership,,declaration
tests/test_phase58_nu_prime_specialization.py,205,FunctionDef,test_phase58_2_specialization_rule_derives_alpha_eta3_i4_instance,,declaration
tests/test_phase59_eta4_squared_stable_transport.py,352,FunctionDef,test_phase59_7_rule_matches_dependencies,,declaration
tests/test_phase59_n4_suspension_isomorphism.py,228,FunctionDef,test_phase59_5_pi6_7_zero_fact_is_concrete,,declaration
tests/test_phase59_n4_suspension_isomorphism.py,368,FunctionDef,test_phase59_5_surjectivity_rule_matches_zero_and_exactness,,declaration
tests/test_phase59_n4_suspension_isomorphism.py,406,FunctionDef,test_phase59_5_isomorphism_rule_matches_two_derived_properties,,declaration
tests/test_phase59_pi5_3_eta3_squared.py,375,FunctionDef,test_phase59_4_bridge_rule_matches_eta_definitions,,declaration
tests/test_phase59_pi5_3_eta3_squared.py,431,FunctionDef,test_phase59_4_transport_rule_matches_derived_dependencies,,declaration
tests/test_phase59_pi6_4_eta4_squared.py,363,FunctionDef,test_phase59_6_bridge_rule_matches_eta_definitions,,declaration
tests/test_phase59_pi6_4_eta4_squared.py,419,FunctionDef,test_phase59_6_transport_rule_matches_derived_dependencies,,declaration
tests/test_phase59_prop53_integration.py,378,FunctionDef,test_phase59_8_bridge_rule_matches_definition_and_range,,declaration
tests/test_phase59_prop53_integration.py,434,FunctionDef,test_phase59_8_generator_rule_matches_two_derived_results,,declaration
tests/test_phase59_prop53_integration.py,520,FunctionDef,test_phase59_8_integration_rule_matches_all_cases,,declaration
tests/test_phase59_prop53_integration.py,547,FunctionDef,test_phase59_8_derives_prop53_finite_dimensional_statement,,declaration
tests/test_phase59_prop53_integration.py,572,FunctionDef,test_phase59_8_statement_preserves_all_branches,,declaration
tests/test_phase59_prop53_integration.py,729,FunctionDef,test_phase59_8_final_statement_is_not_given,,declaration
tests/test_phase59_toda52_pi4_2_transport.py,237,FunctionDef,test_phase59_2_rule_matches_derived_dependencies,,declaration
tests/test_phase60_lemma54_integration.py,150,FunctionDef,test_phase60_9_integration_rule_matches_three_results,,declaration
tests/test_phase60_lemma54_integration.py,229,FunctionDef,test_phase60_9_literature_statements_are_first_class,,declaration
tests/test_phase60_lemma54_integration.py,243,FunctionDef,test_phase60_9_literature_statements_are_not_empty,,declaration
tests/test_phase60_lemma54_integration.py,263,FunctionDef,test_phase60_9_records_theorem36_statement,,declaration
tests/test_phase60_lemma54_integration.py,288,FunctionDef,test_phase60_9_records_prop13_statement,,declaration
tests/test_phase60_lemma54_integration.py,308,FunctionDef,test_phase60_9_records_toda115_statement,,declaration
tests/test_phase60_lemma54_integration.py,328,FunctionDef,test_phase60_9_records_toda32_statement,,declaration
tests/test_phase60_lemma54_integration.py,353,FunctionDef,test_phase60_9_records_prop53_statement,,declaration
tests/test_phase60_lemma54_integration.py,373,FunctionDef,test_phase60_9_records_toda53_statement,,declaration
tests/test_phase60_lemma54_integration.py,393,FunctionDef,test_phase60_9_records_toda54_statement,,declaration
tests/test_phase60_lemma54_integration.py,413,FunctionDef,test_phase60_9_aggregate_contains_literature_statements,,declaration
tests/test_phase60_nu4_whitehead_correction.py,368,FunctionDef,test_phase60_8_whitehead_rule_matches_iota4_square,,declaration
tests/test_phase60_nu4_whitehead_correction.py,451,FunctionDef,test_phase60_8_construction_rule_matches_dependencies,,declaration
tests/test_phase60_probe.py,133,FunctionDef,test_phase60_probe_aggregate_contains_literature_statements,,declaration
tests/test_phase60_probe.py,167,FunctionDef,test_phase60_probe_literature_contains_required_phase60_sources,,declaration
tests/test_phase60_probe.py,288,FunctionDef,test_phase60_probe_output_contains_literature_statements,,declaration
tests/test_phase60_probe.py,330,FunctionDef,test_phase60_probe_output_contains_referenced_statement_content,,declaration
tests/test_phase60_probe.py,410,FunctionDef,test_phase60_probe_output_contains_literature_usage,,declaration
tests/test_phase60_toda36_specialization.py,393,FunctionDef,test_phase60_6_eta6_zero_rule_matches_prop51,,declaration
tests/test_phase60_toda36_specialization.py,428,FunctionDef,test_phase60_6_theorem36_rule_matches_required_zero_relations,,declaration
tests/test_phase60_toda36_specialization.py,449,FunctionDef,test_phase60_6_derives_theorem36_specialization,,declaration
tests/test_phase60_toda36_specialization.py,482,FunctionDef,test_phase60_6_theorem36_uses_alpha_eta2_beta_two_iota3,,declaration
tests/test_phase60_toda36_specialization.py,506,FunctionDef,test_phase60_6_theorem36_negative_bracket_membership,,declaration
tests/test_phase60_toda36_specialization.py,520,FunctionDef,test_phase60_6_toda54_specialization_rule_matches_symbolic_result,,declaration
tests/test_phase60_toda36_specialization.py,572,FunctionDef,test_phase60_6_final_rule_matches_two_derived_results,,declaration
tests/test_phase60_toda48_hopf_parity.py,246,FunctionDef,test_phase60_7_reuses_derived_theorem36_specialization,,declaration
tests/test_phase60_toda48_hopf_parity.py,288,FunctionDef,test_phase60_7_pi6_5_rule_matches_prop51,,declaration
tests/test_phase60_toda48_hopf_parity.py,347,FunctionDef,test_phase60_7_double_statement_has_expected_left,,declaration
tests/test_phase60_toda48_hopf_parity.py,360,FunctionDef,test_phase60_7_double_statement_has_e2_nu_prime_value,,declaration
tests/test_phase60_toda48_hopf_parity.py,374,FunctionDef,test_phase60_7_parity_rule_matches_all_derived_dependencies,,declaration
tests/test_phase60_toda48_hopf_parity.py,398,FunctionDef,test_phase60_7_derives_hopf_odd_multiple_statement,,declaration
tests/test_phase60_toda48_hopf_parity.py,418,FunctionDef,test_phase60_7_hopf_statement_preserves_alpha_star,,declaration
tests/test_phase60_toda48_hopf_parity.py,431,FunctionDef,test_phase60_7_hopf_statement_uses_symbolic_s,,declaration
tests/test_phase60_toda48_hopf_parity.py,448,FunctionDef,test_phase60_7_hopf_statement_generator_is_iota7,,declaration
tests/test_phase60_toda48_hopf_parity.py,461,FunctionDef,test_phase60_7_hopf_statement_means_two_s_plus_one_iota7,,declaration
tests/test_phase60_toda54_bracket_inclusion.py,393,FunctionDef,test_phase60_4_rule_matches_derived_specialization_and_scope,,declaration
tests/test_phase60_toda54_bracket_statement.py,118,FunctionDef,test_phase60_2_statement_is_first_class,,declaration
tests/test_phase60_toda54_bracket_statement.py,129,FunctionDef,test_phase60_2_statement_preserves_bracket,,declaration
tests/test_phase60_toda54_bracket_statement.py,231,FunctionDef,test_phase60_2_statement_distinguishes_different_bracket_index,,declaration
tests/test_phase60_toda54_bracket_statement.py,269,FunctionDef,test_phase60_2_statement_distinguishes_different_positive_value,,declaration
tests/test_phase60_toda54_indeterminacy.py,395,FunctionDef,test_phase60_3_indeterminacy_rule_matches_prop53_and_scope,,declaration
tests/test_phase60_toda54_indeterminacy.py,483,FunctionDef,test_phase60_3_transport_rule_matches_phase58_double_relation,,declaration
tests/test_phase60_toda54_t0_bridge.py,253,FunctionDef,test_phase60_5_t_ge_1_rule_matches_derived_dependencies,,declaration
tests/test_phase60_toda54_t0_bridge.py,271,FunctionDef,test_phase60_5_derives_t_ge_1_up_to_sign_statement,,declaration
tests/test_phase60_toda54_t0_bridge.py,291,FunctionDef,test_phase60_5_t_ge_1_statement_preserves_symbolic_index,,declaration
tests/test_phase60_toda54_t0_bridge.py,306,FunctionDef,test_phase60_5_toda32_rule_matches_n_at_least_3,,declaration
tests/test_phase60_toda54_t0_bridge.py,394,FunctionDef,test_phase60_5_t0_rule_matches_indexed_statement_and_toda32,,declaration
tests/test_phase60_toda54_t0_bridge.py,415,FunctionDef,test_phase60_5_derives_unindexed_t0_statement,,declaration
tests/test_phase60_toda54_t0_bridge.py,529,FunctionDef,test_phase60_5_rejects_given_indexed_statement,,declaration
tests/test_phase61_lemma55_alpha_star_inclusion.py,288,FunctionDef,test_phase61_3_rule_matches_dependencies,,declaration
tests/test_phase61_lemma55_alpha_star_inclusion.py,405,FunctionDef,test_phase61_3_rejects_given_alpha_star_statement,,declaration
tests/test_phase61_lemma55_applicability_provenance.py,293,FunctionDef,test_phase61_7_alpha_star_branch_reaches_phase60_theorem36,,declaration
tests/test_phase61_lemma55_integration.py,188,FunctionDef,test_phase61_6_rule_matches_dependencies,,declaration
tests/test_phase61_lemma55_integration.py,289,FunctionDef,test_phase61_6_literature_statements_are_first_class,,declaration
tests/test_phase61_lemma55_integration.py,303,FunctionDef,test_phase61_6_literature_statements_are_not_empty,,declaration
tests/test_phase61_lemma55_integration.py,323,FunctionDef,test_phase61_6_records_lemma55_statement,,declaration
tests/test_phase61_lemma55_integration.py,378,FunctionDef,test_phase61_6_aggregate_contains_literature_statements,,declaration
tests/test_phase61_lemma55_integration.py,391,FunctionDef,test_phase61_6_preserves_phase60_literature_through_lemma54,,declaration
tests/test_phase61_lemma55_nu4_composition.py,163,FunctionDef,test_phase61_5_rule_matches_two_derived_dependencies,,declaration
tests/test_phase61_lemma55_nu4_composition.py,235,FunctionDef,test_phase61_5_replaces_only_alpha_star_factor,,declaration
tests/test_phase61_lemma55_nu4_composition.py,336,FunctionDef,test_phase61_5_rejects_different_alpha_star_factor,,declaration
tests/test_phase61_lemma55_nu4_suspension.py,242,FunctionDef,test_phase61_4_rule_matches_construction_and_positive_t,,declaration
tests/test_phase61_lemma55_statement.py,144,FunctionDef,test_phase61_2_statement_is_first_class,,declaration
tests/test_phase61_lemma55_statement.py,155,FunctionDef,test_phase61_2_statement_preserves_bracket,,declaration
tests/test_phase61_lemma55_statement.py,168,FunctionDef,test_phase61_2_statement_preserves_positive_value,,declaration
tests/test_phase61_lemma55_statement.py,252,FunctionDef,test_phase61_2_statement_distinguishes_different_bracket,,declaration
tests/test_phase61_lemma55_statement.py,285,FunctionDef,test_phase61_2_statement_distinguishes_different_positive_value,,declaration
tests/test_phase61_probe.py,73,FunctionDef,test_phase61_probe_theorem_dependencies_are_derived,,declaration
tests/test_phase61_probe.py,135,FunctionDef,test_phase61_probe_contains_direct_literature_statements,,declaration
tests/test_phase61_probe.py,179,FunctionDef,test_phase61_probe_preserves_phase60_literature,,declaration
tests/test_phase61_probe.py,396,FunctionDef,test_phase61_probe_output_contains_literature,,declaration
tests/test_phase61_probe.py,444,FunctionDef,test_phase61_probe_output_contains_literature_usage,,declaration
tests/test_phase61_probe.py,476,FunctionDef,test_phase61_probe_output_contains_literature_statement_content,,declaration
tests/test_phase62_nu_family_definition.py,16,FunctionDef,test_phase62_2_nu4_definition_is_statement,,declaration
tests/test_phase62_nu_family_double_transport.py,176,FunctionDef,test_phase62_3_rule_matches_dependencies,,declaration
tests/test_phase62_probe.py,75,FunctionDef,test_phase62_probe_theorem_dependencies_are_derived,,declaration
tests/test_phase62_probe.py,145,FunctionDef,test_phase62_probe_contains_direct_literature,,declaration
tests/test_phase62_probe.py,181,FunctionDef,test_phase62_probe_preserves_phase60_literature,,declaration
tests/test_phase62_probe.py,446,FunctionDef,test_phase62_probe_output_contains_literature,,declaration
tests/test_phase62_probe.py,489,FunctionDef,test_phase62_probe_output_contains_literature_usage,,declaration
tests/test_phase62_toda55_applicability_provenance.py,261,FunctionDef,test_phase62_7_theorem_spine_is_derived,,declaration
tests/test_phase62_toda55_integration.py,204,FunctionDef,test_phase62_6_rule_matches_dependencies,,declaration
tests/test_phase62_toda55_integration.py,302,FunctionDef,test_phase62_6_literature_is_first_class,,declaration
tests/test_phase62_toda55_integration.py,357,FunctionDef,test_phase62_6_direct_literature_excludes_stable_clause,,declaration
tests/test_phase62_toda55_integration.py,374,FunctionDef,test_phase62_6_aggregate_contains_literature,,declaration
tests/test_phase62_toda55_integration.py,387,FunctionDef,test_phase62_6_preserves_phase60_literature,,declaration
tests/test_phase63_applicability_provenance.py,209,FunctionDef,test_phase63_5_theorem_spine_is_derived,,declaration
tests/test_phase63_nu4_prop44_specialization.py,160,FunctionDef,test_phase63_2_rule_matches_derived_lemma54,,declaration
tests/test_phase63_nu4_prop44_specialization.py,173,FunctionDef,test_phase63_2_derives_specialization_statement,,declaration
tests/test_phase63_nu4_prop44_specialization.py,260,FunctionDef,test_phase63_2_preserves_lemma54_statement,,declaration
tests/test_phase63_probe.py,60,FunctionDef,test_phase63_probe_theorem_dependencies_are_derived,,declaration
tests/test_phase63_probe.py,173,FunctionDef,test_phase63_probe_contains_direct_literature,,declaration
tests/test_phase63_probe.py,209,FunctionDef,test_phase63_probe_preserves_phase60_literature,,declaration
tests/test_phase63_probe.py,458,FunctionDef,test_phase63_probe_output_contains_literature,,declaration
tests/test_phase63_probe.py,501,FunctionDef,test_phase63_probe_output_contains_literature_usage,,declaration
tests/test_phase63_prop44_decomposition_specialization.py,298,FunctionDef,test_phase63_3_rule_matches_dependencies,,declaration
tests/test_phase63_toda56_integration.py,140,FunctionDef,test_phase63_6_rule_matches_dependencies,,declaration
tests/test_phase63_toda56_integration.py,203,FunctionDef,test_phase63_6_literature_is_first_class,,declaration
tests/test_phase63_toda56_integration.py,226,FunctionDef,test_phase63_6_records_toda56_reference,,declaration
tests/test_phase63_toda56_integration.py,248,FunctionDef,test_phase63_6_literature_records_map_formula,,declaration
tests/test_phase63_toda56_integration.py,265,FunctionDef,test_phase63_6_literature_records_isomorphism,,declaration
tests/test_phase63_toda56_integration.py,282,FunctionDef,test_phase63_6_aggregate_contains_direct_literature,,declaration
tests/test_phase63_toda56_integration.py,297,FunctionDef,test_phase63_6_preserves_phase60_literature,,declaration
tests/test_phase63_toda56_semantics.py,101,FunctionDef,test_phase63_4_rule_matches_derived_prop44_isomorphism,,declaration
tests/test_phase63_toda56_semantics.py,114,FunctionDef,test_phase63_4_derives_toda56_statement,,declaration
tests/test_phase65_equation57_injectivity.py,469,FunctionDef,test_phase65_3_equation57_rule_matches_dependencies,,declaration
tests/test_phase65_equation57_injectivity.py,580,FunctionDef,test_phase65_3_hopf_surjective_rule_matches,,declaration
tests/test_phase65_equation57_injectivity.py,618,FunctionDef,test_phase65_3_delta_zero_rule_matches_exactness,,declaration
tests/test_phase65_equation57_injectivity.py,656,FunctionDef,test_phase65_3_suspension_injective_rule_matches,,declaration
tests/test_phase65_n5_quotient_e2_injectivity.py,182,FunctionDef,test_phase65_6_quotient_rule_matches_toda56,,declaration
tests/test_phase65_n5_quotient_e2_injectivity.py,197,FunctionDef,test_phase65_6_injective_rule_matches_toda56,,declaration
tests/test_phase65_n5_quotient_e2_injectivity.py,289,FunctionDef,test_phase65_6_injective_statement_preserves_map_instance,,declaration
tests/test_phase65_nu5_order_pi8_5.py,335,FunctionDef,test_phase65_7_double_rule_matches,,declaration
tests/test_phase65_nu5_order_pi8_5.py,409,FunctionDef,test_phase65_7_e2_order_rule_matches,,declaration
tests/test_phase65_nu5_order_pi8_5.py,447,FunctionDef,test_phase65_7_nu5_order_rule_matches,,declaration
tests/test_phase65_nu5_order_pi8_5.py,522,FunctionDef,test_phase65_7_pi8_5_rule_matches,,declaration
tests/test_phase65_nu5_stable_transport.py,415,FunctionDef,test_phase65_8_transport_rule_matches,,declaration
tests/test_phase65_nu5_stable_transport.py,469,FunctionDef,test_phase65_8_bridge_rule_matches,,declaration
tests/test_phase65_nu5_stable_transport.py,523,FunctionDef,test_phase65_8_generator_rule_matches,,declaration
tests/test_phase65_nu_prime_order_pi6_3.py,449,FunctionDef,test_phase65_4_eta3_cube_rule_matches,,declaration
tests/test_phase65_nu_prime_order_pi6_3.py,487,FunctionDef,test_phase65_4_nu_prime_order_rule_matches,,declaration
tests/test_phase65_nu_prime_order_pi6_3.py,532,FunctionDef,test_phase65_4_pi6_3_rule_matches_all_dependencies,,declaration
tests/test_phase65_pi5_2_eta2_cube.py,246,FunctionDef,test_phase65_2_rule_matches_two_derived_dependencies,,declaration
tests/test_phase65_pi7_4_decomposition.py,203,FunctionDef,test_phase65_5_pi7_7_fact_is_free_cyclic,,declaration
tests/test_phase65_pi7_4_decomposition.py,237,FunctionDef,test_phase65_5_rule_matches_dependencies,,declaration
tests/test_phase65_probe.py,378,FunctionDef,test_phase65_probe_output_contains_literature,,declaration
tests/test_phase65_prop56_integration.py,302,FunctionDef,test_phase65_9_rule_matches_all_dependencies,,declaration
tests/test_phase65_prop56_integration.py,427,FunctionDef,test_phase65_9_aggregate_has_prop56_literature,,declaration
tests/test_phase65_prop56_integration.py,478,FunctionDef,test_phase65_9_theorem_dependencies_are_derived,,declaration
tests/test_phase65_provenance.py,191,FunctionDef,test_phase65_10_direct_theorem_results_are_inference,,declaration
tests/test_phase66_applicability_provenance.py,516,FunctionDef,test_phase66_6_phase66_5_requires_whitehead_statement_type,,declaration
tests/test_phase66_delta_iota9_nu_expression.py,148,FunctionDef,test_phase66_3_rule_matches_derived_pi7_4,,declaration
tests/test_phase66_delta_iota9_nu_expression.py,161,FunctionDef,test_phase66_3_derives_delta_iota9_statement,,declaration
tests/test_phase66_delta_iota9_whitehead_square.py,167,FunctionDef,test_phase66_5_rule_matches_dependencies,,declaration
tests/test_phase66_expression_sign_compatibility.py,306,FunctionDef,test_phase66_2_up_to_sign_statement_accepts_composite_value,,declaration
tests/test_phase66_expression_sign_compatibility.py,326,FunctionDef,test_phase66_2_up_to_sign_statement_preserves_delta_instance,,declaration
tests/test_phase66_literature_aggregate.py,160,FunctionDef,test_phase66_7_statement_types_are_expected,,declaration
tests/test_phase66_literature_aggregate.py,185,FunctionDef,test_phase66_7_rule_matches_dependencies,,declaration
tests/test_phase66_literature_aggregate.py,289,FunctionDef,test_phase66_7_literature_statement_is_toda58,,declaration
tests/test_phase66_literature_aggregate.py,318,FunctionDef,test_phase66_7_literature_reference_metadata,,declaration
tests/test_phase66_literature_aggregate.py,344,FunctionDef,test_phase66_7_literature_statement_contains_equation,,declaration
tests/test_phase66_probe.py,255,FunctionDef,test_phase66_probe_output_contains_literature,,declaration
tests/test_phase66_whitehead_square_nu_expression.py,152,FunctionDef,test_phase66_4_rule_matches_dependencies,,declaration
tests/test_phase67_lemma57_applicability_provenance.py,177,FunctionDef,test_phase67_8_final_delta_statement_is_inference,,declaration
tests/test_phase67_lemma57_first_branch.py,298,FunctionDef,test_phase67_3_composition_rule_accepts_inference_hypothesis,,declaration
tests/test_phase67_lemma57_first_branch.py,319,FunctionDef,test_phase67_3_zero_rule_accepts_inference_hypothesis,,declaration
tests/test_phase67_lemma57_first_branch.py,368,FunctionDef,test_phase67_3_composition_rule_rejects_wrong_source_group,,declaration
tests/test_phase67_lemma57_first_branch.py,481,FunctionDef,test_phase67_3_zero_rule_rejects_given_eta4_zero,,declaration
tests/test_phase67_lemma57_first_branch.py,519,FunctionDef,test_phase67_3_zero_rule_rejects_given_composition_relation,,declaration
tests/test_phase67_lemma57_first_branch.py,557,FunctionDef,test_phase67_3_zero_rule_rejects_wrong_eta4_zero,,declaration
tests/test_phase67_lemma57_first_branch.py,648,FunctionDef,test_phase67_3_composition_rule_accepts_concrete_nu_prime_hypothesis,,declaration
tests/test_phase67_lemma57_hypothesis_statement.py,16,FunctionDef,test_phase67_2_statement_stores_e2_alpha,,declaration
tests/test_phase67_lemma57_hypothesis_statement.py,49,FunctionDef,test_phase67_2_statement_stores_pi_i_plus_2_s5_source_group,,declaration
tests/test_phase67_lemma57_hypothesis_statement.py,89,FunctionDef,test_phase67_2_statement_represents_exact_symbolic_hypothesis,,declaration
tests/test_phase67_lemma57_hypothesis_statement.py,145,FunctionDef,test_phase67_2_statement_has_structural_equality,,declaration
tests/test_phase67_lemma57_hypothesis_statement.py,192,FunctionDef,test_phase67_2_statement_distinguishes_different_element,,declaration
tests/test_phase67_lemma57_hypothesis_statement.py,246,FunctionDef,test_phase67_2_statement_distinguishes_wrong_source_group_dimension,,declaration
tests/test_phase67_lemma57_hypothesis_statement.py,293,FunctionDef,test_phase67_2_statement_distinguishes_wrong_sphere_dimension,,declaration
tests/test_phase67_lemma57_hypothesis_statement.py,340,FunctionDef,test_phase67_2_statement_supports_nu_prime_specialization,,declaration
tests/test_phase67_lemma57_hypothesis_statement.py,382,FunctionDef,test_phase67_2_statement_does_not_add_generic_image_witness_semantics,,declaration
tests/test_phase67_lemma57_n3_zero_reflection.py,123,FunctionDef,test_phase67_4_hypothesis_has_expected_statement_type,,declaration
tests/test_phase67_lemma57_n3_zero_reflection.py,136,FunctionDef,test_phase67_4_rule_matches_dependencies,,declaration
tests/test_phase67_lemma57_n3_zero_reflection.py,425,FunctionDef,test_phase67_4_rule_accepts_concrete_nu_prime_branch,,declaration
tests/test_phase67_lemma57_nu_prime_specialization.py,271,FunctionDef,test_phase67_5_rule_matches_dependencies,,declaration
tests/test_phase67_pi6_2_eta2_nu_prime.py,226,FunctionDef,test_phase67_6_rule_matches_dependencies,,declaration
tests/test_phase68_applicability_provenance.py,806,FunctionDef,test_phase68_12_final_aggregate_has_no_stable_g4_literature,,declaration
tests/test_phase68_delta_eta9.py,445,FunctionDef,test_phase68_5_final_is_not_up_to_sign_statement,,declaration
tests/test_phase68_probe.py,464,FunctionDef,test_phase68_probe_output_contains_literature,,declaration
tests/test_phase68_prop58_integration.py,215,FunctionDef,test_phase68_11_rule_matches_dependencies,,declaration
tests/test_phase68_prop58_integration.py,360,FunctionDef,test_phase68_11_aggregate_has_prop58_literature,,declaration
tests/test_phase68_prop58_integration.py,389,FunctionDef,test_phase68_11_literature_contains_five_branches,,declaration
tests/test_phase68_prop58_integration.py,409,FunctionDef,test_phase68_11_literature_does_not_add_stable_g4,,declaration
tests/test_phase69_delta_iota11.py,305,FunctionDef,test_phase69_3_rule_matches_exact_dependencies,,declaration
tests/test_phase69_probe.py,333,FunctionDef,test_phase69_probe_output_contains_literature,,declaration
tests/test_phase70_applicability_provenance.py,1051,FunctionDef,test_phase70_11_final_aggregate_has_no_stable_g5_literature,,declaration
tests/test_phase70_pi7_2_eta2_nu_prime_eta6.py,287,FunctionDef,test_phase70_2_rule_matches_dependencies,,declaration
tests/test_phase70_pi8_3_nu_prime_eta6_squared.py,706,FunctionDef,test_phase70_3_derives_both_exactness_statements,,declaration
tests/test_phase70_probe.py,572,FunctionDef,test_phase70_probe_output_contains_literature,,declaration
tests/test_phase70_probe.py,714,FunctionDef,test_phase70_probe_does_not_claim_next_theorem_implemented,,declaration
tests/test_phase70_prop59_integration.py,256,FunctionDef,test_phase70_10_rule_matches_dependencies,,declaration
tests/test_phase70_prop59_integration.py,449,FunctionDef,test_phase70_10_has_prop59_literature,,declaration
tests/test_phase70_prop59_integration.py,481,FunctionDef,test_phase70_10_literature_contains_six_branches,,declaration
tests/test_phase70_prop59_integration.py,502,FunctionDef,test_phase70_10_literature_does_not_add_stable_g5,,declaration
tests/test_phase71_probe.py,575,FunctionDef,test_phase71_probe_output_contains_literature,,declaration
tests/test_phase71_toda512_integration.py,214,FunctionDef,test_phase71_5_rule_matches_three_cases,,declaration
tests/test_phase71_toda512_integration.py,317,FunctionDef,test_phase71_5_has_toda512_literature,,declaration
tests/test_phase71_toda512_integration.py,363,FunctionDef,test_phase71_5_literature_contains_three_case_scope,,declaration
tests/test_phase71_toda512_n4_delta_injective.py,324,FunctionDef,test_phase71_2_rule_matches_dependencies,,declaration
tests/test_phase71_toda512_n5_delta_injective.py,300,FunctionDef,test_phase71_3_rule_matches_dependencies,,declaration
tests/test_phase71_toda512_n6_delta_injective.py,245,FunctionDef,test_phase71_4_rule_matches_dependencies,,declaration
tests/test_phase72_applicability_provenance.py,227,FunctionDef,test_phase72_5_final_is_modulo_statement,,declaration
tests/test_phase72_lemma510_modulo_integration.py,439,FunctionDef,test_phase72_4_derives_final_modulo_statement,,declaration
tests/test_phase72_lemma510_statement.py,21,FunctionDef,build_phase72_2_statement,,declaration
tests/test_phase72_lemma510_statement.py,92,FunctionDef,test_phase72_2_statement_type,,declaration
tests/test_phase72_lemma510_statement.py,263,FunctionDef,test_phase72_2_statement_structurally_represents_lemma510,,declaration
tests/test_phase72_probe.py,28,FunctionDef,test_phase72_probe_derives_corrected_final_statement,,declaration
tests/test_phase72r10_corrected_probe.py,28,FunctionDef,test_phase72r10_probe_uses_corrected_final_statement,,declaration
tests/test_phase72r9_corrected_provenance_retirement.py,243,FunctionDef,test_phase72r9_final_direct_branches_are_corrected_statement_types,,declaration
tests/test_phase72r9_corrected_provenance_retirement.py,406,FunctionDef,test_phase72r9_corrected_image_reaches_finite_image_statement,,declaration
tests/test_phase72r9_corrected_provenance_retirement.py,421,FunctionDef,test_phase72r9_corrected_image_reaches_two_primary_zero_statement,,declaration
tests/test_phase73_513_delta_eta11_squared.py,420,FunctionDef,test_phase73_6b_rule_matches_dependencies,,declaration
tests/test_phase73_513_delta_eta13.py,337,FunctionDef,test_phase73_6c_rule_matches_dependencies,,declaration
tests/test_phase73_513_delta_nu9.py,395,FunctionDef,test_phase73_6a_rule_matches_dependencies,,declaration
tests/test_phase73_pi8_2_eta2_nu_prime_eta6_squared.py,347,FunctionDef,test_phase73_3_rule_matches_dependencies,,declaration
tests/test_phase73_probe.py,633,FunctionDef,test_phase73_probe_output_contains_literature,,declaration
tests/test_phase73_prop511_finite_dimensional_integration.py,183,FunctionDef,test_phase73_8e_attaches_prop511_literature,,declaration
tests/test_phase73_prop511_nu_squared_finite_dimensional.py,345,FunctionDef,test_phase73_8c_attaches_prop511_literature,,declaration
tests/test_phase73_prop511_provenance.py,221,FunctionDef,test_phase73_8e_no_stable_group_statement_in_final_aggregate,,declaration
tests/test_phase74_lemma512_applicability_provenance.py,359,FunctionDef,test_phase74_9_final_is_lemma512_statement,,declaration
tests/test_phase74_lemma512_applicability_provenance.py,404,FunctionDef,test_phase74_9_final_rule_matches_exact_dependencies,,declaration
tests/test_phase74_lemma512_applicability_provenance.py,767,FunctionDef,test_phase74_9_anchor_is_not_symbolic_all_n_statement,,declaration
tests/test_phase74_lemma512_bracket_singleton_mod2.py,237,FunctionDef,test_phase74_5_two_indeterminacy_statements_use_same_bracket,,declaration
tests/test_phase74_lemma512_bracket_singleton_mod2.py,305,FunctionDef,test_phase74_5_derives_singleton_mod2_statement,,declaration
tests/test_phase74_lemma512_bracket_singleton_mod2.py,386,FunctionDef,test_phase74_5_nu_n_squared_has_expected_factors,,declaration
tests/test_phase74_lemma512_bracket_singleton_mod2.py,579,FunctionDef,test_phase74_5_final_statement_not_present_initially,,declaration
tests/test_phase74_lemma512_coefficient_stability.py,447,FunctionDef,test_phase74_6_target_generator_factors_are_shifted_nu_family,,declaration
tests/test_phase74_lemma512_coefficient_stability.py,585,FunctionDef,test_phase74_6_final_statement_not_present_initially,,declaration
tests/test_phase74_lemma512_final_integration.py,442,FunctionDef,test_phase74_8_final_statement_not_present_initially,,declaration
tests/test_phase74_lemma512_first_indeterminacy_zero.py,193,FunctionDef,test_phase74_3_derives_first_indeterminacy_zero_statement,,declaration
tests/test_phase74_lemma512_first_indeterminacy_zero.py,286,FunctionDef,test_phase74_3_final_statement_not_present_initially,,declaration
tests/test_phase74_lemma512_nonzero_anchor.py,498,FunctionDef,test_phase74_7_final_statement_not_present_initially,,declaration
tests/test_phase74_lemma512_second_indeterminacy_zero.py,392,FunctionDef,test_phase74_4_n6_right_factor_is_eta11,,declaration
tests/test_phase74_lemma512_second_indeterminacy_zero.py,719,FunctionDef,test_phase74_4_final_statement_not_present_initially,,declaration
tests/test_phase74_probe.py,30,FunctionDef,test_phase74_probe_derives_final_statement,,declaration
tests/test_phase75_514_first_short_exact.py,604,FunctionDef,test_phase75_6a_derives_three_exactness_statements,,declaration
tests/test_phase75_514_second_short_exact.py,485,FunctionDef,test_phase75_7a_derives_three_exactness_statements,,declaration
tests/test_phase75_515_sigma8_prop44_specialization.py,85,FunctionDef,test_phase75_8e1_reuses_derived_sigma8_statement,,declaration
tests/test_phase75_515_sigma8_prop44_specialization.py,221,FunctionDef,test_phase75_8e1_preserves_sigma8_statement_provenance,,declaration
tests/test_phase75_515_sigma8_prop44_specialization.py,250,FunctionDef,test_phase75_8e1_statement_not_present_initially,,declaration
tests/test_phase75_515_sigma8_prop44_specialization.py,267,FunctionDef,test_phase75_8e1_rejects_given_sigma8_statement,,declaration
tests/test_phase75_515_sigma8_transported_decomposition.py,186,FunctionDef,test_phase75_8e3_pi15_15_foundational_fact,,declaration
tests/test_phase75_515_sigma8_transported_decomposition.py,213,FunctionDef,test_phase75_8e3_pi15_15_fact_remains_given,,declaration
tests/test_phase75_515_sigma8_transported_decomposition.py,502,FunctionDef,test_phase75_8e3_derives_expected_statement,,declaration
tests/test_phase75_515_sigma8_transported_decomposition.py,585,FunctionDef,test_phase75_8e3_statement_not_present_initially,,declaration
tests/test_phase75_lemma514_sigma8.py,137,FunctionDef,test_phase75_8a_reuses_theorem36_bridge,,declaration
tests/test_phase75_lemma514_sigma8.py,155,FunctionDef,test_phase75_8a_reuses_sigma_prime_statement,,declaration
tests/test_phase75_lemma514_sigma8.py,216,FunctionDef,test_phase75_8a_derives_sigma8_statement,,declaration
tests/test_phase75_lemma514_sigma8.py,490,FunctionDef,test_phase75_8a_preserves_theorem36_provenance,,declaration
tests/test_phase75_lemma514_sigma8.py,539,FunctionDef,test_phase75_8a_statement_not_present_initially,,declaration
tests/test_phase75_lemma514_sigma_double_prime.py,332,FunctionDef,test_phase75_6b_derives_theorem36_bridge,,declaration
tests/test_phase75_lemma514_sigma_prime.py,142,FunctionDef,test_phase75_7b_reuses_sigma_double_prime_statement,,declaration
tests/test_phase75_lemma514_sigma_prime.py,264,FunctionDef,test_phase75_7b_derives_sigma_prime_statement,,declaration
tests/test_phase75_lemma514_sigma_prime.py,455,FunctionDef,test_phase75_7b_statement_not_present_initially,,declaration
tests/test_phase75_lemma514_sigma_prime.py,472,FunctionDef,test_phase75_7b_rejects_given_sigma_double_prime_statement,,declaration
tests/test_phase75_pi10_3_zero.py,496,FunctionDef,test_phase75_3_derives_all_three_exactness_statements,,declaration
tests/test_phase75_pi10_3_zero.py,679,FunctionDef,test_phase75_3_final_statement_not_present_initially,,declaration
tests/test_phase75_pi11_4_zero.py,369,FunctionDef,test_phase75_4_final_statement_not_present_initially,,declaration
tests/test_phase75_pi12_5_order_two.py,468,FunctionDef,test_phase75_5_derives_two_exactness_statements,,declaration
tests/test_phase75_pi12_5_order_two.py,615,FunctionDef,test_phase75_5_final_statement_not_present_initially,,declaration
tests/test_phase75_pi13_6_order_four.py,134,FunctionDef,test_phase75_6c_reuses_sigma_double_prime_statement,,declaration
tests/test_phase75_pi13_6_order_four.py,448,FunctionDef,test_phase75_6c_rejects_given_sigma_statement,,declaration
tests/test_phase75_pi14_7_order_eight.py,148,FunctionDef,test_phase75_7c_reuses_sigma_prime_statement,,declaration
tests/test_phase75_pi14_7_order_eight.py,468,FunctionDef,test_phase75_7c_rejects_given_sigma_prime_statement,,declaration
tests/test_phase75_pi16_9_sigma9.py,204,FunctionDef,test_phase75_8c_derives_prop48_concrete_statement,,declaration
tests/test_phase75_pi16_9_sigma9.py,259,FunctionDef,test_phase75_8c_reuses_sigma8_statement,,declaration
tests/test_phase75_pi9_2_zero.py,242,FunctionDef,test_phase75_2_final_statement_not_present_initially,,declaration
tests/test_phase75_probe.py,187,FunctionDef,test_phase75_probe_has_literature_metadata,,declaration
tests/test_phase75_probe.py,542,FunctionDef,test_phase75_probe_output_contains_literature,,declaration
tests/test_phase75_prop515_integration.py,682,FunctionDef,test_phase75_9_has_proposition_515_literature,,declaration
tests/test_phase75_sigma_family_definition.py,280,FunctionDef,test_phase75_8b_preserves_sigma8_statement,,declaration
tests/test_phase75_sigma_family_definition.py,294,FunctionDef,test_phase75_8b_preserves_theorem36_provenance,,declaration
tests/test_phase76_applicability_provenance.py,385,FunctionDef,test_phase76_5_final_reaches_pi17_17_foundational_fact,,declaration
tests/test_phase76_applicability_provenance.py,400,FunctionDef,test_phase76_5_final_reaches_phase75_sigma8_statement,,declaration
tests/test_phase76_delta_e_exactness_bridge.py,273,FunctionDef,test_phase76_3_exactness_rule_matches_concrete_window,,declaration
tests/test_phase76_delta_e_exactness_bridge.py,394,FunctionDef,test_phase76_3_image_rule_matches_kernel_and_exactness,,declaration
tests/test_phase76_delta_e_exactness_bridge.py,535,FunctionDef,test_phase76_3_exactness_rule_rejects_inference_window,,declaration
tests/test_phase76_delta_e_exactness_bridge.py,559,FunctionDef,test_phase76_3_exactness_rule_rejects_wrong_source_dimension,,declaration
tests/test_phase76_delta_e_exactness_bridge.py,591,FunctionDef,test_phase76_3_exactness_rule_rejects_wrong_middle_group,,declaration
tests/test_phase76_delta_e_exactness_bridge.py,623,FunctionDef,test_phase76_3_exactness_rule_rejects_wrong_target_group,,declaration
tests/test_phase76_delta_e_exactness_bridge.py,655,FunctionDef,test_phase76_3_exactness_rule_rejects_wrong_map_order,,declaration
tests/test_phase76_delta_e_exactness_bridge.py,685,FunctionDef,test_phase76_3_image_rule_rejects_given_kernel,,declaration
tests/test_phase76_delta_e_exactness_bridge.py,708,FunctionDef,test_phase76_3_image_rule_rejects_given_exactness,,declaration
tests/test_phase76_delta_e_exactness_bridge.py,731,FunctionDef,test_phase76_3_image_rule_rejects_wrong_kernel_map,,declaration
tests/test_phase76_delta_e_exactness_bridge.py,779,FunctionDef,test_phase76_3_image_rule_rejects_wrong_exactness_window,,declaration
tests/test_phase76_delta_iota17.py,167,FunctionDef,test_phase76_4_pi17_17_fact_has_expected_group,,declaration
tests/test_phase76_delta_iota17.py,190,FunctionDef,test_phase76_4_pi17_17_fact_is_free_cyclic,,declaration
tests/test_phase76_delta_iota17.py,229,FunctionDef,test_phase76_4_pi17_17_fact_remains_given,,declaration
tests/test_phase76_delta_iota17.py,412,FunctionDef,test_phase76_4_rule_matches_valid_inputs,,declaration
tests/test_phase76_delta_iota17.py,493,FunctionDef,test_phase76_4_final_is_toda_delta_image_up_to_sign_statement,,declaration
tests/test_phase76_delta_iota17.py,539,FunctionDef,test_phase76_4_rejects_inference_source_group_fact,,declaration
tests/test_phase76_probe.py,123,FunctionDef,test_phase76_probe_pi17_17_fact_remains_given,,declaration
tests/test_phase76_sigma8_suspension_kernel.py,207,FunctionDef,test_phase76_2_reuses_phase75_sigma8_statement,,declaration
tests/test_phase76_sigma8_suspension_kernel.py,434,FunctionDef,test_phase76_2_rule_matches_valid_phase75_data,,declaration
tests/test_phase76_sigma8_suspension_kernel.py,602,FunctionDef,test_phase76_2_rejects_given_sigma8_statement,,declaration
tests/test_phase77_applicability_provenance.py,204,FunctionDef,test_phase77_6_final_statement_is_derived,,declaration
tests/test_phase77_applicability_provenance.py,249,FunctionDef,test_phase77_6_phase75_theorem36_bridge_is_derived,,declaration
tests/test_phase77_applicability_provenance.py,269,FunctionDef,test_phase77_6_phase75_sigma8_statement_is_derived,,declaration
tests/test_phase77_applicability_provenance.py,329,FunctionDef,test_phase77_6_theorem36_bracket_sum_is_derived,,declaration
tests/test_phase77_applicability_provenance.py,427,FunctionDef,test_phase77_6_phase75_theorem36_bridge_is_reachable,,declaration
tests/test_phase77_applicability_provenance.py,441,FunctionDef,test_phase77_6_phase75_sigma8_statement_is_reachable,,declaration
tests/test_phase77_applicability_provenance.py,672,FunctionDef,test_phase77_6_phase76_specific_rules_are_not_in_ancestry,,declaration
tests/test_phase77_applicability_provenance.py,784,FunctionDef,test_phase77_6_theorem36_sum_branch_does_not_depend_on_final,,declaration
tests/test_phase77_applicability_provenance.py,844,FunctionDef,test_phase77_6_final_rule_rejects_mismatched_beta_instance,,declaration
tests/test_phase77_applicability_provenance.py,901,FunctionDef,test_phase77_6_final_rule_rejects_mismatched_t_instance,,declaration
tests/test_phase77_applicability_provenance.py,956,FunctionDef,test_phase77_6_final_rule_rejects_mismatched_m_instance,,declaration
tests/test_phase77_lemma516_scaled_bracket_sum.py,399,FunctionDef,test_phase77_5c_final_statement_is_inference,,declaration
tests/test_phase77_lemma516_scaled_bracket_sum.py,539,FunctionDef,test_phase77_5c_final_preserves_odd_statement,,declaration
tests/test_phase77_lemma516_typed_setup.py,139,FunctionDef,test_phase77_2_builds_typed_setup_statement,,declaration
tests/test_phase77_lemma516_typed_setup.py,489,FunctionDef,test_phase77_2_bracket_sum_statement_keeps_brackets_outside_expression_ast,,declaration
tests/test_phase77_probe.py,9,FunctionDef,test_phase77_probe_final_statement_is_derived,,declaration
tests/test_phase77_probe.py,35,FunctionDef,test_phase77_probe_both_theorem36_branches_are_reachable,,declaration
tests/test_phase77_sigma8_iterated_suspension_bridge.py,103,FunctionDef,test_phase77_5b_reuses_derived_sigma8_statement,,declaration
tests/test_phase77_sigma8_iterated_suspension_bridge.py,240,FunctionDef,test_phase77_5b_preserves_odd_parameter_statement,,declaration
tests/test_phase77_sigma8_iterated_suspension_bridge.py,377,FunctionDef,test_phase77_5b_preserves_sigma8_statement_provenance,,declaration
tests/test_phase77_sigma8_iterated_suspension_bridge.py,433,FunctionDef,test_phase77_5b_rejects_given_sigma8_statement,,declaration
tests/test_phase77_theorem36_first_bracket.py,101,FunctionDef,test_phase77_3_reuses_phase75_theorem36_bridge,,declaration
tests/test_phase77_theorem36_first_bracket.py,394,FunctionDef,test_phase77_3_rejects_given_theorem36_bridge,,declaration
tests/test_phase77_theorem36_second_bracket.py,95,FunctionDef,test_phase77_4_reuses_phase75_theorem36_bridge,,declaration
tests/test_phase77_theorem36_second_bracket.py,460,FunctionDef,test_phase77_4_rejects_given_theorem36_bridge,,declaration
tests/test_phase78_g0_stable_ordinary_transport.py,197,FunctionDef,test_phase78_10_reuses_existing_diagonal_fact,,declaration
tests/test_phase78_g0_stable_ordinary_transport.py,219,FunctionDef,test_phase78_10_diagonal_fact_is_free_cyclic,,declaration
tests/test_phase78_g0_stable_ordinary_transport.py,230,FunctionDef,test_phase78_10_diagonal_fact_generator_is_iota3,,declaration
tests/test_phase78_g4_g5_stable_zero_transport.py,593,FunctionDef,test_phase78_9_g4_rule_rejects_g5_zero,,declaration
tests/test_phase78_g4_g5_stable_zero_transport.py,611,FunctionDef,test_phase78_9_g5_rule_rejects_g4_zero,,declaration
tests/test_phase78_stable_group_representation.py,181,FunctionDef,test_phase78_4_stable_representations_have_no_theorem_semantics,,declaration
tests/test_phase78_stable_two_primary_identification.py,232,FunctionDef,test_phase78_5_statement_has_no_e_infinity_map,,declaration
tests/test_phase78_stable_two_primary_identification.py,269,FunctionDef,test_phase78_5_statement_is_distinct_from_finite_stage_toda45,,declaration
tests/test_phase79_cross_phase_repository.py,165,FunctionDef,test_phase79_7_find_by_phase_crosses_statement_kinds,,declaration
tests/test_phase79_cross_phase_repository.py,205,FunctionDef,test_phase79_7_find_by_theorem_crosses_phases,,declaration
tests/test_phase79_cross_phase_repository.py,297,FunctionDef,test_phase79_7_find_phase76_by_statement_type,,declaration
tests/test_phase79_cross_phase_repository.py,314,FunctionDef,test_phase79_7_find_phase77_by_statement_type,,declaration
tests/test_phase79_cross_phase_repository.py,331,FunctionDef,test_phase79_7_find_phase78_by_statement_type,,declaration
tests/test_phase79_cross_phase_repository.py,517,FunctionDef,test_phase79_7_repository_does_not_replace_original_premise_tuples,,declaration
tests/test_phase79_cross_phase_repository.py,40,Assignment,repository,ProofRepository(),candidate container
tests/test_phase79_cross_phase_repository.py,93,Assignment,repository,data['repository'],candidate container
tests/test_phase79_cross_phase_repository.py,127,Assignment,repository,data['repository'],candidate container
tests/test_phase79_cross_phase_repository.py,167,Assignment,repository,data['repository'],candidate container
tests/test_phase79_cross_phase_repository.py,207,Assignment,repository,data['repository'],candidate container
tests/test_phase79_cross_phase_repository.py,247,Assignment,repository,data['repository'],candidate container
tests/test_phase79_cross_phase_repository.py,475,Assignment,repository,data['repository'],candidate container
tests/test_phase79_cross_phase_repository.py,519,Assignment,repository,data['repository'],candidate container
tests/test_phase79_cross_phase_repository.py,42,Call,ProofRepositoryEntry,key='phase76.delta_iota17'; step=phase76['final_step']; phase='76'; theorem='Toda Equation (5.16)',candidate registration (not unique)
tests/test_phase79_cross_phase_repository.py,51,Call,ProofRepositoryEntry,key='phase77.lemma516'; step=phase77['final_step']; phase='77'; theorem='Toda Lemma 5.16',candidate registration (not unique)
tests/test_phase79_cross_phase_repository.py,60,Call,ProofRepositoryEntry,key='phase78.stable_g0_to_g7'; step=phase78['aggregate_step']; phase='78'; theorem='Stable G_0 through G_7 integration',candidate registration (not unique)
tests/test_phase79_cross_phase_repository.py,76,Call,repository.register,,candidate registration (not unique)
tests/test_phase79_repository_regression.py,18,ClassDef,RepositoryDuplicateStatement,,declaration
tests/test_phase79_repository_regression.py,342,FunctionDef,test_phase79_8_phase77_applicability_is_unchanged_by_repository_retrieval,,declaration
tests/test_phase79_repository_regression.py,403,FunctionDef,test_phase79_8_phase77_applicability_ignores_repository_metadata,,declaration
tests/test_phase79_repository_regression.py,460,FunctionDef,test_phase79_8_repository_lookups_do_not_create_phase78_graph_nodes,,declaration
tests/test_phase79_repository_regression.py,57,Assignment,repository,ProofRepository(),candidate container
tests/test_phase79_repository_regression.py,134,Assignment,repository,ProofRepository(),candidate container
tests/test_phase79_repository_regression.py,180,Assignment,repository,ProofRepository(),candidate container
tests/test_phase79_repository_regression.py,288,Assignment,repository,ProofRepository(),candidate container
tests/test_phase79_repository_regression.py,424,Assignment,repository,ProofRepository(),candidate container
tests/test_phase79_repository_regression.py,463,Assignment,repository,data['repository'],candidate container
tests/test_phase79_repository_regression.py,97,Call,ProofRepositoryEntry,key='phase79.duplicate.first'; step=first_step; phase='79',candidate registration (not unique)
tests/test_phase79_repository_regression.py,103,Call,ProofRepositoryEntry,key='phase79.duplicate.second'; step=second_step; phase='79',candidate registration (not unique)
tests/test_phase79_repository_regression.py,109,Call,repository.register,,candidate registration (not unique)
tests/test_phase79_repository_regression.py,113,Call,repository.register,,candidate registration (not unique)
tests/test_phase79_repository_regression.py,142,Call,ProofRepositoryEntry,"key='phase79.duplicate.first'; step=ProofStep(conclusion=shared_conclusion, premises=(), rule=ProofRule.GIVEN)",candidate registration (not unique)
tests/test_phase79_repository_regression.py,151,Call,ProofRepositoryEntry,"key='phase79.duplicate.second'; step=ProofStep(conclusion=shared_conclusion, premises=(), rule=ProofRule.GIVEN)",candidate registration (not unique)
tests/test_phase79_repository_regression.py,160,Call,repository.register,,candidate registration (not unique)
tests/test_phase79_repository_regression.py,164,Call,repository.register,,candidate registration (not unique)
tests/test_phase79_repository_regression.py,204,Call,ProofRepositoryEntry,"key='phase79.duplicate.first'; step=ProofStep(conclusion=shared_conclusion, premises=(first_root,), rule=ProofRule.INFERENCE)",candidate registration (not unique)
tests/test_phase79_repository_regression.py,215,Call,ProofRepositoryEntry,"key='phase79.duplicate.second'; step=ProofStep(conclusion=shared_conclusion, premises=(second_root,), rule=ProofRule.INFERENCE)",candidate registration (not unique)
tests/test_phase79_repository_regression.py,226,Call,repository.register,,candidate registration (not unique)
tests/test_phase79_repository_regression.py,230,Call,repository.register,,candidate registration (not unique)
tests/test_phase79_repository_regression.py,290,Call,ProofRepositoryEntry,key='phase77.lemma516'; step=original_step; phase='77'; theorem='Toda Lemma 5.16',candidate registration (not unique)
tests/test_phase79_repository_regression.py,297,Call,ProofRepositoryEntry,key='alias.phase77.lemma516'; step=original_step; phase='999'; theorem='Unrelated catalog label',candidate registration (not unique)
tests/test_phase79_repository_regression.py,304,Call,repository.register,,candidate registration (not unique)
tests/test_phase79_repository_regression.py,308,Call,repository.register,,candidate registration (not unique)
tests/test_phase79_repository_regression.py,426,Call,ProofRepositoryEntry,key='alias.phase77.lemma516'; step=original_step; phase='999'; theorem='Unrelated catalog label',candidate registration (not unique)
tests/test_phase79_repository_regression.py,433,Call,repository.register,,candidate registration (not unique)
tests/test_phase80_actual_proof_integration.py,101,FunctionDef,test_phase80_5_repository_contains_only_actual_phase77_direct_premises,,declaration
tests/test_phase80_actual_proof_integration.py,164,FunctionDef,test_phase80_5_repository_assisted_runner_derives_actual_phase77_goal,,declaration
tests/test_phase80_actual_proof_integration.py,230,FunctionDef,test_phase80_5_derived_goal_uses_exact_repository_steps_as_premises,,declaration
tests/test_phase80_actual_proof_integration.py,274,FunctionDef,test_phase80_5_derived_goal_records_existing_phase77_final_rule,,declaration
tests/test_phase80_actual_proof_integration.py,329,FunctionDef,test_phase80_5_inference_result_preserves_initial_repository_step_identity,,declaration
tests/test_phase80_actual_proof_integration.py,396,FunctionDef,test_phase80_5_repository_is_not_mutated_by_actual_inference,,declaration
tests/test_phase80_actual_proof_integration.py,39,Assignment,repository,ProofRepository(),candidate container
tests/test_phase80_actual_proof_integration.py,399,Assignment,repository,data['repository'],candidate container
tests/test_phase80_actual_proof_integration.py,403,Assignment,before_entries,repository.entries(),candidate container
tests/test_phase80_actual_proof_integration.py,41,Call,ProofRepositoryEntry,key='phase80.phase77.bracket_sum'; step=bracket_sum_step; phase='77'; theorem='Toda Lemma 5.16 bracket-sum premise',candidate registration (not unique)
tests/test_phase80_actual_proof_integration.py,54,Call,ProofRepositoryEntry,key='phase80.phase77.scaled_composition'; step=composition_step; phase='77'; theorem='Toda Lemma 5.16 scaled-composition premise',candidate registration (not unique)
tests/test_phase80_actual_proof_integration.py,67,Call,repository.register,,candidate registration (not unique)
tests/test_phase80_actual_proof_integration.py,70,Call,repository.register,,candidate registration (not unique)
tests/test_phase80_applicability_non_circularity.py,96,FunctionDef,test_phase80_6_goal_is_absent_from_initial_repository_steps_and_ancestors,,declaration
tests/test_phase80_applicability_non_circularity.py,159,FunctionDef,test_phase80_6_missing_bracket_sum_premise_rejects_final_rule,,declaration
tests/test_phase80_applicability_non_circularity.py,176,FunctionDef,test_phase80_6_missing_composition_premise_rejects_final_rule,,declaration
tests/test_phase80_applicability_non_circularity.py,193,FunctionDef,test_phase80_6_given_bracket_sum_shortcut_rejects_final_rule,,declaration
tests/test_phase80_applicability_non_circularity.py,221,FunctionDef,test_phase80_6_given_composition_shortcut_rejects_final_rule,,declaration
tests/test_phase80_applicability_non_circularity.py,249,FunctionDef,test_phase80_6_repository_metadata_does_not_change_actual_applicability,,declaration
tests/test_phase80_applicability_non_circularity.py,382,FunctionDef,test_phase80_6_repository_assisted_derived_graph_is_acyclic,,declaration
tests/test_phase80_applicability_non_circularity.py,252,Assignment,repository,ProofRepository(),candidate container
tests/test_phase80_applicability_non_circularity.py,254,Call,repository.register,,candidate registration (not unique)
tests/test_phase80_applicability_non_circularity.py,269,Call,repository.register,,candidate registration (not unique)
tests/test_phase80_applicability_non_circularity.py,255,Call,ProofRepositoryEntry,key='alias.phase80.bracket'; step=data['bracket_sum_step']; phase='999'; theorem='Unrelated bracket metadata',candidate registration (not unique)
tests/test_phase80_applicability_non_circularity.py,270,Call,ProofRepositoryEntry,key='alias.phase80.composition'; step=data['composition_step']; phase='1000'; theorem='Unrelated composition metadata',candidate registration (not unique)
tests/test_phase80_goal_detection.py,16,ClassDef,Phase80GoalStatement,,declaration
tests/test_phase80_goal_detection.py,21,ClassDef,Phase80GoalDerivedStatement,,declaration
tests/test_phase80_probe.py,43,FunctionDef,test_phase80_7_probe_reuses_exact_repository_premises,,declaration
tests/test_phase80_probe.py,53,FunctionDef,test_phase80_7_probe_reuses_existing_phase77_rule,,declaration
tests/test_phase80_repository_available_steps.py,23,ClassDef,Phase80BridgeStatement,,declaration
tests/test_phase80_repository_available_steps.py,28,ClassDef,Phase80DerivedStatement,,declaration
tests/test_phase80_repository_available_steps.py,44,FunctionDef,test_phase80_2_empty_repository_returns_empty_available_steps,,declaration
tests/test_phase80_repository_available_steps.py,55,FunctionDef,test_phase80_2_repository_entries_preserve_registration_order,,declaration
tests/test_phase80_repository_available_steps.py,265,FunctionDef,test_phase80_2_repository_available_steps_rejects_non_repository,,declaration
tests/test_phase80_repository_available_steps.py,45,Assignment,repository,ProofRepository(),candidate container
tests/test_phase80_repository_available_steps.py,56,Assignment,repository,ProofRepository(),candidate container
tests/test_phase80_repository_available_steps.py,86,Assignment,repository,ProofRepository(),candidate container
tests/test_phase80_repository_available_steps.py,123,Assignment,repository,ProofRepository(),candidate container
tests/test_phase80_repository_available_steps.py,157,Assignment,repository,ProofRepository(),candidate container
tests/test_phase80_repository_available_steps.py,204,Assignment,repository,ProofRepository(),candidate container
tests/test_phase80_repository_available_steps.py,58,Call,ProofRepositoryEntry,key='phase80.first'; step=make_step('A'),candidate registration (not unique)
tests/test_phase80_repository_available_steps.py,65,Call,ProofRepositoryEntry,key='phase80.second'; step=make_step('B'),candidate registration (not unique)
tests/test_phase80_repository_available_steps.py,72,Call,repository.register,,candidate registration (not unique)
tests/test_phase80_repository_available_steps.py,75,Call,repository.register,,candidate registration (not unique)
tests/test_phase80_repository_available_steps.py,95,Call,repository.register,,candidate registration (not unique)
tests/test_phase80_repository_available_steps.py,101,Call,repository.register,,candidate registration (not unique)
tests/test_phase80_repository_available_steps.py,129,Call,repository.register,,candidate registration (not unique)
tests/test_phase80_repository_available_steps.py,136,Call,repository.register,,candidate registration (not unique)
tests/test_phase80_repository_available_steps.py,176,Call,repository.register,,candidate registration (not unique)
tests/test_phase80_repository_available_steps.py,182,Call,repository.register,,candidate registration (not unique)
tests/test_phase80_repository_available_steps.py,210,Call,repository.register,,candidate registration (not unique)
tests/test_phase80_repository_available_steps.py,96,Call,ProofRepositoryEntry,key='phase80.first'; step=first_step,candidate registration (not unique)
tests/test_phase80_repository_available_steps.py,102,Call,ProofRepositoryEntry,key='phase80.second'; step=second_step,candidate registration (not unique)
tests/test_phase80_repository_available_steps.py,130,Call,ProofRepositoryEntry,key='phase80.original'; step=shared_step; phase='80',candidate registration (not unique)
tests/test_phase80_repository_available_steps.py,137,Call,ProofRepositoryEntry,key='phase80.alias'; step=shared_step; phase='999',candidate registration (not unique)
tests/test_phase80_repository_available_steps.py,177,Call,ProofRepositoryEntry,key='phase80.first'; step=first_step,candidate registration (not unique)
tests/test_phase80_repository_available_steps.py,183,Call,ProofRepositoryEntry,key='phase80.second'; step=second_step,candidate registration (not unique)
tests/test_phase80_repository_available_steps.py,211,Call,ProofRepositoryEntry,key='phase80.source'; step=source_step,candidate registration (not unique)
tests/test_phase80_repository_inference_runner.py,23,ClassDef,Phase80RunnerSourceStatement,,declaration
tests/test_phase80_repository_inference_runner.py,28,ClassDef,Phase80RunnerGoalStatement,,declaration
tests/test_phase80_repository_inference_runner.py,44,FunctionDef,make_rule,,declaration
tests/test_phase80_repository_inference_runner.py,68,FunctionDef,test_phase80_4_derives_goal_from_repository,,declaration
tests/test_phase80_repository_inference_runner.py,137,FunctionDef,test_phase80_4_preserves_repository_step_identity_in_inference_result,,declaration
tests/test_phase80_repository_inference_runner.py,196,FunctionDef,test_phase80_4_existing_repository_goal_is_detected_without_new_inference,,declaration
tests/test_phase80_repository_inference_runner.py,264,FunctionDef,test_phase80_4_does_not_register_derived_goal_back_into_repository,,declaration
tests/test_phase80_repository_inference_runner.py,297,FunctionDef,test_phase80_4_rejects_non_repository_via_existing_bridge_validation,,declaration
tests/test_phase80_repository_inference_runner.py,314,FunctionDef,test_phase80_4_rejects_invalid_inference_rules_via_existing_runner_validation,,declaration
tests/test_phase80_repository_inference_runner.py,69,Assignment,repository,ProofRepository(),candidate container
tests/test_phase80_repository_inference_runner.py,105,Assignment,repository,ProofRepository(),candidate container
tests/test_phase80_repository_inference_runner.py,138,Assignment,repository,ProofRepository(),candidate container
tests/test_phase80_repository_inference_runner.py,168,Assignment,repository,ProofRepository(),candidate container
tests/test_phase80_repository_inference_runner.py,197,Assignment,repository,ProofRepository(),candidate container
tests/test_phase80_repository_inference_runner.py,235,Assignment,repository,ProofRepository(),candidate container
tests/test_phase80_repository_inference_runner.py,265,Assignment,repository,ProofRepository(),candidate container
tests/test_phase80_repository_inference_runner.py,278,Assignment,before_entries,repository.entries(),candidate container
tests/test_phase80_repository_inference_runner.py,315,Assignment,repository,ProofRepository(),candidate container
tests/test_phase80_repository_inference_runner.py,75,Call,repository.register,,candidate registration (not unique)
tests/test_phase80_repository_inference_runner.py,111,Call,repository.register,,candidate registration (not unique)
tests/test_phase80_repository_inference_runner.py,144,Call,repository.register,,candidate registration (not unique)
tests/test_phase80_repository_inference_runner.py,170,Call,repository.register,,candidate registration (not unique)
tests/test_phase80_repository_inference_runner.py,207,Call,repository.register,,candidate registration (not unique)
tests/test_phase80_repository_inference_runner.py,237,Call,repository.register,,candidate registration (not unique)
tests/test_phase80_repository_inference_runner.py,267,Call,ProofRepositoryEntry,key='phase80.source'; step=make_source_step('A'),candidate registration (not unique)
tests/test_phase80_repository_inference_runner.py,274,Call,repository.register,,candidate registration (not unique)
tests/test_phase80_repository_inference_runner.py,76,Call,ProofRepositoryEntry,key='phase80.source'; step=source_step,candidate registration (not unique)
tests/test_phase80_repository_inference_runner.py,112,Call,ProofRepositoryEntry,key='phase80.source'; step=source_step,candidate registration (not unique)
tests/test_phase80_repository_inference_runner.py,145,Call,ProofRepositoryEntry,key='phase80.source'; step=source_step,candidate registration (not unique)
tests/test_phase80_repository_inference_runner.py,171,Call,ProofRepositoryEntry,key='phase80.source'; step=make_source_step('A'),candidate registration (not unique)
tests/test_phase80_repository_inference_runner.py,208,Call,ProofRepositoryEntry,key='phase80.goal'; step=existing_goal_step,candidate registration (not unique)
tests/test_phase80_repository_inference_runner.py,238,Call,ProofRepositoryEntry,key='phase80.source'; step=make_source_step('A'),candidate registration (not unique)
tests/test_phase81_actual_theorem_integration.py,213,FunctionDef,test_phase81_5_catalog_selects_actual_phase77_final_rule,,declaration
tests/test_phase81_actual_theorem_integration.py,282,FunctionDef,test_phase81_5_final_step_records_automatically_selected_rule,,declaration
tests/test_phase81_actual_theorem_integration.py,297,FunctionDef,test_phase81_5_final_step_uses_exact_repository_premises,,declaration
tests/test_phase81_actual_theorem_integration.py,378,FunctionDef,test_phase81_5_repository_remains_unchanged,,declaration
tests/test_phase81_actual_theorem_integration.py,395,FunctionDef,test_phase81_5_final_goal_is_not_registered_back_into_repository,,declaration
tests/test_phase81_actual_theorem_integration.py,137,Assignment,repository_entries_before,phase80['repository'].entries(),candidate container
tests/test_phase81_actual_theorem_integration.py,381,Assignment,repository,data['phase80']['repository'],candidate container
tests/test_phase81_actual_theorem_integration.py,398,Assignment,repository,data['phase80']['repository'],candidate container
tests/test_phase81_actual_theorem_integration.py,125,Call,catalog.register,,candidate registration (not unique)
tests/test_phase81_probe.py,30,FunctionDef,test_phase81_probe_uses_automatically_selected_actual_rule,,declaration
tests/test_phase81_probe.py,47,FunctionDef,test_phase81_probe_excludes_unsafe_and_unrelated_rules,,declaration
tests/test_phase81_probe.py,114,FunctionDef,test_phase81_probe_preserves_exact_repository_premises,,declaration
tests/test_phase81_repository_rule_selection.py,24,ClassDef,SeedStatement,,declaration
tests/test_phase81_repository_rule_selection.py,29,ClassDef,GoalStatement,,declaration
tests/test_phase81_repository_rule_selection.py,34,ClassDef,UnrelatedStatement,,declaration
tests/test_phase81_repository_rule_selection.py,50,FunctionDef,make_goal_rule,,declaration
tests/test_phase81_repository_rule_selection.py,78,FunctionDef,make_unrelated_rule,,declaration
tests/test_phase81_repository_rule_selection.py,106,FunctionDef,make_repository,,declaration
tests/test_phase81_repository_rule_selection.py,123,FunctionDef,test_catalog_repository_inference_derives_goal_without_explicit_rule,,declaration
tests/test_phase81_repository_rule_selection.py,171,FunctionDef,test_catalog_repository_inference_uses_selected_rule,,declaration
tests/test_phase81_repository_rule_selection.py,212,FunctionDef,test_catalog_repository_inference_preserves_repository_premise_identity,,declaration
tests/test_phase81_repository_rule_selection.py,260,FunctionDef,test_catalog_repository_inference_reaches_fixed_point,,declaration
tests/test_phase81_repository_rule_selection.py,296,FunctionDef,test_catalog_repository_inference_ignores_unrelated_rule,,declaration
tests/test_phase81_repository_rule_selection.py,356,FunctionDef,test_catalog_repository_inference_excludes_unsafe_matching_rule,,declaration
tests/test_phase81_repository_rule_selection.py,400,FunctionDef,test_catalog_repository_inference_returns_no_goal_when_no_compatible_rule,,declaration
tests/test_phase81_repository_rule_selection.py,434,FunctionDef,test_catalog_repository_inference_deduplicates_rule_alias_before_execution,,declaration
tests/test_phase81_repository_rule_selection.py,496,FunctionDef,test_catalog_repository_inference_does_not_mutate_repository,,declaration
tests/test_phase81_repository_rule_selection.py,109,Assignment,repository,ProofRepository(),candidate container
tests/test_phase81_repository_rule_selection.py,126,Assignment,repository,make_repository(seed_step),candidate container
tests/test_phase81_repository_rule_selection.py,174,Assignment,repository,make_repository(seed_step),candidate container
tests/test_phase81_repository_rule_selection.py,215,Assignment,repository,make_repository(seed_step),candidate container
tests/test_phase81_repository_rule_selection.py,263,Assignment,repository,make_repository(seed_step),candidate container
tests/test_phase81_repository_rule_selection.py,299,Assignment,repository,make_repository(seed_step),candidate container
tests/test_phase81_repository_rule_selection.py,359,Assignment,repository,make_repository(seed_step),candidate container
tests/test_phase81_repository_rule_selection.py,403,Assignment,repository,make_repository(seed_step),candidate container
tests/test_phase81_repository_rule_selection.py,437,Assignment,repository,make_repository(seed_step),candidate container
tests/test_phase81_repository_rule_selection.py,499,Assignment,repository,make_repository(seed_step),candidate container
tests/test_phase81_repository_rule_selection.py,503,Assignment,entries_before,repository.entries(),candidate container
tests/test_phase81_repository_rule_selection.py,111,Call,repository.register,,candidate registration (not unique)
tests/test_phase81_repository_rule_selection.py,134,Call,catalog.register,,candidate registration (not unique)
tests/test_phase81_repository_rule_selection.py,182,Call,catalog.register,,candidate registration (not unique)
tests/test_phase81_repository_rule_selection.py,223,Call,catalog.register,,candidate registration (not unique)
tests/test_phase81_repository_rule_selection.py,269,Call,catalog.register,,candidate registration (not unique)
tests/test_phase81_repository_rule_selection.py,311,Call,catalog.register,,candidate registration (not unique)
tests/test_phase81_repository_rule_selection.py,320,Call,catalog.register,,candidate registration (not unique)
tests/test_phase81_repository_rule_selection.py,369,Call,catalog.register,,candidate registration (not unique)
tests/test_phase81_repository_rule_selection.py,409,Call,catalog.register,,candidate registration (not unique)
tests/test_phase81_repository_rule_selection.py,445,Call,catalog.register,,candidate registration (not unique)
tests/test_phase81_repository_rule_selection.py,454,Call,catalog.register,,candidate registration (not unique)
tests/test_phase81_repository_rule_selection.py,509,Call,catalog.register,,candidate registration (not unique)
tests/test_phase81_repository_rule_selection.py,112,Call,ProofRepositoryEntry,key='phase81.seed'; step=seed_step; phase='81'; theorem='synthetic',candidate registration (not unique)
tests/test_phase81_rule_selection_regression.py,29,ClassDef,MissingPremiseStatement,,declaration
tests/test_phase81_rule_selection_regression.py,34,ClassDef,UnrelatedConclusionStatement,,declaration
tests/test_phase81_rule_selection_regression.py,536,FunctionDef,test_phase81_6_rule_alias_is_deduplicated_before_execution,,declaration
tests/test_phase81_rule_selection_regression.py,620,FunctionDef,test_phase81_6_correct_actual_rule_derives_goal_under_ambiguity,,declaration
tests/test_phase81_rule_selection_regression.py,649,FunctionDef,test_phase81_6_only_correct_rule_produces_accepted_goal,,declaration
tests/test_phase81_rule_selection_regression.py,750,FunctionDef,test_phase81_6_repository_remains_unchanged,,declaration
tests/test_phase81_rule_selection_regression.py,152,Assignment,repository,phase80['repository'],candidate container
tests/test_phase81_rule_selection_regression.py,375,Assignment,compatible_entries,"find_goal_compatible_rule_entries(catalog, goal)",candidate container
tests/test_phase81_rule_selection_regression.py,778,Assignment,repository,ProofRepository(),candidate container
tests/test_phase81_rule_selection_regression.py,782,Call,repository.register,,candidate registration (not unique)
tests/test_phase81_rule_selection_regression.py,371,Call,catalog.register,,candidate registration (not unique)
tests/test_phase81_rule_selection_regression.py,783,Call,ProofRepositoryEntry,key='phase81.given_goal_seed'; step=given_goal_step; phase='81'; theorem='seed-goal-regression',candidate registration (not unique)
tests/test_phase82_actual_theorem_integration.py,140,FunctionDef,_build_repository,,declaration
tests/test_phase82_actual_theorem_integration.py,272,FunctionDef,test_phase82_5_actual_goal_is_absent_from_initial_repository,,declaration
tests/test_phase82_actual_theorem_integration.py,286,FunctionDef,test_phase82_5_intermediate_is_absent_from_initial_repository,,declaration
tests/test_phase82_actual_theorem_integration.py,368,FunctionDef,test_phase82_5_intermediate_reuses_exact_existing_rule,,declaration
tests/test_phase82_actual_theorem_integration.py,383,FunctionDef,test_phase82_5_final_reuses_exact_existing_rule,,declaration
tests/test_phase82_actual_theorem_integration.py,501,FunctionDef,test_phase82_5_final_reaches_all_actual_repository_seeds,,declaration
tests/test_phase82_actual_theorem_integration.py,592,FunctionDef,test_phase82_5_repository_remains_unchanged,,declaration
tests/test_phase82_actual_theorem_integration.py,145,Assignment,repository,ProofRepository(),candidate container
tests/test_phase82_actual_theorem_integration.py,646,Assignment,repository,"_build_repository(_given_replacement(phase77['bracket_sum_step']), phase77['suspension_bridge_step'], phase77['sigma_definition_step'])",candidate container
tests/test_phase82_actual_theorem_integration.py,693,Assignment,repository,"_build_repository(phase77['bracket_sum_step'], _given_replacement(phase77['suspension_bridge_step']), phase77['sigma_definition_step'])",candidate container
tests/test_phase82_actual_theorem_integration.py,740,Assignment,repository,"_build_repository(phase77['bracket_sum_step'], phase77['suspension_bridge_step'], _given_replacement(phase77['sigma_definition_step']))",candidate container
tests/test_phase82_actual_theorem_integration.py,147,Call,repository.register,,candidate registration (not unique)
tests/test_phase82_actual_theorem_integration.py,162,Call,repository.register,,candidate registration (not unique)
tests/test_phase82_actual_theorem_integration.py,177,Call,repository.register,,candidate registration (not unique)
tests/test_phase82_actual_theorem_integration.py,148,Call,ProofRepositoryEntry,key='phase82.actual.bracket_sum'; step=bracket_sum_step; phase='82'; theorem='Toda Lemma 5.16 actual two-step integration',candidate registration (not unique)
tests/test_phase82_actual_theorem_integration.py,163,Call,ProofRepositoryEntry,key='phase82.actual.suspension_bridge'; step=suspension_bridge_step; phase='82'; theorem='Toda Lemma 5.16 actual two-step integration',candidate registration (not unique)
tests/test_phase82_actual_theorem_integration.py,178,Call,ProofRepositoryEntry,key='phase82.actual.sigma_definition'; step=sigma_definition_step; phase='82'; theorem='Toda Lemma 5.16 actual two-step integration',candidate registration (not unique)
tests/test_phase82_missing_premise_detection.py,143,FunctionDef,test_phase82_2_goal_selects_one_actual_final_rule,,declaration
tests/test_phase82_missing_premise_detection.py,233,FunctionDef,test_phase82_2_missing_pattern_is_exact_final_rule_pattern,,declaration
tests/test_phase82_missing_premise_detection.py,284,FunctionDef,test_phase82_2_future_producer_premises_do_not_satisfy_final_rule,,declaration
tests/test_phase82_missing_premise_detection.py,42,Assignment,repository,ProofRepository(),candidate container
tests/test_phase82_missing_premise_detection.py,44,Call,repository.register,,candidate registration (not unique)
tests/test_phase82_missing_premise_detection.py,61,Call,repository.register,,candidate registration (not unique)
tests/test_phase82_missing_premise_detection.py,78,Call,repository.register,,candidate registration (not unique)
tests/test_phase82_missing_premise_detection.py,97,Call,catalog.register,,candidate registration (not unique)
tests/test_phase82_missing_premise_detection.py,45,Call,ProofRepositoryEntry,key='phase82.bracket_sum'; step=phase77['bracket_sum_step']; phase='82'; theorem='Toda Lemma 5.16 missing-premise detection',candidate registration (not unique)
tests/test_phase82_missing_premise_detection.py,62,Call,ProofRepositoryEntry,key='phase82.suspension_bridge'; step=phase77['suspension_bridge_step']; phase='82'; theorem='Toda Lemma 5.16 missing-premise detection',candidate registration (not unique)
tests/test_phase82_missing_premise_detection.py,79,Call,ProofRepositoryEntry,key='phase82.sigma_definition'; step=phase77['sigma_definition_step']; phase='82'; theorem='Toda Lemma 5.16 missing-premise detection',candidate registration (not unique)
tests/test_phase82_premise_rule_lookup.py,201,FunctionDef,test_phase82_3_actual_producer_is_existing_phase77_rule,,declaration
tests/test_phase82_premise_rule_lookup.py,255,FunctionDef,test_phase82_3_deduplicates_producer_rules_by_identity,,declaration
tests/test_phase82_premise_rule_lookup.py,296,FunctionDef,test_phase82_3_final_rule_is_not_selected_as_producer,,declaration
tests/test_phase82_premise_rule_lookup.py,339,FunctionDef,test_phase82_3_lookup_does_not_execute_producer_rule,,declaration
tests/test_phase82_premise_rule_lookup.py,137,Assignment,producer_entries,"find_premise_producer_rule_entries(catalog, missing_pattern)",candidate container
tests/test_phase82_premise_rule_lookup.py,219,Assignment,entries,data['producer_entries'],candidate container
tests/test_phase82_premise_rule_lookup.py,241,Assignment,entries,data['producer_entries'],candidate container
tests/test_phase82_premise_rule_lookup.py,133,Call,catalog.register,,candidate registration (not unique)
tests/test_phase82_probe.py,78,FunctionDef,test_phase82_probe_does_not_mutate_repository,,declaration
tests/test_phase82_search_safety_regression.py,21,FunctionDef,_register_rule,,declaration
tests/test_phase82_search_safety_regression.py,85,FunctionDef,_build_repository,,declaration
tests/test_phase82_search_safety_regression.py,422,FunctionDef,test_phase82_6_same_rule_alias_is_not_ambiguity,,declaration
tests/test_phase82_search_safety_regression.py,659,FunctionDef,test_phase82_6_depth_two_rule_in_catalog_is_not_followed,,declaration
tests/test_phase82_search_safety_regression.py,786,FunctionDef,test_phase82_6_repository_is_unchanged_after_failed_search,,declaration
tests/test_phase82_search_safety_regression.py,88,Assignment,repository,ProofRepository(),candidate container
tests/test_phase82_search_safety_regression.py,529,Assignment,repository,"_build_repository((phase77['bracket_sum_step'], phase77['composition_step'], phase77['suspension_bridge_step'], phase77['sigma_definition_step']))",candidate container
tests/test_phase82_search_safety_regression.py,591,Assignment,repository,ProofRepository(),candidate container
tests/test_phase82_search_safety_regression.py,624,Assignment,repository,"_build_repository((phase77['bracket_sum_step'], phase77['suspension_bridge_step']))",candidate container
tests/test_phase82_search_safety_regression.py,666,Assignment,repository,"_build_repository((phase77['bracket_sum_step'], phase77['suspension_bridge_step']))",candidate container
tests/test_phase82_search_safety_regression.py,732,Assignment,repository,"_build_repository((phase77['bracket_sum_step'], phase77['suspension_bridge_step']))",candidate container
tests/test_phase82_search_safety_regression.py,28,Call,catalog.register,,candidate registration (not unique)
tests/test_phase82_search_safety_regression.py,48,Call,_register_rule,,candidate registration (not unique)
tests/test_phase82_search_safety_regression.py,254,Call,_register_rule,,candidate registration (not unique)
tests/test_phase82_search_safety_regression.py,265,Call,_register_rule,,candidate registration (not unique)
tests/test_phase82_search_safety_regression.py,309,Call,_register_rule,,candidate registration (not unique)
tests/test_phase82_search_safety_regression.py,320,Call,_register_rule,,candidate registration (not unique)
tests/test_phase82_search_safety_regression.py,384,Call,_register_rule,,candidate registration (not unique)
tests/test_phase82_search_safety_regression.py,391,Call,_register_rule,,candidate registration (not unique)
tests/test_phase82_search_safety_regression.py,442,Call,_register_rule,,candidate registration (not unique)
tests/test_phase82_search_safety_regression.py,449,Call,_register_rule,,candidate registration (not unique)
tests/test_phase82_search_safety_regression.py,692,Call,_register_rule,,candidate registration (not unique)
tests/test_phase82_search_safety_regression.py,753,Call,_register_rule,,candidate registration (not unique)
tests/test_phase82_search_safety_regression.py,809,Call,_register_rule,,candidate registration (not unique)
tests/test_phase82_search_safety_regression.py,64,Call,_register_rule,fixed_point_safe=producer_safe,candidate registration (not unique)
tests/test_phase82_search_safety_regression.py,93,Call,repository.register,,candidate registration (not unique)
tests/test_phase82_search_safety_regression.py,94,Call,ProofRepositoryEntry,key=f'phase82.safety.seed.{index}'; step=step; phase='82'; theorem='Phase 82 search-safety regression',candidate registration (not unique)
tests/test_phase82_two_step_forward_execution.py,158,FunctionDef,test_phase82_4_intermediate_reuses_existing_producer_rule,,declaration
tests/test_phase82_two_step_forward_execution.py,256,FunctionDef,test_phase82_4_final_reuses_existing_final_rule,,declaration
tests/test_phase82_two_step_forward_execution.py,282,FunctionDef,test_phase82_4_final_uses_repository_bracket_sum,,declaration
tests/test_phase82_two_step_forward_execution.py,318,FunctionDef,test_phase82_4_repository_is_not_mutated,,declaration
tests/test_phase82_two_step_forward_execution.py,27,Assignment,repository,phase82_2['repository'],candidate container
tests/test_phase83_actual_theorem_integration.py,28,FunctionDef,_register_rule,,declaration
tests/test_phase83_actual_theorem_integration.py,324,FunctionDef,test_phase83_5_actual_producers_use_only_repository_steps,,declaration
tests/test_phase83_actual_theorem_integration.py,351,FunctionDef,test_phase83_5_actual_producer_rule_identity_is_preserved,,declaration
tests/test_phase83_actual_theorem_integration.py,411,FunctionDef,test_phase83_5_final_rule_identity_is_preserved,,declaration
tests/test_phase83_actual_theorem_integration.py,472,FunctionDef,test_phase83_5_repository_remains_unchanged,,declaration
tests/test_phase83_actual_theorem_integration.py,114,Assignment,repository,ProofRepository(),candidate container
tests/test_phase83_actual_theorem_integration.py,490,Assignment,repository_steps,repository_available_steps(data['repository']),candidate container
tests/test_phase83_actual_theorem_integration.py,34,Call,catalog.register,,candidate registration (not unique)
tests/test_phase83_actual_theorem_integration.py,116,Call,repository.register,,candidate registration (not unique)
tests/test_phase83_actual_theorem_integration.py,128,Call,repository.register,,candidate registration (not unique)
tests/test_phase83_actual_theorem_integration.py,142,Call,_register_rule,,candidate registration (not unique)
tests/test_phase83_actual_theorem_integration.py,149,Call,_register_rule,,candidate registration (not unique)
tests/test_phase83_actual_theorem_integration.py,156,Call,_register_rule,,candidate registration (not unique)
tests/test_phase83_actual_theorem_integration.py,117,Call,ProofRepositoryEntry,key='phase83.actual.theorem36-bridge'; step=bridge_step; phase='83'; theorem='Toda Lemma 5.16 actual multiple-producer integration',candidate registration (not unique)
tests/test_phase83_actual_theorem_integration.py,129,Call,ProofRepositoryEntry,key='phase83.actual.typed-setup'; step=setup_step; phase='83'; theorem='Toda Lemma 5.16 actual multiple-producer integration',candidate registration (not unique)
tests/test_phase83_all_missing_premises_uniquely_producible.py,23,FunctionDef,_register_rule,,declaration
tests/test_phase83_all_missing_premises_uniquely_producible.py,243,FunctionDef,test_phase83_3_same_rule_alias_remains_unique,,declaration
tests/test_phase83_all_missing_premises_uniquely_producible.py,29,Call,catalog.register,,candidate registration (not unique)
tests/test_phase83_all_missing_premises_uniquely_producible.py,50,Call,_register_rule,,candidate registration (not unique)
tests/test_phase83_all_missing_premises_uniquely_producible.py,60,Call,_register_rule,,candidate registration (not unique)
tests/test_phase83_all_missing_premises_uniquely_producible.py,70,Call,_register_rule,,candidate registration (not unique)
tests/test_phase83_all_missing_premises_uniquely_producible.py,82,Call,_register_rule,,candidate registration (not unique)
tests/test_phase83_missing_premise_producer_lookup.py,23,FunctionDef,_register_rule,,declaration
tests/test_phase83_missing_premise_producer_lookup.py,164,FunctionDef,test_phase83_2_preserves_exact_final_rule_and_patterns,,declaration
tests/test_phase83_missing_premise_producer_lookup.py,315,FunctionDef,test_phase83_2_invalid_rule_catalog_is_rejected,,declaration
tests/test_phase83_missing_premise_producer_lookup.py,29,Call,catalog.register,,candidate registration (not unique)
tests/test_phase83_missing_premise_producer_lookup.py,73,Call,_register_rule,,candidate registration (not unique)
tests/test_phase83_missing_premise_producer_lookup.py,84,Call,_register_rule,,candidate registration (not unique)
tests/test_phase83_missing_premise_producer_lookup.py,91,Call,_register_rule,,candidate registration (not unique)
tests/test_phase83_multiple_one_level_producer_execution.py,26,ClassDef,Phase83ProducerSeedStatement,,declaration
tests/test_phase83_multiple_one_level_producer_execution.py,31,ClassDef,Phase83ProducerAStatement,,declaration
tests/test_phase83_multiple_one_level_producer_execution.py,36,ClassDef,Phase83ProducerBStatement,,declaration
tests/test_phase83_multiple_one_level_producer_execution.py,41,ClassDef,Phase83ProducerGoalStatement,,declaration
tests/test_phase83_multiple_one_level_producer_execution.py,45,FunctionDef,_register_rule,,declaration
tests/test_phase83_multiple_one_level_producer_execution.py,73,FunctionDef,_repository_with_steps,,declaration
tests/test_phase83_multiple_one_level_producer_execution.py,99,FunctionDef,_producer_a_rule,,declaration
tests/test_phase83_multiple_one_level_producer_execution.py,125,FunctionDef,_producer_b_rule,,declaration
tests/test_phase83_multiple_one_level_producer_execution.py,151,FunctionDef,_depth_two_producer_b_rule,,declaration
tests/test_phase83_multiple_one_level_producer_execution.py,177,FunctionDef,_final_rule,,declaration
tests/test_phase83_multiple_one_level_producer_execution.py,369,FunctionDef,test_phase83_4_producers_use_only_repository_seeds,,declaration
tests/test_phase83_multiple_one_level_producer_execution.py,395,FunctionDef,test_phase83_4_final_rule_retries_after_both_producers,,declaration
tests/test_phase83_multiple_one_level_producer_execution.py,433,FunctionDef,test_phase83_4_repository_remains_unchanged,,declaration
tests/test_phase83_multiple_one_level_producer_execution.py,76,Assignment,repository,ProofRepository(),candidate container
tests/test_phase83_multiple_one_level_producer_execution.py,254,Assignment,repository,"_repository_with_steps((seed_a, seed_b))",candidate container
tests/test_phase83_multiple_one_level_producer_execution.py,51,Call,catalog.register,,candidate registration (not unique)
tests/test_phase83_multiple_one_level_producer_execution.py,221,Call,_register_rule,,candidate registration (not unique)
tests/test_phase83_multiple_one_level_producer_execution.py,228,Call,_register_rule,,candidate registration (not unique)
tests/test_phase83_multiple_one_level_producer_execution.py,235,Call,_register_rule,,candidate registration (not unique)
tests/test_phase83_multiple_one_level_producer_execution.py,461,Call,_register_rule,,candidate registration (not unique)
tests/test_phase83_multiple_one_level_producer_execution.py,81,Call,repository.register,,candidate registration (not unique)
tests/test_phase83_multiple_one_level_producer_execution.py,82,Call,ProofRepositoryEntry,key=f'phase83.multiple.seed.{index}'; step=step; phase='83'; theorem='multiple one-level producer execution',candidate registration (not unique)
tests/test_phase83_multiple_producer_safety_regression.py,28,FunctionDef,_register_rule,,declaration
tests/test_phase83_multiple_producer_safety_regression.py,47,FunctionDef,_build_repository,,declaration
tests/test_phase83_multiple_producer_safety_regression.py,283,FunctionDef,test_phase83_6_same_rule_alias_is_not_ambiguity,,declaration
tests/test_phase83_multiple_producer_safety_regression.py,485,FunctionDef,test_phase83_6_duplicate_final_rules_do_not_duplicate_conclusions,,declaration
tests/test_phase83_multiple_producer_safety_regression.py,532,FunctionDef,test_phase83_6_repository_is_unchanged_after_failed_search,,declaration
tests/test_phase83_multiple_producer_safety_regression.py,54,Assignment,repository,ProofRepository(),candidate container
tests/test_phase83_multiple_producer_safety_regression.py,183,Assignment,repository,_build_repository(data),candidate container
tests/test_phase83_multiple_producer_safety_regression.py,216,Assignment,repository,_build_repository(data),candidate container
tests/test_phase83_multiple_producer_safety_regression.py,242,Assignment,repository,_build_repository(data),candidate container
tests/test_phase83_multiple_producer_safety_regression.py,285,Assignment,repository,_build_repository(data),candidate container
tests/test_phase83_multiple_producer_safety_regression.py,318,Assignment,repository,"_build_repository(data, include_first=True)",candidate container
tests/test_phase83_multiple_producer_safety_regression.py,353,Assignment,repository,"_build_repository(data, include_setup=False)",candidate container
tests/test_phase83_multiple_producer_safety_regression.py,386,Assignment,repository,_build_repository(data),candidate container
tests/test_phase83_multiple_producer_safety_regression.py,435,Assignment,repository,_build_repository(data),candidate container
tests/test_phase83_multiple_producer_safety_regression.py,487,Assignment,repository,_build_repository(data),candidate container
tests/test_phase83_multiple_producer_safety_regression.py,534,Assignment,repository,_build_repository(data),candidate container
tests/test_phase83_multiple_producer_safety_regression.py,35,Call,catalog.register,,candidate registration (not unique)
tests/test_phase83_multiple_producer_safety_regression.py,110,Call,_register_rule,,candidate registration (not unique)
tests/test_phase83_multiple_producer_safety_regression.py,249,Call,_register_rule,,candidate registration (not unique)
tests/test_phase83_multiple_producer_safety_regression.py,292,Call,_register_rule,,candidate registration (not unique)
tests/test_phase83_multiple_producer_safety_regression.py,494,Call,_register_rule,,candidate registration (not unique)
tests/test_phase83_multiple_producer_safety_regression.py,82,Call,repository.register,,candidate registration (not unique)
tests/test_phase83_multiple_producer_safety_regression.py,120,Call,_register_rule,fixed_point_safe=first_safe,candidate registration (not unique)
tests/test_phase83_multiple_producer_safety_regression.py,136,Call,_register_rule,,candidate registration (not unique)
tests/test_phase83_multiple_producer_safety_regression.py,83,Call,ProofRepositoryEntry,key=f'phase83.safety.seed.{index}'; step=step; phase='83'; theorem='multiple-producer safety regression',candidate registration (not unique)
tests/test_phase83_probe.py,72,FunctionDef,test_phase83_probe_reuses_all_actual_rules,,declaration
tests/test_phase84_actual_theorem_integration.py,202,FunctionDef,test_phase84_6_bracket_sum_preserves_rule_identity,,declaration
tests/test_phase84_actual_theorem_integration.py,268,FunctionDef,test_phase84_6_composition_preserves_rule_identity,,declaration
tests/test_phase84_actual_theorem_integration.py,360,FunctionDef,test_phase84_6_final_preserves_rule_identity,,declaration
tests/test_phase84_actual_theorem_integration.py,415,FunctionDef,test_phase84_6_final_reaches_all_initial_repository_steps,,declaration
tests/test_phase84_actual_theorem_integration.py,431,FunctionDef,test_phase84_6_repository_remains_unchanged,,declaration
tests/test_phase84_actual_theorem_integration.py,449,Assignment,repository_steps,repository_available_steps(data['repository']),candidate container
tests/test_phase84_bounded_depth_two_execution.py,25,ClassDef,Phase84ExecutionSeedAStatement,,declaration
tests/test_phase84_bounded_depth_two_execution.py,30,ClassDef,Phase84ExecutionSeedBStatement,,declaration
tests/test_phase84_bounded_depth_two_execution.py,35,ClassDef,Phase84ExecutionSharedStatement,,declaration
tests/test_phase84_bounded_depth_two_execution.py,40,ClassDef,Phase84ExecutionIntermediateStatement,,declaration
tests/test_phase84_bounded_depth_two_execution.py,45,ClassDef,Phase84ExecutionGoalStatement,,declaration
tests/test_phase84_bounded_depth_two_execution.py,49,FunctionDef,_shared_producer_rule,,declaration
tests/test_phase84_bounded_depth_two_execution.py,73,FunctionDef,_intermediate_producer_rule,,declaration
tests/test_phase84_bounded_depth_two_execution.py,110,FunctionDef,_final_rule,,declaration
tests/test_phase84_bounded_depth_two_execution.py,140,FunctionDef,_register_rule,,declaration
tests/test_phase84_bounded_depth_two_execution.py,375,FunctionDef,test_phase84_5_final_preserves_rule_identity,,declaration
tests/test_phase84_bounded_depth_two_execution.py,428,FunctionDef,test_phase84_5_repository_remains_unchanged,,declaration
tests/test_phase84_bounded_depth_two_execution.py,178,Assignment,repository,ProofRepository(),candidate container
tests/test_phase84_bounded_depth_two_execution.py,446,Assignment,repository_steps,repository_available_steps(data['repository']),candidate container
tests/test_phase84_bounded_depth_two_execution.py,146,Call,catalog.register,,candidate registration (not unique)
tests/test_phase84_bounded_depth_two_execution.py,209,Call,_register_rule,,candidate registration (not unique)
tests/test_phase84_bounded_depth_two_execution.py,216,Call,_register_rule,,candidate registration (not unique)
tests/test_phase84_bounded_depth_two_execution.py,223,Call,_register_rule,,candidate registration (not unique)
tests/test_phase84_bounded_depth_two_execution.py,190,Call,repository.register,,candidate registration (not unique)
tests/test_phase84_bounded_depth_two_execution.py,191,Call,ProofRepositoryEntry,key=key; step=step; phase='84'; theorem='bounded depth-two execution',candidate registration (not unique)
tests/test_phase84_bounded_search_representation.py,16,ClassDef,Phase84SeedStatement,,declaration
tests/test_phase84_bounded_search_representation.py,20,ClassDef,Phase84SharedStatement,,declaration
tests/test_phase84_bounded_search_representation.py,24,ClassDef,Phase84IntermediateStatement,,declaration
tests/test_phase84_bounded_search_representation.py,28,ClassDef,Phase84GoalStatement,,declaration
tests/test_phase84_bounded_search_representation.py,32,FunctionDef,_phase84_rule,,declaration
tests/test_phase84_bounded_search_representation.py,361,FunctionDef,test_phase84_2_representation_does_not_execute_rules,,declaration
tests/test_phase84_depth_two_safety_regression.py,28,ClassDef,Phase84SafetyAStatement,,declaration
tests/test_phase84_depth_two_safety_regression.py,33,ClassDef,Phase84SafetyBStatement,,declaration
tests/test_phase84_depth_two_safety_regression.py,38,ClassDef,Phase84SafetyCStatement,,declaration
tests/test_phase84_depth_two_safety_regression.py,43,ClassDef,Phase84SafetyGoalStatement,,declaration
tests/test_phase84_depth_two_safety_regression.py,47,FunctionDef,_register_rule,,declaration
tests/test_phase84_depth_two_safety_regression.py,112,FunctionDef,_single_premise_rule,,declaration
tests/test_phase84_depth_two_safety_regression.py,131,FunctionDef,_empty_safety_repository,,declaration
tests/test_phase84_depth_two_safety_regression.py,238,FunctionDef,test_phase84_7_distinct_final_rule_ambiguity_stops,,declaration
tests/test_phase84_depth_two_safety_regression.py,602,FunctionDef,test_phase84_7_failed_searches_do_not_mutate_repository,,declaration
tests/test_phase84_depth_two_safety_regression.py,397,Assignment,repository,_empty_safety_repository(),candidate container
tests/test_phase84_depth_two_safety_regression.py,465,Assignment,repository,_empty_safety_repository(),candidate container
tests/test_phase84_depth_two_safety_regression.py,54,Call,catalog.register,,candidate registration (not unique)
tests/test_phase84_depth_two_safety_regression.py,89,Call,_register_rule,,candidate registration (not unique)
tests/test_phase84_depth_two_safety_regression.py,82,Call,_register_rule,,candidate registration (not unique)
tests/test_phase84_depth_two_safety_regression.py,101,Call,_register_rule,fixed_point_safe=shared_safe,candidate registration (not unique)
tests/test_phase84_depth_two_safety_regression.py,434,Call,_register_rule,,candidate registration (not unique)
tests/test_phase84_depth_two_safety_regression.py,516,Call,_register_rule,,candidate registration (not unique)
tests/test_phase84_probe.py,78,FunctionDef,test_phase84_probe_reuses_actual_rules,,declaration
tests/test_phase84_producer_premise_availability.py,29,FunctionDef,_register_rule,,declaration
tests/test_phase84_producer_premise_availability.py,185,FunctionDef,test_phase84_3_final_rule_has_two_missing_premises,,declaration
tests/test_phase84_producer_premise_availability.py,329,FunctionDef,test_phase84_3_analysis_uses_only_initial_repository_steps,,declaration
tests/test_phase84_producer_premise_availability.py,363,FunctionDef,test_phase84_3_analysis_does_not_mutate_repository,,declaration
tests/test_phase84_producer_premise_availability.py,78,Assignment,repository,ProofRepository(),candidate container
tests/test_phase84_producer_premise_availability.py,35,Call,catalog.register,,candidate registration (not unique)
tests/test_phase84_producer_premise_availability.py,112,Call,_register_rule,,candidate registration (not unique)
tests/test_phase84_producer_premise_availability.py,119,Call,_register_rule,,candidate registration (not unique)
tests/test_phase84_producer_premise_availability.py,126,Call,_register_rule,,candidate registration (not unique)
tests/test_phase84_producer_premise_availability.py,98,Call,repository.register,,candidate registration (not unique)
tests/test_phase84_producer_premise_availability.py,99,Call,ProofRepositoryEntry,key=key; step=step; phase='84'; theorem='Toda Lemma 5.16 producer premise availability',candidate registration (not unique)
tests/test_phase84_unique_depth_two_producer_chain.py,66,FunctionDef,test_phase84_4_selects_actual_final_rule,,declaration
tests/test_phase84_unique_depth_two_producer_chain.py,252,FunctionDef,test_phase84_4_selection_does_not_mutate_repository,,declaration
tests/test_phase85_actual_theorem_integration.py,196,FunctionDef,test_phase85_8_integrated_search_selects_actual_rules,,declaration
tests/test_phase85_actual_theorem_integration.py,363,FunctionDef,test_phase85_8_final_reaches_all_initial_repository_steps,,declaration
tests/test_phase85_actual_theorem_integration.py,381,FunctionDef,test_phase85_8_repository_remains_unchanged,,declaration
tests/test_phase85_actual_theorem_integration.py,56,Assignment,repository,phase84_3['repository'],candidate container
tests/test_phase85_actual_theorem_integration.py,83,Assignment,repository_result,result.repository_inference_result,candidate container
tests/test_phase85_actual_theorem_integration.py,396,Assignment,repository_steps,repository_available_steps(data['repository']),candidate container
tests/test_phase85_bounded_search_diagnostic_representation.py,22,ClassDef,Phase85DiagnosticPremiseStatement,,declaration
tests/test_phase85_bounded_search_diagnostic_representation.py,27,ClassDef,Phase85DiagnosticConclusionStatement,,declaration
tests/test_phase85_bounded_search_diagnostic_representation.py,31,FunctionDef,_requesting_rule,,declaration
tests/test_phase85_bounded_search_diagnostic_representation.py,50,FunctionDef,_producer_rule,,declaration
tests/test_phase85_direct_producer_failure_classification.py,20,FunctionDef,_register_rule,,declaration
tests/test_phase85_direct_producer_failure_classification.py,80,FunctionDef,test_phase85_3_classifies_missing_final_rule,,declaration
tests/test_phase85_direct_producer_failure_classification.py,101,FunctionDef,test_phase85_3_classifies_ambiguous_final_rule,,declaration
tests/test_phase85_direct_producer_failure_classification.py,219,FunctionDef,test_phase85_3_deduplicates_unsafe_rule_aliases,,declaration
tests/test_phase85_direct_producer_failure_classification.py,363,FunctionDef,test_phase85_3_diagnostic_does_not_mutate_repository,,declaration
tests/test_phase85_direct_producer_failure_classification.py,27,Call,catalog.register,,candidate registration (not unique)
tests/test_phase85_direct_producer_failure_classification.py,328,Call,_register_rule,fixed_point_safe=False,candidate registration (not unique)
tests/test_phase85_direct_producer_failure_classification.py,49,Call,_register_rule,,candidate registration (not unique)
tests/test_phase85_direct_producer_failure_classification.py,59,Call,_register_rule,fixed_point_safe=shared_safe,candidate registration (not unique)
tests/test_phase85_direct_producer_failure_classification.py,70,Call,_register_rule,,candidate registration (not unique)
tests/test_phase85_execution_diagnostic_report_integration.py,161,FunctionDef,test_phase85_6_integrates_final_rule_execution_failure,,declaration
tests/test_phase85_execution_diagnostic_report_integration.py,231,FunctionDef,test_phase85_6_report_building_does_not_mutate_repository,,declaration
tests/test_phase85_execution_diagnostic_report_integration.py,65,Assignment,repository,ProofRepository(),candidate container
tests/test_phase85_execution_diagnostic_report_integration.py,67,Call,repository.register,,candidate registration (not unique)
tests/test_phase85_execution_diagnostic_report_integration.py,68,Call,ProofRepositoryEntry,key='phase85.report.goal'; step=goal_step; phase='85'; theorem='execution diagnostic report integration',candidate registration (not unique)
tests/test_phase85_execution_failure_diagnostics.py,26,ClassDef,Phase85ExecutionSeedStatement,,declaration
tests/test_phase85_execution_failure_diagnostics.py,31,ClassDef,Phase85ExecutionPremiseStatement,,declaration
tests/test_phase85_execution_failure_diagnostics.py,36,ClassDef,Phase85ExecutionWrongStatement,,declaration
tests/test_phase85_execution_failure_diagnostics.py,41,ClassDef,Phase85ExecutionGoalStatement,,declaration
tests/test_phase85_execution_failure_diagnostics.py,45,FunctionDef,_repository,,declaration
tests/test_phase85_execution_failure_diagnostics.py,70,FunctionDef,_producer_rule,,declaration
tests/test_phase85_execution_failure_diagnostics.py,108,FunctionDef,_final_rule,,declaration
tests/test_phase85_execution_failure_diagnostics.py,295,FunctionDef,test_phase85_5_classifies_final_rule_not_applicable,,declaration
tests/test_phase85_execution_failure_diagnostics.py,364,FunctionDef,test_phase85_5_diagnostic_does_not_mutate_repository,,declaration
tests/test_phase85_execution_failure_diagnostics.py,54,Assignment,repository,ProofRepository(),candidate container
tests/test_phase85_execution_failure_diagnostics.py,184,Assignment,repository,_repository(),candidate container
tests/test_phase85_execution_failure_diagnostics.py,56,Call,repository.register,,candidate registration (not unique)
tests/test_phase85_execution_failure_diagnostics.py,152,Call,catalog.register,,candidate registration (not unique)
tests/test_phase85_execution_failure_diagnostics.py,163,Call,catalog.register,,candidate registration (not unique)
tests/test_phase85_execution_failure_diagnostics.py,57,Call,ProofRepositoryEntry,key='phase85.execution.seed'; step=seed_step; phase='85'; theorem='execution failure diagnostics',candidate registration (not unique)
tests/test_phase85_integrated_bounded_search_execution.py,71,FunctionDef,test_phase85_7_executes_report_selected_rules,,declaration
tests/test_phase85_integrated_bounded_search_execution.py,263,FunctionDef,test_phase85_7_does_not_mutate_repository,,declaration
tests/test_phase85_integrated_bounded_search_execution.py,135,Assignment,repository,ProofRepository(),candidate container
tests/test_phase85_integrated_bounded_search_execution.py,137,Call,repository.register,,candidate registration (not unique)
tests/test_phase85_integrated_bounded_search_execution.py,138,Call,ProofRepositoryEntry,key='phase85.execution.existing_goal'; step=goal_step; phase='85'; theorem='integrated bounded search execution',candidate registration (not unique)
tests/test_phase85_nested_producer_cycle_depth_classification.py,25,ClassDef,Phase85NestedAStatement,,declaration
tests/test_phase85_nested_producer_cycle_depth_classification.py,30,ClassDef,Phase85NestedBStatement,,declaration
tests/test_phase85_nested_producer_cycle_depth_classification.py,35,ClassDef,Phase85NestedCStatement,,declaration
tests/test_phase85_nested_producer_cycle_depth_classification.py,40,ClassDef,Phase85NestedGoalStatement,,declaration
tests/test_phase85_nested_producer_cycle_depth_classification.py,44,FunctionDef,_single_premise_rule,,declaration
tests/test_phase85_nested_producer_cycle_depth_classification.py,63,FunctionDef,_no_premise_rule,,declaration
tests/test_phase85_nested_producer_cycle_depth_classification.py,76,FunctionDef,_register_rule,,declaration
tests/test_phase85_nested_producer_cycle_depth_classification.py,93,FunctionDef,_base_rules,,declaration
tests/test_phase85_nested_producer_cycle_depth_classification.py,481,FunctionDef,test_phase85_4_diagnostic_does_not_mutate_repository,,declaration
tests/test_phase85_nested_producer_cycle_depth_classification.py,483,Assignment,repository,ProofRepository(),candidate container
tests/test_phase85_nested_producer_cycle_depth_classification.py,83,Call,catalog.register,,candidate registration (not unique)
tests/test_phase85_nested_producer_cycle_depth_classification.py,128,Call,_register_rule,,candidate registration (not unique)
tests/test_phase85_nested_producer_cycle_depth_classification.py,136,Call,_register_rule,,candidate registration (not unique)
tests/test_phase85_nested_producer_cycle_depth_classification.py,146,Call,_register_rule,fixed_point_safe=b_safe,candidate registration (not unique)
tests/test_phase85_nested_producer_cycle_depth_classification.py,159,Call,_register_rule,,candidate registration (not unique)
tests/test_phase85_nested_producer_cycle_depth_classification.py,167,Call,_register_rule,fixed_point_safe=c_safe,candidate registration (not unique)
tests/test_phase85_nested_producer_cycle_depth_classification.py,180,Call,_register_rule,,candidate registration (not unique)
tests/test_phase85_probe.py,81,FunctionDef,test_phase85_probe_preserves_actual_rule_identity,,declaration
tests/test_phase86_depth_four_bounded_search.py,26,ClassDef,Phase86DepthFourAStatement,,declaration
tests/test_phase86_depth_four_bounded_search.py,31,ClassDef,Phase86DepthFourBStatement,,declaration
tests/test_phase86_depth_four_bounded_search.py,36,ClassDef,Phase86DepthFourCStatement,,declaration
tests/test_phase86_depth_four_bounded_search.py,41,ClassDef,Phase86DepthFourDStatement,,declaration
tests/test_phase86_depth_four_bounded_search.py,46,ClassDef,Phase86DepthFourGoalStatement,,declaration
tests/test_phase86_depth_four_bounded_search.py,50,FunctionDef,_single_premise_rule,,declaration
tests/test_phase86_depth_four_bounded_search.py,69,FunctionDef,_no_premise_rule,,declaration
tests/test_phase86_depth_four_bounded_search.py,82,FunctionDef,_register_rule,,declaration
tests/test_phase86_depth_four_bounded_search.py,354,FunctionDef,test_phase86_4_3_selection_preserves_repository,,declaration
tests/test_phase86_depth_four_bounded_search.py,407,FunctionDef,test_phase86_4_4_diagnostics_preserve_repository,,declaration
tests/test_phase86_depth_four_bounded_search.py,528,FunctionDef,test_phase86_4_4_report_preserves_repository,,declaration
tests/test_phase86_depth_four_bounded_search.py,756,FunctionDef,test_phase86_4_5_max_depth_four_execution_preserves_repository,,declaration
tests/test_phase86_depth_four_bounded_search.py,100,Assignment,repository,ProofRepository(),candidate container
tests/test_phase86_depth_four_bounded_search.py,611,Assignment,repository_result,result.repository_inference_result,candidate container
tests/test_phase86_depth_four_bounded_search.py,88,Call,catalog.register,,candidate registration (not unique)
tests/test_phase86_depth_four_bounded_search.py,156,Call,_register_rule,,candidate registration (not unique)
tests/test_phase86_depth_three_bounded_search.py,25,ClassDef,Phase86DepthThreeAStatement,,declaration
tests/test_phase86_depth_three_bounded_search.py,30,ClassDef,Phase86DepthThreeBStatement,,declaration
tests/test_phase86_depth_three_bounded_search.py,35,ClassDef,Phase86DepthThreeCStatement,,declaration
tests/test_phase86_depth_three_bounded_search.py,40,ClassDef,Phase86DepthThreeDStatement,,declaration
tests/test_phase86_depth_three_bounded_search.py,45,ClassDef,Phase86DepthThreeGoalStatement,,declaration
tests/test_phase86_depth_three_bounded_search.py,49,FunctionDef,_single_premise_rule,,declaration
tests/test_phase86_depth_three_bounded_search.py,68,FunctionDef,_no_premise_rule,,declaration
tests/test_phase86_depth_three_bounded_search.py,81,FunctionDef,_register_rule,,declaration
tests/test_phase86_depth_three_bounded_search.py,228,FunctionDef,test_phase86_3_1_max_depth_two_preserves_repository,,declaration
tests/test_phase86_depth_three_bounded_search.py,322,FunctionDef,test_phase86_3_2_selection_preserves_repository,,declaration
tests/test_phase86_depth_three_bounded_search.py,643,FunctionDef,test_phase86_3_3_diagnostics_preserve_repository,,declaration
tests/test_phase86_depth_three_bounded_search.py,797,FunctionDef,test_phase86_3_4_max_depth_three_report_preserves_repository,,declaration
tests/test_phase86_depth_three_bounded_search.py,972,FunctionDef,test_phase86_3_5_max_depth_three_execution_preserves_repository,,declaration
tests/test_phase86_depth_three_bounded_search.py,99,Assignment,repository,ProofRepository(),candidate container
tests/test_phase86_depth_three_bounded_search.py,354,Assignment,repository,ProofRepository(),candidate container
tests/test_phase86_depth_three_bounded_search.py,431,Assignment,repository,ProofRepository(),candidate container
tests/test_phase86_depth_three_bounded_search.py,879,Assignment,repository_result,result.repository_inference_result,candidate container
tests/test_phase86_depth_three_bounded_search.py,87,Call,catalog.register,,candidate registration (not unique)
tests/test_phase86_depth_three_bounded_search.py,145,Call,_register_rule,,candidate registration (not unique)
tests/test_phase86_depth_three_bounded_search.py,410,Call,_register_rule,,candidate registration (not unique)
tests/test_phase86_depth_three_bounded_search.py,478,Call,_register_rule,,candidate registration (not unique)
tests/test_phase86_explicit_max_depth_parameterization.py,22,FunctionDef,_producer_rule_sequence,,declaration
tests/test_phase86_explicit_max_depth_parameterization.py,42,FunctionDef,_dependency_rule_sequence,,declaration
tests/test_phase86_explicit_max_depth_parameterization.py,430,FunctionDef,test_phase86_2_explicit_execution_preserves_repository_non_mutation,,declaration
tests/test_phase86_explicit_max_depth_parameterization.py,367,Assignment,default_repository_result,default_result.repository_inference_result,candidate container
tests/test_phase86_explicit_max_depth_parameterization.py,370,Assignment,explicit_repository_result,explicit_result.repository_inference_result,candidate container
tests/test_phase86_probe.py,146,FunctionDef,test_phase86_probe_preserves_repository_non_mutation,,declaration
tests/test_phase87_minimal_retry_policy_representation.py,30,ClassDef,Phase87RetrySeedStatement,,declaration
tests/test_phase87_minimal_retry_policy_representation.py,35,ClassDef,Phase87RetryPremiseStatement,,declaration
tests/test_phase87_minimal_retry_policy_representation.py,40,ClassDef,Phase87RetryGoalStatement,,declaration
tests/test_phase87_minimal_retry_policy_representation.py,44,FunctionDef,_producer_rule,,declaration
tests/test_phase87_minimal_retry_policy_representation.py,71,FunctionDef,_final_rule,,declaration
tests/test_phase87_minimal_retry_policy_representation.py,87,FunctionDef,_register_rule,,declaration
tests/test_phase87_minimal_retry_policy_representation.py,310,FunctionDef,test_phase87_2_fixture_and_search_do_not_mutate_repository,,declaration
tests/test_phase87_minimal_retry_policy_representation.py,111,Assignment,repository,ProofRepository(),candidate container
tests/test_phase87_minimal_retry_policy_representation.py,93,Call,catalog.register,,candidate registration (not unique)
tests/test_phase87_minimal_retry_policy_representation.py,113,Call,repository.register,,candidate registration (not unique)
tests/test_phase87_minimal_retry_policy_representation.py,136,Call,_register_rule,,candidate registration (not unique)
tests/test_phase87_minimal_retry_policy_representation.py,142,Call,_register_rule,,candidate registration (not unique)
tests/test_phase87_minimal_retry_policy_representation.py,148,Call,_register_rule,,candidate registration (not unique)
tests/test_phase87_minimal_retry_policy_representation.py,114,Call,ProofRepositoryEntry,key='phase87.retry.seed'; step=seed_step; phase='87'; theorem='minimal producer retry policy',candidate registration (not unique)
tests/test_phase87_probe.py,85,FunctionDef,test_phase87_probe_preserves_repository,,declaration
tests/test_phase87_retry_diagnostics_report.py,152,FunctionDef,test_phase87_4_retry_diagnostics_and_report_preserve_repository,,declaration
tests/test_phase87_selected_path_execution_retry_provenance.py,190,FunctionDef,test_phase87_5_retry_execution_preserves_repository,,declaration
tests/test_phase87_selected_path_execution_retry_provenance.py,108,Assignment,repository_result,result.repository_inference_result,candidate container
tests/test_phase87_selected_path_execution_retry_provenance.py,159,Assignment,repository_result,result.repository_inference_result,candidate container
tests/test_phase87_selection_side_finite_retry.py,24,ClassDef,Phase87SelectionAStatement,,declaration
tests/test_phase87_selection_side_finite_retry.py,29,ClassDef,Phase87SelectionBStatement,,declaration
tests/test_phase87_selection_side_finite_retry.py,34,ClassDef,Phase87SelectionCStatement,,declaration
tests/test_phase87_selection_side_finite_retry.py,39,ClassDef,Phase87SelectionGoalStatement,,declaration
tests/test_phase87_selection_side_finite_retry.py,43,FunctionDef,_single_premise_rule,,declaration
tests/test_phase87_selection_side_finite_retry.py,63,FunctionDef,_no_premise_rule,,declaration
tests/test_phase87_selection_side_finite_retry.py,77,FunctionDef,_register_rule,,declaration
tests/test_phase87_selection_side_finite_retry.py,344,FunctionDef,test_phase87_3_retry_selection_preserves_repository,,declaration
tests/test_phase87_selection_side_finite_retry.py,95,Assignment,repository,ProofRepository(),candidate container
tests/test_phase87_selection_side_finite_retry.py,83,Call,catalog.register,,candidate registration (not unique)
tests/test_phase87_selection_side_finite_retry.py,154,Call,_register_rule,,candidate registration (not unique)
tests/test_phase88_concrete_goal_end_to_end.py,214,FunctionDef,test_phase88_17_concrete_requested_statement_eliminates_false_ambiguity,,declaration
tests/test_phase88_concrete_goal_end_to_end.py,328,FunctionDef,test_phase88_17_execution_provenance_uses_selected_iota17_rule,,declaration
tests/test_phase88_concrete_goal_end_to_end.py,371,FunctionDef,test_phase88_17_unrelated_collision_rules_are_not_selected,,declaration
tests/test_phase88_concrete_goal_end_to_end.py,396,FunctionDef,test_phase88_17_execution_does_not_mutate_repository,,declaration
tests/test_phase88_concrete_goal_end_to_end.py,103,Assignment,repository,ProofRepository(),candidate container
tests/test_phase88_concrete_goal_end_to_end.py,99,Call,catalog.register,,candidate registration (not unique)
tests/test_phase88_concrete_goal_end_to_end.py,85,Call,catalog.register,,candidate registration (not unique)
tests/test_phase88_concrete_goal_end_to_end.py,110,Call,repository.register,,candidate registration (not unique)
tests/test_phase88_concrete_goal_end_to_end.py,111,Call,ProofRepositoryEntry,key=f'phase88.end-to-end.seed-{index}'; step=step,candidate registration (not unique)
tests/test_phase88_concrete_missing_premise_representation.py,25,ClassDef,Phase88KnownStatement,,declaration
tests/test_phase88_concrete_missing_premise_representation.py,30,ClassDef,Phase88MissingStatement,,declaration
tests/test_phase88_concrete_missing_premise_representation.py,156,FunctionDef,test_phase88_10_lookup_preserves_concrete_requested_statement,,declaration
tests/test_phase88_concrete_missing_premise_representation.py,213,FunctionDef,test_phase88_10_unbound_variable_does_not_create_false_concrete_statement,,declaration
tests/test_phase88_concrete_missing_premise_representation.py,299,FunctionDef,test_phase88_10_type_only_pattern_has_no_requested_statement,,declaration
tests/test_phase88_concrete_missing_premise_representation.py,85,Call,catalog.register,,candidate registration (not unique)
tests/test_phase88_goal_side_compatibility.py,22,ClassDef,Phase88GoalCompatibilityStatement,,declaration
tests/test_phase88_goal_side_compatibility.py,220,FunctionDef,test_phase88_7_actual_goals_select_one_matching_rule_each,,declaration
tests/test_phase88_goal_side_compatibility.py,31,Assignment,entries,[],candidate container
tests/test_phase88_goal_side_compatibility.py,189,Assignment,selected_entries,"tuple((find_goal_compatible_rule_entries(data['catalog'], goal) for goal in data['goals']))",candidate container
tests/test_phase88_goal_side_compatibility.py,128,Call,catalog.register,,candidate registration (not unique)
tests/test_phase88_goal_side_compatibility.py,64,Call,catalog.register,,candidate registration (not unique)
tests/test_phase88_producer_goal_compatibility_filtering.py,88,FunctionDef,test_phase88_11_requested_statements_are_actual_delta_goals,,declaration
tests/test_phase88_producer_goal_compatibility_filtering.py,101,FunctionDef,test_phase88_11_each_actual_requested_statement_selects_one_rule,,declaration
tests/test_phase88_producer_goal_compatibility_filtering.py,128,FunctionDef,test_phase88_11_rule_entry_lookup_filters_by_requested_statement,,declaration
tests/test_phase88_producer_goal_compatibility_filtering.py,165,FunctionDef,test_phase88_11_candidate_entry_lookup_filters_by_requested_statement,,declaration
tests/test_phase88_producer_goal_compatibility_filtering.py,202,FunctionDef,test_phase88_11_none_requested_statement_preserves_type_only_semantics,,declaration
tests/test_phase88_producer_goal_compatibility_filtering.py,266,FunctionDef,test_phase88_11_producer_lookup_does_not_change_requested_statement,,declaration
tests/test_phase88_producer_goal_compatibility_filtering.py,235,Call,catalog.register,,candidate registration (not unique)
tests/test_phase88_realistic_catalog_collision_observability.py,197,FunctionDef,test_phase88_4_catalog_preserves_three_distinct_rule_identities,,declaration
tests/test_phase88_realistic_catalog_collision_observability.py,244,FunctionDef,test_phase88_4_same_rule_alias_does_not_add_producer_candidate,,declaration
tests/test_phase88_realistic_catalog_collision_observability.py,56,Assignment,catalog_entries,"(InferenceRuleCatalogEntry(key='phase88.realistic.delta-iota5', rule=iota5_rule, conclusion_type=TodaDeltaImageUpToSignStatement, fixed_point_safe=True), InferenceRuleCatalogEntry(key='phase88.realistic.delta-iota9', rule=iota9_rule, conclusion_type=",candidate container
tests/test_phase88_realistic_catalog_collision_observability.py,98,Call,alias_catalog.register,,candidate registration (not unique)
tests/test_phase88_realistic_catalog_collision_observability.py,87,Call,catalog.register,,candidate registration (not unique)
tests/test_phase88_realistic_catalog_collision_observability.py,88,Call,alias_catalog.register,,candidate registration (not unique)
tests/test_phase88_selected_node_concrete_execution_validation.py,29,ClassDef,Phase88KnownStatement,,declaration
tests/test_phase88_selected_node_concrete_execution_validation.py,34,ClassDef,Phase88TargetStatement,,declaration
tests/test_phase88_selected_node_concrete_execution_validation.py,39,ClassDef,Phase88GoalStatement,,declaration
tests/test_phase88_selected_node_concrete_execution_validation.py,165,FunctionDef,test_phase88_15_selected_node_preserves_concrete_requested_statement,,declaration
tests/test_phase88_selected_node_concrete_execution_validation.py,95,Assignment,repository,ProofRepository(),candidate container
tests/test_phase88_selected_node_concrete_execution_validation.py,96,Call,repository.register,,candidate registration (not unique)
tests/test_phase88_selected_node_concrete_execution_validation.py,113,Call,catalog.register,,candidate registration (not unique)
tests/test_phase88_selected_node_concrete_execution_validation.py,125,Call,catalog.register,,candidate registration (not unique)
tests/test_phase88_selected_node_concrete_execution_validation.py,97,Call,ProofRepositoryEntry,key='phase88.known'; step=known_step,candidate registration (not unique)
tests/test_phase88_unsafe_producer_diagnostic_compatibility.py,55,FunctionDef,_target_rule,,declaration
tests/test_phase88_unsafe_producer_diagnostic_compatibility.py,44,Call,catalog.register,,candidate registration (not unique)
tests/test_phase88_unsafe_producer_diagnostic_compatibility.py,110,Call,_register,fixed_point_safe=True,candidate registration (not unique)
tests/test_phase88_unsafe_producer_diagnostic_compatibility.py,202,Call,_register,fixed_point_safe=True,candidate registration (not unique)
tests/test_phase88_unsafe_producer_diagnostic_compatibility.py,210,Call,_register,fixed_point_safe=True,candidate registration (not unique)
tests/test_phase88_unsafe_producer_diagnostic_compatibility.py,131,Call,_register,fixed_point_safe=False; goal_compatibility=_target_compatibility(value),candidate registration (not unique)
tests/test_phase88_unsafe_producer_diagnostic_compatibility.py,231,Call,_register,fixed_point_safe=False; goal_compatibility=_target_compatibility(value),candidate registration (not unique)
tests/test_phase90_actual_known_group_lookup.py,421,FunctionDef,test_phase90_3_3_lookup_does_not_mutate_repository,,declaration
tests/test_phase90_actual_known_group_lookup.py,49,Assignment,repository,ProofRepository(),candidate container
tests/test_phase90_actual_known_group_lookup.py,102,Assignment,initial_entries,repository.entries(),candidate container
tests/test_phase90_actual_known_group_lookup.py,123,Assignment,final_entries,repository.entries(),candidate container
tests/test_phase90_actual_known_group_lookup.py,51,Call,ProofRepositoryEntry,key='phase90.actual.pi7_4'; step=pi7_4_step; phase='65'; theorem='Toda Proposition 5.6 pi_7^4 decomposition',candidate registration (not unique)
tests/test_phase90_actual_known_group_lookup.py,60,Call,ProofRepositoryEntry,key='phase90.actual.pi10_4'; step=pi10_4_step; phase='73'; theorem='Toda Proposition 5.11 pi_10^4',candidate registration (not unique)
tests/test_phase90_actual_known_group_lookup.py,69,Call,ProofRepositoryEntry,key='phase90.actual.pi9_2'; step=pi9_2_step; phase='75'; theorem='Toda Proposition 5.15 pi_9^2',candidate registration (not unique)
tests/test_phase90_actual_known_group_lookup.py,79,Call,repository.register,,candidate registration (not unique)
tests/test_phase90_actual_known_group_lookup.py,82,Call,repository.register,,candidate registration (not unique)
tests/test_phase90_actual_known_group_lookup.py,85,Call,repository.register,,candidate registration (not unique)
tests/test_phase90_known_group_lookup.py,150,FunctionDef,test_phase90_3_2_predicate_accepts_zero_statement,,declaration
tests/test_phase90_known_group_lookup.py,227,FunctionDef,test_phase90_3_2_predicate_rejects_unrelated_statement,,declaration
tests/test_phase90_known_group_lookup.py,362,FunctionDef,test_phase90_3_2_lookup_includes_zero_statement,,declaration
tests/test_phase90_known_group_lookup.py,465,FunctionDef,test_phase90_3_2_lookup_rejects_non_repository,,declaration
tests/test_phase90_known_group_lookup.py,251,Assignment,repository,ProofRepository(),candidate container
tests/test_phase90_known_group_lookup.py,267,Assignment,repository,ProofRepository(),candidate container
tests/test_phase90_known_group_lookup.py,317,Assignment,repository,ProofRepository(),candidate container
tests/test_phase90_known_group_lookup.py,363,Assignment,repository,ProofRepository(),candidate container
tests/test_phase90_known_group_lookup.py,394,Assignment,repository,ProofRepository(),candidate container
tests/test_phase90_known_group_lookup.py,482,Assignment,repository,ProofRepository(),candidate container
tests/test_phase90_known_group_lookup.py,54,Call,ProofRepositoryEntry,"key=key; step=ProofStep(conclusion=conclusion, premises=(), rule=rule)",candidate registration (not unique)
tests/test_phase90_known_group_lookup.py,297,Call,repository.register,,candidate registration (not unique)
tests/test_phase90_known_group_lookup.py,300,Call,repository.register,,candidate registration (not unique)
tests/test_phase90_known_group_lookup.py,343,Call,repository.register,,candidate registration (not unique)
tests/test_phase90_known_group_lookup.py,346,Call,repository.register,,candidate registration (not unique)
tests/test_phase90_known_group_lookup.py,378,Call,repository.register,,candidate registration (not unique)
tests/test_phase90_known_group_lookup.py,444,Call,repository.register,,candidate registration (not unique)
tests/test_phase90_known_group_lookup.py,447,Call,repository.register,,candidate registration (not unique)
tests/test_phase90_known_group_lookup.py,450,Call,repository.register,,candidate registration (not unique)
tests/test_phase91_actual_group_normalization.py,382,FunctionDef,test_phase91_3_normalization_does_not_mutate_repository,,declaration
tests/test_phase91_actual_group_normalization.py,26,Assignment,repository,phase90['repository'],candidate container
tests/test_phase91_actual_group_normalization.py,30,Assignment,initial_entries,repository.entries(),candidate container
tests/test_phase91_actual_group_normalization.py,59,Assignment,final_entries,repository.entries(),candidate container
tests/test_phase91_minimal_group_result.py,74,Call,ProofRepositoryEntry,key='phase91.fixture.pi7_4'; step=proof_step; phase='91-2'; theorem='Phase 91-2 fixture',candidate registration (not unique)
tests/test_phase91_minimal_group_result.py,176,Call,ProofRepositoryEntry,key='phase91.fixture.pi9_2'; step=proof_step; phase='91-2'; theorem='Phase 91-2 zero fixture',candidate registration (not unique)
tests/test_phase92_actual_ehp_extraction.py,71,FunctionDef,test_phase92_3_uses_actual_theorem_backed_group_result,,declaration
tests/test_phase92_actual_ehp_extraction.py,37,Call,ProofRepositoryEntry,key='phase92.actual.pi9_5'; step=phase68['final_step']; phase='68'; theorem='Toda Proposition 5.8 pi_9^5',candidate registration (not unique)
tests/test_phase92_ehp_group_enrichment.py,363,FunctionDef,test_phase92_4_enrichment_does_not_mutate_repository,,declaration
tests/test_phase92_ehp_group_enrichment.py,42,Assignment,repository,ProofRepository(),candidate container
tests/test_phase92_ehp_group_enrichment.py,78,Assignment,initial_entries,repository.entries(),candidate container
tests/test_phase92_ehp_group_enrichment.py,91,Assignment,final_entries,repository.entries(),candidate container
tests/test_phase92_ehp_group_enrichment.py,44,Call,ProofRepositoryEntry,key='phase92.actual.pi8_4'; step=phase68['pi8_4_step']; phase='68'; theorem='Toda Proposition 5.8 pi_8^4',candidate registration (not unique)
tests/test_phase92_ehp_group_enrichment.py,68,Call,repository.register,,candidate registration (not unique)
tests/test_phase92_ehp_group_enrichment.py,71,Call,repository.register,,candidate registration (not unique)
tests/test_phase92_ehp_group_enrichment.py,74,Call,repository.register,,candidate registration (not unique)
tests/test_phase92_exactness_use_provenance.py,150,FunctionDef,test_phase92_5_each_exactness_step_has_expected_statement,,declaration
tests/test_phase93_actual_dependency_extraction.py,63,Call,ProofRepositoryEntry,key=key; step=root_step; phase='93'; theorem=None,candidate registration (not unique)
tests/test_phase93_dependency_role_classification.py,487,FunctionDef,test_phase93_4_literature_statement_is_classified,,declaration
tests/test_phase93_dependency_role_classification.py,510,FunctionDef,test_phase93_4_unknown_statement_remains_other,,declaration
tests/test_phase93_dependency_role_classification.py,490,Call,LiteratureReference,label='test reference',candidate registration (not unique)
tests/test_phase95_actual_representative_top_level_capability.py,689,FunctionDef,test_phase95_20_actual_representative_queries_do_not_mutate_repository,,declaration
tests/test_phase95_actual_representative_top_level_capability.py,39,Assignment,repository,ProofRepository(),candidate container
tests/test_phase95_actual_representative_top_level_capability.py,87,Assignment,initial_entries,repository.entries(),candidate container
tests/test_phase95_actual_representative_top_level_capability.py,126,Assignment,final_entries,repository.entries(),candidate container
tests/test_phase95_actual_representative_top_level_capability.py,41,Call,ProofRepositoryEntry,key='phase95.actual.prop56'; step=phase65['integration_step']; phase='65'; theorem='Toda Proposition 5.6',candidate registration (not unique)
tests/test_phase95_actual_representative_top_level_capability.py,50,Call,ProofRepositoryEntry,key='phase95.actual.prop58'; step=phase68['integration_step']; phase='68'; theorem='Toda Proposition 5.8',candidate registration (not unique)
tests/test_phase95_actual_representative_top_level_capability.py,59,Call,ProofRepositoryEntry,key='phase95.actual.prop511'; step=phase73['final_step']; phase='73'; theorem='Toda Proposition 5.11',candidate registration (not unique)
tests/test_phase95_actual_representative_top_level_capability.py,68,Call,ProofRepositoryEntry,key='phase95.actual.prop515'; step=phase75['aggregate_step']; phase='75'; theorem='Toda Proposition 5.15',candidate registration (not unique)
tests/test_phase95_actual_representative_top_level_capability.py,284,Call,ProofRepositoryEntry,"key='phase155.pi9_5.aggregate'; step=ProofStep(conclusion='synthetic aggregate', premises=(), rule=ProofRule.GIVEN); phase='68'; theorem='Toda Proposition 5.8'",candidate registration (not unique)
tests/test_phase95_actual_representative_top_level_capability.py,370,Call,ProofRepositoryEntry,"key='phase155.pi10_4.aggregate'; step=ProofStep(conclusion='synthetic aggregate', premises=(), rule=ProofRule.GIVEN); phase='73'; theorem='Toda Proposition 5.11'",candidate registration (not unique)
tests/test_phase95_actual_representative_top_level_capability.py,83,Call,repository.register,,candidate registration (not unique)
tests/test_phase95_calculation_candidate_aggregate_provenance.py,27,Call,ProofRepositoryEntry,key='phase95.prop56'; step=data['integration_step']; phase='65'; theorem='Toda Proposition 5.6',candidate registration (not unique)
tests/test_phase95_calculation_goal_candidate.py,138,FunctionDef,test_phase95_5_candidate_rejects_non_group_result_statement,,declaration
tests/test_phase95_calculation_goal_candidate.py,236,FunctionDef,test_phase95_8_source_rejects_non_repository_entry,,declaration
tests/test_phase95_calculation_goal_candidate.py,53,Call,ProofRepositoryEntry,"key='phase95.aggregate'; step=ProofStep(conclusion=conclusion, premises=(), rule=ProofRule.GIVEN); phase='95'; theorem='aggregate fixture'",candidate registration (not unique)
tests/test_phase95_concrete_aggregate_branch_extraction.py,423,FunctionDef,test_phase95_9_rejects_non_repository_entry,,declaration
tests/test_phase95_concrete_aggregate_branch_extraction.py,33,Call,ProofRepositoryEntry,key=key; step=step; phase=phase; theorem=theorem,candidate registration (not unique)
tests/test_phase95_existing_branch_proof_step_recovery.py,41,Call,ProofRepositoryEntry,key=key; step=step; phase=phase; theorem=theorem,candidate registration (not unique)
tests/test_phase95_known_result_orchestration.py,279,FunctionDef,test_phase95_3_orchestration_does_not_mutate_repository,,declaration
tests/test_phase95_known_result_orchestration.py,318,FunctionDef,test_phase95_3_rejects_non_repository_via_existing_lookup_validation,,declaration
tests/test_phase95_known_result_orchestration.py,28,Assignment,repository,ProofRepository(),candidate container
tests/test_phase95_known_result_orchestration.py,34,Assignment,initial_entries,repository.entries(),candidate container
tests/test_phase95_known_result_orchestration.py,62,Assignment,repository,ProofRepository(),candidate container
tests/test_phase95_known_result_orchestration.py,120,Assignment,repository,ProofRepository(),candidate container
tests/test_phase95_known_result_orchestration.py,160,Assignment,repository,ProofRepository(),candidate container
tests/test_phase95_known_result_orchestration.py,219,Assignment,repository,ProofRepository(),candidate container
tests/test_phase95_known_result_orchestration.py,282,Assignment,repository,ProofRepository(),candidate container
tests/test_phase95_known_result_orchestration.py,289,Assignment,initial_entries,repository.entries(),candidate container
tests/test_phase95_known_result_orchestration.py,301,Assignment,final_entries,repository.entries(),candidate container
tests/test_phase95_known_result_orchestration.py,338,Assignment,repository,ProofRepository(),candidate container
tests/test_phase95_known_result_orchestration.py,63,Call,repository.register,,candidate registration (not unique)
tests/test_phase95_known_result_orchestration.py,121,Call,repository.register,,candidate registration (not unique)
tests/test_phase95_known_result_orchestration.py,191,Call,repository.register,,candidate registration (not unique)
tests/test_phase95_known_result_orchestration.py,194,Call,repository.register,,candidate registration (not unique)
tests/test_phase95_known_result_orchestration.py,248,Call,repository.register,,candidate registration (not unique)
tests/test_phase95_known_result_orchestration.py,251,Call,repository.register,,candidate registration (not unique)
tests/test_phase95_known_result_orchestration.py,283,Call,repository.register,,candidate registration (not unique)
tests/test_phase95_recovered_branch_normalization.py,38,Call,ProofRepositoryEntry,key=key; step=step; phase=phase; theorem=theorem,candidate registration (not unique)
tests/test_phase95_repository_wide_goal_candidate_discovery.py,42,FunctionDef,test_phase95_10_empty_repository_returns_no_candidates,,declaration
tests/test_phase95_repository_wide_goal_candidate_discovery.py,67,FunctionDef,test_phase95_10_discovers_single_candidate_from_repository,,declaration
tests/test_phase95_repository_wide_goal_candidate_discovery.py,184,FunctionDef,test_phase95_10_preserves_repository_registration_order_for_multiple_candidates,,declaration
tests/test_phase95_repository_wide_goal_candidate_discovery.py,317,FunctionDef,test_phase95_10_ignores_unrelated_repository_entries,,declaration
tests/test_phase95_repository_wide_goal_candidate_discovery.py,449,FunctionDef,test_phase95_10_does_not_mutate_repository,,declaration
tests/test_phase95_repository_wide_goal_candidate_discovery.py,489,FunctionDef,test_phase95_10_rejects_non_repository,,declaration
tests/test_phase95_repository_wide_goal_candidate_discovery.py,43,Assignment,repository,ProofRepository(),candidate container
tests/test_phase95_repository_wide_goal_candidate_discovery.py,69,Assignment,repository,ProofRepository(),candidate container
tests/test_phase95_repository_wide_goal_candidate_discovery.py,123,Assignment,repository,ProofRepository(),candidate container
tests/test_phase95_repository_wide_goal_candidate_discovery.py,188,Assignment,repository,ProofRepository(),candidate container
tests/test_phase95_repository_wide_goal_candidate_discovery.py,255,Assignment,repository,ProofRepository(),candidate container
tests/test_phase95_repository_wide_goal_candidate_discovery.py,320,Assignment,repository,ProofRepository(),candidate container
tests/test_phase95_repository_wide_goal_candidate_discovery.py,373,Assignment,repository,ProofRepository(),candidate container
tests/test_phase95_repository_wide_goal_candidate_discovery.py,414,Assignment,repository,ProofRepository(),candidate container
tests/test_phase95_repository_wide_goal_candidate_discovery.py,451,Assignment,repository,ProofRepository(),candidate container
tests/test_phase95_repository_wide_goal_candidate_discovery.py,507,Assignment,repository,ProofRepository(),candidate container
tests/test_phase95_repository_wide_goal_candidate_discovery.py,34,Call,ProofRepositoryEntry,key=key; step=step; phase=phase; theorem=theorem,candidate registration (not unique)
tests/test_phase95_repository_wide_goal_candidate_discovery.py,80,Call,repository.register,,candidate registration (not unique)
tests/test_phase95_repository_wide_goal_candidate_discovery.py,143,Call,repository.register,,candidate registration (not unique)
tests/test_phase95_repository_wide_goal_candidate_discovery.py,146,Call,repository.register,,candidate registration (not unique)
tests/test_phase95_repository_wide_goal_candidate_discovery.py,212,Call,repository.register,,candidate registration (not unique)
tests/test_phase95_repository_wide_goal_candidate_discovery.py,215,Call,repository.register,,candidate registration (not unique)
tests/test_phase95_repository_wide_goal_candidate_discovery.py,279,Call,repository.register,,candidate registration (not unique)
tests/test_phase95_repository_wide_goal_candidate_discovery.py,282,Call,repository.register,,candidate registration (not unique)
tests/test_phase95_repository_wide_goal_candidate_discovery.py,343,Call,repository.register,,candidate registration (not unique)
tests/test_phase95_repository_wide_goal_candidate_discovery.py,346,Call,repository.register,,candidate registration (not unique)
tests/test_phase95_repository_wide_goal_candidate_discovery.py,384,Call,repository.register,,candidate registration (not unique)
tests/test_phase95_repository_wide_goal_candidate_discovery.py,425,Call,repository.register,,candidate registration (not unique)
tests/test_phase95_repository_wide_goal_candidate_discovery.py,462,Call,repository.register,,candidate registration (not unique)
tests/test_phase95_top_level_calculation_orchestration.py,570,FunctionDef,test_phase95_18_does_not_mutate_repository,,declaration
tests/test_phase95_top_level_calculation_orchestration.py,38,Assignment,repository,ProofRepository(),candidate container
tests/test_phase95_top_level_calculation_orchestration.py,57,Assignment,repository,ProofRepository(),candidate container
tests/test_phase95_top_level_calculation_orchestration.py,113,Assignment,repository,ProofRepository(),candidate container
tests/test_phase95_top_level_calculation_orchestration.py,187,Assignment,repository,ProofRepository(),candidate container
tests/test_phase95_top_level_calculation_orchestration.py,253,Assignment,repository,ProofRepository(),candidate container
tests/test_phase95_top_level_calculation_orchestration.py,314,Assignment,repository,ProofRepository(),candidate container
tests/test_phase95_top_level_calculation_orchestration.py,413,Assignment,repository,ProofRepository(),candidate container
tests/test_phase95_top_level_calculation_orchestration.py,572,Assignment,repository,ProofRepository(),candidate container
tests/test_phase95_top_level_calculation_orchestration.py,29,Call,ProofRepositoryEntry,key=key; step=step; phase=phase; theorem=theorem,candidate registration (not unique)
tests/test_phase95_top_level_calculation_orchestration.py,77,Call,repository.register,,candidate registration (not unique)
tests/test_phase95_top_level_calculation_orchestration.py,80,Call,repository.register,,candidate registration (not unique)
tests/test_phase95_top_level_calculation_orchestration.py,142,Call,repository.register,,candidate registration (not unique)
tests/test_phase95_top_level_calculation_orchestration.py,145,Call,repository.register,,candidate registration (not unique)
tests/test_phase95_top_level_calculation_orchestration.py,148,Call,repository.register,,candidate registration (not unique)
tests/test_phase95_top_level_calculation_orchestration.py,198,Call,repository.register,,candidate registration (not unique)
tests/test_phase95_top_level_calculation_orchestration.py,264,Call,repository.register,,candidate registration (not unique)
tests/test_phase95_top_level_calculation_orchestration.py,325,Call,repository.register,,candidate registration (not unique)
tests/test_phase95_top_level_calculation_orchestration.py,414,Call,repository.register,,candidate registration (not unique)
tests/test_phase95_top_level_calculation_orchestration.py,417,Call,repository.register,,candidate registration (not unique)
tests/test_phase95_top_level_calculation_orchestration.py,583,Call,repository.register,,candidate registration (not unique)
tests/test_phase96_actual_pi9_5_end_to_end_presentation.py,422,FunctionDef,test_phase96_7_actual_pi9_5_presentation_does_not_mutate_repository,,declaration
tests/test_phase96_actual_pi9_5_end_to_end_presentation.py,473,FunctionDef,test_phase96_7_builder_rejects_non_tuple_repository_entries,,declaration
tests/test_phase96_final_proof_report_audit.py,232,FunctionDef,test_phase96_12_unknown_statement_fallback_is_explicit_and_safe,,declaration
tests/test_phase96_full_proof_report_renderer.py,262,FunctionDef,test_phase96_11_actual_pi9_5_unknown_statements_remain_safe_fallbacks,,declaration
tests/test_phase96_full_proof_report_renderer.py,388,FunctionDef,test_phase96_11_full_report_renderer_is_deterministic_and_repository_non_mutating,,declaration
tests/test_phase96_full_proof_report_renderer.py,156,Assignment,repository_source,goal_source.source_entry,candidate container
tests/test_phase96_full_proof_report_renderer.py,348,Assignment,repository_entries,data['repository'].entries(),candidate container
tests/test_phase96_human_readable_renderer.py,349,FunctionDef,test_phase96_9_renderer_is_pure_and_does_not_mutate_repository,,declaration
tests/test_phase96_human_readable_renderer.py,246,Assignment,repository_source,goal_source.source_entry,candidate container
tests/test_phase96_proof_step_mathematical_narrative.py,83,FunctionDef,test_phase96_10_renders_actual_delta_injective_statement,,declaration
tests/test_phase96_proof_step_mathematical_narrative.py,108,FunctionDef,test_phase96_10_renders_actual_hopf_zero_statement,,declaration
tests/test_phase96_proof_step_mathematical_narrative.py,133,FunctionDef,test_phase96_10_renders_actual_suspension_surjective_statement,,declaration
tests/test_phase96_proof_step_mathematical_narrative.py,158,FunctionDef,test_phase96_10_renders_actual_h_delta_exactness_statement,,declaration
tests/test_phase96_proof_step_mathematical_narrative.py,215,FunctionDef,test_phase96_10_proof_step_markdown_uses_mathematical_statement_when_supported,,declaration
tests/test_phase96_proof_step_mathematical_narrative.py,252,FunctionDef,test_phase96_10_unknown_aggregate_statement_keeps_safe_type_fallback,,declaration
tests/test_phase96_proof_step_mathematical_narrative.py,356,FunctionDef,test_phase96_10_narrative_keeps_unknown_statements_without_inventing_math,,declaration
tests/test_phase96_proof_step_mathematical_narrative.py,375,FunctionDef,test_phase96_10_narrative_is_pure_and_repository_non_mutating,,declaration
tests/test_phase96_proof_step_mathematical_narrative.py,421,FunctionDef,test_phase96_10_statement_renderer_returns_none_for_unknown_statement,,declaration
tests/test_phase96_proof_step_source_presentation.py,175,FunctionDef,test_phase96_5_literature_statement_preserves_reference_identity,,declaration
tests/test_phase96_proof_step_source_presentation.py,213,FunctionDef,test_phase96_5_relation_literature_reference_preserves_identity,,declaration
tests/test_phase96_proof_step_source_presentation.py,289,FunctionDef,test_phase96_5_step_without_literature_source_remains_none,,declaration
tests/test_phase96_proof_step_source_presentation.py,304,FunctionDef,test_phase96_5_repository_entry_presentation_preserves_metadata_and_identity,,declaration
tests/test_phase96_proof_step_source_presentation.py,346,FunctionDef,test_phase96_5_step_presentation_preserves_all_matching_repository_entries_without_selection,,declaration
tests/test_phase96_proof_step_source_presentation.py,387,FunctionDef,test_phase96_5_step_presentation_does_not_match_repository_by_structural_equality,,declaration
tests/test_phase96_proof_step_source_presentation.py,421,FunctionDef,test_phase96_5_actual_pi9_5_aggregate_goal_source_preserves_theorem_phase_and_branch,,declaration
tests/test_phase96_proof_step_source_presentation.py,584,FunctionDef,test_phase96_5_actual_internal_dependency_does_not_inherit_aggregate_theorem_metadata,,declaration
tests/test_phase96_proof_step_source_presentation.py,687,FunctionDef,test_phase96_5_literature_source_builder_rejects_invalid_source,,declaration
tests/test_phase96_proof_step_source_presentation.py,712,FunctionDef,test_phase96_5_repository_builder_rejects_non_entry,,declaration
tests/test_phase96_proof_step_source_presentation.py,748,FunctionDef,test_phase96_5_step_presentation_rejects_repository_entry_for_other_step,,declaration
tests/test_phase96_proof_step_source_presentation.py,176,Call,LiteratureReference,label='Toda'; author='H. Toda'; title='Composition Methods'; year=1962; locator='Chapter V',candidate registration (not unique)
tests/test_phase96_proof_step_source_presentation.py,214,Call,LiteratureReference,label='Toda relation',candidate registration (not unique)
tests/test_phase96_proof_step_source_presentation.py,311,Call,ProofRepositoryEntry,key='phase96.test'; step=step; phase='96'; theorem='Test Theorem',candidate registration (not unique)
tests/test_phase96_proof_step_source_presentation.py,353,Call,ProofRepositoryEntry,key='phase96.first'; step=step; phase='96'; theorem='First label',candidate registration (not unique)
tests/test_phase96_proof_step_source_presentation.py,359,Call,ProofRepositoryEntry,key='phase96.second'; step=step; phase='96'; theorem='Second label',candidate registration (not unique)
tests/test_phase96_proof_step_source_presentation.py,400,Call,ProofRepositoryEntry,key='phase96.equal'; step=equal_but_distinct_step; theorem='Equal but distinct',candidate registration (not unique)
tests/test_phase96_proof_step_source_presentation.py,447,Call,ProofRepositoryEntry,"key='phase155.phase96.aggregate'; step=ProofStep(conclusion='synthetic aggregate', premises=(), rule=ProofRule.GIVEN); phase='68'; theorem='Toda Proposition 5.8'",candidate registration (not unique)
tests/test_phase96_proof_step_source_presentation.py,539,Call,ProofRepositoryEntry,"key='phase155.phase96.distinct.aggregate'; step=ProofStep(conclusion='synthetic aggregate', premises=(), rule=ProofRule.GIVEN); phase='68'; theorem='Toda Proposition 5.8'",candidate registration (not unique)
tests/test_phase96_proof_step_source_presentation.py,636,Call,ProofRepositoryEntry,key='phase155.phase96.internal.result'; step=root,candidate registration (not unique)
tests/test_phase96_proof_step_source_presentation.py,646,Call,ProofRepositoryEntry,"key='phase155.phase96.internal.aggregate'; step=ProofStep(conclusion='aggregate source', premises=(), rule=ProofRule.GIVEN); phase='68'; theorem='Toda Proposition 5.8'",candidate registration (not unique)
tests/test_phase96_proof_step_source_presentation.py,761,Call,ProofRepositoryEntry,key='phase96.other'; step=other_step,candidate registration (not unique)
tests/test_phase96_proof_step_source_presentation.py,780,Call,TodaRepositoryEntryPresentation,source_entry=other_entry,candidate registration (not unique)
tests/test_phase96_recursive_readable_proof_flow.py,504,FunctionDef,test_phase96_6_repository_metadata_can_be_attached_without_changing_flow_order,,declaration
tests/test_phase96_recursive_readable_proof_flow.py,601,FunctionDef,test_phase96_6_builder_rejects_non_tuple_repository_entries,,declaration
tests/test_phase96_representative_targets_end_to_end_presentation.py,587,FunctionDef,test_phase96_8_expansion_does_not_mutate_repository,,declaration
tests/test_phase96_representative_targets_end_to_end_presentation.py,28,Assignment,repository_entries,data['repository'].entries(),candidate container
tests/test_phase97_actual_representative_targets_top_level_api.py,457,FunctionDef,test_phase97_5_top_level_validation_does_not_mutate_repository,,declaration
tests/test_phase97_actual_representative_targets_top_level_api.py,32,Assignment,repository,data['repository'],candidate container
tests/test_phase97_minimal_top_level_result_representation.py,203,Assignment,repository_entries,data['repository'].entries(),candidate container
tests/test_phase97_not_found_multiple_results_top_level_handling.py,332,FunctionDef,test_phase97_4_general_top_level_api_does_not_mutate_repository,,declaration
tests/test_phase97_not_found_multiple_results_top_level_handling.py,24,Assignment,repository,ProofRepository(),candidate container
tests/test_phase97_not_found_multiple_results_top_level_handling.py,101,Assignment,repository,ProofRepository(),candidate container
tests/test_phase97_not_found_multiple_results_top_level_handling.py,335,Assignment,repository,data['repository'],candidate container
tests/test_phase97_not_found_multiple_results_top_level_handling.py,103,Call,ProofRepositoryEntry,key='phase97.direct.first'; step=data['pi7_4_step']; phase='65'; theorem='Toda Proposition 5.6 first',candidate registration (not unique)
tests/test_phase97_not_found_multiple_results_top_level_handling.py,112,Call,ProofRepositoryEntry,key='phase97.direct.second'; step=data['pi7_4_step']; phase='65'; theorem='Toda Proposition 5.6 second',candidate registration (not unique)
tests/test_phase97_not_found_multiple_results_top_level_handling.py,121,Call,repository.register,,candidate registration (not unique)
tests/test_phase97_not_found_multiple_results_top_level_handling.py,124,Call,repository.register,,candidate registration (not unique)
tests/test_phase97_single_found_calculation_to_report_api.py,272,FunctionDef,test_phase97_3_found_api_does_not_mutate_repository,,declaration
tests/test_phase97_single_found_calculation_to_report_api.py,209,Assignment,repository,ProofRepository(),candidate container
tests/test_phase97_single_found_calculation_to_report_api.py,275,Assignment,repository,data['repository'],candidate container
tests/test_phase97_single_found_calculation_to_report_api.py,302,Assignment,repository,ProofRepository(),candidate container
tests/test_phase97_single_found_calculation_to_report_api.py,323,Assignment,repository,ProofRepository(),candidate container
tests/test_phase97_single_found_calculation_to_report_api.py,211,Call,ProofRepositoryEntry,key='phase97.direct.pi7_4'; step=data['pi7_4_step']; phase='65'; theorem='Toda Proposition 5.6 direct',candidate registration (not unique)
tests/test_phase97_single_found_calculation_to_report_api.py,222,Call,repository.register,,candidate registration (not unique)
tests/test_phase97_single_found_calculation_to_report_api.py,325,Call,ProofRepositoryEntry,key='phase97.direct.first'; step=data['pi7_4_step']; phase='65'; theorem='Toda Proposition 5.6 first',candidate registration (not unique)
tests/test_phase97_single_found_calculation_to_report_api.py,334,Call,ProofRepositoryEntry,key='phase97.direct.second'; step=data['pi7_4_step']; phase='65'; theorem='Toda Proposition 5.6 second',candidate registration (not unique)
tests/test_phase97_single_found_calculation_to_report_api.py,343,Call,repository.register,,candidate registration (not unique)
tests/test_phase97_single_found_calculation_to_report_api.py,346,Call,repository.register,,candidate registration (not unique)
tests/test_phase98_actual_use_facade_validation.py,494,FunctionDef,test_phase98_3_facade_validation_does_not_mutate_repository,,declaration
tests/test_phase98_actual_use_facade_validation.py,50,Assignment,repository,data['repository'],candidate container
tests/test_phase98_actual_use_facade_validation.py,339,Assignment,repository,object(),candidate container
tests/test_phase98_minimal_facade_api.py,181,FunctionDef,test_phase98_2_facade_does_not_mutate_repository,,declaration
tests/test_phase98_minimal_facade_api.py,78,Assignment,repository,ProofRepository(),candidate container
tests/test_phase98_minimal_facade_api.py,101,Assignment,repository,ProofRepository(),candidate container
tests/test_phase98_minimal_facade_api.py,184,Assignment,repository,data['repository'],candidate container
tests/test_phase98_minimal_facade_api.py,209,Assignment,repository,ProofRepository(),candidate container
tests/test_phase98_minimal_facade_api.py,223,Assignment,repository,ProofRepository(),candidate container
tests/test_phase98_minimal_facade_api.py,247,Assignment,repository,ProofRepository(),candidate container
tests/test_phase98_minimal_facade_api.py,103,Call,ProofRepositoryEntry,key='phase98.facade.first'; step=data['pi7_4_step']; phase='65'; theorem='Toda Proposition 5.6 first',candidate registration (not unique)
tests/test_phase98_minimal_facade_api.py,112,Call,ProofRepositoryEntry,key='phase98.facade.second'; step=data['pi7_4_step']; phase='65'; theorem='Toda Proposition 5.6 second',candidate registration (not unique)
tests/test_phase98_minimal_facade_api.py,121,Call,repository.register,,candidate registration (not unique)
tests/test_phase98_minimal_facade_api.py,124,Call,repository.register,,candidate registration (not unique)
tests/test_phase98_reports_access.py,176,FunctionDef,test_phase98_5_reports_access_does_not_mutate_repository,,declaration
tests/test_phase98_reports_access.py,20,Assignment,repository,ProofRepository(),candidate container
tests/test_phase98_reports_access.py,67,Assignment,repository,ProofRepository(),candidate container
tests/test_phase98_reports_access.py,179,Assignment,repository,data['repository'],candidate container
tests/test_phase98_reports_access.py,69,Call,ProofRepositoryEntry,key='phase98.reports.first'; step=data['pi7_4_step']; phase='65'; theorem='Toda Proposition 5.6 first',candidate registration (not unique)
tests/test_phase98_reports_access.py,78,Call,ProofRepositoryEntry,key='phase98.reports.second'; step=data['pi7_4_step']; phase='65'; theorem='Toda Proposition 5.6 second',candidate registration (not unique)
tests/test_phase98_reports_access.py,87,Call,repository.register,,candidate registration (not unique)
tests/test_phase98_reports_access.py,90,Call,repository.register,,candidate registration (not unique)
tests/test_phase98_representative_convenience_validation.py,248,FunctionDef,test_phase98_6_shortest_path_does_not_mutate_repository,,declaration
tests/test_phase98_representative_convenience_validation.py,46,Assignment,repository,data['repository'],candidate container
tests/test_phase98_single_found_report_property.py,191,FunctionDef,test_phase98_4_report_property_does_not_mutate_repository,,declaration
tests/test_phase98_single_found_report_property.py,96,Assignment,repository,ProofRepository(),candidate container
tests/test_phase98_single_found_report_property.py,123,Assignment,repository,ProofRepository(),candidate container
tests/test_phase98_single_found_report_property.py,194,Assignment,repository,data['repository'],candidate container
tests/test_phase98_single_found_report_property.py,125,Call,ProofRepositoryEntry,key='phase98.report.first'; step=data['pi7_4_step']; phase='65'; theorem='Toda Proposition 5.6 first',candidate registration (not unique)
tests/test_phase98_single_found_report_property.py,134,Call,ProofRepositoryEntry,key='phase98.report.second'; step=data['pi7_4_step']; phase='65'; theorem='Toda Proposition 5.6 second',candidate registration (not unique)
tests/test_phase98_single_found_report_property.py,143,Call,repository.register,,candidate registration (not unique)
tests/test_phase98_single_found_report_property.py,146,Call,repository.register,,candidate registration (not unique)
tests/test_phase99_actual_element_exploration_facade.py,419,FunctionDef,test_phase99_24_facade_does_not_mutate_actual_repository,,declaration
tests/test_phase99_actual_element_exploration_facade.py,36,Assignment,repository,ProofRepository(),candidate container
tests/test_phase99_actual_element_exploration_facade.py,38,Call,ProofRepositoryEntry,key='phase67.pi6_2_eta2_nu_prime'; step=phase67['final_step']; phase='67'; theorem='Toda Lemma 5.7',candidate registration (not unique)
tests/test_phase99_actual_element_exploration_facade.py,50,Call,ProofRepositoryEntry,key='phase68.pi7_3_nu_prime_eta6'; step=phase68['final_step']; phase='68'; theorem='Toda Proposition 5.8',candidate registration (not unique)
tests/test_phase99_actual_element_exploration_facade.py,62,Call,repository.register,,candidate registration (not unique)
tests/test_phase99_actual_element_exploration_facade.py,66,Call,repository.register,,candidate registration (not unique)
tests/test_phase99_actual_repository_element_lookup_validation.py,28,FunctionDef,build_phase99_5_actual_repository,,declaration
tests/test_phase99_actual_repository_element_lookup_validation.py,97,FunctionDef,test_phase99_5_actual_repository_contains_four_representative_entries,,declaration
tests/test_phase99_actual_repository_element_lookup_validation.py,118,FunctionDef,test_phase99_5_actual_repository_nu_prime_lookup_returns_all_representatives,,declaration
tests/test_phase99_actual_repository_element_lookup_validation.py,149,FunctionDef,test_phase99_5_actual_lookup_finds_nested_theorem_fact_nu_prime,,declaration
tests/test_phase99_actual_repository_element_lookup_validation.py,313,FunctionDef,test_phase99_5_actual_lookup_preserves_repository_and_step_identity,,declaration
tests/test_phase99_actual_repository_element_lookup_validation.py,72,Assignment,repository,ProofRepository(),candidate container
tests/test_phase99_actual_repository_element_lookup_validation.py,316,Assignment,entries_before,data['repository'].entries(),candidate container
tests/test_phase99_actual_repository_element_lookup_validation.py,38,Call,ProofRepositoryEntry,key='phase24.epsilon3_toda_membership'; step=theorem_step; phase='24'; theorem='Toda bracket membership fact',candidate registration (not unique)
tests/test_phase99_actual_repository_element_lookup_validation.py,45,Call,ProofRepositoryEntry,key='phase67.pi6_2_eta2_nu_prime'; step=phase67['final_step']; phase='67'; theorem='Toda Lemma 5.7',candidate registration (not unique)
tests/test_phase99_actual_repository_element_lookup_validation.py,54,Call,ProofRepositoryEntry,key='phase68.pi7_3_nu_prime_eta6'; step=phase68['final_step']; phase='68'; theorem='Toda Proposition 5.8',candidate registration (not unique)
tests/test_phase99_actual_repository_element_lookup_validation.py,63,Call,ProofRepositoryEntry,key='phase70.pi8_3_nu_prime_eta6_squared'; step=phase70['final_step']; phase='70'; theorem='Toda Proposition 5.9',candidate registration (not unique)
tests/test_phase99_actual_repository_element_lookup_validation.py,80,Call,repository.register,,candidate registration (not unique)
tests/test_phase99_element_centered_exploration.py,109,FunctionDef,test_phase99_15_actual_repository_aggregates_all_occurrences,,declaration
tests/test_phase99_element_centered_exploration.py,140,FunctionDef,test_phase99_15_actual_repository_aggregates_toda_bracket_occurrences,,declaration
tests/test_phase99_element_centered_exploration.py,170,FunctionDef,test_phase99_15_actual_repository_aggregates_group_generator_occurrences,,declaration
tests/test_phase99_element_centered_exploration.py,199,FunctionDef,test_phase99_15_actual_repository_aggregates_composition_sides,,declaration
tests/test_phase99_element_centered_exploration.py,430,FunctionDef,test_phase99_15_builder_rejects_non_repository,,declaration
tests/test_phase99_element_centered_exploration.py,238,Assignment,repository,ProofRepository(),candidate container
tests/test_phase99_element_centered_exploration.py,240,Call,ProofRepositoryEntry,key='phase65.equation57'; step=phase65['equation57_step']; phase='65'; theorem='Toda Equation (5.7)',candidate registration (not unique)
tests/test_phase99_element_centered_exploration.py,249,Call,repository.register,,candidate registration (not unique)
tests/test_phase99_element_exploration_facade.py,199,FunctionDef,test_phase99_23_facade_does_not_mutate_repository,,declaration
tests/test_phase99_element_exploration_facade.py,226,FunctionDef,test_phase99_23_facade_reuses_repository_validation,,declaration
tests/test_phase99_element_exploration_facade.py,129,Assignment,repository,ProofRepository(),candidate container
tests/test_phase99_element_exploration_facade.py,202,Assignment,repository,data['repository'],candidate container
tests/test_phase99_element_exploration_facade.py,131,Call,ProofRepositoryEntry,key='phase99.facade.equation57'; step=phase65['equation57_step']; phase='65'; theorem='Toda Equation (5.7)',candidate registration (not unique)
tests/test_phase99_element_exploration_facade.py,140,Call,repository.register,,candidate registration (not unique)
tests/test_phase99_exploration_markdown_renderer.py,298,FunctionDef,test_phase99_21_renderer_does_not_mutate_repository,,declaration
tests/test_phase99_exploration_markdown_renderer.py,195,Assignment,repository,ProofRepository(),candidate container
tests/test_phase99_exploration_markdown_renderer.py,303,Assignment,repository,actual['data']['repository'],candidate container
tests/test_phase99_exploration_markdown_renderer.py,197,Call,ProofRepositoryEntry,key='phase65.equation57'; step=phase65['equation57_step']; phase='65'; theorem='Toda Equation (5.7)',candidate registration (not unique)
tests/test_phase99_exploration_markdown_renderer.py,206,Call,repository.register,,candidate registration (not unique)
tests/test_phase99_facade_boundary_regression.py,268,FunctionDef,test_phase99_26_unknown_generator_does_not_mutate_repository,,declaration
tests/test_phase99_facade_boundary_regression.py,292,FunctionDef,test_phase99_26_single_repository_returns_exactly_one_occurrence,,declaration
tests/test_phase99_facade_boundary_regression.py,326,FunctionDef,test_phase99_26_single_repository_preserves_composition_right_role,,declaration
tests/test_phase99_facade_boundary_regression.py,438,FunctionDef,test_phase99_26_repository_registration_order_is_preserved,,declaration
tests/test_phase99_facade_boundary_regression.py,471,FunctionDef,test_phase99_26_presentation_preserves_repository_order,,declaration
tests/test_phase99_facade_boundary_regression.py,507,FunctionDef,test_phase99_26_markdown_preserves_repository_order,,declaration
tests/test_phase99_facade_boundary_regression.py,549,FunctionDef,test_phase99_26_facade_does_not_mutate_ordered_repository,,declaration
tests/test_phase99_facade_boundary_regression.py,71,Assignment,ordered_repository,ProofRepository(),candidate container
tests/test_phase99_facade_boundary_regression.py,83,Assignment,single_repository,ProofRepository(),candidate container
tests/test_phase99_facade_boundary_regression.py,134,Assignment,repeated_repository,ProofRepository(),candidate container
tests/test_phase99_facade_boundary_regression.py,271,Assignment,repository,data['ordered_repository'],candidate container
tests/test_phase99_facade_boundary_regression.py,552,Assignment,repository,data['ordered_repository'],candidate container
tests/test_phase99_facade_boundary_regression.py,47,Call,ProofRepositoryEntry,key='phase67.pi6_2_eta2_nu_prime'; step=phase67['final_step']; phase='67'; theorem='Toda Lemma 5.7',candidate registration (not unique)
tests/test_phase99_facade_boundary_regression.py,59,Call,ProofRepositoryEntry,key='phase68.pi7_3_nu_prime_eta6'; step=phase68['final_step']; phase='68'; theorem='Toda Proposition 5.8',candidate registration (not unique)
tests/test_phase99_facade_boundary_regression.py,75,Call,ordered_repository.register,,candidate registration (not unique)
tests/test_phase99_facade_boundary_regression.py,79,Call,ordered_repository.register,,candidate registration (not unique)
tests/test_phase99_facade_boundary_regression.py,87,Call,single_repository.register,,candidate registration (not unique)
tests/test_phase99_facade_boundary_regression.py,121,Call,ProofRepositoryEntry,key='phase99_26.same_entry_multiple_occurrence'; step=repeated_step; phase='99-26'; theorem='Phase 99-26 boundary fixture',candidate registration (not unique)
tests/test_phase99_facade_boundary_regression.py,138,Call,repeated_repository.register,,candidate registration (not unique)
tests/test_phase99_grouped_presentation_views.py,150,Assignment,repository,ProofRepository(),candidate container
tests/test_phase99_grouped_presentation_views.py,152,Call,ProofRepositoryEntry,key='phase65.equation57'; step=phase65['equation57_step']; phase='65'; theorem='Toda Equation (5.7)',candidate registration (not unique)
tests/test_phase99_grouped_presentation_views.py,161,Call,repository.register,,candidate registration (not unique)
tests/test_phase99_repository_conclusion_element_lookup.py,47,FunctionDef,test_phase99_4_empty_repository_returns_empty_tuple,,declaration
tests/test_phase99_repository_conclusion_element_lookup.py,327,FunctionDef,test_phase99_4_preserves_multiple_repository_entries_for_same_matching_step,,declaration
tests/test_phase99_repository_conclusion_element_lookup.py,378,FunctionDef,test_phase99_4_rejects_non_repository,,declaration
tests/test_phase99_repository_conclusion_element_lookup.py,409,FunctionDef,test_phase99_4_lookup_does_not_mutate_repository_or_conclusion,,declaration
tests/test_phase99_repository_conclusion_element_lookup.py,48,Assignment,repository,ProofRepository(),candidate container
tests/test_phase99_repository_conclusion_element_lookup.py,64,Assignment,repository,ProofRepository(),candidate container
tests/test_phase99_repository_conclusion_element_lookup.py,127,Assignment,repository,ProofRepository(),candidate container
tests/test_phase99_repository_conclusion_element_lookup.py,158,Assignment,repository,ProofRepository(),candidate container
tests/test_phase99_repository_conclusion_element_lookup.py,224,Assignment,repository,ProofRepository(),candidate container
tests/test_phase99_repository_conclusion_element_lookup.py,281,Assignment,repository,ProofRepository(),candidate container
tests/test_phase99_repository_conclusion_element_lookup.py,328,Assignment,repository,ProofRepository(),candidate container
tests/test_phase99_repository_conclusion_element_lookup.py,395,Assignment,repository,ProofRepository(),candidate container
tests/test_phase99_repository_conclusion_element_lookup.py,410,Assignment,repository,ProofRepository(),candidate container
tests/test_phase99_repository_conclusion_element_lookup.py,434,Assignment,entries_before,repository.entries(),candidate container
tests/test_phase99_repository_conclusion_element_lookup.py,33,Call,ProofRepositoryEntry,"key=key; step=ProofStep(conclusion=conclusion, premises=premises, rule=ProofRule.INFERENCE if premises else ProofRule.GIVEN)",candidate registration (not unique)
tests/test_phase99_repository_conclusion_element_lookup.py,103,Call,repository.register,,candidate registration (not unique)
tests/test_phase99_repository_conclusion_element_lookup.py,106,Call,repository.register,,candidate registration (not unique)
tests/test_phase99_repository_conclusion_element_lookup.py,109,Call,repository.register,,candidate registration (not unique)
tests/test_phase99_repository_conclusion_element_lookup.py,140,Call,repository.register,,candidate registration (not unique)
tests/test_phase99_repository_conclusion_element_lookup.py,207,Call,repository.register,,candidate registration (not unique)
tests/test_phase99_repository_conclusion_element_lookup.py,264,Call,repository.register,,candidate registration (not unique)
tests/test_phase99_repository_conclusion_element_lookup.py,313,Call,repository.register,,candidate registration (not unique)
tests/test_phase99_repository_conclusion_element_lookup.py,345,Call,ProofRepositoryEntry,key='phase99.first'; step=step,candidate registration (not unique)
tests/test_phase99_repository_conclusion_element_lookup.py,350,Call,ProofRepositoryEntry,key='phase99.second'; step=step,candidate registration (not unique)
tests/test_phase99_repository_conclusion_element_lookup.py,355,Call,repository.register,,candidate registration (not unique)
tests/test_phase99_repository_conclusion_element_lookup.py,358,Call,repository.register,,candidate registration (not unique)
tests/test_phase99_repository_conclusion_element_lookup.py,430,Call,repository.register,,candidate registration (not unique)
tests/test_phase99_repository_generator_occurrence_result.py,159,FunctionDef,test_phase99_8_empty_repository_returns_no_occurrences,,declaration
tests/test_phase99_repository_generator_occurrence_result.py,312,FunctionDef,test_phase99_8_occurrences_preserve_repository_registration_order,,declaration
tests/test_phase99_repository_generator_occurrence_result.py,433,FunctionDef,test_phase99_8_actual_repository_occurrence_paths_are_representative,,declaration
tests/test_phase99_repository_generator_occurrence_result.py,497,FunctionDef,test_phase99_8_occurrence_lookup_rejects_non_repository,,declaration
tests/test_phase99_repository_generator_occurrence_result.py,160,Assignment,repository,ProofRepository(),candidate container
tests/test_phase99_repository_generator_occurrence_result.py,176,Assignment,repository,ProofRepository(),candidate container
tests/test_phase99_repository_generator_occurrence_result.py,229,Assignment,repository,ProofRepository(),candidate container
tests/test_phase99_repository_generator_occurrence_result.py,313,Assignment,repository,ProofRepository(),candidate container
tests/test_phase99_repository_generator_occurrence_result.py,385,Assignment,repository,ProofRepository(),candidate container
tests/test_phase99_repository_generator_occurrence_result.py,514,Assignment,repository,ProofRepository(),candidate container
tests/test_phase99_repository_generator_occurrence_result.py,30,Call,ProofRepositoryEntry,"key=key; step=ProofStep(conclusion=conclusion, premises=(), rule=ProofRule.GIVEN)",candidate registration (not unique)
tests/test_phase99_repository_generator_occurrence_result.py,196,Call,repository.register,,candidate registration (not unique)
tests/test_phase99_repository_generator_occurrence_result.py,263,Call,repository.register,,candidate registration (not unique)
tests/test_phase99_repository_generator_occurrence_result.py,355,Call,repository.register,,candidate registration (not unique)
tests/test_phase99_repository_generator_occurrence_result.py,358,Call,repository.register,,candidate registration (not unique)
tests/test_phase99_repository_generator_occurrence_result.py,361,Call,repository.register,,candidate registration (not unique)
tests/test_phase99_repository_generator_occurrence_result.py,411,Call,repository.register,,candidate registration (not unique)
tests/test_phase99_repository_occurrence_role_integration.py,142,FunctionDef,test_phase99_11_actual_repository_occurrences_include_semantic_roles,,declaration
tests/test_phase99_repository_occurrence_role_integration.py,200,FunctionDef,test_phase99_11_actual_repository_occurrences_preserve_paths_and_roles_together,,declaration
tests/test_phase99_repository_occurrence_role_integration.py,307,FunctionDef,test_phase99_11_map_input_roles_integrate_through_repository_lookup,,declaration
tests/test_phase99_repository_occurrence_role_integration.py,352,FunctionDef,test_phase99_11_plain_nu_still_does_not_match_nu_prime_repository_occurrences,,declaration
tests/test_phase99_repository_occurrence_role_integration.py,310,Assignment,repository,ProofRepository(),candidate container
tests/test_phase99_repository_occurrence_role_integration.py,312,Call,ProofRepositoryEntry,key='phase65.equation57'; step=phase65['equation57_step']; phase='65'; theorem='Toda Equation (5.7)',candidate registration (not unique)
tests/test_phase99_repository_occurrence_role_integration.py,321,Call,repository.register,,candidate registration (not unique)
tests/test_phase99_role_filtered_repository_lookup.py,30,FunctionDef,test_phase99_13_toda_bracket_second_filter_returns_only_theorem_occurrence,,declaration
tests/test_phase99_role_filtered_repository_lookup.py,66,FunctionDef,test_phase99_13_group_generator_filter_preserves_repository_order,,declaration
tests/test_phase99_role_filtered_repository_lookup.py,144,FunctionDef,test_phase99_13_map_input_filter_works_through_repository_lookup,,declaration
tests/test_phase99_role_filtered_repository_lookup.py,277,FunctionDef,test_phase99_13_rejects_non_repository,,declaration
tests/test_phase99_role_filtered_repository_lookup.py,147,Assignment,repository,ProofRepository(),candidate container
tests/test_phase99_role_filtered_repository_lookup.py,149,Call,ProofRepositoryEntry,key='phase65.equation57'; step=phase65['equation57_step']; phase='65'; theorem='Toda Equation (5.7)',candidate registration (not unique)
tests/test_phase99_role_filtered_repository_lookup.py,158,Call,repository.register,,candidate registration (not unique)
tests/test_phase99_semantic_occurrence_roles.py,353,FunctionDef,test_phase99_10_actual_theorem_fact_is_toda_bracket_second,,declaration
tests/test_phase99_structural_generator_containment.py,187,FunctionDef,test_phase99_3_finds_generator_inside_toda_bracket_membership_statement,,declaration
tests/test_proof.py,147,FunctionDef,test_known_composition_equality_is_relation_fact,,declaration
tests/test_proof.py,313,FunctionDef,test_relation_repository_to_proof_step,,declaration
tests/test_proof.py,711,FunctionDef,make_sphere_repository,,declaration
tests/test_proof.py,991,FunctionDef,test_literature_reference,,declaration
tests/test_proof.py,1032,FunctionDef,test_relation_with_literature_reference,,declaration
tests/test_proof.py,1317,FunctionDef,test_inference_rule,,declaration
tests/test_proof.py,1346,FunctionDef,test_relation_inference_proof_step_with_inference_rule,,declaration
tests/test_proof.py,1388,FunctionDef,test_relation_inference_proof_with_inference_rule,,declaration
tests/test_proof.py,1426,FunctionDef,test_relation_inference_without_inference_rule_is_backward_compatible,,declaration
tests/test_proof.py,1451,FunctionDef,test_relation_inference_rejects_invalid_inference_rule,,declaration
tests/test_proof.py,1473,FunctionDef,test_multiple_relation_inference_with_inference_rule,,declaration
tests/test_proof.py,321,Assignment,repository,RelationRepository([relation]),candidate container
tests/test_proof.py,148,Call,LiteratureReference,label='Toda'; author='H. Toda'; title='Composition Methods in Homotopy Groups of Spheres'; year=1962; locator='known composition relation',candidate registration (not unique)
tests/test_proof.py,229,Call,LiteratureReference,label='Toda'; author='H. Toda'; title='Composition Methods in Homotopy Groups of Spheres'; year=1962,candidate registration (not unique)
tests/test_proof.py,992,Call,LiteratureReference,label='Toda'; author='H. Toda'; title='Composition Methods in Homotopy Groups of Spheres'; year=1962; locator='Proposition X',candidate registration (not unique)
tests/test_proof.py,1033,Call,LiteratureReference,label='Toda'; author='H. Toda'; title='Composition Methods in Homotopy Groups of Spheres'; year=1962,candidate registration (not unique)
tests/test_proof_repository.py,16,ClassDef,BaseStatement,,declaration
tests/test_proof_repository.py,21,ClassDef,ChildStatement,,declaration
tests/test_proof_repository.py,39,FunctionDef,test_repository_entry_accepts_minimum_valid_data,,declaration
tests/test_proof_repository.py,57,FunctionDef,test_repository_entry_rejects_empty_key,,declaration
tests/test_proof_repository.py,74,FunctionDef,test_repository_entry_rejects_non_string_key,,declaration
tests/test_proof_repository.py,91,FunctionDef,test_repository_entry_rejects_non_proof_step,,declaration
tests/test_proof_repository.py,104,FunctionDef,test_repository_entry_rejects_non_string_phase,,declaration
tests/test_proof_repository.py,122,FunctionDef,test_repository_entry_rejects_non_string_theorem,,declaration
tests/test_proof_repository.py,140,FunctionDef,test_repository_register_and_get_preserve_entry_and_step_identity,,declaration
tests/test_proof_repository.py,166,FunctionDef,test_repository_get_raises_key_error_for_missing_key,,declaration
tests/test_proof_repository.py,177,FunctionDef,test_repository_register_rejects_non_entry,,declaration
tests/test_proof_repository.py,189,FunctionDef,test_repository_register_rejects_duplicate_key,,declaration
tests/test_proof_repository.py,221,FunctionDef,test_repository_allows_same_conclusion_with_different_keys,,declaration
tests/test_proof_repository.py,257,FunctionDef,test_repository_allows_same_step_with_different_keys,,declaration
tests/test_proof_repository.py,307,FunctionDef,test_find_by_statement_type_uses_isinstance_and_registration_order,,declaration
tests/test_proof_repository.py,344,FunctionDef,test_find_by_statement_type_rejects_non_type,,declaration
tests/test_proof_repository.py,407,FunctionDef,test_find_by_theorem_uses_exact_match_and_registration_order,,declaration
tests/test_proof_repository.py,141,Assignment,repository,ProofRepository(),candidate container
tests/test_proof_repository.py,167,Assignment,repository,ProofRepository(),candidate container
tests/test_proof_repository.py,178,Assignment,repository,ProofRepository(),candidate container
tests/test_proof_repository.py,190,Assignment,repository,ProofRepository(),candidate container
tests/test_proof_repository.py,222,Assignment,repository,ProofRepository(),candidate container
tests/test_proof_repository.py,258,Assignment,repository,ProofRepository(),candidate container
tests/test_proof_repository.py,295,Assignment,repository,ProofRepository(),candidate container
tests/test_proof_repository.py,308,Assignment,repository,ProofRepository(),candidate container
tests/test_proof_repository.py,345,Assignment,repository,ProofRepository(),candidate container
tests/test_proof_repository.py,357,Assignment,repository,ProofRepository(),candidate container
tests/test_proof_repository.py,408,Assignment,repository,ProofRepository(),candidate container
tests/test_proof_repository.py,460,Assignment,repository,ProofRepository(),candidate container
tests/test_proof_repository.py,503,Assignment,repository,ProofRepository(),candidate container
tests/test_proof_repository.py,527,Assignment,repository,ProofRepository(),candidate container
tests/test_proof_repository.py,544,Assignment,repository,ProofRepository(),candidate container
tests/test_proof_repository.py,46,Call,ProofRepositoryEntry,key='phase79.a'; step=step,candidate registration (not unique)
tests/test_proof_repository.py,147,Call,ProofRepositoryEntry,key='phase79.a'; step=step; phase='79'; theorem='Repository test theorem',candidate registration (not unique)
tests/test_proof_repository.py,154,Call,repository.register,,candidate registration (not unique)
tests/test_proof_repository.py,202,Call,repository.register,,candidate registration (not unique)
tests/test_proof_repository.py,226,Call,ProofRepositoryEntry,key='phase79.first'; step=make_step(conclusion),candidate registration (not unique)
tests/test_proof_repository.py,232,Call,ProofRepositoryEntry,key='phase79.second'; step=make_step(conclusion),candidate registration (not unique)
tests/test_proof_repository.py,239,Call,repository.register,,candidate registration (not unique)
tests/test_proof_repository.py,242,Call,repository.register,,candidate registration (not unique)
tests/test_proof_repository.py,264,Call,ProofRepositoryEntry,key='phase79.first'; step=step,candidate registration (not unique)
tests/test_proof_repository.py,268,Call,ProofRepositoryEntry,key='phase79.second'; step=step,candidate registration (not unique)
tests/test_proof_repository.py,273,Call,repository.register,,candidate registration (not unique)
tests/test_proof_repository.py,276,Call,repository.register,,candidate registration (not unique)
tests/test_proof_repository.py,309,Call,ProofRepositoryEntry,key='phase79.child'; step=make_step(ChildStatement(value='child')),candidate registration (not unique)
tests/test_proof_repository.py,317,Call,ProofRepositoryEntry,key='phase79.base'; step=make_step(BaseStatement(value='base')),candidate registration (not unique)
tests/test_proof_repository.py,326,Call,repository.register,,candidate registration (not unique)
tests/test_proof_repository.py,329,Call,repository.register,,candidate registration (not unique)
tests/test_proof_repository.py,358,Call,ProofRepositoryEntry,key='phase78.first'; step=make_step(BaseStatement(value='A')); phase='78',candidate registration (not unique)
tests/test_proof_repository.py,367,Call,ProofRepositoryEntry,key='phase78_11.other'; step=make_step(BaseStatement(value='B')); phase='78-11',candidate registration (not unique)
tests/test_proof_repository.py,376,Call,ProofRepositoryEntry,key='phase78.second'; step=make_step(BaseStatement(value='C')); phase='78',candidate registration (not unique)
tests/test_proof_repository.py,386,Call,repository.register,,candidate registration (not unique)
tests/test_proof_repository.py,389,Call,repository.register,,candidate registration (not unique)
tests/test_proof_repository.py,392,Call,repository.register,,candidate registration (not unique)
tests/test_proof_repository.py,410,Call,ProofRepositoryEntry,key='phase76.first'; step=make_step(BaseStatement(value='A')); theorem=theorem,candidate registration (not unique)
tests/test_proof_repository.py,419,Call,ProofRepositoryEntry,key='phase76.other'; step=make_step(BaseStatement(value='B')); theorem='Toda (5.16)',candidate registration (not unique)
tests/test_proof_repository.py,428,Call,ProofRepositoryEntry,key='phase76.second'; step=make_step(BaseStatement(value='C')); theorem=theorem,candidate registration (not unique)
tests/test_proof_repository.py,438,Call,repository.register,,candidate registration (not unique)
tests/test_proof_repository.py,441,Call,repository.register,,candidate registration (not unique)
tests/test_proof_repository.py,444,Call,repository.register,,candidate registration (not unique)
tests/test_proof_repository.py,481,Call,ProofRepositoryEntry,key='phase79.final'; step=final_step,candidate registration (not unique)
tests/test_proof_repository.py,486,Call,repository.register,,candidate registration (not unique)
tests/test_proof_repository.py,509,Call,ProofRepositoryEntry,key='phase79.root'; step=root_step,candidate registration (not unique)
tests/test_proof_repository.py,514,Call,repository.register,,candidate registration (not unique)
tests/test_proof_repository.py,553,Call,ProofRepositoryEntry,key='phase78.g7'; step=g7_step; phase='78'; theorem='Toda stable G_0 through G_7 integration',candidate registration (not unique)
tests/test_proof_repository.py,561,Call,ProofRepositoryEntry,key='phase78.stable_g0_to_g7'; step=aggregate_step; phase='78'; theorem='Toda stable G_0 through G_7 integration',candidate registration (not unique)
tests/test_proof_repository.py,570,Call,repository.register,,candidate registration (not unique)
tests/test_proof_repository.py,573,Call,repository.register,,candidate registration (not unique)
tests/test_proof_repository.py,68,Call,ProofRepositoryEntry,key=''; step=step,candidate registration (not unique)
tests/test_proof_repository.py,85,Call,ProofRepositoryEntry,key=79; step=step,candidate registration (not unique)
tests/test_proof_repository.py,96,Call,ProofRepositoryEntry,key='phase79.a'; step=BaseStatement(value='A'),candidate registration (not unique)
tests/test_proof_repository.py,115,Call,ProofRepositoryEntry,key='phase79.a'; step=step; phase=79,candidate registration (not unique)
tests/test_proof_repository.py,133,Call,ProofRepositoryEntry,key='phase79.a'; step=step; theorem=79,candidate registration (not unique)
tests/test_proof_repository.py,184,Call,repository.register,,candidate registration (not unique)
tests/test_proof_repository.py,203,Call,ProofRepositoryEntry,key='phase79.same'; step=first_step,candidate registration (not unique)
tests/test_proof_repository.py,213,Call,repository.register,,candidate registration (not unique)
tests/test_proof_repository.py,214,Call,ProofRepositoryEntry,key='phase79.same'; step=second_step,candidate registration (not unique)
tests/test_relation_rules.py,906,FunctionDef,test_phase12_additive_rules_preserve_normalization_boundary,,declaration
tests/test_relation_rules.py,1041,FunctionDef,test_phase12_additive_reasoning_scope_is_controlled_by_active_rule_set,,declaration
tests/test_relation_rules.py,1820,FunctionDef,test_zero_composition_equality_rule_rejects_noncomposition_zero_relation,,declaration
tests/test_relation_rules.py,1914,FunctionDef,test_zero_composition_reverse_equality_rule_rejects_noncomposition_zero_relation,,declaration
tests/test_relation_rules.py,3539,FunctionDef,test_suspension_preservation_rules_require_bounded_fixed_point_scope,,declaration
tests/test_relation_rules.py,3678,FunctionDef,test_suspension_reasoning_scope_is_controlled_by_active_rule_set,,declaration
tests/test_relation_rules.py,3842,FunctionDef,test_equality_preserved_under_left_composition_preserves_fixed_left_factor,,declaration
tests/test_repository.py,7,FunctionDef,test_relation_repository_add_relation,,declaration
tests/test_repository.py,23,FunctionDef,test_relation_repository_initial_relations,,declaration
tests/test_repository.py,39,FunctionDef,test_relation_repository_find_by_lhs,,declaration
tests/test_repository.py,66,FunctionDef,test_relation_repository_find_by_rhs,,declaration
tests/test_repository.py,93,FunctionDef,test_relation_repository_find_by_relation_type,,declaration
tests/test_repository.py,120,FunctionDef,test_relation_repository_find_by_source,,declaration
tests/test_repository.py,149,FunctionDef,test_relation_repository_find_multiple_conditions,,declaration
tests/test_repository.py,188,FunctionDef,test_relation_repository_find_no_match,,declaration
tests/test_repository.py,206,FunctionDef,test_relation_repository_all_relations_returns_copy,,declaration
tests/test_repository.py,225,FunctionDef,test_relation_repository_rejects_non_relation,,declaration
tests/test_repository.py,234,FunctionDef,test_relation_repository_find_by_structured_source,,declaration
tests/test_repository.py,8,Assignment,repository,RelationRepository(),candidate container
tests/test_repository.py,30,Assignment,repository,RelationRepository([relation]),candidate container
tests/test_repository.py,52,Assignment,repository,"RelationRepository([relation1, relation2])",candidate container
tests/test_repository.py,79,Assignment,repository,"RelationRepository([relation1, relation2])",candidate container
tests/test_repository.py,106,Assignment,repository,"RelationRepository([relation1, relation2])",candidate container
tests/test_repository.py,135,Assignment,repository,"RelationRepository([relation1, relation2])",candidate container
tests/test_repository.py,171,Assignment,repository,"RelationRepository([relation1, relation2, relation3])",candidate container
tests/test_repository.py,195,Assignment,repository,RelationRepository([relation]),candidate container
tests/test_repository.py,213,Assignment,repository,RelationRepository([relation]),candidate container
tests/test_repository.py,226,Assignment,repository,RelationRepository(),candidate container
tests/test_repository.py,255,Assignment,repository,RelationRepository([relation]),candidate container
tests/test_repository.py,235,Call,LiteratureReference,label='Toda'; author='H. Toda'; title='Composition Methods in Homotopy Groups of Spheres'; year=1962,candidate registration (not unique)
tests/test_rule_catalog.py,15,ClassDef,ExampleStatement,,declaration
tests/test_rule_catalog.py,20,ClassDef,OtherStatement,,declaration
tests/test_rule_catalog.py,24,FunctionDef,make_rule,,declaration
tests/test_rule_catalog.py,32,FunctionDef,test_rule_catalog_entry_accepts_minimum_valid_data,,declaration
tests/test_rule_catalog.py,62,FunctionDef,test_rule_catalog_entry_accepts_fixed_point_safe_true,,declaration
tests/test_rule_catalog.py,78,FunctionDef,test_rule_catalog_entry_rejects_empty_key,,declaration
tests/test_rule_catalog.py,92,FunctionDef,test_rule_catalog_entry_rejects_non_string_key,,declaration
tests/test_rule_catalog.py,106,FunctionDef,test_rule_catalog_entry_rejects_non_inference_rule,,declaration
tests/test_rule_catalog.py,118,FunctionDef,test_rule_catalog_entry_rejects_non_type_conclusion_type,,declaration
tests/test_rule_catalog.py,134,FunctionDef,test_rule_catalog_entry_rejects_non_bool_fixed_point_safe,,declaration
tests/test_rule_catalog.py,149,FunctionDef,test_rule_catalog_register_and_get_preserve_identity,,declaration
tests/test_rule_catalog.py,179,FunctionDef,test_rule_catalog_get_raises_key_error_for_missing_key,,declaration
tests/test_rule_catalog.py,190,FunctionDef,test_rule_catalog_register_rejects_non_entry,,declaration
tests/test_rule_catalog.py,205,FunctionDef,test_rule_catalog_register_rejects_duplicate_key,,declaration
tests/test_rule_catalog.py,237,FunctionDef,test_rule_catalog_entries_preserve_registration_order,,declaration
tests/test_rule_catalog.py,273,FunctionDef,test_rule_catalog_rules_preserve_registration_order_and_identity,,declaration
tests/test_rule_catalog.py,321,FunctionDef,test_rule_catalog_allows_same_rule_with_different_keys,,declaration
tests/test_rule_catalog.py,373,FunctionDef,test_find_goal_compatible_rule_entries_selects_safe_exact_type,,declaration
tests/test_rule_catalog.py,417,FunctionDef,test_find_goal_compatible_rule_entries_excludes_unsafe_rule,,declaration
tests/test_rule_catalog.py,446,FunctionDef,test_find_goal_compatible_rule_entries_requires_exact_conclusion_type,,declaration
tests/test_rule_catalog.py,481,FunctionDef,test_find_goal_compatible_rule_entries_preserves_registration_order,,declaration
tests/test_rule_catalog.py,526,FunctionDef,test_find_goal_compatible_rule_entries_preserves_rule_alias_entries,,declaration
tests/test_rule_catalog.py,571,FunctionDef,test_find_goal_compatible_rules_returns_rule_objects,,declaration
tests/test_rule_catalog.py,628,FunctionDef,test_find_goal_compatible_rules_deduplicates_rule_alias_by_identity,,declaration
tests/test_rule_catalog.py,675,FunctionDef,test_find_goal_compatible_rule_entries_rejects_non_catalog,,declaration
tests/test_rule_catalog.py,693,FunctionDef,test_find_goal_compatible_rules_returns_empty_when_no_candidate_exists,,declaration
tests/test_rule_catalog.py,448,ClassDef,DerivedExampleStatement,,declaration
tests/test_rule_catalog.py,160,Call,catalog.register,,candidate registration (not unique)
tests/test_rule_catalog.py,224,Call,catalog.register,,candidate registration (not unique)
tests/test_rule_catalog.py,256,Call,catalog.register,,candidate registration (not unique)
tests/test_rule_catalog.py,260,Call,catalog.register,,candidate registration (not unique)
tests/test_rule_catalog.py,284,Call,catalog.register,,candidate registration (not unique)
tests/test_rule_catalog.py,292,Call,catalog.register,,candidate registration (not unique)
tests/test_rule_catalog.py,338,Call,catalog.register,,candidate registration (not unique)
tests/test_rule_catalog.py,342,Call,catalog.register,,candidate registration (not unique)
tests/test_rule_catalog.py,394,Call,catalog.register,,candidate registration (not unique)
tests/test_rule_catalog.py,398,Call,catalog.register,,candidate registration (not unique)
tests/test_rule_catalog.py,429,Call,catalog.register,,candidate registration (not unique)
tests/test_rule_catalog.py,464,Call,catalog.register,,candidate registration (not unique)
tests/test_rule_catalog.py,502,Call,catalog.register,,candidate registration (not unique)
tests/test_rule_catalog.py,506,Call,catalog.register,,candidate registration (not unique)
tests/test_rule_catalog.py,547,Call,catalog.register,,candidate registration (not unique)
tests/test_rule_catalog.py,551,Call,catalog.register,,candidate registration (not unique)
tests/test_rule_catalog.py,582,Call,catalog.register,,candidate registration (not unique)
tests/test_rule_catalog.py,591,Call,catalog.register,,candidate registration (not unique)
tests/test_rule_catalog.py,635,Call,catalog.register,,candidate registration (not unique)
tests/test_rule_catalog.py,644,Call,catalog.register,,candidate registration (not unique)
tests/test_rule_catalog.py,696,Call,catalog.register,,candidate registration (not unique)
tests/test_rule_catalog.py,200,Call,catalog.register,,candidate registration (not unique)
tests/test_rule_catalog.py,232,Call,catalog.register,,candidate registration (not unique)
tests/test_scalar_rules.py,33,FunctionDef,test_odd_scalar_statement,,declaration
tests/test_scalar_rules.py,45,FunctionDef,test_odd_scalar_statement_has_structural_equality,,declaration
tests/test_scalar_rules.py,61,FunctionDef,test_odd_scalar_statement_distinguishes_scalar,,declaration
tests/test_scalar_rules.py,77,FunctionDef,test_even_scalar_statement,,declaration
tests/test_scalar_rules.py,89,FunctionDef,test_even_scalar_statement_has_structural_equality,,declaration
tests/test_scalar_rules.py,105,FunctionDef,test_scalar_congruence_statement,,declaration
tests/test_scalar_rules.py,121,FunctionDef,test_scalar_congruence_statement_has_structural_equality,,declaration
tests/test_scalar_rules.py,141,FunctionDef,test_scalar_congruence_statement_distinguishes_constraints,,declaration
tests/test_scalar_rules.py,307,FunctionDef,test_odd_scalar_rule_rejects_even_scalar_statement,,declaration
tests/test_scalar_rules.py,379,FunctionDef,test_even_scalar_rule_rejects_odd_scalar_statement,,declaration
tests/test_scalar_rules.py,469,FunctionDef,test_mod_two_one_scalar_rule_rejects_non_order_two_element,,declaration
tests/test_scalar_rules.py,508,FunctionDef,test_mod_two_one_scalar_rule_rejects_zero_mod_two_scalar,,declaration
tests/test_set_rules.py,116,FunctionDef,test_membership_statement,,declaration
tests/test_set_rules.py,140,FunctionDef,test_membership_statement_has_structural_equality,,declaration
tests/test_set_rules.py,168,FunctionDef,test_membership_statement_distinguishes_element,,declaration
tests/test_set_rules.py,197,FunctionDef,test_membership_statement_distinguishes_subgroup,,declaration
tests/test_set_rules.py,235,FunctionDef,test_subset_statement,,declaration
tests/test_set_rules.py,264,FunctionDef,test_subset_statement_has_structural_equality,,declaration
tests/test_set_rules.py,297,FunctionDef,test_subset_statement_distinguishes_subset,,declaration
tests/test_set_rules.py,338,FunctionDef,test_subset_statement_distinguishes_superset,,declaration
tests/test_set_rules.py,654,FunctionDef,test_subgroup_equality_statement,,declaration
tests/test_set_rules.py,683,FunctionDef,test_subgroup_equality_statement_has_structural_equality,,declaration
tests/test_set_rules.py,1927,FunctionDef,test_image_subgroup_reference,,declaration
tests/test_set_rules.py,1962,FunctionDef,test_kernel_subgroup_reference,,declaration
tests/test_set_rules.py,1997,FunctionDef,test_image_and_kernel_references_preserve_distinct_roles,,declaration
tests/test_set_rules.py,2040,FunctionDef,test_role_aware_membership_statements_remain_distinct,,declaration
tests/test_set_rules.py,2115,FunctionDef,test_kernel_membership_statement,,declaration
tests/test_set_rules.py,2150,FunctionDef,test_kernel_membership_statement_uses_existing_kernel_subgroup,,declaration
tests/test_set_rules.py,2206,FunctionDef,test_kernel_membership_statement_distinguishes_kernel,,declaration
tests/test_set_rules.py,2258,FunctionDef,test_image_membership_statement,,declaration
tests/test_set_rules.py,2293,FunctionDef,test_image_membership_statement_uses_existing_image_subgroup,,declaration
tests/test_set_rules.py,2350,FunctionDef,test_image_membership_statement_distinguishes_image,,declaration
tests/test_set_rules.py,2593,FunctionDef,test_subset_statement_accepts_role_aware_subgroup_terms,,declaration
tests/test_set_rules.py,2644,FunctionDef,test_subgroup_equality_statement_accepts_role_aware_subgroup_terms,,declaration
tests/test_set_rules.py,4805,FunctionDef,test_modulo_statement,,declaration
tests/test_set_rules.py,4832,FunctionDef,test_modulo_statement_has_structural_equality,,declaration
tests/test_set_rules.py,4863,FunctionDef,test_modulo_statement_distinguishes_left_and_right,,declaration
tests/test_set_rules.py,4894,FunctionDef,test_modulo_statement_preserves_role_aware_modulus,,declaration
tests/test_set_rules.py,5379,FunctionDef,test_coset_equality_statement,,declaration
tests/test_set_rules.py,7853,FunctionDef,test_symbolic_order_reasoning_does_not_generate_modulo_without_active_modulo_rule,,declaration
tests/test_stable_rules.py,37,FunctionDef,test_suspension_map_statement,,declaration
tests/test_stable_rules.py,47,FunctionDef,test_suspension_map_statement_has_structural_equality,,declaration
tests/test_stable_rules.py,61,FunctionDef,test_suspension_map_statement_distinguishes_source_groups,,declaration
tests/test_stable_rules.py,319,FunctionDef,test_freudenthal_stable_range_does_not_use_boundary_epimorphism_rule,,declaration
tests/test_stable_rules.py,371,FunctionDef,test_freudenthal_isomorphism_and_boundary_epimorphism_rules_do_not_overlap,,declaration
tests/test_stable_rules.py,1390,FunctionDef,test_phase9_inference_scope_termination_and_theorem_boundary,,declaration
tests/test_theorem_facts.py,30,FunctionDef,test_phase24_theorem_fact_repository_is_empty_by_default,,declaration
tests/test_theorem_facts.py,36,FunctionDef,test_phase24_theorem_fact_repository_preserves_toda_theorem_entry,,declaration
tests/test_theorem_facts.py,84,FunctionDef,test_phase24_2_theorem_fact_entry_preserves_literature_reference,,declaration
tests/test_theorem_facts.py,139,FunctionDef,test_phase24_3_registers_epsilon_3_toda_membership_fact,,declaration
tests/test_theorem_facts.py,191,FunctionDef,test_phase24_4_repository_lookup_returns_matching_entry,,declaration
tests/test_theorem_facts.py,199,FunctionDef,test_phase24_4_repository_lookup_returns_none_for_unknown_fact,,declaration
tests/test_theorem_facts.py,219,FunctionDef,test_phase24_5_materializes_statement_with_literature_source,,declaration
tests/test_theorem_facts.py,234,FunctionDef,test_phase24_5_materialization_does_not_mutate_stored_statement,,declaration
tests/test_theorem_facts.py,253,FunctionDef,test_phase24_6_theorem_fact_entry_creates_given_proof_step,,declaration
tests/test_theorem_facts.py,295,FunctionDef,test_phase24_7_epsilon_3_repository_fact_derives_membership,,declaration
tests/test_theorem_facts.py,369,FunctionDef,test_phase24_8_repository_rejects_duplicate_statements,,declaration
tests/test_theorem_facts.py,397,FunctionDef,test_phase24_8_empty_repository_lookup_returns_none,,declaration
tests/test_theorem_facts.py,407,FunctionDef,test_phase24_9_repository_membership_provenance_excludes_unrelated_fact,,declaration
tests/test_theorem_facts.py,490,FunctionDef,test_phase24_9_repository_inference_scope_reaches_fixed_point,,declaration
tests/test_theorem_facts.py,31,Assignment,repository,TheoremFactRepository(),candidate container
tests/test_theorem_facts.py,70,Assignment,repository,"TheoremFactRepository(entries=(entry,))",candidate container
tests/test_theorem_facts.py,398,Assignment,repository,TheoremFactRepository(),candidate container
tests/test_theorem_facts.py,430,Assignment,repository,"TheoremFactRepository(entries=(EPSILON_3_TODA_MEMBERSHIP_FACT, unrelated_entry))",candidate container
tests/test_theorem_facts.py,61,Call,LiteratureReference,label='Toda',candidate registration (not unique)
tests/test_theorem_facts.py,65,Call,TheoremFactEntry,statement=theorem; reference=reference,candidate registration (not unique)
tests/test_theorem_facts.py,85,Call,LiteratureReference,label='Toda'; author='H. Toda'; title='Composition Methods in Homotopy Groups of Spheres'; year=1962; locator='Chapter VI',candidate registration (not unique)
tests/test_theorem_facts.py,120,Call,TheoremFactEntry,statement=theorem; reference=reference,candidate registration (not unique)
tests/test_theorem_facts.py,372,Call,TheoremFactEntry,statement=first_entry.statement; reference=LiteratureReference(label='Other source'),candidate registration (not unique)
tests/test_theorem_facts.py,408,Call,TheoremFactEntry,"statement=TodaBracketMembershipTheoremStatement(element=HomotopyElement(name='ζ', dimension=3, generator=GeneratorSymbol(family='ζ; reference=LiteratureReference(label='Unrelated source')",candidate registration (not unique)
tests/test_theorem_facts.py,147,Call,LiteratureReference,label='Toda',candidate registration (not unique)
tests/test_theorem_facts.py,374,Call,LiteratureReference,label='Other source',candidate registration (not unique)
tests/test_theorem_facts.py,425,Call,LiteratureReference,label='Unrelated source',candidate registration (not unique)
tests/test_toda_rules.py,102,FunctionDef,test_toda_bracket_membership_statement,,declaration
tests/test_toda_rules.py,120,FunctionDef,test_toda_bracket_membership_statement_has_structural_equality,,declaration
tests/test_toda_rules.py,140,FunctionDef,test_toda_bracket_membership_statement_distinguishes_element,,declaration
tests/test_toda_rules.py,160,FunctionDef,test_toda_bracket_membership_statement_distinguishes_bracket,,declaration
tests/test_toda_rules.py,313,FunctionDef,test_phase19_known_epsilon3_toda_membership_fact,,declaration
tests/test_toda_rules.py,461,FunctionDef,test_toda_bracket_defined_statement,,declaration
tests/test_toda_rules.py,555,FunctionDef,test_toda_bracket_defined_rule_rejects_mismatched_middle_entry,,declaration
tests/test_toda_rules.py,598,FunctionDef,test_toda_bracket_defined_rule_requires_both_zero_compositions,,declaration
tests/test_toda_rules.py,885,FunctionDef,test_toda_bracket_definedness_provenance_excludes_unrelated_fact,,declaration
tests/test_toda_rules.py,1108,FunctionDef,test_phase18_toda_rules_reach_genuine_fixed_point,,declaration
tests/test_toda_rules.py,1333,FunctionDef,test_toda_statements_are_outside_generic_equality_scope,,declaration
tests/test_toda_rules.py,1377,FunctionDef,test_phase19_toda_membership_theorem_statement,,declaration
tests/test_toda_rules.py,1434,FunctionDef,test_phase19_toda_membership_theorem_bridge,,declaration
tests/test_toda_rules.py,1543,FunctionDef,test_phase19_toda_membership_theorem_bridge_rejects_different_bracket,,declaration
tests/test_toda_rules.py,1602,FunctionDef,test_phase19_toda_membership_theorem_does_not_imply_membership_without_definedness,,declaration
tests/test_toda_rules.py,1825,FunctionDef,test_phase19_theorem_derived_toda_membership_coexists_with_sign_indeterminacy,,declaration
tests/test_toda_rules.py,1997,FunctionDef,test_phase19_theorem_derived_toda_membership_coexists_with_coset_indeterminacy,,declaration
tests/test_toda_rules.py,2177,FunctionDef,test_phase19_theorem_derived_toda_membership_does_not_create_indeterminacy,,declaration
tests/test_toda_rules.py,2525,FunctionDef,test_phase19_toda_membership_provenance_excludes_unrelated_fact,,declaration
tests/test_toda_rules.py,2998,FunctionDef,test_phase19_toda_rules_reach_genuine_fixed_point,,declaration
tests/test_toda_rules.py,3167,FunctionDef,test_phase19_toda_theorem_statement_is_outside_generic_equality_scope,,declaration
tests/test_toda_rules.py,3212,FunctionDef,test_phase20_actual_epsilon3_toda_fact_preserves_index_one,,declaration
tests/test_toda_rules.py,3257,FunctionDef,test_phase20_actual_epsilon3_membership_fact_preserves_index,,declaration
tests/test_toda_rules.py,3314,FunctionDef,test_phase20_actual_epsilon3_theorem_fact_preserves_index,,declaration
tests/test_toda_rules.py,3458,FunctionDef,test_phase20_current_unindexed_definedness_rule_does_not_match_indexed_conditions,,declaration
tests/test_toda_rules.py,3658,FunctionDef,test_phase23_1_indexed_toda_theorem_fact_preserves_full_bracket,,declaration
tests/test_toda_rules.py,3746,FunctionDef,test_phase23_2_indexed_toda_theorem_bridge_matches_same_index,,declaration
tests/test_toda_rules.py,3840,FunctionDef,test_phase23_2_indexed_toda_theorem_bridge_rejects_different_index,,declaration
tests/test_toda_rules.py,3928,FunctionDef,test_phase23_2_indexed_toda_theorem_bridge_rejects_unindexed_bracket,,declaration
tests/test_toda_rules.py,4015,FunctionDef,test_phase23_3_indexed_toda_theorem_bridge_matches_same_generator_structure,,declaration
tests/test_toda_rules.py,4148,FunctionDef,test_phase23_3_indexed_toda_theorem_bridge_rejects_generator_family_mismatch,,declaration
tests/test_toda_rules.py,4269,FunctionDef,test_phase23_3_indexed_toda_theorem_bridge_rejects_generator_decoration_mismatch,,declaration
tests/test_toda_rules.py,4397,FunctionDef,test_phase23_3_indexed_toda_theorem_bridge_rejects_generator_index_mismatch,,declaration
tests/test_toda_rules.py,4523,FunctionDef,test_phase23_4_indexed_theorem_requires_definedness,,declaration
tests/test_toda_rules.py,4615,FunctionDef,test_phase23_4_indexed_theorem_and_definedness_derive_membership,,declaration
tests/test_toda_rules.py,4857,FunctionDef,test_phase23_5_index_mismatch_rejects_indexed_theorem_bridge,,declaration
tests/test_toda_rules.py,4962,FunctionDef,test_phase23_5_entry_mismatch_rejects_indexed_theorem_bridge,,declaration
tests/test_toda_rules.py,5075,FunctionDef,test_phase23_6_type_compatible_indexed_data_allows_theorem_bridge,,declaration
tests/test_toda_rules.py,5198,FunctionDef,test_phase23_6_type_mismatch_rejects_indexed_theorem_bridge,,declaration
tests/test_toda_rules.py,5310,FunctionDef,test_phase23_6_unknown_typing_rejects_indexed_theorem_bridge,,declaration
tests/test_toda_rules.py,5416,FunctionDef,test_phase23_7_indexed_theorem_to_membership_representative_bridge,,declaration
tests/test_toda_rules.py,5857,FunctionDef,test_phase23_9_guarded_bridge_provenance_excludes_unrelated_fact,,declaration
tests/test_toda_rules.py,355,Call,LiteratureReference,label='Toda'; author='H. Toda'; title='Composition Methods in Homotopy Groups of Spheres'; year=1962; locator='Chapter VI',candidate registration (not unique)
tests/test_toda_rules.py,405,Call,LiteratureReference,label='Toda'; author='H. Toda'; title='Composition Methods in Homotopy Groups of Spheres'; year=1962; locator='Chapter VI',candidate registration (not unique)
tests/test_toda_rules.py,1378,Call,LiteratureReference,label='Toda'; author='H. Toda'; title='Composition Methods in Homotopy Groups of Spheres'; year=1962; locator='Chapter VI',candidate registration (not unique)
tests/test_toda_rules.py,1435,Call,LiteratureReference,label='Toda'; author='H. Toda'; title='Composition Methods in Homotopy Groups of Spheres'; year=1962; locator='Chapter VI',candidate registration (not unique)
tests/test_toda_rules.py,1668,Call,LiteratureReference,label='Toda'; author='H. Toda'; title='Composition Methods in Homotopy Groups of Spheres'; year=1962; locator='Chapter VI',candidate registration (not unique)
tests/test_toda_rules.py,1826,Call,LiteratureReference,label='Toda'; author='H. Toda'; title='Composition Methods in Homotopy Groups of Spheres'; year=1962; locator='Chapter VI',candidate registration (not unique)
tests/test_toda_rules.py,1998,Call,LiteratureReference,label='Toda'; author='H. Toda'; title='Composition Methods in Homotopy Groups of Spheres'; year=1962; locator='Chapter VI',candidate registration (not unique)
tests/test_toda_rules.py,2254,Call,LiteratureReference,label='Toda'; author='H. Toda'; title='Composition Methods in Homotopy Groups of Spheres'; year=1962; locator='Chapter VI',candidate registration (not unique)
tests/test_toda_rules.py,2526,Call,LiteratureReference,label='Toda'; author='H. Toda'; title='Composition Methods in Homotopy Groups of Spheres'; year=1962; locator='Chapter VI',candidate registration (not unique)
tests/test_toda_rules.py,2717,Call,LiteratureReference,label='Toda'; author='H. Toda'; title='Composition Methods in Homotopy Groups of Spheres'; year=1962; locator='Chapter VI',candidate registration (not unique)
tests/test_toda_rules.py,2999,Call,LiteratureReference,label='Toda'; author='H. Toda'; title='Composition Methods in Homotopy Groups of Spheres'; year=1962; locator='Chapter VI',candidate registration (not unique)
tests/test_toda_rules.py,3258,Call,LiteratureReference,label='Toda'; author='H. Toda'; title='Composition Methods in Homotopy Groups of Spheres'; year=1962; locator='Chapter VI',candidate registration (not unique)
tests/test_toda_rules.py,3315,Call,LiteratureReference,label='Toda'; author='H. Toda'; title='Composition Methods in Homotopy Groups of Spheres'; year=1962; locator='Chapter VI',candidate registration (not unique)
tests/test_toda_rules.py,3659,Call,LiteratureReference,label='Toda'; author='H. Toda'; title='Composition Methods in Homotopy Groups of Spheres'; year=1962; locator='Chapter VI',candidate registration (not unique)
tests/test_toda_rules.py,4616,Call,LiteratureReference,label='Toda'; author='H. Toda'; title='Composition Methods in Homotopy Groups of Spheres'; year=1962; locator='Chapter VI',candidate registration (not unique)
tests/test_toda_rules.py,5417,Call,LiteratureReference,label='Toda indexed representative'; author='H. Toda'; title='Composition Methods in Homotopy Groups of Spheres'; year=1962; locator='representative indexed theorem',candidate registration (not unique)
tests/test_toda_rules.py,5644,Call,LiteratureReference,label='Toda'; author='H. Toda'; title='Composition Methods in Homotopy Groups of Spheres'; year=1962; locator='Chapter VI',candidate registration (not unique)
tests/test_toda_rules.py,5858,Call,LiteratureReference,label='Toda indexed representative'; author='H. Toda'; title='Composition Methods in Homotopy Groups of Spheres'; year=1962; locator='representative indexed theorem',candidate registration (not unique)
theorem_facts.py,20,ClassDef,TheoremFactEntry,,declaration
theorem_facts.py,41,ClassDef,TheoremFactRepository,,declaration
theorem_facts.py,118,Assignment,THEOREM_FACT_REPOSITORY,"TheoremFactRepository(entries=(EPSILON_3_TODA_MEMBERSHIP_FACT,))",candidate container
theorem_facts.py,24,FunctionDef,materialize_statement,,declaration
theorem_facts.py,42,Assignment,entries,(),candidate container
theorem_facts.py,72,Call,TheoremFactEntry,"statement=TodaBracketMembershipTheoremStatement(element=HomotopyElement(name='ε₃', dimension=3, generator=GeneratorSymbol(family='; reference=LiteratureReference(label='Toda')",candidate registration (not unique)
theorem_facts.py,112,Call,LiteratureReference,label='Toda',candidate registration (not unique)
toda_calculation.py,441,Call,ProofRepositoryEntry,key=f'standard.toda.prop59::{branch_name}'; step=source_step; phase='70'; theorem='Toda Proposition 5.9',candidate registration (not unique)
toda_calculation.py,638,Call,ProofRepositoryEntry,key=f'standard.toda.concrete::pi_{query.n + query.k}_{query.n}'; step=source_node.proof_step; phase=phase; theorem=theorem,candidate registration (not unique)
toda_calculation.py,793,Call,ProofRepositoryEntry,key='standard.toda.prop515::pi16_9'; step=source_step; phase='75'; theorem='Toda Proposition 5.15',candidate registration (not unique)
toda_calculation.py,335,Call,ProofRepositoryEntry,key=f'standard.toda.low-dimensional::{key_suffix}'; step=node.proof_step; phase=phase; theorem=theorem,candidate registration (not unique)
toda_calculation.py,706,Call,ProofRepositoryEntry,key=f'standard.toda.stable::{key_suffix}_{query.n}_specialization'; step=node.proof_step; phase=phase; theorem=theorem,candidate registration (not unique)
toda_calculation.py,856,Call,ProofRepositoryEntry,key=f'{source_entry.key}::sigma_{query.n}_specialization'; step=node.proof_step; phase=source_entry.phase; theorem=source_entry.theorem,candidate registration (not unique)
toda_calculation_facade.py,34,Assignment,repository,build_standard_production_proof_repository(),candidate container
toda_calculation_goal_normalization.py,53,Call,ProofRepositoryEntry,key=f'{source_entry.key}::{candidate.source.branch_name}'; step=recovered_step; phase=source_entry.phase; theorem=source_entry.theorem,candidate registration (not unique)
toda_calculation_report.py,87,Assignment,repository_entries,repository.entries(),candidate container
toda_delta_image_rules.py,16,FunctionDef,free_cyclic_generator_delta_image_inference_rule,,declaration
toda_end_to_end_presentation.py,239,FunctionDef,_validate_repository_entries,,declaration
toda_general_reference_schema.py,10,ClassDef,GeneralReferenceComponent,,declaration
toda_general_reference_schema.py,22,ClassDef,GeneralReferenceStatement,,declaration
toda_general_reference_schema.py,93,FunctionDef,get_general_reference_statement,,declaration
toda_general_reference_schema.py,99,FunctionDef,render_general_reference_statement_lines,,declaration
toda_group_lookup.py,110,Assignment,entries,"find_known_toda_group_results(repository, query)",candidate container
toda_group_proof_aggregate_statement_catalog.py,17,FunctionDef,is_toda_group_proof_aggregate_statement,,declaration
toda_group_proof_aggregate_statement_renderer.py,155,FunctionDef,render_toda_group_proof_aggregate_statement_prose,,declaration
toda_group_proof_generic_narrative_renderer.py,124,FunctionDef,_generic_eta_composition_factors,,declaration
toda_group_proof_generic_narrative_renderer.py,467,FunctionDef,_normalize_generic_narrative_statement_latex,,declaration
toda_group_proof_generic_narrative_renderer.py,775,FunctionDef,_render_phase153_r3_9_reference_statement_prose,,declaration
toda_group_proof_generic_narrative_renderer.py,942,FunctionDef,_render_phase153_r3_6_reference_statement_prose,,declaration
toda_group_proof_generic_narrative_renderer.py,1215,FunctionDef,_render_generic_narrative_statement_prose,,declaration
toda_group_proof_generic_narrative_renderer.py,1883,FunctionDef,_is_generic_narrative_provenance_only_statement,,declaration
toda_group_proof_narrative_arguments.py,387,FunctionDef,_definition_statement_subject,,declaration
toda_group_proof_narrative_classifier.py,37,ClassDef,TodaGroupProofNarrativeFactRole,,declaration
toda_group_proof_narrative_classifier.py,114,FunctionDef,_reference_types_for_root,,declaration
toda_group_proof_narrative_classifier.py,207,FunctionDef,_is_order_statement,,declaration
toda_group_proof_narrative_contribution_renderer.py,776,FunctionDef,_is_toda_group_proof_narrative_reference_statement_candidate,,declaration
toda_group_proof_narrative_contribution_renderer.py,942,FunctionDef,_phase157_r20_reference_scalar_value,,declaration
toda_group_proof_narrative_contribution_renderer.py,992,FunctionDef,_phase157_r20_specialize_reference_value,,declaration
toda_group_proof_narrative_contribution_renderer.py,1205,FunctionDef,_phase157_r20_reference_descendants,,declaration
toda_group_proof_narrative_contribution_renderer.py,1268,FunctionDef,_phase157_r20_reference_range_allows,,declaration
toda_group_proof_narrative_contribution_renderer.py,1310,FunctionDef,_phase157_r20_specialize_reference_relation,,declaration
toda_group_proof_narrative_contribution_renderer.py,1423,FunctionDef,_phase157_r20_canonical_fixed_reference_line,,declaration
toda_group_proof_narrative_contribution_renderer.py,1446,FunctionDef,_phase153_r6_reference_aggregate_component,,declaration
toda_group_proof_narrative_contribution_renderer.py,1554,FunctionDef,_phase153_r6_render_reference_statement,,declaration
toda_group_proof_narrative_contribution_renderer.py,1604,FunctionDef,build_toda_group_proof_narrative_reference_reuse_marker_by_step_id,,declaration
toda_group_proof_narrative_contribution_renderer.py,1678,FunctionDef,_phase157_r5_r7_order_and_connect_fixed_definition_reference_lines,,declaration
toda_group_proof_narrative_contribution_renderer.py,1805,FunctionDef,_select_toda_group_proof_narrative_reference_entries_and_statement_lines,,declaration
toda_group_proof_narrative_contribution_renderer.py,2025,FunctionDef,_toda_group_proof_narrative_reference_statement_lines_by_number,,declaration
toda_group_proof_narrative_contribution_renderer.py,2274,FunctionDef,_phase154_r5_reference_source_steps_by_number,,declaration
toda_group_proof_narrative_contribution_renderer.py,2563,FunctionDef,link_toda_group_proof_narrative_reference_body_consumers,,declaration
toda_group_proof_narrative_contribution_renderer.py,2747,FunctionDef,suppress_toda_group_proof_narrative_reference_body_restatements,,declaration
toda_group_proof_narrative_contribution_renderer.py,2912,FunctionDef,suppress_toda_group_proof_narrative_repeated_reference_restatements,,declaration
toda_group_proof_narrative_contribution_renderer.py,3049,FunctionDef,_phase157_r11_reference_statement_match_key,,declaration
toda_group_proof_narrative_contribution_renderer.py,3107,FunctionDef,suppress_toda_group_proof_narrative_reference_body_duplicates,,declaration
toda_group_proof_narrative_contribution_renderer.py,3370,FunctionDef,_toda_group_proof_narrative_reference_boundary_step_ids,,declaration
toda_group_proof_narrative_contribution_renderer.py,3382,FunctionDef,_toda_group_proof_narrative_reference_owned_step_ids,,declaration
toda_group_proof_narrative_contribution_renderer.py,3488,FunctionDef,_toda_group_proof_narrative_root_fixed_statement_internal_step_ids,,declaration
toda_group_proof_narrative_contribution_renderer.py,3646,FunctionDef,_toda_group_proof_narrative_reference_internal_step_ids,,declaration
toda_group_proof_narrative_contribution_renderer.py,3807,FunctionDef,suppress_toda_group_proof_narrative_reference_internal_body,,declaration
toda_group_proof_narrative_contribution_renderer.py,3979,FunctionDef,_toda_group_proof_narrative_reference_externally_used_step_ids,,declaration
toda_group_proof_narrative_contribution_renderer.py,4020,FunctionDef,_toda_group_proof_narrative_reference_frontier_step_ids,,declaration
toda_group_proof_narrative_contribution_renderer.py,5205,FunctionDef,suppress_toda_group_proof_narrative_repeated_unique_step_statements,,declaration
toda_group_proof_narrative_contribution_renderer.py,5436,FunctionDef,_toda_group_proof_narrative_two_equation_reference_numbers,,declaration
toda_group_proof_narrative_contribution_renderer.py,6692,FunctionDef,insert_toda_group_proof_narrative_reference_map_values_before_surjectivity,,declaration
toda_group_proof_narrative_contribution_renderer.py,8375,FunctionDef,link_toda_group_proof_narrative_unmarked_reference_consumers,,declaration
toda_group_proof_narrative_contribution_renderer.py,8689,FunctionDef,_phase157_r3_find_recursive_proof_step_by_rule_name,,declaration
toda_group_proof_narrative_contribution_renderer.py,9135,FunctionDef,_phase159_r1_7c_r3_reference_marker,,declaration
toda_group_proof_narrative_contribution_renderer.py,9558,FunctionDef,prune_toda_group_proof_narrative_root_zero_direct_premise_references,,declaration
toda_group_proof_narrative_contribution_renderer.py,9761,FunctionDef,suppress_toda_group_proof_narrative_late_exact_sequence_prefix_restatements,,declaration
toda_group_proof_narrative_contribution_renderer.py,1810,Assignment,normalized_entries,[],candidate container
toda_group_proof_narrative_contribution_renderer.py,5945,FunctionDef,strip_reference_prefix,,declaration
toda_group_proof_narrative_contribution_renderer.py,7101,FunctionDef,reference_entry_for_step,,declaration
toda_group_proof_narrative_contribution_renderer.py,7413,FunctionDef,reference_entry_for_step,,declaration
toda_group_proof_narrative_contribution_renderer.py,7462,FunctionDef,reference_number_for_step,,declaration
toda_group_proof_narrative_contribution_renderer.py,9650,Assignment,pruned_entries,[],candidate container
toda_group_proof_narrative_contribution_renderer.py,9697,Assignment,pruned_entries,tuple(pruned_entries),candidate container
toda_group_proof_narrative_contribution_renderer.py,10265,Assignment,reference_entries,build_toda_group_proof_narrative_reference_entries(presentation),candidate container
toda_group_proof_narrative_contribution_renderer.py,10270,Assignment,reference_entries,"filter_toda_group_proof_narrative_reference_entries_by_fixed_statement_boundary(reference_entries, presentation.root_step)",candidate container
toda_group_proof_narrative_contribution_renderer.py,10276,Assignment,reference_entries,"_select_toda_group_proof_narrative_reference_entries_and_statement_lines(presentation, reference_entries)",candidate container
toda_group_proof_narrative_contribution_renderer.py,10285,Assignment,phase157_r4_reference_entries_before_usage_filter,reference_entries,candidate container
toda_group_proof_narrative_contribution_renderer.py,10291,Assignment,reference_entries,"exclude_toda_group_proof_narrative_root_reference(reference_entries, statement_lines_by_reference_number, presentation.root_step)",candidate container
toda_group_proof_narrative_contribution_renderer.py,10622,Assignment,reference_entries,"prune_toda_group_proof_narrative_root_zero_direct_premise_references(presentation, reference_entries, statement_lines_by_reference_number)",candidate container
toda_group_proof_narrative_contribution_renderer.py,10550,Assignment,reference_entries,"filter_toda_group_proof_narrative_reference_entries_by_body_usage(reference_entries, statement_lines_by_reference_number, rendered)",candidate container
toda_group_proof_narrative_contribution_renderer.py,10561,Assignment,reference_entries,"restore_toda_group_proof_narrative_fixed_reference_entries_after_body_usage(phase157_r4_reference_entries_before_usage_filter, phase157_r4_statement_lines_before_usage_filter, reference_entries, statement_lines_by_reference_number, rendered, presenta",candidate container
toda_group_proof_narrative_contribution_renderer.py,10597,Assignment,reference_entries,"filter_toda_group_proof_narrative_reference_entries_by_step_usage(reference_entries, statement_lines_by_reference_number, boundary_visible_used_step_ids, presentation.root_step)",candidate container
toda_group_proof_narrative_contribution_renderer.py,10610,Assignment,reference_entries,"filter_toda_group_proof_narrative_reference_entries_by_body_usage(reference_entries, statement_lines_by_reference_number, rendered)",candidate container
toda_group_proof_narrative_equation_numbering.py,18,FunctionDef,toda_group_proof_narrative_equation_reference,,declaration
toda_group_proof_narrative_group_structure_semantics.py,80,FunctionDef,_toda_group_structure_narrative_fact,,declaration
toda_group_proof_narrative_hidden_bridge_semantics.py,114,FunctionDef,_inference_rule_name,,declaration
toda_group_proof_narrative_hidden_bridge_semantics.py,170,FunctionDef,_hidden_bridge_reference_identity,,declaration
toda_group_proof_narrative_provenance_catalog.py,47,FunctionDef,is_toda_group_proof_narrative_provenance_only_statement,,declaration
toda_group_proof_narrative_reason_renderer.py,317,FunctionDef,statement_match_key,,declaration
toda_group_proof_narrative_reason_renderer.py,1333,FunctionDef,statement_match_key,,declaration
toda_group_proof_narrative_references.py,27,ClassDef,TodaGroupProofNarrativeReferenceEntry,,declaration
toda_group_proof_narrative_references.py,47,FunctionDef,_infer_toda_group_proof_literature_reference_from_rule_name,,declaration
toda_group_proof_narrative_references.py,102,FunctionDef,extract_toda_group_proof_step_literature_reference,,declaration
toda_group_proof_narrative_references.py,160,FunctionDef,_same_toda_group_proof_literature_reference,,declaration
toda_group_proof_narrative_references.py,182,FunctionDef,build_toda_group_proof_narrative_reference_entries,,declaration
toda_group_proof_narrative_references.py,259,FunctionDef,exclude_toda_group_proof_narrative_root_reference,,declaration
toda_group_proof_narrative_references.py,483,FunctionDef,select_toda_group_proof_narrative_reference_statement_steps,,declaration
toda_group_proof_narrative_references.py,651,FunctionDef,filter_toda_group_proof_narrative_reference_entries_by_fixed_statement_boundary,,declaration
toda_group_proof_narrative_references.py,801,FunctionDef,filter_phase157_r4_representative_reference_entries_by_fixed_statement_boundary,,declaration
toda_group_proof_narrative_references.py,951,FunctionDef,filter_toda_group_proof_narrative_reference_entries_by_step_usage,,declaration
toda_group_proof_narrative_references.py,1097,FunctionDef,filter_toda_group_proof_narrative_reference_entries_by_body_usage,,declaration
toda_group_proof_narrative_references.py,1253,FunctionDef,restore_toda_group_proof_narrative_fixed_reference_entries_after_body_usage,,declaration
toda_group_proof_narrative_references.py,1710,FunctionDef,restore_phase157_r4_representative_fixed_reference_entries_after_body_usage,,declaration
toda_group_proof_narrative_references.py,2029,FunctionDef,render_toda_group_proof_narrative_reference_entries_markdown,,declaration
toda_group_proof_narrative_references.py,334,Assignment,retained_entries,[],candidate container
toda_group_proof_narrative_references.py,444,Assignment,retained_entries,tuple(retained_entries),candidate container
toda_group_proof_narrative_references.py,456,Assignment,filtered_entries,"tuple((replace(entry, number=number_map[entry.number]) for entry in retained_entries))",candidate container
toda_group_proof_narrative_references.py,706,Assignment,retained_entries,[],candidate container
toda_group_proof_narrative_references.py,779,Assignment,retained_entries,"sorted(retained_entries, key=lambda entry: 0 if entry.reference.locator == '(5.1)' else 1)",candidate container
toda_group_proof_narrative_references.py,887,Assignment,retained_entries,[],candidate container
toda_group_proof_narrative_references.py,1045,Assignment,used_entries,"tuple((entry for entry in entries if not _same_toda_group_proof_literature_reference(entry.reference, root_reference) and any((id(proof_step) in used_step_ids for proof_step in entry.proof_steps))))",candidate container
toda_group_proof_narrative_references.py,1071,Assignment,filtered_entries,"tuple((replace(entry, number=number_map[entry.number]) for entry in used_entries))",candidate container
toda_group_proof_narrative_references.py,1180,Assignment,used_entries,tuple((entry for entry in entries if entry.number in used_reference_numbers)),candidate container
toda_group_proof_narrative_references.py,1194,Assignment,filtered_entries,"tuple((replace(entry, number=number_map[entry.number]) for entry in used_entries))",candidate container
toda_group_proof_narrative_references.py,1513,Assignment,desired_entries,[],candidate container
toda_group_proof_narrative_references.py,1575,Assignment,restored_entries,"tuple((replace(entry, number=number_map[entry.number]) for entry in desired_entries))",candidate container
toda_group_proof_narrative_references.py,1856,Assignment,desired_entries,[],candidate container
toda_group_proof_narrative_references.py,1916,Assignment,restored_entries,"tuple((replace(entry, number=number_map[entry.number]) for entry in desired_entries))",candidate container
toda_group_proof_narrative_references.py,70,Call,LiteratureReference,label=f'Toda {locator}'; locator=locator,candidate registration (not unique)
toda_group_proof_narrative_references.py,82,Call,LiteratureReference,label=f'Toda {locator}'; locator=locator,candidate registration (not unique)
toda_group_proof_narrative_references.py,94,Call,LiteratureReference,label=f'Toda {locator}'; locator=locator,candidate registration (not unique)
toda_group_proof_narrative_references.py,111,Call,LiteratureReference,label='Toda ' + citation[0]; locator=citation[0],candidate registration (not unique)
toda_group_proof_narrative_references.py,148,Call,LiteratureReference,label='Toda ' + fixed_locator; locator=fixed_locator,candidate registration (not unique)
toda_group_proof_narrative_renderer.py,148,FunctionDef,_group_proof_narrative_statement_label,,declaration
toda_group_proof_narrative_renderer.py,302,FunctionDef,_render_finite_dimensional_aggregate_statement_latex,,declaration
toda_group_proof_narrative_renderer.py,388,FunctionDef,_render_prop44_suspension_injective_statement_latex,,declaration
toda_group_proof_narrative_renderer.py,818,FunctionDef,_render_group_proof_narrative_fact,,declaration
toda_group_proof_narrative_renderer.py,956,FunctionDef,_is_phase134_5_reference_step,,declaration
toda_group_proof_narrative_renderer.py,1029,FunctionDef,_phase134_5_pi6_3_reference_steps,,declaration
toda_group_proof_narrative_renderer.py,1039,FunctionDef,_phase134_5_reference_title,,declaration
toda_group_proof_narrative_renderer.py,1063,FunctionDef,_phase134_5_reference_statement_lines,,declaration
toda_group_proof_narrative_renderer.py,1183,FunctionDef,_is_phase134_9_reference_step,,declaration
toda_group_proof_narrative_renderer.py,1282,FunctionDef,_phase134_9_reference_steps,,declaration
toda_group_proof_narrative_renderer.py,1312,FunctionDef,_phase134_6_boundary_fact_latex,,declaration
toda_group_proof_narrative_renderer.py,1361,FunctionDef,_phase134_3_reference_text,,declaration
toda_group_proof_narrative_renderer.py,1439,FunctionDef,_phase136_2_pi6_3_reference_blocks,,declaration
toda_group_proof_narrative_renderer.py,1648,FunctionDef,_append_phase134_3_pi6_3_fact,,declaration
toda_group_proof_narrative_renderer.py,2222,FunctionDef,_phase134_28_reference_section_lines,,declaration
toda_group_proof_narrative_renderer.py,3032,FunctionDef,_phase134_9_reference_title,,declaration
toda_group_proof_narrative_renderer.py,3240,FunctionDef,_phase134_11_pi8_5_reference_steps,,declaration
toda_group_proof_narrative_renderer.py,3342,FunctionDef,_append_phase134_11_pi8_5_fact,,declaration
toda_group_proof_narrative_renderer.py,3976,FunctionDef,_phase153_r3_10_connect_public_reference_section,,declaration
toda_group_proof_narrative_renderer.py,7424,FunctionDef,_phase159_foundational_reference_statement,,declaration
toda_group_proof_narrative_renderer.py,7451,FunctionDef,_phase159_render_foundational_reference_section,,declaration
toda_group_proof_narrative_renderer.py,7582,FunctionDef,_phase159_inject_foundational_reference_section,,declaration
toda_group_proof_narrative_renderer.py,7655,FunctionDef,_phase159_normalize_public_reference_map_property_wording,,declaration
toda_group_proof_narrative_renderer.py,7765,FunctionDef,_phase159_number_public_map_property_statement,,declaration
toda_group_proof_narrative_renderer.py,7877,FunctionDef,_phase159_r1_6c_step_reference_locator,,declaration
toda_group_proof_narrative_renderer.py,7953,FunctionDef,_phase159_r1_6c_statement_match_key,,declaration
toda_group_proof_narrative_renderer.py,7980,FunctionDef,_phase159_r1_6c_reference_number,,declaration
toda_group_proof_narrative_renderer.py,8020,FunctionDef,_phase159_r1_6c_canonicalize_toda_51_reference,,declaration
toda_group_proof_narrative_renderer.py,8452,FunctionDef,_phase159_r1_6c_render_statement_numbers,,declaration
toda_group_proof_narrative_renderer.py,8673,FunctionDef,_phase159_r1_6d_finalize_reference_and_linkage,,declaration
toda_group_proof_narrative_renderer.py,8871,FunctionDef,_phase159_r1_6d_reorder_target_group_fact_after_surjectivity,,declaration
toda_group_proof_narrative_renderer.py,9405,FunctionDef,_phase159_r1_7c_reference_prefix,,declaration
toda_group_proof_narrative_renderer.py,10854,FunctionDef,_phase159_r1_7c_r4_reorder_public_equation_reference_conclusions,,declaration
toda_group_proof_narrative_renderer.py,4017,Assignment,reference_entries,build_toda_group_proof_narrative_reference_entries(presentation),candidate container
toda_group_proof_narrative_renderer.py,4022,Assignment,reference_entries,"filter_toda_group_proof_narrative_reference_entries_by_fixed_statement_boundary(reference_entries, presentation.root_step)",candidate container
toda_group_proof_narrative_renderer.py,4136,Assignment,used_reference_entries,"filter_toda_group_proof_narrative_reference_entries_by_body_usage(reference_entries, statement_lines_by_reference_number, proof_body)",candidate container
toda_group_proof_narrative_renderer.py,4148,Assignment,filtered_reference_entries,"exclude_toda_group_proof_narrative_root_reference(used_reference_entries, used_statement_lines, presentation.root_step)",candidate container
toda_group_proof_narrative_renderer.py,4246,Assignment,reference_entries,build_toda_group_proof_narrative_reference_entries(presentation),candidate container
toda_group_proof_narrative_renderer.py,4251,Assignment,reference_entries,"filter_toda_group_proof_narrative_reference_entries_by_fixed_statement_boundary(reference_entries, presentation.root_step)",candidate container
toda_group_proof_narrative_renderer.py,4841,Assignment,reference_entries,build_toda_group_proof_narrative_reference_entries(presentation) if presentation.max_depth >= 2 else (),candidate container
toda_group_proof_narrative_renderer.py,4856,Assignment,reference_entries,"exclude_toda_group_proof_narrative_root_reference(reference_entries, statement_lines_by_reference_number, presentation.root_step)",candidate container
toda_group_proof_narrative_renderer.py,7463,Assignment,entries,[],candidate container
toda_group_proof_narrative_renderer.py,5006,Assignment,filtered_reference_entries,"filter_toda_group_proof_narrative_reference_entries_by_body_usage(reference_entries, statement_lines_by_reference_number, suppressed_body)",candidate container
toda_group_proof_narrative_semantics.py,161,ClassDef,TodaGroupProofNarrativeReferenceIdentity,,declaration
toda_group_proof_narrative_semantics.py,186,ClassDef,TodaGroupProofNarrativeReferenceApplicationSemantic,,declaration
toda_group_proof_narrative_semantics.py,499,FunctionDef,_inference_rule_name,,declaration
toda_group_proof_narrative_semantics.py,950,FunctionDef,_reference_application_semantics,,declaration
toda_group_proof_narrative_transitions.py,294,FunctionDef,_block_contains_aggregate_statement,,declaration
toda_group_proof_narrative_transport_facts.py,19,ClassDef,SuspensionTransportFacts,,declaration
toda_group_proof_narrative_transport_facts.py,43,FunctionDef,extract_suspension_transport_facts,,declaration
toda_group_proof_narrative_transport_link.py,27,Assignment,facts,extract_suspension_transport_facts(root),candidate container
toda_group_proof_outline_renderer.py,13,FunctionDef,_render_group_proof_outline_statement,,declaration
toda_group_result_proof_replay_renderer.py,12,FunctionDef,_render_group_result_proof_replay_statement,,declaration
toda_group_result_proof_replay_renderer.py,47,FunctionDef,_group_result_proof_replay_rule_name,,declaration
toda_human_readable_renderer.py,603,FunctionDef,_toda_public_eta_composition_factors,,declaration
toda_human_readable_renderer.py,1070,Assignment,repository_source,goal_source.repository_source,candidate container
toda_literature_statement_boundary.py,10,ClassDef,TodaLiteratureStatementClassification,,declaration
toda_literature_statement_boundary.py,15,ClassDef,TodaLiteratureStatementRole,,declaration
toda_literature_statement_boundary.py,24,ClassDef,TodaFixedStatementComponent,,declaration
toda_literature_statement_boundary.py,69,ClassDef,TodaLiteratureStatementBoundary,,declaration
toda_literature_statement_boundary.py,998,FunctionDef,get_toda_fixed_statement_components,,declaration
toda_literature_statement_boundary.py,1010,FunctionDef,get_toda_fixed_statement_component,,declaration
toda_literature_statement_boundary.py,1036,FunctionDef,_proof_step_reference_locator,,declaration
toda_literature_statement_boundary.py,1097,FunctionDef,classify_toda_literature_statement_step,,declaration
toda_literature_statement_boundary.py,1149,FunctionDef,is_toda_fixed_statement_component_reference_eligible,,declaration
toda_literature_statement_boundary.py,1190,FunctionDef,select_toda_fixed_statement_reference_components,,declaration
toda_proof_flow_presentation.py,301,FunctionDef,_validate_repository_entries,,declaration
toda_proof_narrative_renderer.py,381,FunctionDef,_render_toda_nu4_parameter_factor_latex,,declaration
toda_proof_narrative_renderer.py,579,FunctionDef,render_toda_proof_statement_latex,,declaration
toda_proof_presentation.py,26,ClassDef,TodaLiteratureSourceKind,,declaration
toda_proof_presentation.py,38,ClassDef,TodaLiteratureSourcePresentation,,declaration
toda_proof_presentation.py,83,ClassDef,TodaRepositoryEntryPresentation,,declaration
toda_proof_presentation.py,475,FunctionDef,build_toda_literature_source_presentation,,declaration
toda_proof_presentation.py,508,FunctionDef,extract_toda_proof_step_literature_source,,declaration
toda_proof_presentation.py,550,FunctionDef,build_toda_repository_entry_presentation,,declaration
toda_proof_presentation.py,588,FunctionDef,_repository_presentations_for_step,,declaration
toda_proof_presentation.py,111,FunctionDef,theorem,,declaration
toda_proof_presentation.py,120,Assignment,repository_source,,candidate container
toda_proof_presentation.py,167,Assignment,repository_sources,(),candidate container
toda_proof_presentation.py,252,FunctionDef,proof_rule,,declaration
toda_proof_presentation.py,561,Call,TodaRepositoryEntryPresentation,source_entry=entry,candidate registration (not unique)
toda_prop56_zero_bootstrap.py,256,Call,LiteratureReference,label='Toda Proposition 5.1'; locator='Proposition 5.1',candidate registration (not unique)
toda_rules.py,72,ClassDef,Toda211OrdinaryEHPApplicabilityStatement,,declaration
toda_rules.py,79,ClassDef,Toda211OrdinaryEHPExactnessStatement,,declaration
toda_rules.py,83,FunctionDef,toda_211_ordinary_ehp_applicability_inference_rule,,declaration
toda_rules.py,270,FunctionDef,toda_211_ordinary_ehp_exactness_inference_rule,,declaration
toda_rules.py,315,ClassDef,TodaProp42ExactnessStatement,,declaration
toda_rules.py,320,ClassDef,TodaHopfInvariantInjectiveStatement,,declaration
toda_rules.py,325,ClassDef,TodaSuspensionInjectiveStatement,,declaration
toda_rules.py,330,ClassDef,TodaSuspensionZeroStatement,,declaration
toda_rules.py,335,ClassDef,TodaDeltaInjectiveStatement,,declaration
toda_rules.py,340,ClassDef,TodaDeltaSurjectiveStatement,,declaration
toda_rules.py,345,ClassDef,TodaDeltaKernelFreeCyclicStatement,,declaration
toda_rules.py,351,ClassDef,TodaHopfInvariantZeroStatement,,declaration
toda_rules.py,356,ClassDef,TodaDeltaZeroStatement,,declaration
toda_rules.py,361,ClassDef,TodaHopfInvariantSurjectiveStatement,,declaration
toda_rules.py,366,ClassDef,TodaHopfInvariantIsomorphismStatement,,declaration
toda_rules.py,371,ClassDef,TodaPi32Eta2DefinitionStatement,,declaration
toda_rules.py,378,ClassDef,TodaProp27HopfInvariantUpToSignStatement,,declaration
toda_rules.py,384,ClassDef,TodaDeltaImageUpToSignStatement,,declaration
toda_rules.py,391,ClassDef,TodaDeltaPreimageUpToSignStatement,,declaration
toda_rules.py,398,ClassDef,TodaPi32WhiteheadSquareUpToSignStatement,,declaration
toda_rules.py,404,ClassDef,Toda58WhiteheadSquareUpToSignStatement,,declaration
toda_rules.py,410,ClassDef,Toda58EquationStatement,,declaration
toda_rules.py,421,ClassDef,TodaLemma57TwoIota5ImageMembershipStatement,,declaration
toda_rules.py,426,FunctionDef,serre_42_finite_homotopy_group_inference_rule,,declaration
toda_rules.py,522,FunctionDef,toda_lemma57_e2_eta2_alpha_composition_inference_rule,,declaration
toda_rules.py,683,FunctionDef,toda_lemma57_e2_eta2_alpha_zero_inference_rule,,declaration
toda_rules.py,898,FunctionDef,toda_lemma45_n3_suspension_zero_reflection_inference_rule,,declaration
toda_rules.py,1093,FunctionDef,toda_45_stable_two_primary_identification_inference_rule,,declaration
toda_rules.py,1210,FunctionDef,toda_prop515_stable_sigma_definition_inference_rule,,declaration
toda_rules.py,1375,FunctionDef,toda_stable_g0_to_g7_integration_inference_rule,,declaration
toda_rules.py,1704,FunctionDef,toda_prop515_g7_two_primary_finite_cyclic_inference_rule,,declaration
toda_rules.py,1927,FunctionDef,toda_lemma57_nu_prime_hypothesis_inference_rule,,declaration
toda_rules.py,2073,FunctionDef,toda_lemma57_pi6_2_eta2_nu_prime_inference_rule,,declaration
toda_rules.py,2317,FunctionDef,toda_lemma57_concrete_delta_e_exactness_inference_rule,,declaration
toda_rules.py,2397,FunctionDef,toda_lemma57_delta_surjective_inference_rule,,declaration
toda_rules.py,2572,FunctionDef,toda_lemma57_delta_nu5_generator_inference_rule,,declaration
toda_rules.py,2789,FunctionDef,toda_prop58_concrete_e_h_exactness_inference_rule,,declaration
toda_rules.py,2872,FunctionDef,toda_prop58_pi7_3_hopf_injective_inference_rule,,declaration
toda_rules.py,3053,FunctionDef,toda_prop58_pi7_3_finite_cyclic_inference_rule,,declaration
toda_rules.py,3357,FunctionDef,toda_prop58_e_nu_prime_eta6_bridge_inference_rule,,declaration
toda_rules.py,3584,FunctionDef,toda_prop58_pi8_4_decomposition_inference_rule,,declaration
toda_rules.py,3995,FunctionDef,toda_prop25_delta_eta9_composition_inference_rule,,declaration
toda_rules.py,4179,FunctionDef,toda_prop58_delta_eta9_inference_rule,,declaration
toda_rules.py,4457,FunctionDef,toda_prop58_pi9_5_concrete_exactness_inference_rule,,declaration
toda_rules.py,4574,FunctionDef,toda_prop58_pi9_9_delta_injective_inference_rule,,declaration
toda_rules.py,4794,FunctionDef,toda_prop58_pi9_5_hopf_zero_inference_rule,,declaration
toda_rules.py,4916,FunctionDef,toda_prop58_pi9_5_suspension_surjective_inference_rule,,declaration
toda_rules.py,5039,FunctionDef,toda_prop58_e_nu4_eta7_bridge_inference_rule,,declaration
toda_rules.py,5295,FunctionDef,toda_prop58_pi9_5_finite_cyclic_inference_rule,,declaration
toda_rules.py,5634,FunctionDef,toda_prop58_eta3_nu4_hopf_inference_rule,,declaration
toda_rules.py,5778,FunctionDef,toda_59_eta3_nu4_inference_rule,,declaration
toda_rules.py,5994,FunctionDef,toda_510_eta5_nu6_bridge_inference_rule,,declaration
toda_rules.py,6179,FunctionDef,toda_510_eta5_nu6_zero_inference_rule,,declaration
toda_rules.py,6372,FunctionDef,toda_510_higher_eta_nu_zero_inference_rule,,declaration
toda_rules.py,6566,FunctionDef,toda_prop58_eta6_nu7_zero_specialization_inference_rule,,declaration
toda_rules.py,6759,FunctionDef,toda_prop31_nu6_eta9_zero_inference_rule,,declaration
toda_rules.py,7008,FunctionDef,toda_prop58_higher_nu_eta_zero_inference_rule,,declaration
toda_rules.py,7200,ClassDef,TodaProp515Pi12_5HopfIsomorphismStatement,,declaration
toda_rules.py,7207,FunctionDef,toda_prop515_pi12_5_concrete_exactness_inference_rule,,declaration
toda_rules.py,7302,FunctionDef,toda_prop515_pi12_5_hopf_isomorphism_inference_rule,,declaration
toda_rules.py,7657,FunctionDef,toda_prop515_pi12_5_finite_cyclic_inference_rule,,declaration
toda_rules.py,7823,FunctionDef,toda_prop515_pi9_2_zero_inference_rule,,declaration
toda_rules.py,8016,FunctionDef,toda_prop515_pi10_3_concrete_exactness_inference_rule,,declaration
toda_rules.py,8123,FunctionDef,toda_prop515_pi10_3_delta_surjective_inference_rule,,declaration
toda_rules.py,8229,FunctionDef,toda_prop515_pi10_3_delta_injective_inference_rule,,declaration
toda_rules.py,8372,FunctionDef,toda_prop515_pi10_3_zero_inference_rule,,declaration
toda_rules.py,8499,FunctionDef,toda_prop515_pi11_4_zero_inference_rule,,declaration
toda_rules.py,8730,FunctionDef,toda_lemma512_shifted_nu_eta_zero_inference_rule,,declaration
toda_rules.py,8983,FunctionDef,toda_prop58_pi10_6_concrete_exactness_inference_rule,,declaration
toda_rules.py,9054,FunctionDef,toda_prop58_pi10_6_suspension_surjective_inference_rule,,declaration
toda_rules.py,9155,FunctionDef,toda_prop58_pi10_6_zero_inference_rule,,declaration
toda_rules.py,9368,FunctionDef,toda_prop58_higher_four_stem_zero_transport_inference_rule,,declaration
toda_rules.py,9526,FunctionDef,toda_lemma52_delta_two_eta2_preimage_inference_rule,,declaration
toda_rules.py,9647,ClassDef,TodaProp51FiniteDimensionalStatement,,declaration
toda_rules.py,9655,ClassDef,TodaProp53FiniteDimensionalStatement,,declaration
toda_rules.py,9664,ClassDef,TodaProp56FiniteDimensionalStatement,,declaration
toda_rules.py,9678,ClassDef,TodaProp58FiniteDimensionalStatement,,declaration
toda_rules.py,9692,ClassDef,TodaProp59FiniteDimensionalStatement,,declaration
toda_rules.py,9707,ClassDef,TodaProp511NuSquaredFiniteDimensionalStatement,,declaration
toda_rules.py,9721,ClassDef,TodaProp511FiniteDimensionalStatement,,declaration
toda_rules.py,9735,ClassDef,TodaProp515FiniteDimensionalStatement,,declaration
toda_rules.py,9752,ClassDef,TodaLemma512FirstIndeterminacyZeroStatement,,declaration
toda_rules.py,9757,FunctionDef,toda_lemma512_first_indeterminacy_zero_inference_rule,,declaration
toda_rules.py,10102,ClassDef,TodaLemma512SecondIndeterminacyHigherZeroStatement,,declaration
toda_rules.py,10109,ClassDef,TodaLemma512SecondIndeterminacyN6ZeroStatement,,declaration
toda_rules.py,10117,ClassDef,TodaLemma512SecondIndeterminacyZeroStatement,,declaration
toda_rules.py,10123,FunctionDef,toda_lemma512_second_indeterminacy_higher_zero_inference_rule,,declaration
toda_rules.py,10283,FunctionDef,toda_lemma512_second_indeterminacy_n6_zero_inference_rule,,declaration
toda_rules.py,10524,FunctionDef,toda_lemma512_second_indeterminacy_zero_integration_inference_rule,,declaration
toda_rules.py,10768,ClassDef,TodaLemma512BracketSingletonMod2Statement,,declaration
toda_rules.py,10775,FunctionDef,toda_lemma512_bracket_singleton_mod2_inference_rule,,declaration
toda_rules.py,11334,ClassDef,TodaLemma512CoefficientStabilityStatement,,declaration
toda_rules.py,11344,FunctionDef,toda_lemma512_coefficient_stability_inference_rule,,declaration
toda_rules.py,11803,ClassDef,TodaLemma512NonzeroAnchorStatement,,declaration
toda_rules.py,11809,FunctionDef,toda_lemma512_lemma55_n8_inclusion_inference_rule,,declaration
toda_rules.py,11988,FunctionDef,toda_lemma512_nonzero_anchor_inference_rule,,declaration
toda_rules.py,12376,ClassDef,TodaLemma512Statement,,declaration
toda_rules.py,12382,FunctionDef,toda_lemma512_final_integration_inference_rule,,declaration
toda_rules.py,12921,ClassDef,Toda512DeltaInjectivityStatement,,declaration
toda_rules.py,12931,FunctionDef,toda_512_delta_injectivity_literature_statements,,declaration
toda_rules.py,12959,FunctionDef,toda_prop59_finite_dimensional_literature_statements,,declaration
toda_rules.py,13001,FunctionDef,toda_prop511_nu_squared_finite_dimensional_literature_statements,,declaration
toda_rules.py,13029,FunctionDef,toda_prop58_finite_dimensional_literature_statements,,declaration
toda_rules.py,13068,FunctionDef,toda_prop58_finite_dimensional_integration_inference_rule,,declaration
toda_rules.py,13581,FunctionDef,toda_eq510_concrete_delta_e_exactness_inference_rule,,declaration
toda_rules.py,13652,FunctionDef,toda_eq510_delta_surjective_inference_rule,,declaration
toda_rules.py,13759,FunctionDef,toda_eq510_delta_iota11_inference_rule,,declaration
toda_rules.py,14005,FunctionDef,toda_prop59_pi7_2_eta2_nu_prime_eta6_inference_rule,,declaration
toda_rules.py,14349,ClassDef,TodaProp59DeltaKernelStatement,,declaration
toda_rules.py,14354,FunctionDef,toda_prop59_pi7_2_suspension_zero_inference_rule,,declaration
toda_rules.py,14603,FunctionDef,toda_prop59_concrete_e_h_exactness_inference_rule,,declaration
toda_rules.py,14682,FunctionDef,toda_prop59_pi8_3_hopf_injective_inference_rule,,declaration
toda_rules.py,14841,FunctionDef,toda_prop59_concrete_h_delta_exactness_inference_rule,,declaration
toda_rules.py,14920,FunctionDef,toda_prop59_delta_nu5_kernel_inference_rule,,declaration
toda_rules.py,15109,FunctionDef,toda_prop59_nu_prime_eta6_squared_hopf_inference_rule,,declaration
toda_rules.py,15488,FunctionDef,toda_prop59_pi8_3_finite_cyclic_inference_rule,,declaration
toda_rules.py,15754,FunctionDef,toda_prop59_e_nu_prime_eta6_squared_bridge_inference_rule,,declaration
toda_rules.py,16106,FunctionDef,toda_prop59_pi9_4_decomposition_inference_rule,,declaration
toda_rules.py,16555,FunctionDef,toda_prop59_delta_eta9_squared_inference_rule,,declaration
toda_rules.py,16878,FunctionDef,toda_512_n4_delta_injective_inference_rule,,declaration
toda_rules.py,17197,FunctionDef,toda_512_n5_delta_injective_inference_rule,,declaration
toda_rules.py,17421,FunctionDef,toda_512_n6_delta_injective_inference_rule,,declaration
toda_rules.py,17565,FunctionDef,toda_512_delta_injectivity_integration_inference_rule,,declaration
toda_rules.py,17710,FunctionDef,toda_prop59_pi10_9_delta_injective_inference_rule,,declaration
toda_rules.py,17970,FunctionDef,toda_prop59_pi10_5_concrete_exactness_inference_rule,,declaration
toda_rules.py,18062,FunctionDef,toda_prop59_pi10_5_hopf_zero_inference_rule,,declaration
toda_rules.py,18168,FunctionDef,toda_prop59_pi10_5_suspension_surjective_inference_rule,,declaration
toda_rules.py,18275,FunctionDef,toda_prop59_pi10_5_delta_e_exactness_inference_rule,,declaration
toda_rules.py,18345,FunctionDef,toda_prop59_e_nu4_eta7_squared_bridge_inference_rule,,declaration
toda_rules.py,18666,FunctionDef,toda_prop59_pi10_5_finite_cyclic_inference_rule,,declaration
toda_rules.py,19186,FunctionDef,toda_prop59_e_nu5_eta8_squared_zero_inference_rule,,declaration
toda_rules.py,19455,FunctionDef,toda_prop59_pi11_6_concrete_exactness_inference_rule,,declaration
toda_rules.py,19547,FunctionDef,toda_prop59_pi11_6_hopf_injective_inference_rule,,declaration
toda_rules.py,19696,FunctionDef,toda_prop59_pi11_11_delta_kernel_inference_rule,,declaration
toda_rules.py,19883,FunctionDef,toda_prop59_delta_iota13_hopf_inference_rule,,declaration
toda_rules.py,20004,FunctionDef,toda_prop59_pi11_6_free_cyclic_inference_rule,,declaration
toda_rules.py,20248,FunctionDef,toda_prop59_pi12_7_concrete_exactness_inference_rule,,declaration
toda_rules.py,20345,FunctionDef,toda_prop59_pi13_13_delta_surjective_inference_rule,,declaration
toda_rules.py,20488,FunctionDef,toda_prop59_pi12_7_suspension_surjective_inference_rule,,declaration
toda_rules.py,20594,FunctionDef,toda_prop59_pi12_7_zero_inference_rule,,declaration
toda_rules.py,20718,FunctionDef,toda_prop59_higher_five_stem_zero_transport_inference_rule,,declaration
toda_rules.py,20878,FunctionDef,toda_prop59_delta_eta11_inference_rule,,declaration
toda_rules.py,21145,FunctionDef,toda_prop59_finite_dimensional_integration_inference_rule,,declaration
toda_rules.py,21988,FunctionDef,toda_prop511_pi8_2_eta2_nu_prime_eta6_squared_inference_rule,,declaration
toda_rules.py,22356,FunctionDef,toda_prop511_pi8_2_suspension_zero_inference_rule,,declaration
toda_rules.py,22582,FunctionDef,toda_prop511_pi7_2_suspension_zero_inference_rule,,declaration
toda_rules.py,22781,FunctionDef,toda_prop511_pi9_3_concrete_exactness_inference_rule,,declaration
toda_rules.py,22890,FunctionDef,toda_prop511_pi10_7_nu7_inference_rule,,declaration
toda_rules.py,23025,FunctionDef,toda_prop511_pi10_4_nu4_squared_inference_rule,,declaration
toda_rules.py,23293,FunctionDef,toda_prop511_513_delta_nu9_inference_rule,,declaration
toda_rules.py,23610,FunctionDef,toda_prop511_513_delta_eta11_squared_zero_inference_rule,,declaration
toda_rules.py,24166,FunctionDef,toda_prop511_513_delta_eta13_zero_inference_rule,,declaration
toda_rules.py,24993,FunctionDef,toda_prop511_pi12_9_nu9_inference_rule,,declaration
toda_rules.py,25136,FunctionDef,toda_prop511_pi11_5_concrete_exactness_inference_rule,,declaration
toda_rules.py,25250,FunctionDef,toda_prop511_pi11_5_hopf_zero_inference_rule,,declaration
toda_rules.py,25352,FunctionDef,toda_prop511_pi11_5_suspension_surjective_inference_rule,,declaration
toda_rules.py,25454,FunctionDef,toda_prop511_pi11_5_nu5_squared_inference_rule,,declaration
toda_rules.py,25750,FunctionDef,toda_prop511_pi13_11_eta11_squared_inference_rule,,declaration
toda_rules.py,25942,FunctionDef,toda_prop511_pi12_6_concrete_exactness_inference_rule,,declaration
toda_rules.py,26039,FunctionDef,toda_prop511_pi12_6_suspension_injective_inference_rule,,declaration
toda_rules.py,26278,FunctionDef,toda_prop511_pi12_6_hopf_zero_inference_rule,,declaration
toda_rules.py,26378,FunctionDef,toda_prop511_pi12_6_suspension_injective_inference_rule,,declaration
toda_rules.py,26658,FunctionDef,toda_prop511_pi12_6_suspension_surjective_inference_rule,,declaration
toda_rules.py,26759,FunctionDef,toda_prop511_pi14_13_eta13_inference_rule,,declaration
toda_rules.py,26920,FunctionDef,toda_prop511_pi13_7_concrete_exactness_inference_rule,,declaration
toda_rules.py,27017,FunctionDef,toda_prop511_pi13_7_suspension_injective_inference_rule,,declaration
toda_rules.py,27229,FunctionDef,toda_prop511_pi13_7_hopf_zero_inference_rule,,declaration
toda_rules.py,27330,FunctionDef,toda_prop511_pi13_7_suspension_surjective_inference_rule,,declaration
toda_rules.py,27431,FunctionDef,toda_prop511_pi13_7_suspension_isomorphism_inference_rule,,declaration
toda_rules.py,27508,FunctionDef,toda_prop511_pi13_7_nu7_squared_inference_rule,,declaration
toda_rules.py,27680,FunctionDef,toda_prop511_pi14_8_prop44_zero_second_summand_suspension_isomorphism_inference_rule,,declaration
toda_rules.py,27847,FunctionDef,toda_prop511_pi14_8_nu8_squared_inference_rule,,declaration
toda_rules.py,28024,FunctionDef,toda_prop511_higher_six_stem_nu_squared_transport_inference_rule,,declaration
toda_rules.py,28322,FunctionDef,toda_prop511_nu_squared_finite_dimensional_integration_inference_rule,,declaration
toda_rules.py,28664,FunctionDef,toda_prop511_pi12_6_suspension_isomorphism_inference_rule,,declaration
toda_rules.py,28741,FunctionDef,toda_prop511_pi12_6_nu6_squared_inference_rule,,declaration
toda_rules.py,28914,FunctionDef,toda_prop511_zero_suspension_left_implies_hopf_injective_inference_rule,,declaration
toda_rules.py,29030,FunctionDef,toda_prop511_zero_suspension_right_implies_delta_surjective_inference_rule,,declaration
toda_rules.py,29145,FunctionDef,toda_prop511_pi9_5_to_pi7_2_delta_injective_inference_rule,,declaration
toda_rules.py,29288,FunctionDef,toda_prop511_pi9_3_zero_inference_rule,,declaration
toda_rules.py,29415,FunctionDef,toda_prop511_finite_dimensional_literature_statements,,declaration
toda_rules.py,29452,FunctionDef,toda_prop511_finite_dimensional_integration_inference_rule,,declaration
toda_rules.py,29776,FunctionDef,toda_prop51_finite_dimensional_integration_inference_rule,,declaration
toda_rules.py,30051,FunctionDef,toda_53_n3_prop51_delta_injective_inference_rule,,declaration
toda_rules.py,30167,FunctionDef,toda_53_n3_delta_injective_hopf_zero_inference_rule,,declaration
toda_rules.py,30289,FunctionDef,toda_53_n3_hopf_zero_suspension_surjective_inference_rule,,declaration
toda_rules.py,30411,FunctionDef,toda_53_n3_hopf_eta5_surjective_inference_rule,,declaration
toda_rules.py,30583,FunctionDef,toda_53_n3_hopf_surjective_delta_zero_inference_rule,,declaration
toda_rules.py,30705,FunctionDef,toda_53_n3_delta_zero_suspension_injective_inference_rule,,declaration
toda_rules.py,30827,FunctionDef,toda_53_n3_suspension_isomorphism_inference_rule,,declaration
toda_rules.py,30905,FunctionDef,toda_prop53_n3_eta_square_suspension_bridge_inference_rule,,declaration
toda_rules.py,31098,FunctionDef,toda_prop53_n3_pi5_3_finite_cyclic_transport_inference_rule,,declaration
toda_rules.py,31294,FunctionDef,toda_prop53_n4_phase48_injectivity_bridge_inference_rule,,declaration
toda_rules.py,31383,FunctionDef,toda_prop53_n4_zero_right_suspension_surjective_inference_rule,,declaration
toda_rules.py,31497,FunctionDef,toda_prop53_n4_suspension_isomorphism_inference_rule,,declaration
toda_rules.py,31577,FunctionDef,toda_prop53_n4_eta_square_suspension_bridge_inference_rule,,declaration
toda_rules.py,31785,FunctionDef,toda_prop53_n4_pi6_4_finite_cyclic_transport_inference_rule,,declaration
toda_rules.py,31981,FunctionDef,toda_prop53_eta4_squared_stable_transport_inference_rule,,declaration
toda_rules.py,32235,FunctionDef,toda_prop53_higher_eta_squared_bridge_inference_rule,,declaration
toda_rules.py,32435,FunctionDef,toda_prop53_higher_eta_squared_finite_cyclic_generator_inference_rule,,declaration
toda_rules.py,32572,FunctionDef,toda_prop53_finite_dimensional_integration_inference_rule,,declaration
toda_rules.py,32910,ClassDef,TodaEtaFamilyDefinitionStatement,,declaration
toda_rules.py,32917,ClassDef,TodaNuFamilyDefinitionStatement,,declaration
toda_rules.py,32924,ClassDef,TodaSigmaFamilyDefinitionStatement,,declaration
toda_rules.py,32932,ClassDef,TodaDeltaImageFreeCyclicStatement,,declaration
toda_rules.py,32938,ClassDef,TodaSuspensionKernelFreeCyclicStatement,,declaration
toda_rules.py,32944,ClassDef,TodaSuspensionSurjectiveStatement,,declaration
toda_rules.py,32949,ClassDef,Toda45IsomorphismStatement,,declaration
toda_rules.py,32954,ClassDef,Toda45StableTwoPrimaryIdentificationStatement,,declaration
toda_rules.py,32960,ClassDef,Toda45StableTwoPrimaryZeroStatement,,declaration
toda_rules.py,32967,ClassDef,TodaStableSigmaDefinitionStatement,,declaration
toda_rules.py,32974,ClassDef,TodaStableEtaDefinitionStatement,,declaration
toda_rules.py,32981,ClassDef,TodaStableEtaSquaredDefinitionStatement,,declaration
toda_rules.py,32989,ClassDef,TodaStableNuDefinitionStatement,,declaration
toda_rules.py,32996,ClassDef,TodaStableNuSquaredDefinitionStatement,,declaration
toda_rules.py,33004,ClassDef,Toda33StableOrdinaryIdentificationStatement,,declaration
toda_rules.py,33010,ClassDef,TodaStableIotaDefinitionStatement,,declaration
toda_rules.py,33017,ClassDef,TodaStableG0ToG7Statement,,declaration
toda_rules.py,33029,ClassDef,TodaIteratedSuspensionInjectiveStatement,,declaration
toda_rules.py,33034,ClassDef,TodaProp56Pi8_5QuotientStatement,,declaration
toda_rules.py,33040,FunctionDef,toda_prop27_iota2_whitehead_hopf_invariant_inference_rule,,declaration
toda_rules.py,33126,ClassDef,TodaProp44IsomorphismStatement,,declaration
toda_rules.py,33131,ClassDef,TodaProp44FirstSummandRestrictionStatement,,declaration
toda_rules.py,33137,ClassDef,TodaProp44SecondSummandRestrictionStatement,,declaration
toda_rules.py,33143,ClassDef,Toda52CompositionIsomorphismStatement,,declaration
toda_rules.py,33150,ClassDef,TodaProp44SuspensionInjectiveStatement,,declaration
toda_rules.py,33154,FunctionDef,toda_52_eta2_composition_isomorphism_inference_rule,,declaration
toda_rules.py,33432,FunctionDef,toda_52_pi4_2_finite_cyclic_transport_inference_rule,,declaration
toda_rules.py,33675,FunctionDef,toda_prop56_pi5_2_eta2_cube_inference_rule,,declaration
toda_rules.py,33934,FunctionDef,toda_57_nu_prime_eta6_hopf_inference_rule,,declaration
toda_rules.py,34244,FunctionDef,toda_prop56_eta3_cube_order_two_inference_rule,,declaration
toda_rules.py,34418,FunctionDef,toda_prop56_nu_prime_order_four_inference_rule,,declaration
toda_rules.py,34565,FunctionDef,toda_prop56_pi6_3_finite_cyclic_inference_rule,,declaration
toda_rules.py,34848,FunctionDef,toda_prop56_pi7_4_decomposition_inference_rule,,declaration
toda_rules.py,35150,FunctionDef,toda_prop56_pi8_5_quotient_inference_rule,,declaration
toda_rules.py,35338,FunctionDef,toda_prop56_pi6_3_e2_injective_inference_rule,,declaration
toda_rules.py,35521,FunctionDef,toda_prop56_nu5_double_relation_inference_rule,,declaration
toda_rules.py,35681,FunctionDef,toda_prop56_e2_nu_prime_order_four_inference_rule,,declaration
toda_rules.py,35798,FunctionDef,toda_prop56_nu5_order_eight_inference_rule,,declaration
toda_rules.py,35927,FunctionDef,toda_prop56_pi8_5_finite_cyclic_inference_rule,,declaration
toda_rules.py,36119,FunctionDef,toda_prop56_nu5_stable_transport_inference_rule,,declaration
toda_rules.py,36337,FunctionDef,toda_prop56_higher_nu_family_bridge_inference_rule,,declaration
toda_rules.py,36505,FunctionDef,toda_prop56_higher_nu_finite_cyclic_generator_inference_rule,,declaration
toda_rules.py,36665,FunctionDef,toda_prop56_pi7_3_hopf_surjective_inference_rule,,declaration
toda_rules.py,36898,FunctionDef,toda_prop56_pi7_5_delta_zero_inference_rule,,declaration
toda_rules.py,37019,FunctionDef,toda_prop56_pi5_2_suspension_injective_inference_rule,,declaration
toda_rules.py,37140,FunctionDef,toda_pi_i_minus_1_1_zero_inference_rule,,declaration
toda_rules.py,37210,FunctionDef,toda_prop44_eta2_second_summand_restriction_inference_rule,,declaration
toda_rules.py,37429,FunctionDef,toda_prop44_first_summand_restriction_inference_rule,,declaration
toda_rules.py,37568,FunctionDef,toda_prop44_suspension_injective_inference_rule,,declaration
toda_rules.py,37679,FunctionDef,toda_prop44_isomorphism_inference_rule,,declaration
toda_rules.py,37918,FunctionDef,toda_prop44_eta2_n2_isomorphism_inference_rule,,declaration
toda_rules.py,38172,FunctionDef,toda_45_isomorphism_inference_rule,,declaration
toda_rules.py,38348,FunctionDef,toda_45_pi4_3_finite_cyclic_transport_inference_rule,,declaration
toda_rules.py,38555,FunctionDef,toda_prop42_e_h_exactness_inference_rule,,declaration
toda_rules.py,38648,FunctionDef,toda_prop42_h_delta_exactness_inference_rule,,declaration
toda_rules.py,38758,FunctionDef,toda_prop42_delta_e_exactness_inference_rule,,declaration
toda_rules.py,38861,FunctionDef,toda_prop42_exactness_to_generic_inference_rule,,declaration
toda_rules.py,38899,FunctionDef,toda_exactness_zero_left_implies_hopf_injective_inference_rule,,declaration
toda_rules.py,38988,FunctionDef,toda_suspension_isomorphism_implies_injective_inference_rule,,declaration
toda_rules.py,39024,FunctionDef,toda_exactness_injective_right_implies_delta_zero_inference_rule,,declaration
toda_rules.py,39122,FunctionDef,toda_exactness_zero_delta_implies_hopf_surjective_inference_rule,,declaration
toda_rules.py,39220,FunctionDef,toda_hopf_injective_surjective_implies_isomorphism_inference_rule,,declaration
toda_rules.py,39285,FunctionDef,toda_pi3_2_define_eta2_inference_rule,,declaration
toda_rules.py,39419,FunctionDef,toda_pi3_2_eta2_hopf_relation_inference_rule,,declaration
toda_rules.py,39522,FunctionDef,toda_pi3_2_free_cyclic_generator_inference_rule,,declaration
toda_rules.py,39674,FunctionDef,toda_lemma41_odd_case_inference_rule,,declaration
toda_rules.py,39726,FunctionDef,toda_lemma41_even_nonzero_case_inference_rule,,declaration
toda_rules.py,39865,FunctionDef,toda_lemma41_even_zero_case_inference_rule,,declaration
toda_rules.py,39985,FunctionDef,toda_lemma41_even_zero_h_alpha_inference_rule,,declaration
toda_rules.py,40100,FunctionDef,toda_lemma41_even_zero_suspension_primary_inference_rule,,declaration
toda_rules.py,40220,ClassDef,TodaBracketMembershipStatement,,declaration
toda_rules.py,40228,ClassDef,TodaLemma513Statement,,declaration
toda_rules.py,40235,FunctionDef,toda_prop51_stable_eta_definition_inference_rule,,declaration
toda_rules.py,40406,FunctionDef,toda_prop53_stable_eta_squared_definition_inference_rule,,declaration
toda_rules.py,40674,FunctionDef,toda_prop56_stable_nu_definition_inference_rule,,declaration
toda_rules.py,40845,FunctionDef,toda_prop511_stable_nu_squared_definition_inference_rule,,declaration
toda_rules.py,41110,FunctionDef,toda_43_pi3_3_ordinary_free_cyclic_inference_rule,,declaration
toda_rules.py,41203,FunctionDef,toda_33_g0_stable_identification_inference_rule,,declaration
toda_rules.py,41293,FunctionDef,toda_33_stable_iota_definition_inference_rule,,declaration
toda_rules.py,41450,FunctionDef,toda_33_g0_free_cyclic_inference_rule,,declaration
toda_rules.py,41645,FunctionDef,toda_prop58_g4_two_primary_zero_inference_rule,,declaration
toda_rules.py,41767,FunctionDef,toda_prop59_g5_two_primary_zero_inference_rule,,declaration
toda_rules.py,41889,FunctionDef,toda_prop511_g6_two_primary_finite_cyclic_inference_rule,,declaration
toda_rules.py,42115,FunctionDef,toda_prop56_g3_two_primary_finite_cyclic_inference_rule,,declaration
toda_rules.py,42372,FunctionDef,toda_prop53_g2_two_primary_finite_cyclic_inference_rule,,declaration
toda_rules.py,42608,FunctionDef,toda_prop51_g1_two_primary_finite_cyclic_inference_rule,,declaration
toda_rules.py,42854,FunctionDef,toda_lemma513_sigma_triple_prime_definition_inference_rule,,declaration
toda_rules.py,43073,ClassDef,Toda514FirstShortExactStatement,,declaration
toda_rules.py,43082,ClassDef,Toda514SecondShortExactStatement,,declaration
toda_rules.py,43090,FunctionDef,toda_514_delta_eta13_squared_zero_inference_rule,,declaration
toda_rules.py,43309,FunctionDef,toda_514_second_short_exact_concrete_exactness_inference_rule,,declaration
toda_rules.py,43415,FunctionDef,toda_514_second_short_exact_inference_rule,,declaration
toda_rules.py,43832,FunctionDef,toda_514_delta_nu11_zero_inference_rule,,declaration
toda_rules.py,44089,FunctionDef,toda_514_first_short_exact_inference_rule,,declaration
toda_rules.py,44316,ClassDef,Toda514FirstShortExactStatement,,declaration
toda_rules.py,44324,FunctionDef,toda_514_delta_nu11_zero_inference_rule,,declaration
toda_rules.py,44734,FunctionDef,toda_514_first_short_exact_concrete_exactness_inference_rule,,declaration
toda_rules.py,44841,FunctionDef,toda_514_first_short_exact_inference_rule,,declaration
toda_rules.py,45274,ClassDef,Toda36Lemma514SigmaDoublePrimeBridgeStatement,,declaration
toda_rules.py,45285,ClassDef,TodaLemma514SigmaDoublePrimeStatement,,declaration
toda_rules.py,45298,ClassDef,TodaLemma514SigmaPrimeStatement,,declaration
toda_rules.py,45312,ClassDef,TodaLemma514Sigma8Statement,,declaration
toda_rules.py,45331,ClassDef,Toda515Sigma8Prop44SpecializationStatement,,declaration
toda_rules.py,45340,ClassDef,Toda515Sigma8TransportedDecompositionStatement,,declaration
toda_rules.py,45350,ClassDef,Toda48Pi16_9OrderAndE4InjectiveStatement,,declaration
toda_rules.py,45357,FunctionDef,toda_48_pi16_9_order_and_e4_injective_inference_rule,,declaration
toda_rules.py,45486,FunctionDef,toda_prop515_pi16_9_sigma9_finite_cyclic_inference_rule,,declaration
toda_rules.py,45812,FunctionDef,toda_45_sigma9_finite_cyclic_transport_inference_rule,,declaration
toda_rules.py,46067,FunctionDef,toda_36_lemma514_sigma_double_prime_bridge_inference_rule,,declaration
toda_rules.py,46606,FunctionDef,toda_lemma514_sigma_double_prime_inference_rule,,declaration
toda_rules.py,47033,FunctionDef,toda_lemma514_sigma_prime_inference_rule,,declaration
toda_rules.py,47391,FunctionDef,toda_prop515_pi14_7_finite_cyclic_inference_rule,,declaration
toda_rules.py,47754,FunctionDef,toda_prop515_pi13_6_finite_cyclic_inference_rule,,declaration
toda_rules.py,48075,FunctionDef,toda_lemma514_sigma8_inference_rule,,declaration
toda_rules.py,48417,FunctionDef,toda_prop515_sigma8_prop44_specialization_inference_rule,,declaration
toda_rules.py,48535,FunctionDef,toda_prop515_sigma8_prop44_isomorphism_inference_rule,,declaration
toda_rules.py,48737,FunctionDef,toda_prop515_sigma8_transported_decomposition_inference_rule,,declaration
toda_rules.py,49073,FunctionDef,toda_prop515_pi15_8_final_group_inference_rule,,declaration
toda_rules.py,49361,FunctionDef,toda_516_sigma8_suspension_kernel_inference_rule,,declaration
toda_rules.py,49772,FunctionDef,toda_516_concrete_delta_e_exactness_inference_rule,,declaration
toda_rules.py,49853,FunctionDef,toda_516_exactness_kernel_to_delta_image_inference_rule,,declaration
toda_rules.py,50008,FunctionDef,toda_516_delta_iota17_generator_inference_rule,,declaration
toda_rules.py,50291,ClassDef,TodaLemma516TypedSetupStatement,,declaration
toda_rules.py,50307,ClassDef,TodaLemma516BracketSumContainmentStatement,,declaration
toda_rules.py,50318,ClassDef,Toda36Lemma516FirstBracketTermStatement,,declaration
toda_rules.py,50330,ClassDef,Toda36Lemma516SecondBracketTermStatement,,declaration
toda_rules.py,50342,ClassDef,Toda36Lemma516BracketSumContainmentStatement,,declaration
toda_rules.py,50355,ClassDef,TodaLemma516Sigma8IteratedSuspensionBridgeStatement,,declaration
toda_rules.py,50367,ClassDef,TodaLemma516SigmaTPlus8DefinitionStatement,,declaration
toda_rules.py,50375,ClassDef,TodaLemma516ScaledCompositionBridgeStatement,,declaration
toda_rules.py,50390,FunctionDef,toda_lemma516_typed_setup_statement,,declaration
toda_rules.py,50650,FunctionDef,toda_36_lemma516_first_bracket_term_inference_rule,,declaration
toda_rules.py,50977,FunctionDef,toda_36_lemma516_second_bracket_term_inference_rule,,declaration
toda_rules.py,51291,FunctionDef,toda_36_lemma516_bracket_sum_containment_inference_rule,,declaration
toda_rules.py,51488,FunctionDef,toda_lemma516_sigma8_iterated_suspension_bridge_inference_rule,,declaration
toda_rules.py,51753,FunctionDef,toda_lemma516_sigma_t_plus_8_definition_inference_rule,,declaration
toda_rules.py,51896,FunctionDef,toda_lemma516_scaled_composition_bridge_inference_rule,,declaration
toda_rules.py,52158,FunctionDef,toda_lemma516_scaled_bracket_sum_inference_rule,,declaration
toda_rules.py,52356,FunctionDef,toda_prop515_finite_dimensional_literature_statements,,declaration
toda_rules.py,52400,FunctionDef,toda_prop515_finite_dimensional_integration_inference_rule,,declaration
toda_rules.py,52941,ClassDef,Toda54BracketUpToSignStatement,,declaration
toda_rules.py,52947,ClassDef,TodaLemma55BracketContainsUpToSignStatement,,declaration
toda_rules.py,52953,ClassDef,TodaLemma55SuspensionUpToSignStatement,,declaration
toda_rules.py,52959,ClassDef,Toda54IndeterminacyGeneratorStatement,,declaration
toda_rules.py,52965,ClassDef,TodaLemma510BracketModuloStatement,,declaration
toda_rules.py,52972,FunctionDef,toda_lemma510_eta8_two_iota9_zero_inference_rule,,declaration
toda_rules.py,53112,FunctionDef,toda_lemma510_prop26_indexed_hopf_inference_rule,,declaration
toda_rules.py,53381,FunctionDef,toda_lemma510_split_115_inference_rule,,declaration
toda_rules.py,53485,FunctionDef,toda_lemma510_hopf_from_split_inference_rule,,declaration
toda_rules.py,53562,FunctionDef,toda_lemma510_corrected_exactness_core_inference_rule,,declaration
toda_rules.py,53717,FunctionDef,toda_lemma510_corrected_exactness_core_inference_rule,,declaration
toda_rules.py,53872,FunctionDef,toda_lemma510_corrected_modulo_integration_inference_rule,,declaration
toda_rules.py,54030,ClassDef,TodaLemma510HopfBracketContainsStatement,,declaration
toda_rules.py,54036,ClassDef,TodaLemma510BracketPlusSuspensionImageStatement,,declaration
toda_rules.py,54043,ClassDef,TodaLemma510SuspensionImageInDoubleStatement,,declaration
toda_rules.py,54050,ClassDef,TodaLemma510Nu6OrdinaryCompositionReductionStatement,,declaration
toda_rules.py,54057,ClassDef,TodaLemma510Nu6OrdinaryCompositionZeroStatement,,declaration
toda_rules.py,54063,ClassDef,TodaLemma510OrdinaryIndeterminacyDoubleStatement,,declaration
toda_rules.py,54069,FunctionDef,toda_lemma510_nu6_ordinary_composition_reduction_inference_rule,,declaration
toda_rules.py,54254,FunctionDef,toda_lemma510_nu6_ordinary_composition_zero_inference_rule,,declaration
toda_rules.py,54486,FunctionDef,toda_lemma510_eta9_two_iota10_zero_inference_rule,,declaration
toda_rules.py,54621,FunctionDef,toda_lemma510_ordinary_indeterminacy_double_inference_rule,,declaration
toda_rules.py,54809,ClassDef,TodaLemma510IndexedHopfBracketContainsStatement,,declaration
toda_rules.py,54815,ClassDef,TodaLemma510Split115Statement,,declaration
toda_rules.py,54821,ClassDef,TodaLemma510OrdinaryBracketPlusSuspensionImageStatement,,declaration
toda_rules.py,54830,ClassDef,TodaLemma510OrdinarySuspensionImageFiniteStatement,,declaration
toda_rules.py,54837,ClassDef,TodaLemma510OrdinarySuspensionImageTwoPrimaryZeroStatement,,declaration
toda_rules.py,54844,ClassDef,TodaLemma510OrdinarySuspensionImageInDoubleStatement,,declaration
toda_rules.py,54851,FunctionDef,toda_lemma510_indeterminacy_inference_rule,,declaration
toda_rules.py,55110,FunctionDef,toda_lemma510_suspension_image_in_double_inference_rule,,declaration
toda_rules.py,55261,FunctionDef,toda_lemma510_ordinary_suspension_image_finite_inference_rule,,declaration
toda_rules.py,55336,FunctionDef,toda_lemma510_ordinary_suspension_image_two_primary_zero_inference_rule,,declaration
toda_rules.py,55462,FunctionDef,toda_lemma510_ordinary_suspension_image_in_double_inference_rule,,declaration
toda_rules.py,55589,FunctionDef,toda_lemma510_modulo_integration_inference_rule,,declaration
toda_rules.py,55751,FunctionDef,toda_lemma510_hopf_bracket_contains_inference_rule,,declaration
toda_rules.py,55985,FunctionDef,toda_lemma510_exactness_core_inference_rule,,declaration
toda_rules.py,56188,ClassDef,Toda36Lemma54SpecializationStatement,,declaration
toda_rules.py,56197,ClassDef,TodaLemma54DoubleSuspensionUpToSignStatement,,declaration
toda_rules.py,56203,ClassDef,TodaLemma54HopfOddMultipleStatement,,declaration
toda_rules.py,56210,ClassDef,TodaLemma54WhiteheadCorrectionDataStatement,,declaration
toda_rules.py,56226,ClassDef,TodaLemma54Nu4ConstructionStatement,,declaration
toda_rules.py,56237,ClassDef,TodaLemma54Statement,,declaration
toda_rules.py,56249,ClassDef,Toda56Nu4Prop44SpecializationStatement,,declaration
toda_rules.py,56258,ClassDef,Toda56Nu4DecompositionIsomorphismStatement,,declaration
toda_rules.py,56263,ClassDef,Toda56Nu4DecompositionStatement,,declaration
toda_rules.py,56274,FunctionDef,toda_56_nu4_decomposition_literature_statements,,declaration
toda_rules.py,56301,FunctionDef,toda_56_nu4_decomposition_integration_inference_rule,,declaration
toda_rules.py,56503,FunctionDef,toda_56_nu4_prop44_specialization_inference_rule,,declaration
toda_rules.py,56634,FunctionDef,toda_56_nu4_prop44_isomorphism_inference_rule,,declaration
toda_rules.py,56880,FunctionDef,toda_56_nu4_decomposition_isomorphism_inference_rule,,declaration
toda_rules.py,57062,FunctionDef,toda_prop56_finite_dimensional_literature_statements,,declaration
toda_rules.py,57096,FunctionDef,toda_prop56_finite_dimensional_integration_inference_rule,,declaration
toda_rules.py,57465,FunctionDef,toda_58_delta_iota9_nu4_nu_prime_inference_rule,,declaration
toda_rules.py,57613,FunctionDef,toda_58_whitehead_square_nu_expression_inference_rule,,declaration
toda_rules.py,57797,FunctionDef,toda_58_delta_iota9_whitehead_square_inference_rule,,declaration
toda_rules.py,57946,FunctionDef,toda_58_literature_statements,,declaration
toda_rules.py,57971,FunctionDef,toda_58_integration_inference_rule,,declaration
toda_rules.py,58186,ClassDef,TodaLemma55Statement,,declaration
toda_rules.py,58200,ClassDef,Toda55NuFamilyFiniteDimensionalStatement,,declaration
toda_rules.py,58212,FunctionDef,toda_55_nu_family_literature_statements,,declaration
toda_rules.py,58240,FunctionDef,toda_55_nu_family_finite_dimensional_integration_inference_rule,,declaration
toda_rules.py,58511,FunctionDef,toda_lemma54_literature_statements,,declaration
toda_rules.py,58647,FunctionDef,toda_lemma54_integration_inference_rule,,declaration
toda_rules.py,58827,FunctionDef,toda_lemma54_whitehead_correction_data_inference_rule,,declaration
toda_rules.py,58925,FunctionDef,toda_lemma54_nu4_piecewise_construction_inference_rule,,declaration
toda_rules.py,59137,FunctionDef,toda_lemma54_nu4_membership_inference_rule,,declaration
toda_rules.py,59176,FunctionDef,toda_lemma54_nu4_hopf_inference_rule,,declaration
toda_rules.py,59265,FunctionDef,toda_lemma54_nu4_double_suspension_inference_rule,,declaration
toda_rules.py,59353,FunctionDef,toda_lemma54_pi6_5_finite_cyclic_inference_rule,,declaration
toda_rules.py,59487,FunctionDef,toda_48_lemma54_hopf_odd_multiple_inference_rule,,declaration
toda_rules.py,59717,FunctionDef,toda_lemma54_eta6_twice_zero_inference_rule,,declaration
toda_rules.py,59848,FunctionDef,toda_36_lemma54_specialization_inference_rule,,declaration
toda_rules.py,60090,FunctionDef,toda_54_n5_t3_specialization_inference_rule,,declaration
toda_rules.py,60317,FunctionDef,toda_lemma54_double_suspension_up_to_sign_inference_rule,,declaration
toda_rules.py,60431,FunctionDef,toda_54_t_ge_1_indeterminacy_eta_cube_inference_rule,,declaration
toda_rules.py,60631,FunctionDef,toda_54_nu_prime_triple_eta_transport_inference_rule,,declaration
toda_rules.py,60857,FunctionDef,toda_54_indeterminacy_double_nu_prime_generator_inference_rule,,declaration
toda_rules.py,60956,FunctionDef,toda_54_nu_prime_bracket_inclusion_inference_rule,,declaration
toda_rules.py,61273,FunctionDef,toda_54_t_ge_1_up_to_sign_inference_rule,,declaration
toda_rules.py,61368,FunctionDef,toda_32_phase60_suspension_surjective_inference_rule,,declaration
toda_rules.py,61461,FunctionDef,toda_54_t0_bridge_inference_rule,,declaration
toda_rules.py,61706,FunctionDef,toda_lemma55_alpha_star_bracket_inclusion_inference_rule,,declaration
toda_rules.py,62018,FunctionDef,toda_lemma55_nu4_suspension_correction_inference_rule,,declaration
toda_rules.py,62181,FunctionDef,toda_lemma55_alpha_star_to_nu4_composition_inference_rule,,declaration
toda_rules.py,62357,FunctionDef,toda_lemma55_literature_statements,,declaration
toda_rules.py,62401,FunctionDef,toda_lemma55_integration_inference_rule,,declaration
toda_rules.py,62746,ClassDef,Toda53NuPrimeBracketSpecializationStatement,,declaration
toda_rules.py,62753,FunctionDef,toda_53_nu_prime_bracket_specialization_inference_rule,,declaration
toda_rules.py,62907,FunctionDef,toda_53_eta3_twice_zero_inference_rule,,declaration
toda_rules.py,63014,FunctionDef,toda_53_nu_prime_lemma52_hopf_inference_rule,,declaration
toda_rules.py,63134,FunctionDef,toda_53_nu_prime_lemma52_double_inference_rule,,declaration
toda_rules.py,63275,FunctionDef,toda_53_nu_prime_lemma52_membership_inference_rule,,declaration
toda_rules.py,63387,FunctionDef,toda_53_eta5_iterated_suspension_bridge_inference_rule,,declaration
toda_rules.py,63568,FunctionDef,toda_53_eta4_suspension_bridge_inference_rule,,declaration
toda_rules.py,63740,ClassDef,TodaBracketMembershipTheoremStatement,,declaration
toda_rules.py,63747,FunctionDef,toda_bracket_membership_theorem_proof_step,,declaration
toda_rules.py,63767,ClassDef,TodaLemma52BracketCompositionMembershipStatement,,declaration
toda_rules.py,63776,ClassDef,TodaLemma52BracketRepresentativeStatement,,declaration
toda_rules.py,63781,FunctionDef,toda_prop14_lemma52_bracket_transformation_inference_rule,,declaration
toda_rules.py,63952,FunctionDef,toda_prop13_lemma52_bracket_transformation_inference_rule,,declaration
toda_rules.py,64152,FunctionDef,toda_cor37_lemma52_representative_inference_rule,,declaration
toda_rules.py,64355,FunctionDef,toda_prop51_eta4_twice_zero_inference_rule,,declaration
toda_rules.py,64489,FunctionDef,toda_21_lemma52_suspended_indeterminacy_zero_inference_rule,,declaration
toda_rules.py,64660,FunctionDef,toda_lemma45_n4_suspension_zero_reflection_inference_rule,,declaration
toda_rules.py,64847,FunctionDef,toda_lemma52_prop26_first_zero_inference_rule,,declaration
toda_rules.py,64991,FunctionDef,toda_lemma52_hopf_value_inference_rule,,declaration
toda_rules.py,65178,FunctionDef,toda_lemma52_beta_membership_inference_rule,,declaration
toda_rules.py,65318,FunctionDef,toda_lemma52_double_value_inference_rule,,declaration
toda_rules.py,65692,FunctionDef,toda_lemma52_delta_e2_alpha_zero_inference_rule,,declaration
toda_rules.py,65772,ClassDef,TodaBracketDefinedStatement,,declaration
toda_rules.py,65777,ClassDef,TodaProp26HopfBracketConsequenceStatement,,declaration
toda_rules.py,65785,FunctionDef,toda_prop26_lemma52_hopf_bracket_inference_rule,,declaration
toda_rules.py,66022,FunctionDef,toda_bracket_membership_from_theorem_inference_rule,,declaration
toda_rules.py,66076,FunctionDef,indexed_toda_bracket_membership_from_theorem_inference_rule,,declaration
toda_rules.py,66144,FunctionDef,toda_bracket_defined_by_zero_compositions_inference_rule,,declaration
toda_rules.py,66214,FunctionDef,indexed_toda_bracket_index1_defined_inference_rule,,declaration
toda_rules.py,66307,FunctionDef,toda_delta_iota5_whitehead_square_inference_rule,,declaration
toda_rules.py,66397,FunctionDef,toda_delta_iota5_two_eta2_up_to_sign_inference_rule,,declaration
toda_rules.py,66556,FunctionDef,toda_pi3_2_whitehead_square_up_to_sign_inference_rule,,declaration
toda_rules.py,66740,FunctionDef,toda_pi4_3_delta_image_free_cyclic_inference_rule,,declaration
toda_rules.py,66909,FunctionDef,toda_pi4_3_exactness_delta_image_to_suspension_kernel_inference_rule,,declaration
toda_rules.py,67037,FunctionDef,toda_pi4_3_zero_right_implies_suspension_surjective_inference_rule,,declaration
toda_rules.py,67148,FunctionDef,toda_pi4_3_finite_cyclic_inference_rule,,declaration
toda_rules.py,67320,FunctionDef,toda_eta_family_definition_statement,,declaration
toda_rules.py,67410,FunctionDef,toda_nu_family_definition_statement,,declaration
toda_rules.py,67496,FunctionDef,toda_55_nu_family_double_suspension_transport_inference_rule,,declaration
toda_rules.py,67676,FunctionDef,toda_sigma_family_definition_statement,,declaration
toda_rules.py,67796,FunctionDef,toda_lemma514_sigma_family_definition_inference_rule,,declaration
toda_rules.py,67964,FunctionDef,toda_eta3_suspension_relation_inference_rule,,declaration
toda_rules.py,68066,FunctionDef,toda_higher_eta_family_bridge_inference_rule,,declaration
toda_rules.py,68232,FunctionDef,toda_higher_eta_finite_cyclic_generator_inference_rule,,declaration
toda_rules.py,68419,FunctionDef,toda_pi4_3_eta3_generator_inference_rule,,declaration
toda_rules.py,68554,FunctionDef,toda_lemma45_n4_two_iota3_composition_inference_rule,,declaration
toda_rules.py,30041,Call,LiteratureReference,label='Toda Proposition 5.1'; author='H. Toda'; title='Composition Methods in Homotopy Groups of Spheres'; year=1962; locator='Proposition 5.1',candidate registration (not unique)
toda_rules.py,33422,Call,LiteratureReference,label='Toda (5.2)'; author='H. Toda'; title='Composition Methods in Homotopy Groups of Spheres'; year=1962; locator='(5.2)',candidate registration (not unique)
toda_rules.py,37419,Call,LiteratureReference,label='Toda Proposition 4.4'; author='H. Toda'; title='Composition Methods in Homotopy Groups of Spheres'; year=1962; locator='Proposition 4.4',candidate registration (not unique)
toda_rules.py,38162,Call,LiteratureReference,label='Toda Proposition 4.4'; author='H. Toda'; title='Composition Methods in Homotopy Groups of Spheres'; year=1962; locator='Proposition 4.4',candidate registration (not unique)
toda_rules.py,62897,Call,LiteratureReference,label='Toda (5.3)'; author='H. Toda'; title='Composition Methods in Homotopy Groups of Spheres'; year=1962; locator='(5.3)',candidate registration (not unique)
toda_rules.py,63004,Call,LiteratureReference,label='Toda Proposition 5.1'; author='H. Toda'; title='Composition Methods in Homotopy Groups of Spheres'; year=1962; locator='Proposition 5.1',candidate registration (not unique)
toda_rules.py,63124,Call,LiteratureReference,label='Toda (5.3)'; author='H. Toda'; title='Composition Methods in Homotopy Groups of Spheres'; year=1962; locator='(5.3)',candidate registration (not unique)
toda_rules.py,63265,Call,LiteratureReference,label='Toda (5.3)'; author='H. Toda'; title='Composition Methods in Homotopy Groups of Spheres'; year=1962; locator='(5.3)',candidate registration (not unique)
toda_rules.py,63377,Call,LiteratureReference,label='Toda (5.3)'; author='H. Toda'; title='Composition Methods in Homotopy Groups of Spheres'; year=1962; locator='(5.3)',candidate registration (not unique)
toda_rules.py,12943,Call,LiteratureReference,label='Toda (5.12)'; locator='Equation (5.12)',candidate registration (not unique)
toda_rules.py,12971,Call,LiteratureReference,label='Toda Proposition 5.9'; locator='Proposition 5.9',candidate registration (not unique)
toda_rules.py,13013,Call,LiteratureReference,label='Toda Proposition 5.11'; locator='Proposition 5.11',candidate registration (not unique)
toda_rules.py,13041,Call,LiteratureReference,label='Toda Proposition 5.8'; locator='Proposition 5.8',candidate registration (not unique)
toda_rules.py,29427,Call,LiteratureReference,label='Toda Proposition 5.11'; locator='Proposition 5.11',candidate registration (not unique)
toda_rules.py,52368,Call,LiteratureReference,label='Toda Proposition 5.15'; locator='Proposition 5.15',candidate registration (not unique)
toda_rules.py,56286,Call,LiteratureReference,label='Toda (5.6)'; locator='Equation (5.6)',candidate registration (not unique)
toda_rules.py,57074,Call,LiteratureReference,label='Toda Proposition 5.6'; locator='Proposition 5.6',candidate registration (not unique)
toda_rules.py,57958,Call,LiteratureReference,label='Toda (5.8)'; locator='Equation (5.8)',candidate registration (not unique)
toda_rules.py,58224,Call,LiteratureReference,label='Toda (5.5)'; locator='Equation (5.5)',candidate registration (not unique)
toda_rules.py,58523,Call,LiteratureReference,label='Toda Proposition 1.3'; locator='Proposition 1.3',candidate registration (not unique)
toda_rules.py,58535,Call,LiteratureReference,label='Toda (1.15)'; locator='Equation (1.15)',candidate registration (not unique)
toda_rules.py,58548,Call,LiteratureReference,label='Toda (3.2)'; locator='Equation (3.2)',candidate registration (not unique)
toda_rules.py,58560,Call,LiteratureReference,label='Toda Theorem 3.6'; locator='Theorem 3.6',candidate registration (not unique)
toda_rules.py,58574,Call,LiteratureReference,label='Toda (4.7)'; locator='Equation (4.7)',candidate registration (not unique)
toda_rules.py,58587,Call,LiteratureReference,label='Toda Proposition 5.3'; locator='Proposition 5.3',candidate registration (not unique)
toda_rules.py,58598,Call,LiteratureReference,label='Toda (5.3)'; locator='Equation (5.3)',candidate registration (not unique)
toda_rules.py,58610,Call,LiteratureReference,label='Toda (5.4)'; locator='Equation (5.4)',candidate registration (not unique)
toda_rules.py,58622,Call,LiteratureReference,label='Toda (4.8)'; locator='Equation (4.8)',candidate registration (not unique)
toda_rules.py,58634,Call,LiteratureReference,label='Toda Lemma 5.4 proof'; locator='Lemma 5.4 proof',candidate registration (not unique)
toda_rules.py,62369,Call,LiteratureReference,label='Toda Lemma 5.5'; locator='Lemma 5.5',candidate registration (not unique)
toda_rules.py,62384,Call,LiteratureReference,label='Toda Lemma 5.5 proof'; locator='Lemma 5.5 proof',candidate registration (not unique)
toda_stable_eta_generator_normalization.py,37,FunctionDef,toda_eta_concrete_generator_normalization_inference_rule,,declaration
toda_stable_eta_proof_replay.py,65,Call,ProofRepositoryEntry,key=f'phase162.r4b2.derived.{source.key}'; step=derived_step; phase='162-R4-B2'; theorem=source.theorem,candidate registration (not unique)
toda_stable_generator_normalization.py,29,FunctionDef,toda_sigma_transport_generator_normalization_inference_rule,,declaration
toda_stable_generator_normalization.py,244,FunctionDef,toda_nu_squared_transport_generator_normalization_inference_rule,,declaration
toda_stable_group_transport.py,99,FunctionDef,toda_45_generic_finite_cyclic_transport_inference_rule,,declaration
toda_stable_group_transport.py,209,FunctionDef,toda_45_generic_zero_group_transport_inference_rule,,declaration
toda_upstream_bootstrap.py,213,FunctionDef,_toda_fixed_reference_metadata_rule,,declaration
toda_upstream_bootstrap.py,223,Call,LiteratureReference,label='Toda ' + locator; author='H. Toda'; title='Composition Methods in Homotopy Groups of Spheres'; year=1962; locator=locator,candidate registration (not unique)
toda_upstream_bootstrap.py,466,Call,LiteratureReference,label='Toda Proposition 5.1'; author='H. Toda'; title='Composition Methods in Homotopy Groups of Spheres'; year=1962; locator='Proposition 5.1',candidate registration (not unique)
toda_upstream_bootstrap.py,833,Call,LiteratureReference,label='Toda (5.3)'; author='H. Toda'; title='Composition Methods in Homotopy Groups of Spheres'; year=1962; locator='(5.3)',candidate registration (not unique)
toda_upstream_bootstrap.py,267,Call,LiteratureReference,label='Toda (5.1)'; locator='(5.1)',candidate registration (not unique)
toda_upstream_bootstrap.py,281,Call,LiteratureReference,label='Toda (5.1)'; locator='(5.1)',candidate registration (not unique)
toda_upstream_bootstrap.py,296,Call,LiteratureReference,label='Toda (5.1)'; locator='(5.1)',candidate registration (not unique)
web_generator_applicability.py,20,ClassDef,WebGeneratorApplicabilityRuleFamilyView,,declaration
web_generator_applicability.py,362,FunctionDef,_build_rule_family_view,,declaration
web_generator_applicability.py,385,FunctionDef,_render_source_statement,,declaration
web_generator_execution.py,384,FunctionDef,_render_execution_statement,,declaration
web_generator_proof.py,199,FunctionDef,_generator_proof_rule_name,,declaration
web_generator_proof.py,208,FunctionDef,_generator_proof_statement_latex,,declaration
web_group_proof.py,431,FunctionDef,_group_proof_rule_name,,declaration
web_group_proof.py,440,FunctionDef,_group_proof_statement_latex,,declaration
web_operation_query_proof.py,280,FunctionDef,_operation_query_proof_rule_name,,declaration
