file,phase,bytes,sha256,test_functions,current_contract,historical_compatibility,audit_only,superseded_snapshot,duplicate_coverage,performance_heavy_integration
tests/test_algebra.py,core,52840,2e85fc6ef94a7c6ea2d5f78b6daa2073dc90fc1b8d1f0c6a08f370752897d00a,109,109,0,0,0,0,0
tests/test_composition_facts.py,core,12921,856bc8aec92479689b14ca53d6d585e1b713804c4e1ca0c2e77652de2fab8caf,27,27,0,0,0,0,0
tests/test_ehp.py,core,17874,f692a1967e3be41d9947f5fc413713aeb550e0ab5a29464fe26f28646db6cb80,34,34,0,0,0,0,0
tests/test_ehp_rules.py,core,83305,ded7425277ff4019603a0b2de3f05a0be2707deb986db6c9c68b4c2dbc319af8,26,22,0,1,0,0,3
tests/test_expression.py,core,64741,619f0b24485cfcc6267131fbdb35c32109d06c298320170b320729e8408baf06,145,133,8,0,0,4,0
tests/test_formatter.py,core,11267,679c9a3500d58f75c2507e1e6d5b8c29e471499e678dcb512e5459bc3af75db2,26,26,0,0,0,0,0
tests/test_generator_facts.py,core,53488,49af80db072963c929992eb877b035cd01d2988ffeebb7a6d173e22dc9390901,100,98,2,0,0,0,0
tests/test_homomorphism_rules.py,core,50150,167e2bfdf9a9e619cdf0de8859240a2aa9d95422efefad119c5a759a86bca247,39,39,0,0,0,0,0
tests/test_hopf_rules.py,core,43933,8c08c43394f89b9d4a37b6b6943c763d123351e0a54cfa6bbff33cdcdc76501e,31,31,0,0,0,0,0
tests/test_indeterminacy_rules.py,core,35460,6628a5db184d3e409cda0fe42627db0da0edf02ada774153389a1dafc5897080,36,36,0,0,0,0,0
tests/test_inference_rule_pattern.py,core,271165,f2dd6d99dc6e2fe0632912cdd3627a68353b8b684358676b4ea214d58af7e419,438,423,1,0,0,2,12
tests/test_map_facts.py,core,28004,da59b032e7cbf22d94d034d16e982abc8b3c54a8a35de898c9c45f7e40692337,54,47,1,0,0,1,5
tests/test_map_property_rules.py,core,21342,a87713a7cdeb39e54a66cd7a1c02c913886eacbe62c5e74051304d266b8bc0cb,26,20,0,0,0,0,6
tests/test_phase100_12b_standard_repository_integration.py,100,4322,58eb7b6b70461129f6c1324d2d3554199f7a0f84a852a57720006339b0136fb2,9,6,0,2,0,1,0
tests/test_phase100_12c1_production_one_shot_facade.py,100,2734,2bc52e2fee731c78e1814e86e888e4b4bb1052c01ec304ced1287f18d759505f,5,5,0,0,0,0,0
tests/test_phase100_12c2_minimal_cli_integration.py,100,2837,29411cf72847c4e58429ba6f4a894d51b45a470985179b1043968a37d6d0cdb9,5,4,0,0,0,1,0
tests/test_phase100_12c4_cli_semantic_validation.py,100,2762,6b5cc0dcf65ea7a3eac4c90656d01b49e9a34b911f4829dab33cf5e8b4706e2f,3,3,0,0,0,0,0
tests/test_phase100_minimal_cli.py,100,5615,d3b2da138dc615ea33d6aac0bbe382fd295937550d8fc563f9dcf9be2595af57,11,11,0,0,0,0,0
tests/test_phase100_minimal_generator_resolver.py,100,5799,dce63fd311857cdf941892b1301b064bdd693822df7e671afb3789197ba10158,13,9,0,0,0,4,0
tests/test_phase100_production_proof_builder.py,100,4168,12daedd19e49d5be2dfc05b1b90bab870c3091f987f76ce99e97c79a5e67911e,7,7,0,0,0,0,0
tests/test_phase100_prop511_production_proof_builder.py,100,3833,e4332cc8e8394e09cebb33c38c287b9c6992a7e4cd74755bb0165a6513c59bf3,7,7,0,0,0,0,0
tests/test_phase100_prop511_zero_bootstrap.py,100,2439,17d0fce3a2e2ff08ef2be43bca491f18e904e109b7d0aca3833d1e46433f8c6c,6,5,0,1,0,0,0
tests/test_phase100_prop515_low_bootstrap.py,100,5186,20ee264c1fc707f37a8cbcf4766d4156f05db8d79beaa04816a5923d6f36c829,8,7,0,1,0,0,0
tests/test_phase100_prop515_production_proof_builder.py,100,4800,6a636d2de31b2e3dffc7b58d3e3e8af309bb536e2663992917153ba09515495d,7,7,0,0,0,0,0
tests/test_phase100_prop515_sigma_chain_bootstrap.py,100,5430,447a7c4a40ab3edc05e9812ea934f5ea7ae057e22d2e48bd822197f79c24b925,9,8,0,1,0,0,0
tests/test_phase100_prop515_upper_bootstrap.py,100,6263,6fdacbcb077267a66dd2e2df38e6312326bbd0e7903c3346011b9a74efe5813c,10,9,0,1,0,0,0
tests/test_phase100_prop56_bootstrap.py,100,3652,6cd58eb2b6d7a731cf10d92cefc55b70c1f56783c21aa0eaa4ee32703335e912,6,6,0,0,0,0,0
tests/test_phase100_prop56_midstream.py,100,3766,2afce557b21a2a40ff1229d49893623cae39b5041232833ff0c7dc2cf980b97a,7,6,0,1,0,0,0
tests/test_phase100_prop56_upstream_core.py,100,3783,30ecb05d1efcc4289d11904446fd42e7b1c4225643b57e999e02dc9daa2e9212,7,6,0,1,0,0,0
tests/test_phase100_prop56_zero_bootstrap.py,100,1764,46ef92c4394b4ef3c544c64ecc31d4a97b567e1e4a218c8d3a65546ca4ac3c78,5,4,0,1,0,0,0
tests/test_phase100_prop58_production_proof_builder.py,100,4198,69b590d7ac841e3ba6461395a5fc73eea88089434992e872e508883ee05ae9f0,7,7,0,0,0,0,0
tests/test_phase100_prop58_zero_bootstrap.py,100,1732,1962226e13c91ab3a5a576bf4d68484748b32f3e01e0a363d91a4a70cbf1a87a,5,4,0,1,0,0,0
tests/test_phase100_standard_repository.py,100,7202,401c638659ac7041c14f0937020335cc33adc815270513a5908c24b2693d406e,8,8,0,0,0,0,0
tests/test_phase101_cli_boundary_alias_unknown_regression.py,101,8987,01cce28c6680738c037597e94489232ad9d8b0c5c0e3e691c7f72e29452e1151,10,0,9,0,0,1,0
tests/test_phase101_main_explore_dispatch.py,101,3307,3b5b7cf0bd77dce2e332b74d38fb8dfe7d78a16b086ef6e06788f089ac6b8e94,6,5,1,0,0,0,0
tests/test_phase101_production_element_exploration_facade.py,101,2592,f7bc8be512437b974eb4395dd9c604f1c2fdb28d5416e06e7d84846aba659cc2,7,6,0,0,0,1,0
tests/test_phase101_production_exploration_validation.py,101,5682,fa50060b14db5dbb2650de22da48d4d87cea0541c5f3f035f4dd0c139f4c22f4,9,8,0,0,0,1,0
tests/test_phase102_cli_proof_scope.py,102,5032,1a55014fceb2d4ce444e47c5f96f43ce193dedb1d2274ab69f181df823d2f6dd,8,7,1,0,0,0,0
tests/test_phase102_map_relation_exploration.py,102,7804,b8883a6682dbeb48d867619594a4a1f311fb58e7bfc0b13945be19ba6b6ceb95,10,10,0,0,0,0,0
tests/test_phase102_minimal_theorem_pattern_exploration_result.py,102,4408,d385d937de1b7ba2085c0f015c1cdb14bf316fcb4e2580d1417c5a1046581bca,8,8,0,0,0,0,0
tests/test_phase102_production_scope_facade.py,102,6191,89faa82ea77a4ef24a8f6fda719614ac875248312828cd7d54307c123ae3a75b,13,13,0,0,0,0,0
tests/test_phase102_proof_scope_renderer.py,102,1760,53601b83386eb95f8323dac23c73706eddb0b132c6968c928df73e3ef1bb4bf4,3,3,0,0,0,0,0
tests/test_phase102_proof_scope_semantic_exploration.py,102,6812,89c64071877065ab7b822a7df71d977688f01da4e72c17bcb8ac34484e8e9483,11,11,0,0,0,0,0
tests/test_phase102_proof_scope_traversal.py,102,6677,4ae457a5c06eeee2e99fc279062e4be7d44b5d748c8eae178a5c687d2505a2b6,11,11,0,0,0,0,0
tests/test_phase102_toda_membership_filter.py,102,8182,fee219ec88623557adc7bf5f49b2d10d12db2042f618648ab06ea79e232be54e,11,11,0,0,0,0,0
tests/test_phase103_6d101_toda_lemma54_nu4_membership_theorem_specific_classification.py,103,6282,aae053d41cc9fd0793b2a9fe7fab86c45c6e49ee004959ee76aa59c9fafd4042,8,5,0,1,0,2,0
tests/test_phase103_6d106_toda53_nu_prime_lemma52_membership_theorem_specific_classification.py,103,6172,8ae25f01b744cc7200fc95f0e0a0bf37eba372f5913ee43f5475270593bacd7f,8,5,0,1,0,2,0
tests/test_phase103_6d108_remaining_strict_self_identifying_nu_prime_grouped_relevance_classification.py,103,9237,3842c18fe6ccb7feef7a6b9038b180449406458efb9818b9cc8ce9a4e6d2e73e,9,7,0,1,0,1,0
tests/test_phase103_6d10_second_wave_classification.py,103,5788,e4b9c8bc8080edafbf574a96b320452d488bb2ab5012bfd5200beb0521277c50,5,4,0,0,0,1,0
tests/test_phase103_6d12_deferred_boundary_classification.py,103,3969,4605c5ffef5b46f36096628d0c27486d803e11b5a6aef3351233c6084541d907,5,5,0,0,0,0,0
tests/test_phase103_6d15_generic_exactness_structural_classification.py,103,6634,6fcae2d18b872412cfc7983eedfb45659853b33c58c2b38c6d8de8f2449638e9,4,4,0,0,0,0,0
tests/test_phase103_6d18_suspension_isomorphism_map_property.py,103,7753,39c0e97b32cee54eeb307259da804518af6432d5c784fe31086a8b97712fad7d,5,5,0,0,0,0,0
tests/test_phase103_6d20_zero_second_summand_structural_classification.py,103,6549,fd4c5d28bae03c7cac1c526fc7ea9be85090aa0b22e8abdfe854c45e40445d34,5,4,0,1,0,0,0
tests/test_phase103_6d24_hopf_injectivity_structural_classification.py,103,7623,5e52dac0541d524be0f485e0868eda65a2674dbb6dc6007d771bbfe6827ddb73,6,5,0,1,0,0,0
tests/test_phase103_6d27_delta_surjectivity_structural_classification.py,103,8626,c266010c28debfccef5579c0a09b320a7678028403edc7dfd1030acb99ce8973,7,6,0,1,0,0,0
tests/test_phase103_6d2_rule_relevance_category.py,103,2895,e5eebfdb9975c27294c6f67980753f2ab2548081b081f24373bdca3afeb11445,4,4,0,0,0,0,0
tests/test_phase103_6d30_generator_image_delta_map_property_classification.py,103,8095,772df8d4dfcab533bbd90ea66bffa66f55bd16133eb55cd821b17525f3cca7fa,7,6,0,1,0,0,0
tests/test_phase103_6d32_residual_delta_injectivity_theorem_specific_classification.py,103,4831,1ca6625223f43f537a4e4e5e15c1b4f08a86729b830c1872e4fd999e99758508,7,7,0,0,0,0,0
tests/test_phase103_6d35_residual_suspension_injectivity_structural_classification.py,103,5311,e2e97c1ca24053fa680d50a78ebd51a0d6d29d223843be4990b8476692c12057,7,4,0,1,0,2,0
tests/test_phase103_6d38_zero_group_exactness_structural_classification.py,103,5438,19ef1da8f57e54de0245fb6fdf03b9084baca5f2ac2a477dff420997730eaeaa,8,4,0,2,0,2,0
tests/test_phase103_6d41_prop53_dependent_theorem_specific_classification.py,103,6007,0e5062b4d7d8c2aef1fda873b296654030a3f46b6dd2b4ee2c00f914d32b15fa,9,5,0,1,0,3,0
tests/test_phase103_6d44_prop56_specialization_theorem_specific_classification.py,103,6684,025e0c37684b4992ac7425ca40d0197c49dfd7f7f47009f29d28307e68dc6634,10,5,0,2,0,3,0
tests/test_phase103_6d47_stable_zero_transport_structural_classification.py,103,7096,e2f4a61d9d6dd6cc454451766d32f6aa46c6cd1f92812e60aebb2bc654c3bc92,10,5,0,2,0,3,0
tests/test_phase103_6d4_relevance_metadata_propagation.py,103,5716,efd56257a11b22cb8dfc40aaf3444dce8e1d38bfa72a8374f848f60acf98afed,8,7,0,0,0,1,0
tests/test_phase103_6d50_toda52_finite_cyclic_transport_theorem_specific_classification.py,103,7067,73d71cfabb34028f6615b53cc14e4c0e2cfbbc80eadb8f549c184187390f2d3f,10,5,0,2,0,3,0
tests/test_phase103_6d53_concrete_composition_zero_theorem_specific_classification.py,103,6890,786f02dd0990d4bc9619f350966d6a5dec6145159c49e57aa9c1b951273250c3,10,5,0,2,0,3,0
tests/test_phase103_6d56_prop53_finite_cyclic_suspension_transport_theorem_specific_classification.py,103,6952,701c6313b97f722e375f4420cc57cd17ded5d0a1654fbe290208bd99af97dff8,10,5,0,2,0,3,0
tests/test_phase103_6d59_prop53_eta_square_suspension_bridge_classification.py,103,6875,d09ef723ac7b4f1c70e749abe39858586d3db7ef271fb6aeca13aca48176fef4,10,5,0,2,0,3,0
tests/test_phase103_6d5b_category_family_ordering.py,103,7416,d8d7d1ed8bdfd76b00c8e0b9a7c1a920d06ce50faa45fda530a65c4dd444271b,5,5,0,0,0,0,0
tests/test_phase103_6d62_lemma54_nu4_construction_consequence_theorem_specific_classification.py,103,6915,2507299178471b971cc6ad025e31489748bd4c65f0052193911c19f3107c65d1,10,5,0,2,0,3,0
tests/test_phase103_6d65_prop511_finite_dimensional_nu_squared_transport_theorem_specific_classification.py,103,7006,73093cbc656ab030b2aa6f911aaac9d52eb4264037daefba975267e3b8690a0a,10,5,0,2,0,3,0
tests/test_phase103_6d68_cross_theorem_stable_range_transport_theorem_specific_classification.py,103,7128,7dab32995b445a8fcff42e620c7b324f03f79264c2f6a8c4d0a96a8eb52efb61,10,5,0,3,0,2,0
tests/test_phase103_6d71_prop51_derived_eta_zero_relation_theorem_specific_classification.py,103,8095,ea5aeadd6dc988f79d0f4b1b377c1a0d3bac7fa6ffe703eed29a0b85c3aa0299,10,5,0,3,0,2,0
tests/test_phase103_6d73_prop511_pi14_13_eta13_group_identification_theorem_specific_classification.py,103,6969,c55d97cca523712af69d8f982504931c6e6ce5806a106173dc6973eb70b234c7,9,5,0,2,0,2,0
tests/test_phase103_6d76_prop56_nu_prime_order_four_theorem_specific_classification.py,103,6197,70cbad8a1a0a1c49740a880a638caa675d88b74783bf89accca76e41e36942cd,9,5,0,2,0,2,0
tests/test_phase103_6d79_prop59_delta_eta11_theorem_specific_classification.py,103,6200,46edaff4168d6b0f6ae7ce3d1fb36f53578f86d5b86a5435b3b2dbdee3ffd7d1,9,5,0,2,0,2,0
tests/test_phase103_6d82_prop59_delta_eta9_squared_theorem_specific_classification.py,103,6206,5d9878def5ee4b57056fd0ea867f91f964d08293e9fcfeaa47c849371f6223e4,9,5,0,2,0,2,0
tests/test_phase103_6d85_prop59_e_nu4_eta7_squared_bridge_theorem_specific_classification.py,103,6242,c82d8c19c806797c071d8ef6c00157bafbc90894bb65dd14941dae2e5948c783,9,5,0,2,0,2,0
tests/test_phase103_6d88_prop59_e_nu5_eta8_squared_zero_theorem_specific_classification.py,103,6251,b7fa37ecc5fb961be452a3b04a5146565191f0c1a7abd87ebd06ed95c53ff148,9,5,0,2,0,2,0
tests/test_phase103_6d8_first_wave_classification.py,103,3121,54bbffd493b06b9857486664aa9d41751c678e0324790cb4ef5b59cfefcd6c1d,4,3,0,0,0,1,0
tests/test_phase103_6d91_prop59_pi7_2_suspension_zero_theorem_specific_classification.py,103,6240,f7e198c838a923399496a0e330631a6f376bcd4627702c9a77616da04eb0c836,9,5,0,2,0,2,0
tests/test_phase103_6d94_paired_symbolic_eta_family_generator_bridge_classification.py,103,6531,abf546090de0af60477569ed2886c57d56d468733db76f5e8dc071ca68d6f9fc,9,7,0,1,0,1,0
tests/test_phase103_6d98_toda53_eta3_twice_zero_theorem_specific_classification.py,103,6565,d5590ac798ba985bedf87d2e2f9ef1dd4577aad2373998c302537e4c147ab751,8,5,0,1,0,2,0
tests/test_phase103_cli_applicability.py,103,4320,f89c479ee01cf2524e116889ee2a1ea04c219e09a61f94438036eae3fb135220,6,6,0,0,0,0,0
tests/test_phase103_compact_detailed_cli.py,103,2306,bc1877843cf59880b9e55e397d05da546fa9f31d8c779c6a09668d2961407993,3,2,1,0,0,0,0
tests/test_phase103_compact_detailed_renderer.py,103,2131,f43ec70d53ce16ff52e4cb7c9f52a1eedb1d0ca0929e462a6e9109879f37f0fe,4,3,1,0,0,0,0
tests/test_phase103_generator_applicability_renderer.py,103,2692,a502d51a39bbbc445342df662928e9f02f42762cfbe5c50ce601baafa9f1b0fb,3,3,0,0,0,0,0
tests/test_phase103_generator_specific_facade.py,103,4795,97f7f0c18e87e738e932125f1cdbf6a118e2bd8da4b7235173e8877d62788559,8,8,0,0,0,0,0
tests/test_phase103_grouped_applicability_presentation.py,103,7894,105c9d783e4cd7cef7aaa9c79ee913a6bd43bd75f69c4f226c7d06fd239a7979,6,6,0,0,0,0,0
tests/test_phase103_grouped_applicability_renderer.py,103,2854,e28edfc319b9af9b4508abf939186bf1f8b5bd99d387e523e9675ba3f646aab1,4,4,0,0,0,0,0
tests/test_phase103_indexed_applicability_search.py,103,7739,551e060b30f73582faaa9384734bbaa6ba3c750709394d026c74dc93fb83af1e,6,6,0,0,0,0,0
tests/test_phase103_indexed_production_equivalence.py,103,1739,107de01076b6a44c74d5358b9d930366e6ad475a6809baf2e8bb4a903078fccf,1,1,0,0,0,0,0
tests/test_phase103_minimal_applicability_candidate.py,103,8410,0a7cb8a7dc4f00e06219c146a995d3295f6ad4fb620ea5a05eadbbda25a2d755,12,12,0,0,0,0,0
tests/test_phase103_premise_pattern_compatibility_search.py,103,12453,221617a4b592c3b6243c85bb605bff4e8386b402c4dfd3ae7b1f9a17e9ac74a4,14,0,14,0,0,0,0
tests/test_phase103_production_applicability_validation.py,103,1855,a6ca852f14afa16eb654d26af52ca947dd90549efaa7949c1a6c91020eb681d1,3,3,0,0,0,0,0
tests/test_phase103_production_proof_scope_integration.py,103,11765,b521c18d781fb5453853b806b5d3880f03940add9ceebc502569a94f5b386520,13,13,0,0,0,0,0
tests/test_phase103_rule_family_grouped_presentation.py,103,4704,faf99a0f800bca89c9fa25e0871eeedc08cdc93eec8a1c02a76e779e9493448b,5,5,0,0,0,0,0
tests/test_phase103_rule_family_grouped_renderer.py,103,3557,fe8e1203eb03bb45b9ade5192db2071b31d7d873133a8af5e30b9d870addcf09,3,3,0,0,0,0,0
tests/test_phase103_standard_applicability_catalog.py,103,1816,87da8daa03efba84110303bf66786521a36eb0f6ae6a774f77fa7e399bf91b03,5,4,0,0,0,1,0
tests/test_phase104_2b_candidate_selection_representation.py,104,3657,6be44f76a424a82092f3921099284c707ba269aea6c9e32c864e3851c31d5260,8,8,0,0,0,0,0
tests/test_phase104_2d_relevance_candidate_filtering.py,104,6684,893f4b04657bfd06b7921f26c1d2033ac389a3e04af452317aa193a5c3a5f339,8,8,0,0,0,0,0
tests/test_phase104_3b_source_candidate_selection.py,104,3873,c412d9501f80ec2f6b4d6038d725bad039838e833d08e1b87c2e0222fe1bf6b2,9,9,0,0,0,0,0
tests/test_phase104_3c_source_scoped_rule_family_selection.py,104,5526,74740e185bfbc56167dac3f60d18aee280a34fbe57788b63c26221e6a67f6db8,9,9,0,0,0,0,0
tests/test_phase104_4c_candidate_handoff_representation.py,104,2263,036db7861bdc8235c8a416f368f0aaf3ffd4c4bd54bd18ef8c16f07490d2d31b,5,5,0,0,0,0,0
tests/test_phase104_4e_candidate_handoff_validation_representation.py,104,5446,260403f55c7b781932c0886b36e31cb835b417692b42ce105fe891103d826faa,10,10,0,0,0,0,0
tests/test_phase104_4f_candidate_handoff_validation.py,104,7214,4856e96058e417f49ea5cf0c1d8fc4774b4b80fb52e19ba04a4d3014dfc5aa38,10,10,0,0,0,0,0
tests/test_phase104_4i_explicit_final_rule_bounded_search_core.py,104,6375,bdc3a6782c84f2447d8a0482b211f09d8b2ac08f92a117ee1aa30adace223a2e,8,4,2,2,0,0,0
tests/test_phase104_4k_ready_handoff_search_report_adapter.py,104,9786,665e9f82385ba7f96925cbf697011086d9387cef356d7bfe56dabcfc5639fe91,8,8,0,0,0,0,0
tests/test_phase104_4m_ready_search_report_execution_adapter.py,104,10043,c6db64c0c7e571f1887b398676bdfa972e9c719f9cb70e126b73a97ef97202b8,6,6,0,0,0,0,0
tests/test_phase104_4o_end_to_end_provenance_regression.py,104,4348,e871f4d930720020c7ccad91701c3e08b8fe1327e9b608f144bfcef44d8126bd,3,0,0,0,0,0,3
tests/test_phase105_10_unique_qualified_candidate_orchestration_handoff.py,105,6506,869ad4e4e85aafdb7f2b8a2d81a113a5445c7f6e134acca69ad2c67cfa3e349a,6,6,0,0,0,0,0
tests/test_phase105_14_qualified_execution_family_grouping.py,105,6404,df5f34e6f013abb341b3757115432e9b5c5dad882d9874bfe6ed51e6cbdfc30a,7,7,0,0,0,0,0
tests/test_phase105_16_root_source_execution_family_selection.py,105,7714,f2c73ab54601b19cea8f7db918148d39b44a1679d62d58a0e3c643aa89b7393b,10,10,0,0,0,0,0
tests/test_phase105_17_standard_qualified_execution_facade.py,105,7063,6eb341eba7067204257eeb9faf6d1847ce7f2e55899e5ccdc14b69e2f02772ab,8,8,0,0,0,0,0
tests/test_phase105_5_minimal_production_execution_seed_adapter.py,105,9493,21d3ad0255c837bb870c02db28c0d5dce4864f8285b880c212116ea200111540,10,10,0,0,0,0,0
tests/test_phase105_6_first_qualified_production_execution_entry_adapter.py,105,5728,d0e3b15779a87ffc9278d12f71074715e8afb69e3487f6c6673084cf76b531cb,7,7,0,0,0,0,0
tests/test_phase105_7_candidate_execution_orchestration.py,105,5363,b99b12b258b48d9a1cce5d16e6b0e66bbd64e22521588bc0889b309a84806e0d,9,9,0,0,0,0,0
tests/test_phase105_9_qualified_applicability_candidate_filtering.py,105,6060,ad46514c708f9633d5b3d9831a62649493ff29d1ad40e4f75e1d858a4e2b6463,8,8,0,0,0,0,0
tests/test_phase106_4_relevant_scope_prefilter_optimization.py,106,5569,e3643896996170179abf9304a5aed4bf00251ae95b9931b32997b9d532b8c7a3,3,3,0,0,0,0,0
tests/test_phase107_12_explicit_root_source_family_selection.py,107,6844,effccc2dfcc07b969a994769984267d9aa18935658363d03d13ff96a7729d776,10,10,0,0,0,0,0
tests/test_phase107_14_second_qualified_family_admission.py,107,7889,e18a3d5adc999825b139c378b34be409e31f0a61c4f764e5ed3b4aaf284bdf70,11,8,3,0,0,0,0
tests/test_phase107_16_multi_family_execution_dispatch.py,107,7248,47a5f02753409c17fcc334447de3e7dd8531c6f305b27edc1a5d3b50eb24848e,8,8,0,0,0,0,0
tests/test_phase107_18_multi_family_standard_facade_integration.py,107,11781,ad205cc256277d1101a325754f4d77c771049de20980c3409deac667f7aab5b2,10,9,0,0,0,0,1
tests/test_phase107_5_exact_production_application_premise_tuple_recovery.py,107,8551,162c2163b6f01519e402d0143a44246b31336fb1ea00fb095ac7be450c18a2fe,6,6,0,0,0,0,0
tests/test_phase107_7_two_premise_execution_seed_adapter.py,107,8384,3b192ba57b699e10805c41b6f9930e25b21bfd85bdce7340ace9d8b45ef7f095,8,8,0,0,0,0,0
tests/test_phase107_9_two_premise_handoff_bounded_search_integration.py,107,8278,b130671d9c735f6b29009e79fb8c49103ee6f88287f19a0bf12adeda884892cd,9,9,0,0,0,0,0
tests/test_phase108_10_user_facing_executable_candidate_list.py,108,5373,7f03ff2a12a96afb073ac78fde57e5ac2f35c4cf4020d0a7aac064f15ae390f1,10,10,0,0,0,0,0
tests/test_phase108_11_cli_execution_command_integration.py,108,7803,37ee4c08fe5ef0ac0650b745cfafb1639ce93cb6d147aed3ade0efb07be8f63d,9,8,1,0,0,0,0
tests/test_phase108_12_end_to_end_cli_smoke_closure_audit.py,108,2242,5605c6214e2dd7d9cf9b44e7b95e4ca2ab16e78ec32979b4de21190ea304affe,3,0,0,0,0,0,3
tests/test_phase108_5_minimal_user_facing_executable_target_resolver.py,108,4940,394f7219660f43177c99f358c6a382cc1e80b500543a84bc3a30d4ee0fbeb216,10,10,0,0,0,0,0
tests/test_phase108_6_executable_target_qualified_execution_handoff.py,108,5805,1960964e0c0e9d8e5bd57ac1cc3dbf619c29ba304a15aa727d92a42fc8cd109e,8,8,0,0,0,0,0
tests/test_phase108_7_executed_target_final_proof_step_extraction.py,108,5189,2431cfa155bf1223707008128e936a4bed760fec22f524faa36cc01a7eb90867,8,8,0,0,0,0,0
tests/test_phase108_8_minimal_user_facing_result_proof_presentation.py,108,6535,d1e2332b3fa847e0fa816d0c9562952c58964fe993b83e63ff36849a0a3d1915,9,9,0,0,0,0,0
tests/test_phase108_9_minimal_user_facing_execution_workflow_facade.py,108,4749,825026b8aa59537471dcb6e88e48a846962132032f61c90657939b20c258cacc,9,9,0,0,0,0,0
tests/test_phase109_10_existing_fact_known_group_identity_validation.py,109,3882,be9ec92169c8835d0033d5a7d7a124b65c8f5a5e07377a4d3ef97b6f924a2702,8,8,0,0,0,0,0
tests/test_phase109_12_nu5_proof_derived_ambient_fallback.py,109,4469,49fce0eeb75a7a52bb0f5f2caada54fefe67c33aae8f222fd5f736c4127417a3,10,9,0,0,0,1,0
tests/test_phase109_14_decorated_sigma_finite_cyclic_fallback.py,109,5248,ce602d1354c344b54a8de58fa3da39fcadc4d3f27721b57eb5405ad93dcd97cd,7,3,0,0,0,4,0
tests/test_phase109_16_sigma8_direct_sum_fallback.py,109,5525,5ec6ad3eec46354b24cb5909ad3a8b523d6e0424123560a6dacd199ae4784ed4,10,7,0,0,0,3,0
tests/test_phase109_18_sigma9_indexed_finite_cyclic_fallback.py,109,4290,1e385ec5fdc7584095d303a0b8bea0c7f6cbc0fa238d2176a3d33316f3397c32,8,6,0,0,0,2,0
tests/test_phase109_20_sigma10_concrete_specialization.py,109,4960,186220f8e853954d0928df0609c3a8c4d2d838e94778ceb0b81b0182cedd4e9b,9,8,0,0,0,1,0
tests/test_phase109_22_generic_indexed_sigma_specialization.py,109,7820,5f650576e2287aa409404fbcf2e181a29d1105613e9fd0423367030db6553473,13,11,1,0,0,1,0
tests/test_phase109_24_generic_indexed_sigma_proof_scope_integration.py,109,6039,948820340f08a6397f7c695a7ebf74519827de9bce845b82931e2d2ea3351627,10,9,0,0,0,1,0
tests/test_phase109_29_known_group_proof_replay_cli.py,109,6764,78363f73c57dc20c79d6e4219b3ef5931e55e6944d3806bb97eb13424884a9a1,10,10,0,0,0,0,0
tests/test_phase109_31_known_group_replay_narrow_rendering.py,109,3229,6d0592c35e40b3cf4df0c2b25b20f1ecbcdb30b308e5894ac66945e4771714a5,5,3,1,1,0,0,0
tests/test_phase109_3_recursive_known_group_identity_lookup.py,109,6777,635ddeb333c06dcbd58f0cc767a91625c904fab3cd99d0de6a29e31085e0d8e3,11,11,0,0,0,0,0
tests/test_phase109_4_known_group_identity_presentation_renderer.py,109,4326,676c5bb6f961b3d77e07c56813a8c2f0e0e087e46cc1bdbf58d851ea6515b618,9,9,0,0,0,0,0
tests/test_phase109_5_execute_known_group_identity_integration.py,109,2455,c12d3156e528f8627e007bbfcb21c81c79e9c95fd0cbe285d0080c75aba05553,3,3,0,0,0,0,0
tests/test_phase109_7_user_facing_target_dedup_delta_rendering.py,109,3957,c6e91b8d95ec78b953d84edb0bca7b92d5cae9a704c5e3172707c93211800512,8,8,0,0,0,0,0
tests/test_phase109_8_delta_sign_normalization_executed_rendering.py,109,2937,cd9ac5065b9cc0ad613b3dfa3add2575b5ded60b5710b6c921e30330f3fa5b4a,6,6,0,0,0,0,0
tests/test_phase110_10_operation_query_proof_replay.py,110,4706,733f9ff16f315859d05facfa48d47a3a12bbc0593c86cec55ef4620706814b30,8,8,0,0,0,0,0
tests/test_phase110_10_operation_query_proof_replay_cli.py,110,6387,9d9c23ee5838c1eec60767db57ba3e6dcb33c31f47b2903ec5e89bcc454ee59c,6,5,0,0,0,1,0
tests/test_phase110_12_operation_query_proof_replay_statement_presentation.py,110,6736,dcdcbe217add200223a09faacb34aa70a346eb20295154144b05d984b6672874,9,9,0,0,0,0,0
tests/test_phase110_5_minimal_operation_query_core.py,110,7510,0bc3b811998824e9bddcf87449c125dcdc0356e9f62d54407c51cb5b44a27a47,12,12,0,0,0,0,0
tests/test_phase110_6_operation_query_cli_integration.py,110,4339,eee5b44258f2d5157019161f6f12bf437b3694af071a80531c400c69dcb09b36,7,5,1,0,0,1,0
tests/test_phase110_8_operation_query_cli_integration.py,110,2240,ca722a72ae36237036101e83db435642668ffe2ac93c4e6f4525683af821327a,2,2,0,0,0,0,0
tests/test_phase110_8_operation_query_result_presentation.py,110,4992,a4e90e04da51fe4e90fa8a3e647ef8b1707c130ac57844fa6a2d2a58d04e73f2,8,8,0,0,0,0,0
tests/test_phase111_10_proof_replay_depth_cli.py,111,6625,2f9e76e4623a5e06dba9afaebb55116d9040687a47ce4526d97563cf9e4f61c8,7,7,0,0,0,0,0
tests/test_phase111_12_deep_show_proof_safe_fallback.py,111,1909,38333a1d39c877616508d8b832c9ffb9ca3443e715caa3614793113eac67db2f,2,2,0,0,0,0,0
tests/test_phase111_7_global_cli_help.py,111,1307,cd45f50d7c6373ac86e574e5ef8fb0c7c811c034da7717f024e6c34f44acbab5,2,2,0,0,0,0,0
tests/test_phase111_8_symbolic_dimension_presentation.py,111,974,a3023d531e918a0020694cb738799d98a0bd63c7124f9759fadd27b68b257019,2,2,0,0,0,0,0
tests/test_phase111_9_three_term_composition_query.py,111,3752,927bc9a3d18cb6a9eeacc6c0c9e5baa65fdff5e107d99ed9dfa9b88569a9b8a0,5,5,0,0,0,0,0
tests/test_phase113_sigma_group_query_integration.py,113,2889,fb64e45dd4c4d521120ec32251797afdfa62736dde76c3800878e8dbd74649a2,5,5,0,0,0,0,0
tests/test_phase114_3_nu5_operation_query_handoff.py,114,7344,f3fd24e33368c9dfb3434befee7ae2a7706bfb26e77e43ffa7a25e9dd3f48fd0,16,15,0,0,0,1,0
tests/test_phase115_sigma11_operation_query_handoff.py,115,6601,69137137bc751d8f36da338271108179cdab64d38d45910b3a72c1385e2a1f16,14,13,0,0,0,1,0
tests/test_phase117_web_app.py,117,4736,727855741f6c72b77e853b43af4871a16954231dcb9454981216530e3300b321,10,9,0,0,0,1,0
tests/test_phase117_web_group_query.py,117,1318,87b9d0790d4c430d1d383773f9d9ce5ae379248e89c931be75616c82b3c7ff13,4,4,0,0,0,0,0
tests/test_phase118_4_depth_browser_usability.py,118,4835,d954e6eba1146b46db37443f9fa933c0ae2c2a005915fb4c132510230f02548c,10,10,0,0,0,0,0
tests/test_phase118_web_app.py,118,6963,fd40553eff19ac3131eb5a531fdf0571da12d4484501179eba39cf19343416cc,15,14,0,0,0,1,0
tests/test_phase118_web_operation_query.py,118,2503,b207a52dff90c9432651fc8f44de6a5a07424cc1e367f7a9f306e233389e5dc5,7,7,0,0,0,0,0
tests/test_phase118_web_operation_query_proof.py,118,2648,df89d48232c647ae4687e3e5acbf54f470ea2704f833467a1c32b3b17ef0bb53,8,8,0,0,0,0,0
tests/test_phase120_2_web_app_generator_proof.py,120,3261,ed9975b1aa4898c0bd68359eb9bf7c09f76c9fef53c5642949a7dd1ebb87d22b,7,7,0,0,0,0,0
tests/test_phase120_2_web_generator_proof.py,120,1858,0c6b71c0b5009e973bd946e23347d53af85ef8a8c6427402b7b063ef8497bf9c,6,6,0,0,0,0,0
tests/test_phase121_4_web_app_generator_exploration.py,121,3044,a76642e601e24c634893a1dda5e3d3724fa1bbb159b5c5a63725b0582d1e4184,6,6,0,0,0,0,0
tests/test_phase121_4_web_generator_exploration.py,121,3683,259bcbf71fcd41713ed545e368b5684e7982c8a48a0a99135a868a008fdbdced,7,7,0,0,0,0,0
tests/test_phase122_4_web_app_generator_proof_scope.py,122,3415,2201c8a87ef3cd17c2642511a084633e366301f2a847555ebd3db7b228faf126,7,7,0,0,0,0,0
tests/test_phase122_4_web_generator_proof_scope.py,122,3539,03f7fef26c694da4f54294e179040be7fa5c3afb63937916cc6d9e48877e5b4d,8,8,0,0,0,0,0
tests/test_phase123_4_web_app_generator_applicability.py,123,3678,d90e239dd860e9c6d37a12e9182dbc7cbece971eefb77ef2698ae23f34a357a5,6,6,0,0,0,0,0
tests/test_phase123_4_web_generator_applicability.py,123,4792,40a20933025cf194f9ba9fd4294f791d3a44dbf6bd55a206578db31f9e6708fa,7,7,0,0,0,0,0
tests/test_phase123_5a_web_applicability_volume.py,123,3023,550c14f904541d37dc310c46a6977e7a72ad55bd70bea68ba21223b0d75c0a2e,4,4,0,0,0,0,0
tests/test_phase124_4_web_workflow_navigation.py,124,2487,91d04b70c87e4eaffbf9bf8952012245eb5034d63352d568dbb9467713e0b663,5,5,0,0,0,0,0
tests/test_phase125_4_web_generator_execution.py,125,4252,a856d7222971c5965ef10e43aa9472e2cd93a2e262e6ec0dfa5a767782998e72,9,9,0,0,0,0,0
tests/test_phase126_executable_target_relevance.py,126,1809,fabd21e68e1fd2e0855f0aacb63d9feb01023969ac4069bbb3bb557baaa4572a,3,3,0,0,0,0,0
tests/test_phase128_nu5_eta8_operation_query_handoff.py,128,8034,b7138969022915a4f3593ea95e0e5c0bcd8bd6a625d4f314a18b1be214c610f7,10,10,0,0,0,0,0
tests/test_phase129_nu_prime_operation_query_handoff.py,129,7676,8110c8910f7bd9db080f90876d7d6a3cbda1777bb5bfae78690544eed0f78274,12,12,0,0,0,0,0
tests/test_phase130_foundational_query_semantics.py,130,4373,70122c780ccba542fac52e6b6395055a88fb7820ff1bcc671f7dee0157d7c2af,10,10,0,0,0,0,0
tests/test_phase130_k456_specialization.py,130,6754,a077ef791a205f6477595a953740cc916f75bb9a4c751ee60776cd58d44a4ab8,10,10,0,0,0,0,0
tests/test_phase130_low_dimensional_standard_query.py,130,5302,68cd46794ab61e947188211b753360b90f00d5b433d68980d0d5c12fb25c3492,6,6,0,0,0,0,0
tests/test_phase130_sigma9_standard_query.py,130,4507,f8029e437a1ee8fd5f34a635627d2c7878d190f3cdcd0323c16f9b6c73509de7,6,6,0,0,0,0,0
tests/test_phase130_stable_group_specialization.py,130,7585,606694e54ea92a45aeeb9133ec9aa6823da9a8f75759ee27972c5db6a7cadb78,8,8,0,0,0,0,0
tests/test_phase131_3_group_result_proof_replay.py,131,7441,faae95442d397a5b1cd5a03fa4db0c05cb1d9577684d876e011f0fca7b8cf042,8,8,0,0,0,0,0
tests/test_phase131_4_group_result_proof_replay_cli.py,131,2795,06ba1d9046694dafe54d2b31122c86e36c76eacf1fbe7084831f5fa5cbc9ede7,6,6,0,0,0,0,0
tests/test_phase131_5_web_group_proof.py,131,3789,ff365ff7ce29a4e54cbccb5b7057ad98e12a309fb0cce540488415e6928b8308,9,9,0,0,0,0,0
tests/test_phase132_4_group_proof_presentation.py,132,6060,4f6799b5f9763abef46789ce2aae38b2613f70250165eab82963f312e182a005,10,10,0,0,0,0,0
tests/test_phase132_5_group_proof_outline_renderer.py,132,5644,8924ced6efdacd5785311972120f231f16bc111701f393724195e652261aa5ec,8,8,0,0,0,0,0
tests/test_phase132_6_group_proof_narrative_renderer.py,132,7929,a419c0b55814a006d972b1a7eeddc697a42f27706441cdff71c1eb8ee0a00c5f,10,10,0,0,0,0,0
tests/test_phase132_7_group_proof_cli_modes.py,132,3905,5521d7bade6844857914edab7abb09597b1a471362c6830d8c3d89ee66c1bdfa,7,7,0,0,0,0,0
tests/test_phase132_8_group_proof_narrative_dedup.py,132,6600,20170a28c8d0ad434b49972b761a9d24a5cc5fc28f73535ae9fefd0758b7a278,8,8,0,0,0,0,0
tests/test_phase132_9_web_group_proof_modes.py,132,4994,3e829bf7511438fa53f9b2468776a1b3f2d27ad9963d25198a1b04f3953eba35,11,11,0,0,0,0,0
tests/test_phase133_10_sigma_label_wording.py,133,732,8b7fb8c61ca59e9bdf70a2d1dc0a4d3da280c85cf136fc2915810eb79101250f,1,1,0,0,0,0,0
tests/test_phase133_6_group_proof_narrative_labels.py,133,2231,b7eb5968189be9a266d95c2ca46b0c2ee9edc93bd45a0b4e4b9a1c6a64181681,4,4,0,0,0,0,0
tests/test_phase133_7_group_proof_narrative_labels.py,133,1354,512af1f887c0c91faedf4e3b32b3b438c266e9f3d714b21a94bffe88895b44c3,2,0,0,0,0,2,0
tests/test_phase133_9_group_proof_narrative_labels.py,133,1963,c04c157a5859601a2761491569f956880f09cd66f802ac2dd76bf09bed7588a7,3,3,0,0,0,0,0
tests/test_phase134_11_classifier.py,134,2047,2f3ee1bb442fa14debf215693c29478ebd35b438c7d153e5312dd4a9e596841c,2,2,0,0,0,0,0
tests/test_phase134_11_pi8_5_narrative.py,134,2133,68a912d818137ce30e0e158a85b4a1c103a78b517b3748e67bd76f4033ca0d7e,6,5,0,0,0,1,0
tests/test_phase134_11_testfix_v2.py,134,1176,dfda68f1fbec053998f55e04bb1798133551a9daa7ac15cf0f19351dbed2db23,3,3,0,0,0,0,0
tests/test_phase134_11_testfix_v3.py,134,1489,1dedae75c23e3b61920b00c2d6b6514ee9c1631cfb8b7a503e89e8f78fb6d72e,4,3,0,0,0,1,0
tests/test_phase134_14_pi8_5_snapshot.py,134,1567,2f830be206ffa741b2a059977fd0373849a4e8f85a91d574abc88cac9c0926bb,1,0,0,0,1,0,0
tests/test_phase134_14_presentation_helpers.py,134,1736,323370f9a6238cc76a15acba529b6d171f656e0195fdeedd57355bbdbf5f9fdc,4,4,0,0,0,0,0
tests/test_phase134_16_classifier_regression.py,134,2463,94e95d4a7155b91a7b1b88161501ca9d27a7095bcd04cce0ce7de0094a87d6e7,2,0,2,0,0,0,0
tests/test_phase134_16_presentation_catalog.py,134,1760,84d1eefc007433d064115578ee89b038996cf9b4e447dc73988d6d86ef54bd91,5,4,0,0,0,1,0
tests/test_phase134_20_classifier_audit_scope.py,134,1802,3e269606ce03a77209c095cefd51b52ece623ef7a3b6bac92ff06a94c084356e,4,0,0,4,0,0,0
tests/test_phase134_21_pi15_8_roles.py,134,2500,6247d305849e4ffa88b7d8958fdbed7daea7dffdf5111d924d894abcc155e051,4,4,0,0,0,0,0
tests/test_phase134_24_pi15_8_narrative.py,134,3505,df266c82ac7eb7324ee423a1c9ea8437d1a503a9bb2ac4a37beac8cb3f4bf7e7,7,7,0,0,0,0,0
tests/test_phase134_24_v2_raw_group_renderer.py,134,2147,6235e2273fb15f74c6f2af5e31fd22da9c24827ea1fd2f0358f1ea9e305655c5,3,3,0,0,0,0,0
tests/test_phase134_26_narrative_shell.py,134,1094,457b7ac74de92905f530de53e041154a06822d5d21908a1eb31180b8bff87898,3,3,0,0,0,0,0
tests/test_phase134_28_reference_block_assembler.py,134,1440,dd23f05023ed2134fc6531668a9c9859c5b40bc58de6f612ca4fffe55de4ada6,4,4,0,0,0,0,0
tests/test_phase134_30_proof_body_primitives.py,134,1630,e656f1fc78a0740049dc68694ac3b8490d597f5c5343daa8b62ae443ea6382ee,5,5,0,0,0,0,0
tests/test_phase134_3_pi6_3_numbered_narrative.py,134,1354,512af1f887c0c91faedf4e3b32b3b438c266e9f3d714b21a94bffe88895b44c3,2,0,0,0,0,2,0
tests/test_phase134_5_pi6_3_reference_fact_split.py,134,1354,512af1f887c0c91faedf4e3b32b3b438c266e9f3d714b21a94bffe88895b44c3,2,0,0,0,0,2,0
tests/test_phase134_6_pi6_3_mathbook_narrative.py,134,1354,512af1f887c0c91faedf4e3b32b3b438c266e9f3d714b21a94bffe88895b44c3,2,0,0,0,0,2,0
tests/test_phase134_7_pi6_3_final_narrative.py,134,1354,512af1f887c0c91faedf4e3b32b3b438c266e9f3d714b21a94bffe88895b44c3,2,0,0,0,0,2,0
tests/test_phase134_9_group_proof_narrative_classifier.py,134,2731,6c2e311995fc1c72f2815d565665b9dfb41c407de1383366c8352612877dc2c8,4,4,0,0,0,0,0
tests/test_phase134_9_pi6_3_snapshot.py,134,1354,512af1f887c0c91faedf4e3b32b3b438c266e9f3d714b21a94bffe88895b44c3,2,0,0,0,0,2,0
tests/test_phase134_9_pi8_5_narrative.py,134,1617,5ac867c7d5575154b2e1e2d6294745eeaac0886459c79a3e51188356c06ce755,4,4,0,0,0,0,0
tests/test_phase135_1_web_narrative_display_math.py,135,1767,79b0139b865e1726c6a56b4ba90810b370e96940488c8b29941878a33a05afb7,3,3,0,0,0,0,0
tests/test_phase135_2_web_narrative_inline_formatting.py,135,2688,2104f9b0851c3c05c79140722b19dec2899b00c007e44ff410b706690d1d0642,4,4,0,0,0,0,0
tests/test_phase135_3_web_narrative_readability.py,135,2230,bf88d1999440e96f2179b4c01414a88ac68c4df0317d2b3cbb0c6c265ba2c80d,5,5,0,0,0,0,0
tests/test_phase136_1_pi6_3_narrative_prose.py,136,1354,512af1f887c0c91faedf4e3b32b3b438c266e9f3d714b21a94bffe88895b44c3,2,0,0,0,0,2,0
tests/test_phase136_2_pi6_3_narrative_structure.py,136,1354,512af1f887c0c91faedf4e3b32b3b438c266e9f3d714b21a94bffe88895b44c3,2,0,0,0,0,2,0
tests/test_phase137_2_web_presentation_cleanup.py,137,1336,48bc98abe6316788c92b1a33126ac11ea5cc28604f30cda6e2e2385579c14d4f,3,3,0,0,0,0,0
tests/test_phase141_4_narrative_semantics.py,141,5594,005a14977f328e7aecf8bd62f94c5b39344e5ff2db93f3c0b2bc9ab6701a0573,6,6,0,0,0,0,0
tests/test_phase141_5_narrative_blocks_semantics.py,141,5319,6e1cf2ca1efc73b2a6fa746ed3dc4c0a639c27146a5b3a393132da5f7d36f3cc,6,6,0,0,0,0,0
tests/test_phase141_6_block_audit.py,141,5478,d65346a352b5565846632f773c7a6bf433826647cce8482e56395705a61fe67c,6,0,0,6,0,0,0
tests/test_phase141_8_general_roles.py,141,4745,a5cce87c8043a3dc916e848ae73d7639eb07dd3d8ee8914bbed767716a2e6886,6,6,0,0,0,0,0
tests/test_phase141_9_catalog_compatibility.py,141,1208,0e37bda2134e4088649e58bf5eebf6c887870ffed3a021ee940e14d221e2422c,2,0,1,0,0,1,0
tests/test_phase141_9_final_audit.py,141,4603,92a2f59d25bfcb371fabfdad29d72f04eed447e5039265fbba408cc7bb7a61c1,7,0,0,7,0,0,0
tests/test_phase141_narrative_blocks.py,141,4080,368e4e011fbc2428531f88498f4075c08208773606d430180d65337c6a3d51b3,6,6,0,0,0,0,0
tests/test_phase142_2_generic_narrative_renderer.py,142,3457,10e76a9d91e6f6bd9ba83b1b776a93762805b0fa64846c13c83ba065d4674fab,5,5,0,0,0,0,0
tests/test_phase142_3_generic_proof_text.py,142,4522,49783fd20ffc0c8388f469a39815f04a6be09bcc2c5da0482ba26ca3f67fd8d1,6,6,0,0,0,0,0
tests/test_phase143_10_fix1_compatibility.py,143,1515,ba7946a5b663a8f8b1a7b1ed42d33152c99b08453cf29d1ab625e1d33287a51f,1,0,1,0,0,0,0
tests/test_phase143_10_local_argument_boundaries.py,143,3040,d95a06715222c478b757def15ba6d476820f5ce7a43ff87f45abb2d9be798845,5,4,0,1,0,0,0
tests/test_phase143_12_fix2_order_subject.py,143,1233,49215d43b9ae34e520e673d322cafe87ca26bb86cdfbb76462d1e2e0c5e7b754,2,0,0,0,0,2,0
tests/test_phase143_12_fix2b_order_subject.py,143,1235,4f7156da512d75dcfe826ec258909de8389aafb535ae3295fa4ce6e196aa4239,2,0,0,0,0,2,0
tests/test_phase143_12_fix2c_order_subject.py,143,1908,537be7f69719e6e9887e18761279d2639220252fe21f8aa7febde3ec799fb2dd,2,1,0,0,0,1,0
tests/test_phase143_12_purpose_subject.py,143,2987,12497a581570b356d23313d0fa96449119fa15ca125306c60f4f566e5fe2275a,5,4,0,0,0,1,0
tests/test_phase143_13_purpose_sentence.py,143,2846,0333834ef0b289c19e376a890b9f6fc46974e25684fef518fdbb3cfb08907c76,6,6,0,0,0,0,0
tests/test_phase143_15_argument_ordering.py,143,3016,92d235183405fb1d8f4290b1cca48cbb5ee9db21e53fcabfee2f3e2afaa83d45,5,5,0,0,0,0,0
tests/test_phase143_17_argument_discourse.py,143,3431,2235670c1498a273da67211ccb0ec149b7207822335cb91a9a33712b90e71407,8,8,0,0,0,0,0
tests/test_phase143_19_method_evidence.py,143,4703,b106b0dfbf663be0141941a11b946eb72d0e0ccbb3af9e8cd34103d900d4a11c,5,4,0,1,0,0,0
tests/test_phase143_1_generic_proof_order.py,143,4641,e91ae33b62337e730284173c9b7c9fb9339e1c8bf851c9a024526be5e89de8ba,5,4,0,0,0,1,0
tests/test_phase143_1a_semantic_dependency.py,143,3098,c0c9f9df478892b882c8e317cda459f251ac63e983ce5c857a0471e76ce4d310,3,3,0,0,0,0,0
tests/test_phase143_1b_semantic_proof_order.py,143,5772,d497143a4d9d97a87857bd0ade1b340e495aa0552ab80a1190ccc63c204e83b7,6,5,0,0,0,1,0
tests/test_phase143_22_exactness_components.py,143,4432,509944e68ee432b13c95558b8e9ddf217bff081a16a99d42b45a41fb3c12791e,5,5,0,0,0,0,0
tests/test_phase143_25_relevant_groups.py,143,2559,8b095ae63a5fb85250d190cfd85a6da211dedbee34113fa1f517f1212de9af3e,6,6,0,0,0,0,0
tests/test_phase143_26_exactness_relevance.py,143,5101,c3ab5d3af7bcb4db0bf0105a274da60f5eea1e3a1a1e41e7e604f74080f0d564,6,6,0,0,0,0,0
tests/test_phase143_28_exactness_selection.py,143,6444,6113b3ed793ece6bd96fe223cdc04ce7082e0f85370a83202a794739e6c19186,7,7,0,0,0,0,0
tests/test_phase143_2_generic_short_exact_sequence.py,143,3384,d9a5490e6ccabdbb07b4b095b779309e17c221808ffc2019b7897bf0d926bac5,4,4,0,0,0,0,0
tests/test_phase143_30_exactness_method_transition.py,143,4693,2660a839226e909ea864f1edbe1fed80f374d21ede8352621d40e954cb541d45,9,8,0,0,0,1,0
tests/test_phase143_32_exactness_component_latex.py,143,5255,5ee13c4df9aca5919b4203bd45a1fa62a406f4b5adc633607a3a4e78700c0fb4,6,6,0,0,0,0,0
tests/test_phase143_34_argument_header_method.py,143,6115,0749f40c2bfca059dc68854d02509133fe7b64d6847bb1a25ff19721d3f2d1aa,7,7,0,0,0,0,0
tests/test_phase143_36_argument_body_blocks.py,143,7904,bd3e6c0b9e61d0a99ea728a2e79d2fb885181613362df715eb2f462d4df80218,9,9,0,0,0,0,0
tests/test_phase143_38_exactness_display_contributions.py,143,5324,09e626e63fc59f2923b01ae734402e4be37967778f825a30cb9c54790db40570,7,7,0,0,0,0,0
tests/test_phase143_39_exactness_contribution_ownership.py,143,8730,717131a895347ad06969f891fac6019b5821fdff5066e3341f0d78731bd46ccd,7,7,0,0,0,0,0
tests/test_phase143_3_generic_eta_normalization.py,143,2857,065b13ddc61b8631c27f4bb33f4812f4efcff2d04fffb8cd64daad9e6e59c599,7,7,0,0,0,0,0
tests/test_phase143_41_argument_local_body.py,143,4693,e4844d9e31db0bedbddd15c750ea0379287a20fee14ecabbfdada01c5b624899,7,7,0,0,0,0,0
tests/test_phase143_42_argument_body_contribution_renderer.py,143,8577,9b76708487ff2019cc9f687d3fdbaafd23c89e2b982b7ad631e8312970608177,7,7,0,0,0,0,0
tests/test_phase143_44_single_argument_narrative_renderer.py,143,6698,3c4b3104b7daf55e7dc11fceea059878a13fcbd87c82fb0ad0e995e2465c8afb,6,6,0,0,0,0,0
tests/test_phase143_46_multi_argument_narrative_assembler.py,143,3176,a6432f2f491f3ac4bec0ab45df380f72c2550aa5fd3e179ad0dcd7ee0ac553ec,5,5,0,0,0,0,0
tests/test_phase143_47_multi_argument_shared_contribution_dedup.py,143,2982,bf3eb63e2efe5cd35093c1944910046d0932be8ab4de7b42c39bb9d5f581d413,5,5,0,0,0,0,0
tests/test_phase143_49_dependency_label_narrative_policy.py,143,2711,10d75259df6802ca1a8309cfb6d7d86a1a7a59751ea0f834b739e8195b8d572e,5,5,0,0,0,0,0
tests/test_phase143_50_generic_statement_prose_renderer.py,143,2518,9e7d68d05bba459c760140953d35a88922a5498fbc5745adc31e2d8b56fc3572,5,5,0,0,0,0,0
tests/test_phase143_51a_r_provenance_semantic_catalog.py,143,3619,83b323bc99b8648eb73a69a25036212e348f45b26fa16277a4b86b4c5df5e3e9,4,4,0,0,0,0,0
tests/test_phase143_51b_aggregate_statement_prose.py,143,2585,913f399234f08c1fe3415d778a2033387501b6fbb5dc9dcefef29fb297aa842a,5,5,0,0,0,0,0
tests/test_phase143_53a_narrative_transitions.py,143,4466,08ccea932b639df27e27e9454d3e07e077d87456cd4cf87a5e5741caf66e9d34,6,6,0,0,0,0,0
tests/test_phase143_53a_r_aggregate_derivation.py,143,3398,6c30bef71bbeeba8ec169883cbdde35b226c056ff0ffd6ed6adb93a14dab0b68,4,4,0,0,0,0,0
tests/test_phase143_53b_r_conclusion_aware_connector.py,143,2001,9e86e9fbaa85aea1d1eeb48e97f8ef15aa5401e21ee60264c9f022ce73697653,5,2,0,0,0,3,0
tests/test_phase143_53b_transition_connectors.py,143,1759,0b949df7ead0b03494f283ba1072e3e9e89967e1990f7a6029f379d25eba0478,5,2,0,0,0,3,0
tests/test_phase143_55a_argument_conclusion_step.py,143,4478,ae22ce3f275f184d089619df5e6a6cdfa42ec54a7eac2145387a470c47efc1ed,6,6,0,0,0,0,0
tests/test_phase143_55b_conclusion_step_ordering.py,143,2745,69ee766ab6fed4dc6665dc79640a2d28623b8527f2306faa475e2830bbc66b19,7,4,0,0,0,3,0
tests/test_phase143_57a_step_calculation_chain.py,143,5588,1c1620c447b8873e1ea50a144577cc1aed3508d7715d44dcad187e39bbc12c89,8,8,0,0,0,0,0
tests/test_phase143_57c_step_derivation_connector.py,143,3081,8eb0339c20dca6c279a1615713e62ba851fbe318b6255d2894bfb77524408c7a,7,7,0,0,0,0,0
tests/test_phase143_58a_negative_scalar_sum.py,143,1300,44c886d92149661df28c3bfefa4ae42d48b558dc36703241f9ea9f3ff502137c,3,3,0,0,0,0,0
tests/test_phase143_59a_group_structure_semantic_key.py,143,3426,3f7a93838e228ebf0ce1d2823df17542cb4fd4d8682386bfc2c2ead170704775,7,7,0,0,0,0,0
tests/test_phase143_59b_group_structure_duplicate_suppression.py,143,3169,fbb02d296cc6c3c5b8208e562b0dcd839d9e41f48bfc301a486f17761433049e,7,5,0,0,0,2,0
tests/test_phase143_61a_argument_conclusion_direct_premises.py,143,5221,e99cb4e206c9765733fdfa7093f8e3356275772e115d21bfc46580ccafd19d01,8,8,0,0,0,0,0
tests/test_phase143_61b_direct_premise_narrative.py,143,3063,b26e916e7987565422eee511d0ed578220d01ee4a3653cffbeb20ad7ce5e3590,6,5,0,0,0,1,0
tests/test_phase143_61b_r_semantic_suppression_priority.py,143,1706,b49ca1c20b00fefbb670bc203630c0392c32a7adac509d18544809277a0d230f,4,1,0,0,0,3,0
tests/test_phase143_63a_r_exactness_repair.py,143,1811,b909128981e1c3fae08b2d614d374f849e674dfa661521ce63989ca33044f123,5,4,0,0,0,1,0
tests/test_phase143_63a_residual_fallback_provenance.py,143,1969,5fba6089d9254c79b5e7f9ac9e3aabb580d092ed35e0e8a06416bfee9cb3aa89,4,3,0,0,0,1,0
tests/test_phase143_70_provenance_only_residual.py,143,1363,10982eafac7bf1b9c400b33a0cc64b6d8cfe3252d8ea705edb750612ebfac435,3,3,0,0,0,0,0
tests/test_phase143_71a_eta_definition_visibility.py,143,1540,e0a7082168bf4d2ef88b580221bf0a4277052a3e3dcce3e1520a362efb27b49d,4,4,0,0,0,0,0
tests/test_phase143_72a_negative_scalar_product_latex.py,143,1493,e8e39752c3163be0a98eba71f7e2c39f6cf4c8cd0b4cc81a36c254233a7b4db3,3,3,0,0,0,0,0
tests/test_phase143_73a_internal_statement_narrative.py,143,1044,65321390865788b05a418babd8ee70138aa914c08849c967d72f5bc98f69b751,2,2,0,0,0,0,0
tests/test_phase143_74a_map_narrative.py,143,2747,d3d7205fe8df1877351710e3e6bce71861ca78896d16afc06402c50b29bae024,4,4,0,0,0,0,0
tests/test_phase143_74b_remaining_internal_narrative.py,143,3788,1f65b2c89bac88b1913d580bf879092e7894b269e0d8d0b4f0ca6b1d254f1131,6,6,0,0,0,0,0
tests/test_phase143_75aa_toda56_nu4_prop44_specialization_rendering.py,143,1284,9eb5d37d230cc435284b609098c00d4f9476beeb7ba9e7d9dd7f64f4f16e654e,3,3,0,0,0,0,0
tests/test_phase143_75ab3_whitehead_correction_rendering.py,143,1348,b427bb2f4383ecebb449cb7e008e9537c48f8217d1bdecba073492c432bc34d9,3,3,0,0,0,0,0
tests/test_phase143_75ac4_hopf_odd_multiple_rendering.py,143,1098,b66457eb5a4c62ef5aed2cc2b1a0fd81be02fd10fcafb0894a59bf8c1b246f07,3,3,0,0,0,0,0
tests/test_phase143_75ad_double_suspension_rendering.py,143,1066,7bec767d7d7067a92b46018c886848804fc4f89cb497b177982ef3019bdcb942,3,3,0,0,0,0,0
tests/test_phase143_75c_generic_semantic_rendering.py,143,2248,aec02c5ab30dc0f4b96f379cdd3dbbfd164f75d97df3b1f9b9edd80f7fdd3788,3,3,0,0,0,0,0
tests/test_phase143_75f_ehp_semantic_rendering.py,143,2785,a70fb0f5549123752292d040c10d5dcf624622a5a84490fec93ff242a64d3f04,4,4,0,0,0,0,0
tests/test_phase143_75i_whitehead_hopf_semantic_rendering.py,143,3159,dbb66f98de4020000c5382573fa0ae3bd595307f1013108ddbc2962884b53dd5,4,4,0,0,0,0,0
tests/test_phase143_75m_finite_dimensional_semantic_rendering.py,143,2515,411f8ad9c393ca4b7131bbeb862c6365201f49882f0d41f19488f4f2e730aafa,5,5,0,0,0,0,0
tests/test_phase143_75p_prop44_suspension_injective_semantic_rendering.py,143,2726,ef1a4f6b37c7973cbd2e5bfb86c37e133bc8b23ebf374bd4139313b0a43a083d,3,3,0,0,0,0,0
tests/test_phase143_75s_toda58_whitehead_square_semantic_rendering.py,143,3731,417ddcae408067ebdd7f9d6958b1bc5cf026da4820cec09f1ec0dcc02162d4f9,3,3,0,0,0,0,0
tests/test_phase143_75t_toda58_equation_aggregate_semantic_rendering.py,143,1416,bf01734d35ac00e7f5d89ee5f59a6814a5456f31395e65dcd9367806dc4ba7e9,3,3,0,0,0,0,0
tests/test_phase143_75w_toda54_bracket_up_to_sign_semantic_rendering.py,143,1282,836a10156e8e1fbe54e0e7e3cc59f5d7ec1f88a72a0e0bae1009ddaed086ba6c,3,3,0,0,0,0,0
tests/test_phase143_75y_nu4_construction_semantic_rendering.py,143,1701,8810d0b4da809a231481de456b1d1e667039a3d0d62d43294616614d65e63380,3,3,0,0,0,0,0
tests/test_phase143_7_fix1_argument_cycle.py,143,347,89ea927522866af883e59bd14c4442c8811392f5ad576cef2ae780d4b51f398c,1,1,0,0,0,0,0
tests/test_phase143_7_narrative_arguments.py,143,5529,5cd0e5f5f730784e3d909635ee290e35fbe744ee0031f4a97efa54b7171f7057,7,6,0,1,0,0,0
tests/test_phase143_8_argument_audit.py,143,1870,0a0e3ef558f81b7ae3e785e2205521372e50daa1c3dd420ad1cd97839af131d0,2,0,0,2,0,0,0
tests/test_phase144_2_sigma_triple_prime_definition.py,144,3522,0ce68c31f329dc992267b164bd9e5d44a0c8b6ee5be35629fa048fac4bd3cc9d,3,3,0,0,0,0,0
tests/test_phase144_5_generic_definition_order_equations.py,144,3013,71e56134368b01a5e81029cf36c5beb910c445308e6568a763390575d955f0c3,6,6,0,0,0,0,0
tests/test_phase144_5_r2_r2_api.py,144,385,53677ad6c0e5751825bebb115c141f0dfdca239540bf7d68629bed9ebec78bd4,1,1,0,0,0,0,0
tests/test_phase144_6_pi6_generic_production_route.py,144,2812,275c786f3d513bdeb179e6ad1edf57ad54186b76bfe44a8374bfec7ac41cfcca,4,2,2,0,0,0,0
tests/test_phase144_6_public_route_cutover.py,144,2939,a86a447ef7a4bb0186d14ab6225e8790706df01e6c15c08727de0ae13d791212,4,4,0,0,0,0,0
tests/test_phase144_6_r25_20_six_group_generic_production_narrative.py,144,1393,a6b9326f3abafec01b509c472346f2757a47b0342a0abcd316d234b1f8ccbd57,2,2,0,0,0,0,0
tests/test_phase144_6_r25_9a_pi5_suppression.py,144,3857,7f81f58614208086b4096959c7585a9675363ded36cf81e1c4886de50c73824f,3,3,0,0,0,0,0
tests/test_phase144_6_r25_9a_r1_relocation_hidden.py,144,971,23ffe0f82ab5b383ed924981e8fc760d26bc116e5d85891f604e5240b7d04111,1,1,0,0,0,0,0
tests/test_phase144_6_r25_9b_nu_prime_definition_depth2.py,144,4489,84e58b99442528a0e0768647a67518c69339c00e70f65448315187679ba64546,5,5,0,0,0,0,0
tests/test_phase144_6_r3_production_references.py,144,3153,253e11d94cb336508d65c648c3319a5cbcc6f958e16df0f87ca382f2d2ebd8a4,3,3,0,0,0,0,0
tests/test_phase144_6_r3_structured_references.py,144,2101,6760c6d9f2e7b80067dc3e6c8718a26a225c7f3a3784a48f6a2c5b3a5e48ecd4,3,3,0,0,0,0,0
tests/test_phase144_6_r4_supporting_fact_filtering.py,144,2288,f0c09380e59b90939949664ec950923d0d6910e5b63c53df738f289ec9d1de59,4,4,0,0,0,0,0
tests/test_phase144_6_r5_15m_evidence_contributions.py,144,5455,e075af30b0d9243c88672378784e8a032b532e04693c7732b45a2f411e970d20,5,5,0,0,0,0,0
tests/test_phase144_6_r5_15p_evidence_contribution_vocabulary.py,144,3335,8c66e66008235728221f92778bc3e83a6dadb0134da73c393fa70a6e7f418e94,2,2,0,0,0,0,0
tests/test_phase144_6_r5_15t_aggregate_semantics.py,144,2779,9bfb2cc45ba0837c202e34a6bda1d816aca600c6c68376945f17bba7763a8c44,3,3,0,0,0,0,0
tests/test_phase144_6_r5_15u_evidence_integration.py,144,5216,91d763c7ce810c4b91585f853aaa0e214c7c7af7c2c137d3588312275e38cd09,2,1,0,0,0,1,0
tests/test_phase144_6_r5_15u_r1_evidence_integration.py,144,5442,1535bea7c0ad123e0855088b46544c8d84ddea2484c564a4ec5ed1fdbc3ce902,3,2,0,0,0,1,0
tests/test_phase144_6_r5_17a_proof_chain_selection_audit.py,144,1868,a21307614d7ccf3b25422c981ef00a4ddad558a97080cf3033c01a6582ab5fe2,4,0,0,3,0,1,0
tests/test_phase144_6_r5_17a_r2_argument_support_edge_integration.py,144,1886,8c52f9134f186cf56a16af166328c4acfd48d0c37675d3490b700661ac9afc76,5,3,0,1,0,1,0
tests/test_phase144_6_r5_17a_r3_support_edge_correspondence.py,144,2420,51ccdfc306b91f4a049681566e7009ede2f58fe1c5dd72431a00c46efbca9f16,5,4,0,0,0,1,0
tests/test_phase144_6_r5_17b_generic_proof_chain_types.py,144,2385,65e83fa0f8d30996267c8bf8b4cf312fb9de8d3428754c2ac07d1b20ddb4886e,6,5,0,0,0,1,0
tests/test_phase144_6_r5_17c_cross_group_generic_proof_chain.py,144,2293,5462aa83527c9f1f549a6d8876de41921aed900808a79998d141b5956c2bd86a,6,6,0,0,0,0,0
tests/test_phase144_6_r5_17d_failure_novelty_classification.py,144,2357,375f7ee78b6102259f59b6b8d56bff55cebb57841546857192e2ac03b5a494e8,7,7,0,0,0,0,0
tests/test_phase144_6_r5_17d_r1_other_semantic_role_resolution.py,144,1849,4ae04d51eaf576e1456be68aa983c7dcd03022af6c264c6c0f4cbfef3b089c27,6,6,0,0,0,0,0
tests/test_phase144_6_r5_17e_proof_chain_architecture_decision.py,144,1950,713ef30f2f6e3f200347bd37816064290b811bbf59e71374fe3f38eb1f9ce026,8,7,0,1,0,0,0
tests/test_phase144_6_r5_18_production_generic_proof_chain_foundation.py,144,6406,626338e95ac9c43ed933b0947029b70fcb8d4982e08953c02857b3309005d1c3,8,8,0,0,0,0,0
tests/test_phase144_6_r5_19_proof_chain_narrative_integration.py,144,4615,7927648e9207e04b65e8cf860f01e55f4548c4b8622f1c1f0269b602c11633e2,7,7,0,0,0,0,0
tests/test_phase144_6_r5_20_pi6_3_proof_chain_generic_parity.py,144,2012,1ca121cf99ff8b5852266ba8e726d377b82fd1bae41473c0c92f065cc4a0bb93,6,6,0,0,0,0,0
tests/test_phase144_6_r5_21_missing_7_facts_generic_provider_audit.py,144,1540,ad868c83a9b62fae987f4dbefaf43bef1d0706e7a0bf38fe51c4bfa2f326e8b9,6,0,0,6,0,0,0
tests/test_phase144_6_r5_22_missing_4_facts_statement_structure_audit.py,144,1891,8cd8baa6c7d92e1efd82b9a5d5c595883889fe0615f334f51afc6cac1377dd5a,7,0,0,7,0,0,0
tests/test_phase144_6_r5_23_missing_7_facts_generic_visibility_path_audit.py,144,2467,6ded9ee9258bc8ef0c7dcf1760e320c2e064f2a29458b1370ddb9bd7f0a29f0d,8,0,0,8,0,0,0
tests/test_phase144_6_r5_24_generic_visibility_policy_correction_design_audit.py,144,2006,7b97ccdd3368d8258616bc6f565fc73b364c47e168d79b3f1c33e57fd14f4d11,6,0,0,6,0,0,0
tests/test_phase144_6_r5_25_multi_argument_suppression_selective_frontier_relevance_audit.py,144,2040,82ac286392796ae86e73dcac50ffed9a21fe2a96e12c1cb479e3d76d7bf6cb0b,6,0,0,6,0,0,0
tests/test_phase144_6_r5_26_step_level_dedup_derivation_path_relevance_audit.py,144,1582,50e43fb088f6d7f5c5f1be505badea4cbf309a7f05ad1781dcbd4e0878f96d44,6,0,0,6,0,0,0
tests/test_phase144_6_r5_27_bounded_derivation_visibility_step_dedup_readiness_audit.py,144,1486,4f41c96d96789711e17c1cbe9b05a785e656653e257a59afbd4edeb6b92e0b5b,6,0,0,6,0,0,0
tests/test_phase144_6_r5_28_narrative_contribution_ownership_audit.py,144,1458,2bb4e688563cfc28584d8410b9775f22ab1e6107881abb09e117e00d39cee2fd,6,0,0,6,0,0,0
tests/test_phase144_6_r5_29_narrative_contribution_chain_ownership_audit.py,144,1519,3e00940c0b7961b8dc4d695e8ebef4c1c3f416b997c6f93709e8277a0c91bc2b,6,0,0,6,0,0,0
tests/test_phase144_6_r5_30_upstream_calculation_attachment_audit.py,144,1593,e277a85abdb1a6f8f01776cc9246078b008dbc4165639df81e1b3209e0ca7b2d,6,0,0,6,0,0,0
tests/test_phase144_6_r5_31_upstream_calculation_attachment_semantic_audit.py,144,1370,2bc9081b7c698283f402bf6d675f667b5570d45977e6bc4412f3d421bb335d02,6,0,0,6,0,0,0
tests/test_phase144_6_r5_32_visible_contribution_assembly_dedup_audit.py,144,1420,f7482af9a0db70f0b1c1e856cdf1380e4927ac8102905be757310a85b7ba162f,6,0,0,6,0,0,0
tests/test_phase144_6_r5_33_visible_step_rendered_markdown_survival_audit.py,144,1303,18b18617a3adb8de5772ba4866f1bdca96f47eb42c574acd27a1e7c5027add9c,6,0,0,6,0,0,0
tests/test_phase144_6_r5_34_provider_anchored_visibility_gap_audit.py,144,1405,18e03d0671083f34ffcbd6acc8e91bb5166069e2992796c9a1c959e6734c1f27,6,0,0,6,0,0,0
tests/test_phase144_6_r5_35_hidden_anchored_contribution_necessity_audit.py,144,1580,dc715469cc9e5fd2c8cf589da6845936d4f90f98bf01a9c46459c38089e5fc68,6,0,0,6,0,0,0
tests/test_phase144_6_r5_36_necessary_contribution_current_display_coverage_audit.py,144,1530,ad5dde9b8f34df127a20bb61abaa95410a5cbc25dbcdb34a53b56fe64119663f,6,0,0,6,0,0,0
tests/test_phase144_6_r5_37_genuinely_missing_semantic_equivalence_and_rendering_audit.py,144,2076,5e5888781842b3ce1c917e649928caad12f2febb8293c3d436dfa03ccbc608ed,6,0,0,6,0,0,0
tests/test_phase144_6_r5_38_visibility_gap_explanatory_contribution_dedup_ownership_audit.py,144,2196,87ead0f2424a182f0f5fbc4065e7ed694d8d83972745d7501bb1b823d7571601,6,0,0,6,0,0,0
tests/test_phase144_6_r5_39_explanatory_contribution_narrative_necessity_audit.py,144,2770,5d1786928b52955baf8085a1cb7fb14f228b2351242cdc560213d7b8a50c1b2e,8,0,0,6,0,2,0
tests/test_phase144_6_r5_40_narrative_contribution_placement_order_audit.py,144,2036,c6998ee9a31691c5e10acdad6856fe233ec73652254bd7526f1282bdb21875ae,7,0,0,7,0,0,0
tests/test_phase144_6_r5_41_contribution_topological_order_determinism_audit.py,144,2381,7fea09897c813bc693781dd52918e7a8c6c74c3b4e0273552449812b7631fb64,7,0,0,5,0,2,0
tests/test_phase144_6_r5_42_generic_narrative_contribution_production_foundation.py,144,7523,fe9992ca8daacd72a685ad410d2626b760b98ae8ded3d6b5b0f61d9706cc724a,9,8,0,1,0,0,0
tests/test_phase144_6_r5_43_1.py,144,2855,38558f69fc417258d0a006097910e797e2a39b3db1f604738ea14747398f64c1,3,3,0,0,0,0,0
tests/test_phase144_6_r5_43_10_transport_chain_compression_production.py,144,6766,8fcc8bcde551bd0d2ba10afb3b7713774953d43dafb0a02811b8e616be493d4c,7,6,0,0,0,1,0
tests/test_phase144_6_r5_43_11_completion_cross_group_narrative_audit.py,144,1625,f1bf8561e6274711fe4988179f33a09fed5ad0514df50b39810273aa962a8a8c,6,0,0,6,0,0,0
tests/test_phase144_6_r5_43_11a_insertion_failure_classification_audit.py,144,922,dc4bec64063668b94b0001e85286a0c108d9a53224ef453b6764f90679bfb9ff,3,0,0,3,0,0,0
tests/test_phase144_6_r5_43_11b_detached_argument_boundary_audit.py,144,904,930b4e0b1b54b758dca42a6b10a50bb7d390ed65fbaf0e7d8b2dd5ca20209918,2,0,0,2,0,0,0
tests/test_phase144_6_r5_43_11c_non_detached_fallback_placement_repair.py,144,4842,6656fdd1e77c19d2732cb44f2444fb1ce6e141a64a0a51b314629eb1fa1715ae,4,2,0,0,0,2,0
tests/test_phase144_6_r5_43_11c_r2_argument_participation_guard.py,144,3525,63a1b57420839ec98d285b567aba37f15d894d1220638b04454860f8177a74fe,2,0,0,0,0,2,0
tests/test_phase144_6_r5_43_11d_final_completion_audit.py,144,1657,4863485350d922e99bb9bb7d33b99afce879c445f3a6a0cb15fe1d2c4f54f3be,6,0,0,6,0,0,0
tests/test_phase144_6_r5_43_2_placement_aware_contribution_insertion.py,144,4197,fffb8ffd8ebe2f32d3a352d1277b0749fbb56ca0367607ee62ec484914571440,5,4,0,0,0,1,0
tests/test_phase144_6_r5_43_3.py,144,791,2d3fb313db011361d5593ac83132d31d4e7d25d3db5ff88be7c8539fccb769d9,3,0,0,3,0,0,0
tests/test_phase144_6_r5_43_4_dependency_aware_contribution_connector.py,144,4670,9d39bbd72b94aadbe2ee33e72bd7e0908fefc6f8f266adc9b072ed479ab98dbb,6,5,0,0,0,1,0
tests/test_phase144_6_r5_43_5.py,144,1323,f0392842f3c812bef319d97b54fdf68dddd3ecbe07ad6b2ff646b9928c44b3ec,4,2,0,2,0,0,0
tests/test_phase144_6_r5_43_6.py,144,1712,ab2d889fd3f58bd273b7e665d6cb7024302d900475754cc008fd9b0eb35ad7b2,4,2,0,2,0,0,0
tests/test_phase144_6_r5_43_7_hidden_bridge_semantic_classification_foundation.py,144,4600,d4b57018e52a295b17d4422a0f98ee7e8f19355350cb4d8e7971e0a2cf8fb276,5,4,0,1,0,0,0
tests/test_phase144_6_r5_43_8.py,144,1493,c5c25af060bc8b99de7ea173af687b17b43422bbdeef0ce4f00e3159773eb840,5,4,0,1,0,0,0
tests/test_phase144_6_r5_43_9.py,144,1158,3359232f0daac33b94648fdc25ec9cb85319b4f9f8774160e432f07d3a13d913,5,4,0,1,0,0,0
tests/test_phase144_6_r5_43_generic_renderer_contribution_connection.py,144,3338,694cce84d99063a0527c6e52d652482f48cb8c9a76f3b51670898ebb4478378d,4,3,0,0,0,1,0
tests/test_phase144_6_r5_43_r2_recursive_repr_repair.py,144,1280,9bd80ec0e75fcc41298242399d11d65647f502e61f7eac9bbe81a144429aba8a,2,2,0,0,0,0,0
tests/test_phase144_6_r5_43_r3_current_markdown_plumbing_repair.py,144,1780,7ffd6498487259aea41e5bda089b502571040b4e5538650b378a03b122709824,2,2,0,0,0,0,0
tests/test_phase145_group_proof_defaults.py,145,1942,d470d311f76b7b722c1de89a4155106781c2177479aa863e6858fac5576f7e77,5,5,0,0,0,0,0
tests/test_phase146_7_generic_argument_purpose_prose.py,146,1730,fe41df051062b6a3362283ff8695baf36f604224e05f9453e673c477b6f0d296,3,3,0,0,0,0,0
tests/test_phase147_rc1_argument_method_ownership.py,147,4719,e0223c85e3146a698006c44ecc10d2bffda5039cb8b6e97b164d647258c08530,5,5,0,0,0,0,0
tests/test_phase148_rc2_3_exactness_exposure.py,148,4885,7f232ee4501c4319bf0ae828c786a1cc37a1890318680138d06528e929aea73e,7,4,0,0,0,3,0
tests/test_phase148_rc2_3_repair_r1.py,148,1379,002a96827dfb50482bfcd0e0d1558d8c3539027bb01806052be525035b247508,3,0,0,0,0,3,0
tests/test_phase148_rc2_4_cross_group_audit.py,148,5303,105e87344c6e7fd46e2b895f48c47b05a5466a145508aadfba4032ea67df6c05,6,0,0,3,0,0,3
tests/test_phase148_rc2_4_post_repair_six_group.py,148,2379,54ca5301f40670f18331208091167a9d0deeb333c520be4d3957d86af59ea63a,6,4,0,2,0,0,0
tests/test_phase148_rc2_4_repair_r1_exposure_path_audit.py,148,2127,4fdd3d6c1604c483b55ec5f19ee7c85fdd2f386411b76ed344b84c316782dc58,2,0,0,2,0,0,0
tests/test_phase148_rc2_4_repair_r2.py,148,2948,5de57cf77ca09196dd939127c357e7459102a6cadba17ce7e902e47d06797e0b,5,5,0,0,0,0,0
tests/test_phase148_rc2_4_repair_r3_web_unit_parity_audit.py,148,3270,cf1f0b2ce4b7ffb6d62f227cfc45660a1500c740050aa47c932088f4ca8660b0,2,0,0,2,0,0,0
tests/test_phase148_rc2_4_repair_r4_1_numbered_equation_dependency_audit.py,148,2429,b744bf79b7ad2c6acccb9a850cff629c4ae45a9e307565eab509d60703a690a3,3,0,0,3,0,0,0
tests/test_phase148_rc2_4_repair_r4_1_r1.py,148,1638,9a9e7f5375187ab6dff15e06a56effe35a24807d0b2e64276c56c15fa13fd25c,1,1,0,0,0,0,0
tests/test_phase148_rc2_4_repair_r4_2_calculation_premise_semantic_closure.py,148,6484,fd56664b980efce4b1506e97c3f13961274b09b7f9cc7aa9d6cdf66789a174e4,6,0,0,6,0,0,0
tests/test_phase148_rc2_4_repair_r4_web_narrative_depth_parity.py,148,5188,618f7f55c281ece35fb9e73e25f36efb0e013306834d27b17d86b8bed47efa38,6,6,0,0,0,0,0
tests/test_phase148_rc2_4_repair_r5.py,148,1074,a3b86c18110744791938068d668b03bd22a8eff927897d40528da695bc1c9feb,2,1,0,1,0,0,0
tests/test_phase148_rc2_4_repair_r5_r2.py,148,1624,c51d34236870dcca156023afcafa3ff5bea8593f61af1f6475f904a72122df70,2,2,0,0,0,0,0
tests/test_phase148_rc2_5_semantic_closure_scope.py,148,2949,c8469cfb5b2855e2683db26799af75e07f72e2cce81615e41606d992d92d0c69,2,0,0,2,0,0,0
tests/test_phase149_rc3_3_minimal_ordering.py,149,3940,8f77c54d6546cbc2df3233a963a3ff8483dcfa50d8941187cbf36a4ba97e56c6,3,3,0,0,0,0,0
tests/test_phase149_rc3_4_cross_group_ordering.py,149,1397,b36b91f866330bb6f250b05ba9090c9ff47577e9cce47c7e160c0f87f915ce4c,2,2,0,0,0,0,0
tests/test_phase150_rc4_4_reasons.py,150,4968,353b9bd77374fe373f6f648dfc446a38ae92115dfaacb161b8bec1f717ae63ef,6,6,0,0,0,0,0
tests/test_phase150_rc4_5_visible_reasons.py,150,3503,c76b4e05a9edbad3865e37128626d3872b41e39d439b54c0109e7dac65b82cda,4,4,0,0,0,0,0
tests/test_phase150_rc4_5b_3_r1_beta_latex.py,150,335,3b1e7436ef2da83d99f66263f9a6f8564dd3d7008303ffd0ddc9125e65100ff6,1,1,0,0,0,0,0
tests/test_phase150_rc4_5b_3_reference_binding.py,150,3222,68d95ab825e9a70a1d1f07ff3b8e2d0668b8f22d920597fe5e7679fefde63972,5,5,0,0,0,0,0
tests/test_phase150_rc4_5c_2_exactness_to_map_property.py,150,4305,5a9b2f22024d9ae4d49f4f8741877c988790b55951f50c53672609f0f95c7051,4,4,0,0,0,0,0
tests/test_phase150_rc4_5d_3_multiple_relation_to_order.py,150,3695,2e7f9f1e0e86aed7e02f3ba1f5d70a58646be1b2aa9a6afabf896e6d488774c3,4,3,0,0,0,1,0
tests/test_phase150_rc4_5e_2_short_exact_derivation_reason.py,150,2700,99d6a186c36ab65fbb03c3704756ddad94ae6f7ae312d2ae9959d6ad4fc6b3cb,3,3,0,0,0,0,0
tests/test_phase150_rc4_5f_2_final_group_structure_reason.py,150,4886,3c19d1b1ea3b15cb0a754f8b1a234d35568bce43e28affe37c8399021692651a,4,3,0,0,0,1,0
tests/test_phase150_rc4_7a_cross_group_reference_normalization.py,150,2568,c26e0d0655e8a7fae39a4d0584cbdd90cfb9e5bd09d50595127002770bbef9cc,5,4,1,0,0,0,0
tests/test_phase150_rc4_7b_production_repair.py,150,1818,92fa5b5aa6f09e6988ddc92cb74558de413804b9b277ef5b61a18514600d4a3c,2,2,0,0,0,0,0
tests/test_phase150_rc4_7d_3_public_narrative_generic_route.py,150,3431,757c87c81c8f0935feee2eaf79ed5520416da5dc0512c72fe6a17f8d77096631,6,6,0,0,0,0,0
tests/test_phase150_rc4_7d_generic_reason_vocabulary.py,150,1719,269b95a47fb35810b3bffe1e21a9e25f84f0c4dcd9f6457afac005e908c693c5,4,4,0,0,0,0,0
tests/test_phase150_rc4_7d_reason_hidden_conclusion_anchor.py,150,2244,45a813e127961696bb02debf87f79d18281179217102a2bdfebf5032e112cfc8,2,2,0,0,0,0,0
tests/test_phase150_rc4_closure_reason_visibility.py,150,1884,2c875800f688f4e9f759dde8f811ed1532d875ec085357120ecec854b44eb2b0,3,0,0,3,0,0,0
tests/test_phase153_closure_repair_r13.py,153,2929,fe57d5d3042eb39dcdd04ce05f5a90b24e0c2671adb1a9d2813890a9b6c39c74,4,0,0,4,0,0,0
tests/test_phase153_closure_repair_r13_syntax_repair_r1.py,153,1073,370096754a1cb27f00de516c6d293dc16ff63f28dc1061d75c4224cab27f5a51,2,0,0,2,0,0,0
tests/test_phase153_generic_concrete_proof_scope_recovery.py,153,4496,cb78bcf27bfc59013e6c8bdf8346b8ca9b7d1067fd117c9234bde91005ac57ed,3,3,0,0,0,0,0
tests/test_phase153_r10_used_reference_filtering.py,153,3737,1a1e91574060b5b0de00ab0f381f5a8663fac4649251735d97d196ce43024263,3,3,0,0,0,0,0
tests/test_phase153_r11_generic_reference_attribution_filtering.py,153,2566,24d8fe1d46e5e3dcdf1d62ac228c5771b3ed6dcebb29d859122e24fccce11839,2,2,0,0,0,0,0
tests/test_phase153_r12_root_reference_exclusion.py,153,2362,6ba383f614e4bd862cd94b8e0b08b569fb21f462d343c2e33773aeeb7aff78e2,4,4,0,0,0,0,0
tests/test_phase153_r2_public_reference_semantic_fact.py,153,1492,e75e3977b3cdd17f9146d570200f36f6040427ec72b6edb17f8c22570a89c387,2,2,0,0,0,0,0
tests/test_phase153_r2_toda45_map_property_semantic.py,153,2228,a6b8eced8eadadbd437e4ab5134415b75e6ca697b4f1c2105882c2dd56de79eb,2,2,0,0,0,0,0
tests/test_phase153_r3_10_public_reference_connection_repair.py,153,5042,75234f9326088b9514677a4e8b739803bdbea9804681454af8e59de1caa0fcbf,2,2,0,0,0,0,0
tests/test_phase153_r3_11_reference_body_ownership_repair.py,153,5017,82cc16b23b96b11bc401736b998a9dedb50b35211349d9233c2cb6d6782390b8,4,4,0,0,0,0,0
tests/test_phase153_r3_3_reference_statement_selection.py,153,3145,4f4d74a97c4060f6dd457443bd2f1098619b4c04693218f9f243b5d7f1b5504a,4,4,0,0,0,0,0
tests/test_phase153_r3_4_reference_statement_rendering_connection.py,153,3898,be727e6fbe0e754fd24f9e567f8fbe98a39f955be7bb7729ced4390114d4a97b,4,4,0,0,0,0,0
tests/test_phase153_r3_5_reference_body_duplicate_suppression.py,153,2852,2174c11abe026a756b41dd274e78909b421edc6aafce3978ccebda20c4584ce3,4,4,0,0,0,0,0
tests/test_phase153_r3_6_unresolved_reference_statement_rendering.py,153,3846,55e1228c98aa46a3f9255754b4fb8aea21e66b2b355f08396ca9db1530f07eea,1,1,0,0,0,0,0
tests/test_phase153_r3_9_remaining_reference_renderer_coverage.py,153,4684,2ad56565461a28bb0c0edd93b29c164cd4f80dcfc103d361f5fe30546b91821b,2,2,0,0,0,0,0
tests/test_phase153_r5_reference_selection.py,153,3462,dbd986f6d222882b491b4632718d0cdc1a46b784bef6a8a37660c383167f4a03,4,4,0,0,0,0,0
tests/test_phase153_r6_aggregate_component_granularity.py,153,1662,5418ef4c663ef07a7308ad0dfd3a1bb8365558c35c6f11a1526b8f0863c95a72,1,1,0,0,0,0,0
tests/test_phase153_r6_reference_granularity.py,153,5879,cc209ac309de16811a1f707ca25e98db7fd9b7795d7963a6662dfd86d99a796d,4,4,0,0,0,0,0
tests/test_phase153_r7_independent_root_path.py,153,1351,fde233d54db5f4d5141769afb09dd2d35bb355656314cd60951a512c14c098d0,2,1,0,0,0,1,0
tests/test_phase153_r7_proof_body_relevance.py,153,1801,a2fcc57d152bea0603335fa36455efb0fc80af7a4917ca46401c82aa831aee69,3,3,0,0,0,0,0
tests/test_phase153_r7_scalar_suppression_key.py,153,1165,59767499c7436a46472de29cd58899f0e8dc6eaec259904a27962636a4185161,2,0,0,0,0,2,0
tests/test_phase153_r7_sibling_boundary.py,153,1185,430d87e9e3b9c0cac5d90153e2d1f7f4455fc28d68716e1e974cc851d48c1372,2,0,0,0,0,2,0
tests/test_phase153_r8_reference_use_prose_normalization.py,153,2732,f5075e04a9d95b52cb36fc15a5c17f1ecbe813dcb1b973a95cbe7caa3605cbb0,5,4,0,0,0,1,0
tests/test_phase153_r9_reference_reuse_derivation_suppression.py,153,2706,179f4f47a9942f0e8ec43532efb5b75a9716bf656feb3d6a60effcd8de14a80c,3,2,0,0,0,1,0
tests/test_phase153_scalar_order_narrative_classification.py,153,1433,c292278bb33cb9859202b042d031112965db7739bc647a0005d395ec26056c80,1,1,0,0,0,0,0
tests/test_phase154_r2_fix2_semantic_sentence_composition.py,154,2458,513357ea5508848206c583a6a895ed98a1f9249a6c80cf5b4d2315e6e7af9a45,4,3,0,0,0,1,0
tests/test_phase154_r2_fix3_reference_marker_completion.py,154,2994,b3ea1bf5380609377691e7bf3fb4ae9579d20eface0827ce3b4cba8854a27124,4,0,0,3,0,1,0
tests/test_phase154_r2_fixed1_nu4_decomposition_semantic_prose.py,154,1564,265a7009ba383abdc82724c38580aadc3d00e8c39865f512c4f60c11bbc097ff,2,1,0,0,0,1,0
tests/test_phase154_r2_internal_prose_fallback_leakage.py,154,2102,cfcb025ba3a471610652987d100fefba8cd114be77a41b2b875aba398681c83b,4,4,0,0,0,0,0
tests/test_phase154_r4_semantic_duplication_transition_refinement.py,154,2898,a394d3eb787170c360fcac46260eea9ee69fef619c97e678811596149db6b422,4,4,0,0,0,0,0
tests/test_phase154_r5_fix1_graph_backed_reference_linkage.py,154,3225,367f5d898f577d43381ad03c7a5b0b03cf87ad0fcb7d970b91429f1e91d72499,5,2,0,0,0,3,0
tests/test_phase154_r5_fix1_repair1_reference_entry_frontier_linkage.py,154,3575,ea8dbb810820b430d575e28903e549073f3a7b71335ccb02aded874884fe54bb,5,2,0,0,0,3,0
tests/test_phase154_r5_fix1_repair2_legacy_route_linkage.py,154,2069,d4cd96a45ec365a31d1d65363c460a755892edf596fa7360fa44030b5d75bc8f,4,0,2,0,0,2,0
tests/test_phase154_r6_1_repair3_ascii_period_policy.py,154,2659,7b1caf1e124657873b9aa02a87cce5ff32baad4ed5fc281f63f984678e729c61,3,2,0,0,0,1,0
tests/test_phase154_r6_2_ascii_comma_normalization.py,154,2990,df059949058be10c9e20c1819856ad4202706e5176cccba0c9076545a382bf20,4,3,0,0,0,1,0
tests/test_phase154_r6_2_repair1_missing_shared_sources.py,154,2352,ad647dc0845d15f54ae8774bb224781da17c8953a3d15d4d4591964c4ad8ed6c,3,2,0,0,0,1,0
tests/test_phase154_r6_2_repair2_equation_numbering.py,154,1279,cbb34e49c5bfc3ce43ae63b8c9b8bbbfe9ad671ba5740452ee69d5ffba4f88c7,2,2,0,0,0,0,0
tests/test_phase27_theorem_connection.py,27,16241,6ab8c60d3d92ff0b545d6a753eead12cb0d65d1c59e717244043ba00a7ccfa3c,11,4,0,0,0,0,7
tests/test_phase27_toda_definedness.py,27,4213,424267989ea660bc8090083e257637036e169746e0a9c55703492fd3cfd91c83,4,4,0,0,0,0,0
tests/test_phase30_prop22.py,30,44094,55ff559894cefe44161e79d8630203451d009fb3d528768e4526a5ae3cd741ba,25,25,0,0,0,0,0
tests/test_phase32_prop22.py,32,45088,772772d5576b66da446ba65d06932065ff6c73ad85226eb2b6f8725a99e6fae0,39,34,1,0,0,4,0
tests/test_phase33_barratt_hilton.py,33,49770,f9b8b5c7afbb162d75264cd2bd6ca51aa7de630d69b6b947efa4b3bab6a0bb15,73,57,2,0,0,14,0
tests/test_phase34_barratt_hilton.py,34,55018,a9538d8f8f5fac7bdebb2000ec834e4a0f9c971a598eb01834fe69b237dfe42d,35,34,1,0,0,0,0
tests/test_phase35_actual_h_calculation.py,35,71007,616662f2cbeff5b70a94081d5c6b19519bf7d5072e4600ccbfeb3a05cce562c7,53,51,0,1,0,0,1
tests/test_phase36_actual_h_multiple.py,36,16474,eea4d043b42dc319c2ecdadfd115ecf9f64159ac1e9933350aa7e583933e3f91,14,13,0,0,0,0,1
tests/test_phase37_h_side_equality.py,37,15135,476fa1d6a3303f22d994a576baea39db1cd8772e96875d065986ed15ee8f7691,11,10,0,0,0,0,1
tests/test_phase38_injective_reflection.py,38,15069,ad6713124b4702fca4d745e44a6db70a6ed054612554de5f5804f98b266d4a3b,13,12,0,0,0,0,1
tests/test_phase39_primary_component.py,39,11021,ba811174c2ff868749a420e9f7885bdab0d0f8272c646abe142225e6a9a23b86,24,24,0,0,0,0,0
tests/test_phase40_toda_primary_group.py,40,11030,4272bb9b5cba5760a87dcc8d7c17483e9f142beb810da4699807bf36b17ea4ea,24,23,0,0,0,1,0
tests/test_phase41_preimage_subgroup.py,41,14364,467007b3b60492b7f82e79646eec7ed4dffc27a9f61c85db7d9e66ca76d87ca6,36,32,0,0,0,4,0
tests/test_phase42_whitehead_product.py,42,15531,2caffb637951dd400a3cfa3070a8905cd618190deeb5e6c933a23e1cdfe4997f,36,34,2,0,0,0,0
tests/test_phase43_toda_lemma41_premise.py,43,17898,78b058fe1ba0c5439390c92fe1b7b92f75bb8fffa1152c4a32d61a64efc9c7f8,32,32,0,0,0,0,0
tests/test_phase44_toda_lemma41_case_semantics.py,44,65403,e6da8282360dc862fee10c7f25fd6ad64ab32214a50ac5443c0239820b777fa2,94,89,0,5,0,0,0
tests/test_phase45_toda_prop42_bridge.py,45,8917,fcddec06b503b20daaacf606805e4950dcfe0f1825057856e5926a5fefa6bcb3,16,13,0,3,0,0,0
tests/test_phase45_toda_prop42_compatibility.py,45,7205,76dbabb220207be10461b7ec14c3a4c288908ff3d5d0801bf621201b0af6686b,17,0,15,0,0,2,0
tests/test_phase45_toda_prop42_exactness_compatibility.py,45,10386,302106c673f01d22006d2c758273d493d906339d2f957d363b1b1d77900a7150,17,0,17,0,0,0,0
tests/test_phase45_toda_prop42_exactness_instance.py,45,13034,d04ebcf68c70512a354920003c05368db29635ce801d36e3774bbe57179c836c,18,18,0,0,0,0,0
tests/test_phase45_toda_prop42_sequence.py,45,6905,b563ecf12ac6b4dc444c416a3758d6bca6f0bd83596d722868ab3bd52cef8c3b,19,17,0,0,0,2,0
tests/test_phase45_toda_prop42_theorem_semantics.py,45,14910,ce4873b7f047b581bcbeb898ab7c9ed92b0b29f656131bbd83b5c451c9556957,16,16,0,0,0,0,0
tests/test_phase46_toda_45_applicability_compatibility.py,46,8722,b6c2cde4a68cec4ffb8a99fd77c736e433369ba4e4f9301fa86ea31f920f37f0,16,0,14,0,0,2,0
tests/test_phase46_toda_45_compatibility.py,46,6987,f28844d4e1473087e05d367fafcd9173b08db8b63b75beb18f6ede8b340b746e,17,0,16,0,0,1,0
tests/test_phase46_toda_45_probe.py,46,3929,e3deae6334dfa6cea8fba778d47224030ae97da7d827b22f063e0c4153d2673d,10,0,0,10,0,0,0
tests/test_phase46_toda_45_stable_range_premise.py,46,4548,ca9e6146dc4a59703c9670005e61b8ef54377f5d3aa8dbe3d984fb180e1ae830,11,11,0,0,0,0,0
tests/test_phase46_toda_45_suspension_map.py,46,5602,34b560aca8ef95ae30ec94c5b18b466906704356fd73dcff0a31244134e3b49a,15,14,1,0,0,0,0
tests/test_phase46_toda_45_theorem_semantics.py,46,10466,e187396c5d14a7276566266b9806d739aa8f345b15928f78b351f03a7f6f3588,14,14,0,0,0,0,0
tests/test_phase47_toda_prop44_applicability_compatibility.py,47,14479,bbbcbca454ac743322d2e05d02fba6c487b3211c1b4c9c397ce017b52dc99c9e,21,0,19,0,0,2,0
tests/test_phase47_toda_prop44_compatibility.py,47,10824,e67e7eb841a523d2ff98870b1defb7f28c3d5461152001eddfa5a60cf836cf96,20,0,19,0,0,1,0
tests/test_phase47_toda_prop44_decomposition_groups.py,47,8527,ba4163b70e40cc299cacf95d7581c54ba06a6b2b9ad8a1a2462474946f35fb76,17,16,0,0,0,1,0
tests/test_phase47_toda_prop44_decomposition_map.py,47,12094,1fca28d007b28320c76b233c59ff35a0d5a9c63115fe5382f9fa84a34be42ea7,27,26,1,0,0,0,0
tests/test_phase47_toda_prop44_probe.py,47,4795,149624755232b27c80645b153d0e7a0d8d54a227176577393dede36d3e959167,12,0,0,12,0,0,0
tests/test_phase47_toda_prop44_theorem_semantics.py,47,16823,e11cca27b37bae2a4a09e3853905aabbc6c43172ce064dbcb1704e66ab3d1daa,22,22,0,0,0,0,0
tests/test_phase47_toda_prop44_toda_membership.py,47,6566,38f774d99f5d85eebb5e3b5767ccdfcb7b80caebedd1bbb5d07150126fcb4d39,15,15,0,0,0,0,0
tests/test_phase48_toda_prop44_e_injective_applicability.py,48,15434,37f6d56ae8d71cc785f369d9d51d2eb4e977bc61d6f4c0ec505f789ff94f8932,22,22,0,0,0,0,0
tests/test_phase48_toda_prop44_e_injective_theorem.py,48,15335,69d8a8cf63bcb265ba73e08efe047934ec327cb8d3dfef8a3121bfcd7cd73621,26,26,0,0,0,0,0
tests/test_phase48_toda_prop44_e_injectivity_compatibility.py,48,9781,3c97438bc79ab3b8146bab680db8b56eac1a6c872889800f6e073099ca63cb29,21,0,18,0,0,3,0
tests/test_phase48_toda_prop44_e_map.py,48,9248,309058892a9665985df135e96d6440ed9f172287380bce694686b387ccfd5a10,22,22,0,0,0,0,0
tests/test_phase48_toda_prop44_first_summand_restriction.py,48,14874,ed8078024c9c434e39372339717f0e4578360233abfcf9f7c682e312d7a621aa,22,22,0,0,0,0,0
tests/test_phase48_toda_prop44_probe.py,48,8801,d8650ea1b8f41da691e9476f403d3413724f64cefc46baa14bb1752a9b8725e0,21,0,0,21,0,0,0
tests/test_phase49_concrete_pi3_2_compatibility.py,49,7316,ebd7a0643068212394f6febf347b3cf874da54940fe35acf1d292fd7dc81b7ec,20,0,18,0,0,2,0
tests/test_phase49_delta_hopf_surjectivity.py,49,16497,7b92de25a7c8d2eb332a1b7b552ae5260d2a7be8b9d16abdf52e7e1cc6dc4fb6,26,22,0,0,0,0,4
tests/test_phase49_generator_transport.py,49,12123,7fae59b44bb665e9576a6dcbe6624dcc5199205965110efc2c8fc4ccf46c896c,20,16,0,0,0,0,4
tests/test_phase49_hopf_injectivity.py,49,10315,df642f8bb8ce97048378b3259073cf95f5657561ce364411167e4842ef8e9168,21,21,0,0,0,0,0
tests/test_phase49_hopf_isomorphism.py,49,9465,b5a73c9ffde9dda3134e0293aab0e0b926c9c2fc4ead0a34d796fc3063adf3f7,17,17,0,0,0,0,0
tests/test_phase49_low_dimensional_facts.py,49,5483,944413b7477552b08cdc5707e67f1c3f85f191368c4f48a08f830c1675370005,19,19,0,0,0,0,0
tests/test_phase49_probe.py,49,9113,643b6b726125970054b263b3a568c76c4dbcbb8174ba934173829a81806967b2,23,0,0,23,0,0,0
tests/test_phase50_applicability_provenance.py,50,20027,d318b06d8538744afafd62827c71f8d620e6c1345e54b767d892c65fa7c198ad,18,18,0,0,0,0,0
tests/test_phase50_eta_family_notation.py,50,9558,3c522f98e50a150f53f903b119aeb7b457e1436599db6c55df25e5838a8c4b15,16,14,0,0,0,0,2
tests/test_phase50_low_dimensional_delta_facts.py,50,8956,5630e8d5ca09efcf8f7064cebee026ad17db469cbabfaa0dabf407c07839c4ff,22,22,0,0,0,0,0
tests/test_phase50_pi3_2_whitehead_square.py,50,10247,50fecd6096e690ca5161497c423b6a2469ae9621be74b21f10aed99006a3474f,14,14,0,0,0,0,0
tests/test_phase50_pi4_3_dependency_compatibility.py,50,6,aea52d27230b89ca1b732866afbe137a98e65100049a56b3293def8d5fe7dda0,0,0,0,0,0,0,0
tests/test_phase50_pi4_3_exactness_bridge.py,50,16306,232f69f9d1933d8f87a9eb4ecc0df8e46362c1a0bf44a2320452fff23dd82f4a,18,16,0,0,0,0,2
tests/test_phase50_pi4_3_finite_cyclic.py,50,10622,bcecf0d6eeb7862d8acbd8bb2c10741e748848ebf0fabb0f6a0dfebddbed5d8b,17,17,0,0,0,0,0
tests/test_phase50_probe.py,50,10932,68d0ebcac3ce8a4cdcf438c926f8284c73770a8b966feec3fba0998674d90263,27,0,0,27,0,0,0
tests/test_phase50_prop27_theorem_semantics.py,50,8597,7e1fd4c785c18fc9a3eeef8649f901ade67da6db0a747fbaa3e82917c59308cd,18,18,0,0,0,0,0
tests/test_phase52_delta_direct_bridge.py,52,14252,72b728363d9a3ac947c168600863208dbe82003d84e285e4066c6b09ab8cd45b,16,16,0,0,0,0,0
tests/test_phase52_probe.py,52,4565,f6988f7728aededcf7bae9c8202367760a5624d49d8e742e958cf19026e25f2b,8,0,0,8,0,0,0
tests/test_phase53_finite_cyclic_transport.py,53,18589,08c41af4c0242da7236bc9cab3ab72e4ab3736f7b6562783d0a18e070ebf75b9,24,24,0,0,0,0,0
tests/test_phase53_integration.py,53,7083,9b547beaabe8d23e63c00d52616577aacb0eecb1a4a9b37cf2735b3e5ce9a48b,6,6,0,0,0,0,0
tests/test_phase53_probe.py,53,5014,3a25937068b62f97ee222e39f69f89dda87b7b48d63cab6095935ad1e4c162ab,8,0,0,8,0,0,0
tests/test_phase54_eta_family_bridge.py,54,19878,fee070ac08d8d98343d7d556b412d44fe6ec02f11af91d97a8bf0058afadaa20,20,20,0,0,0,0,0
tests/test_phase54_integration.py,54,6575,7aed0a748eba5c8b8d26944a5b90d77e83f84275abe0d359b8c53a677ef9fd40,7,7,0,0,0,0,0
tests/test_phase54_probe.py,54,5075,9fcd6f538f8c1630918e129517927ff7b74bdc1846a6e89a167f3801361f3396,8,0,0,8,0,0,0
tests/test_phase55_probe.py,55,4618,c97ccdcb7df9272687d48589263364bd908a84ca0ee187a27456f08370dedaaf,8,0,0,8,0,0,0
tests/test_phase55_prop51_finite_dimensional_statement.py,55,4750,7ae77aadef34eefa33dee08e8d3f42a6e077dd4085803499b5a82481919a216c,5,5,0,0,0,0,0
tests/test_phase55_prop51_integration.py,55,5360,1b36daa7f6fce4261723c4aa9321c4bd9d50bb4668336960d901d713b3fc7b18,6,6,0,0,0,0,0
tests/test_phase55_prop51_phase49_dependency.py,55,5317,ec8810fc2d949f7dcda2dcb91cc4b4f659ea9a9cbb2726291444701ab86f1df1,7,7,0,0,0,0,0
tests/test_phase55_prop51_phase52_phase54_dependency.py,55,4898,879f0a2c47f2207daedcefc198b89c1b17fc230fb9df343d48ba4bfb77dcd1a4,7,7,0,0,0,0,0
tests/test_phase55_prop51_rejection_provenance.py,55,4770,2125a621a30b1a41416dc007dc632d436bfd5f71cc624038cefe4f7efba7da68,7,7,0,0,0,0,0
tests/test_phase56_pi_i_minus_1_1_zero.py,56,4800,7195e32d15a662da599f5ffab40ea52b7edffdb4da9506c2d1063969867b48d7,10,10,0,0,0,0,0
tests/test_phase56_probe.py,56,6261,9912689dd496f10b8af92e4e32945b00511d20f81d37e7c66142bd84a6b60fa9,10,0,0,10,0,0,0
tests/test_phase56_prop44_composition_compatibility.py,56,5831,421b6ccbca17f06510b7ca83d55f2a0a4501b0b3c535a18971aaffb9272b21dc,6,0,6,0,0,0,0
tests/test_phase56_prop44_eta2_specialization.py,56,9020,8b4d0c68ca17c5438184639a23aa53bbf47cd2a10a3c5057146998a188840c8c,11,11,0,0,0,0,0
tests/test_phase56_prop44_second_summand_restriction.py,56,9167,f93a6e44d2c44e842b3ca924aa81c6e1ff71a836c862074abf01315172c72fc7,13,13,0,0,0,0,0
tests/test_phase56_toda52_composition_isomorphism.py,56,9867,13af8ffbf0cd35b181fb571e6a742f087c99d72519636708b65d519f74af5c2d,16,16,0,0,0,0,0
tests/test_phase57_bracket_transformation_chain.py,57,11311,ce29941f3630dac2adf3dd42f635d21503b90a5806387d6ef1419ec0a4644679,17,17,0,0,0,0,0
tests/test_phase57_delta_two_eta2_preimage.py,57,10077,4aec5bf3b18878233f4b7e57a81ca83d88f85374865672ccc98de809033388b8,14,14,0,0,0,0,0
tests/test_phase57_indeterminacy_vanishing.py,57,10696,4abeb609869b2e1684a678b0724a9fc40378e16a47f6f533cf272a0e9a6c0420,15,13,0,0,0,0,2
tests/test_phase57_lemma45_two_iota3.py,57,8537,c2ba70abd89eec9e5d6307bc9f766fa62b7298fc6201858943c5b1bea255dd31,10,10,0,0,0,0,0
tests/test_phase57_lemma52_integration.py,57,6493,eec1fff6ebf542ea430f14e47f0ea5d3261d7eb135d703ca3358fc0d309f2d8f,13,13,0,0,0,0,0
tests/test_phase57_probe.py,57,2361,f2b4a122e2d9f31ba028e624a2670f49fdba26b549b69f535355cf9461e5799c,4,0,0,4,0,0,0
tests/test_phase57_prop26_hopf_bracket.py,57,10979,e1e4ec3bd81b7c717cd94812c88ad9feb54a79e7f71ebd1c03f26d4f2fed9bbf,14,14,0,0,0,0,0
tests/test_phase58_double_eta4_bridge.py,58,11250,03342664e4eff681467fdd6035146a9e9591470bf83687761c6f748e1e1be619,15,15,0,0,0,0,0
tests/test_phase58_hopf_eta5_bridge.py,58,8815,0a46bb1cd339233cd6d6b3c6470b9064b8cdbe68413c3a7c02fccb2e0edc5592,13,13,0,0,0,0,0
tests/test_phase58_lemma52_specialization.py,58,10848,540ffc8c6890ea657232255b137f0c3e3d30dca16754e92696dc4d5486151241,14,14,0,0,0,0,0
tests/test_phase58_nu_prime_specialization.py,58,7535,84c6bf2f8afca77bf0e74a1c78e3ab01851811558db337685c7294978091cae7,11,11,0,0,0,0,0
tests/test_phase58_probe.py,58,5724,7883c0f42c22c27500f30d36147a9511fee4569a0f32a0a9863ce52aca551fa9,9,0,0,9,0,0,0
tests/test_phase59_eta4_squared_stable_transport.py,59,10485,f461cdcaeb4dc11497d902f7bbd4128af84c9f7dc8c45b8ea25867d08a0809d1,18,18,0,0,0,0,0
tests/test_phase59_n3_ehp_chain.py,59,11394,610d41254856e36e4561045dfaeabed4c6739b9d4b19fa7de14754f2426b0f1f,13,13,0,0,0,0,0
tests/test_phase59_n4_suspension_isomorphism.py,59,10898,b503b46f250f0b55bbfa79c564bf089e1d5f32d6e95d136eda5e21f7dad10daa,17,17,0,0,0,0,0
tests/test_phase59_pi5_3_eta3_squared.py,59,11384,6a3458adb6250d25a3e3a99e62e1015d42c90e094107b9146cbb46db3b3aba3c,18,18,0,0,0,0,0
tests/test_phase59_pi6_4_eta4_squared.py,59,11744,3bea817005497429888faac5cae8694fd2876ee264627cbc0f5a174e01ca5477,19,19,0,0,0,0,0
tests/test_phase59_prop53_integration.py,59,13457,bee56858400445e9dadf84c59fe99b47bd64e2cfa3e8d3b13358754e212725a0,18,18,0,0,0,0,0
tests/test_phase59_toda52_pi4_2_transport.py,59,9006,927b10eb1a7b2e88cef31d2e10f65168ee2c8305a55a225a125480a5cc558c88,15,15,0,0,0,0,0
tests/test_phase60_lemma54_integration.py,60,7908,031be8b8469a1eb60670ad906842be1abeb790ba6db6565ec2824c071caebb59,20,20,0,0,0,0,0
tests/test_phase60_nu4_whitehead_correction.py,60,12847,0e290b804013169c89e612896cf65780ccf71d38b12e48b985c8016fe15948a8,19,19,0,0,0,0,0
tests/test_phase60_probe.py,60,9419,1664a5268e3409da501fa07d02ffa1862e2a10f28cd5054018cbb5d2698a818b,16,0,0,16,0,0,0
tests/test_phase60_toda36_specialization.py,60,13188,54384e3823bc24416bee6053bfc42df4d5d3295732a76bccb5848492f023d2ef,20,20,0,0,0,0,0
tests/test_phase60_toda48_hopf_parity.py,60,9441,b707587186005e78ed994e37e6b22c1a6c9acea906f9fc117a0f4a0d97f15376,18,18,0,0,0,0,0
tests/test_phase60_toda54_bracket_inclusion.py,60,12592,80e99b7d5eb707efb10a8fef1ce497ddf91dc692f92eef1b1caf2992875fa569,17,17,0,0,0,0,0
tests/test_phase60_toda54_bracket_statement.py,60,4882,428c00cd9cf32c35b1a0d9a0506a4e9f720bf5ba11976575494be8b43c3f8219,7,7,0,0,0,0,0
tests/test_phase60_toda54_indeterminacy.py,60,13707,125f9f0216a46c08ec618a9d0fac780469a8b865ed9c0b244523c086df9b6b7a,19,19,0,0,0,0,0
tests/test_phase60_toda54_t0_bridge.py,60,11583,b36f4171a313366f01dcaf4ea31e967616755148e6f23e3b4391d05b3304f421,21,21,0,0,0,0,0
tests/test_phase61_lemma55_alpha_star_inclusion.py,61,11043,dfce2b17c916b37a96dffa79630d9994ed7d6d73905d14cb4dd4252e71f1a5c5,13,13,0,0,0,0,0
tests/test_phase61_lemma55_applicability_provenance.py,61,11352,518879c2b6e3bf8315b04163bbee739b3a8f1495e0ced254788896de0903dd46,15,15,0,0,0,0,0
tests/test_phase61_lemma55_integration.py,61,10299,cd5b3ef0bf175eccad651fb51367af08ee85747230ad78702848f87bf7a28543,20,20,0,0,0,0,0
tests/test_phase61_lemma55_nu4_composition.py,61,8055,4d0f25a8365e2edf7d83afabde5c39f47797723d079fd7749676a88eaac84795,14,14,0,0,0,0,0
tests/test_phase61_lemma55_nu4_suspension.py,61,8991,687eb7b1776192f0101605ef77a8f869d6934a4504dbb715ac2e2ab2b77ccc2a,16,16,0,0,0,0,0
tests/test_phase61_lemma55_statement.py,61,5371,0e21bea8cf05d03fdf435df07982856df4de56bb8cc699e513fc60b30dd838da,8,8,0,0,0,0,0
tests/test_phase61_probe.py,61,7906,94cdbdcc3693c2a37f00b0f7df1adc6ff29d760e35f4258407e97b8774553ce6,16,0,0,16,0,0,0
tests/test_phase62_applicability_provenance.py,62,8168,f14dc7d27ec7375e35a7270ec55098d14bc8b7fe738a96ef40ca3045a5418fdf,17,16,0,0,0,1,0
tests/test_phase62_nu_family_definition.py,62,3893,a429a899da646b33c8dda00500648fbcf91110551c23e0b92c4aaef4de23fb23,9,8,0,0,0,1,0
tests/test_phase62_nu_family_double_transport.py,62,8638,02de7d7711f5d5d9e2efd464c50d03fdc92922ab24ef00d852dc9335193b9917,14,14,0,0,0,0,0
tests/test_phase62_nu_family_eta_cube_bridge.py,62,7888,2373ffd7eb2f9a9bece3f9751dab8eef23cc088acb00d524710e21490c348951,13,13,0,0,0,0,0
tests/test_phase62_probe.py,62,8440,b6611afa26ab5349ab8239f33b040d55d474f9cddc39f3e6993ac1a35e726ad4,18,0,0,18,0,0,0
tests/test_phase62_toda55_applicability_provenance.py,62,8688,6e989af7a1c393e2c1c776ecb7f8f70e2648706015512cf7a512c1618a313fd6,19,19,0,0,0,0,0
tests/test_phase62_toda55_integration.py,62,10528,51556c302f97eaaeced84029d5c6e68e9d057cfc834dc2a19fa912efe357be06,24,24,0,0,0,0,0
tests/test_phase63_applicability_provenance.py,63,8802,c89ad111a0493960cb4b4f57300564de8fb4072497d3b5af097c30ced1ddf436,20,20,0,0,0,0,0
tests/test_phase63_nu4_prop44_specialization.py,63,8165,c6f034a1b0241f974c1b2264812f875d997c7a9b4f3c0ffe186f08ce1fae6cda,15,15,0,0,0,0,0
tests/test_phase63_probe.py,63,8674,0bc24705b76af35143d2cd334a25339a8fb56d876572cd5e51b3a0efbccf2ab4,17,0,0,17,0,0,0
tests/test_phase63_prop44_decomposition_specialization.py,63,12160,5651abd8bab3c589c9ff3bb4545cbeee265f42fd561c95b08cc19eb05783a589,19,19,0,0,0,0,0
tests/test_phase63_toda56_integration.py,63,8042,d0f0bb1c2170239634fb05f942bb5433307d7357b932774669c047c5a122568b,19,19,0,0,0,0,0
tests/test_phase63_toda56_semantics.py,63,10318,a70c3f3f8ad8d2d922439efc4af7b71a72a343df86f5ab9562a8d686351a1b73,17,17,0,0,0,0,0
tests/test_phase65_equation57_injectivity.py,65,14416,1890507f2c0d477bbe9a243bbcbf169e3cb205729a03349c7cfd78e5a6658409,18,18,0,0,0,0,0
tests/test_phase65_n5_quotient_e2_injectivity.py,65,7006,89d5e3a807e29618bc5476a76abff81f986fdb3cf0ccdbb01ae0a0ad731bd156,17,17,0,0,0,0,0
tests/test_phase65_nu5_order_pi8_5.py,65,12981,d6459164e412eded925c484b620a52229ba480714f26fb5b9eb789bc8dfd4f36,21,21,0,0,0,0,0
tests/test_phase65_nu5_stable_transport.py,65,13869,096a4f41cbc9c7c3d57e82bfbc286136a1a57508136e4a91e7113ce379af2685,24,24,0,0,0,0,0
tests/test_phase65_nu_prime_order_pi6_3.py,65,13396,d8f48bd6766eec327d6eeb8d3d622a36cfe381e7dbf327d3bfed94c578fd7737,18,18,0,0,0,0,0
tests/test_phase65_pi5_2_eta2_cube.py,65,8481,79c7e700364e9fc0b2224e86683d0f959afb13c70e5bfa154f44345696e7e319,15,15,0,0,0,0,0
tests/test_phase65_pi7_4_decomposition.py,65,9127,c3b81b40236271b0c1181320ee04cc7061dd4d15b20b372ff1492dca23b2cb61,17,17,0,0,0,0,0
tests/test_phase65_probe.py,65,6080,2e44fe35e3886e49c8e1ef77ea1b7ae618bacfd19a27c857919190fb5fc9209d,21,0,0,21,0,0,0
tests/test_phase65_prop56_integration.py,65,10642,67f27e9f549d561096b0e6ab30c95b351c67df9a5e3bb59a706958e8e2a3242c,21,21,0,0,0,0,0
tests/test_phase65_provenance.py,65,5719,360527f0f5e05c87f1c1f175f495be27bd713e6debaa5757e280abdb4e0d8153,12,12,0,0,0,0,0
tests/test_phase66_applicability_provenance.py,66,9775,ccd30118206d8328649f47f14eb076c4b91373d65ca77d31f90e9cb7fd721764,20,20,0,0,0,0,0
tests/test_phase66_delta_iota9_nu_expression.py,66,9646,b21f29a6a2ef4bb3d659d66179c943e808a1bfb35ebbb86726b946996c70de71,19,19,0,0,0,0,0
tests/test_phase66_delta_iota9_whitehead_square.py,66,10940,aee1447e0ed9590f59244d2fc9507351e8c03d4af803e62727ef1c817b24da49,22,22,0,0,0,0,0
tests/test_phase66_expression_sign_compatibility.py,66,5472,35ea48101564ff89e13dbf9c596b7d7e858850d3c17e59bb451ef606455ff8e6,12,0,12,0,0,0,0
tests/test_phase66_literature_aggregate.py,66,10992,1c8271f2c8f11d80304df8e57d5358ed2bff8098499acf6e2f75eb84cc91eda7,21,21,0,0,0,0,0
tests/test_phase66_probe.py,66,4896,99ac7721d39c19006a1b7ec6231207c43c989815d16e767b1e6ae472bb4cc7ea,17,0,0,14,0,3,0
tests/test_phase66_whitehead_square_nu_expression.py,66,10142,f4ed3ef98d23dcd70595e52461b280757a093eb2178616dd78384b0376475a6c,18,18,0,0,0,0,0
tests/test_phase67_lemma57_applicability_provenance.py,67,8203,df471de0e2d8c2a2b146009cf33aa4cfacf98d46416be808e9b0deda1fb40299,19,19,0,0,0,0,0
tests/test_phase67_lemma57_delta_generator.py,67,11738,60551acec48e0ea23e955e4ccc565fd0f99cf7a01ee5be4dc96957c44b61755d,19,19,0,0,0,0,0
tests/test_phase67_lemma57_first_branch.py,67,11743,f1589293257f5b36d17fb676382a9252c6b76aced8f304b627a902b4842814e7,16,16,0,0,0,0,0
tests/test_phase67_lemma57_hypothesis_statement.py,67,7896,5d1d48170d88138162cb1d843467f533d6b3ebe90a2e13121dd4517d5be82aee,9,9,0,0,0,0,0
tests/test_phase67_lemma57_n3_zero_reflection.py,67,8560,7138061c3c776077a3f08355788fa103733b6698784ddf0f8798d09cf66bec7b,14,14,0,0,0,0,0
tests/test_phase67_lemma57_nu_prime_specialization.py,67,10489,5e4dc56ca0e2c6312b454cf25735126c0e53dbf56d54cc7c37d3920bcccd2fca,17,17,0,0,0,0,0
tests/test_phase67_pi6_2_eta2_nu_prime.py,67,9162,0fbad8491751232bd55e2222c888b37e136003f8167b79dbbbd91d2cfccb9a19,17,17,0,0,0,0,0
tests/test_phase67_probe.py,67,7547,d35d2ac002e6c50f950e42f7cdfbc393fe92755c86c541a4a9d3d3ad14a0cfc9,21,0,0,20,0,1,0
tests/test_phase68_applicability_provenance.py,68,12349,63a9b6defa402c60f120e60d0565c5dad1614c28f74c5158c69981b95549d805,28,28,0,0,0,0,0
tests/test_phase68_delta_eta9.py,68,10966,26ca3d915a222c22dd489ebdd6ff6ca4ebab8ad273a912a5c0eca5a4d2d3d956,19,19,0,0,0,0,0
tests/test_phase68_eta_n_nu_n_plus_one_zero.py,68,11719,07dca1e940087d8667d0df0d7bfca21a86dfc10a9730af74cd21035af0342fba,21,21,0,0,0,0,0
tests/test_phase68_nu_n_eta_n_plus_three_zero.py,68,15149,e481119703fc5f1d3a084e2396891b3f27e2ef5e87184ff9d8d9bf341c453888,21,21,0,0,0,0,0
tests/test_phase68_pi7_3_nu_prime_eta6.py,68,12475,cfe16ec53351ab09512a23636c39e5d29bd2429375494514e2ecce012d736b11,20,20,0,0,0,0,0
tests/test_phase68_pi8_4_decomposition.py,68,11757,ce0c56943f4267d8dd3a6356d3b45e00e40c35dbb07b3fe3fa57abb2bdbb64e8,20,20,0,0,0,0,0
tests/test_phase68_pi9_5_nu5_eta8.py,68,14225,2ecb471e40f250681dba023431cc2f6ea6bd8855c4c016e5f366a0562a42415d,19,19,0,0,0,0,0
tests/test_phase68_pi_n_plus_4_n_zero.py,68,12001,d1baba87385f209b5c0e31204b55b2f320a0a2a3817b261ee1ed55e34b79e952,21,21,0,0,0,0,0
tests/test_phase68_probe.py,68,8329,9ccf10502fdd43f769bdc3c769f2facfde15b7f08cf7480824c109738acf0890,26,0,0,22,0,4,0
tests/test_phase68_prop58_integration.py,68,11805,a7bb792fb2bed30624c7960f59b8a0e6f2751dac4567513e68758dcc1cfad7c7,21,21,0,0,0,0,0
tests/test_phase68_toda57_reuse.py,68,2497,b13eb208f6ef1ee18e84638da03be85615f345c159b019daa1b88d55bda78206,6,6,0,0,0,0,0
tests/test_phase68_toda59_eta3_nu4.py,68,9733,6a874b13b0578445f928c509eaf38411179e36598c85102d6e6dc1ef5862408f,19,19,0,0,0,0,0
tests/test_phase69_applicability_provenance.py,69,8604,b6c2324e2734a29dbf784622265e5da5a2a304172ab3caa6eef38fc29b198a2e,25,25,0,0,0,0,0
tests/test_phase69_delta_iota11.py,69,9841,c97d86f8b3d4fc5af3733825c0b18e7952a0adae0e3d20d3bc4bcfd717176e31,19,19,0,0,0,0,0
tests/test_phase69_delta_surjectivity.py,69,7846,2284240fcdf30b83f4c07968db68a234c9d5e669badc7e554f765355f3da56e6,13,13,0,0,0,0,0
tests/test_phase69_probe.py,69,6884,f903c83f997f1172a08f0b2524d6d79c84faa1a604f5e11a7a2d978714ecb801,22,0,0,20,0,2,0
tests/test_phase70_applicability_provenance.py,70,17931,403fe08f9c6515787684777bf20de07cd0d96a0c8d8cea172702276c60d52e78,40,40,0,0,0,0,0
tests/test_phase70_delta_eta9_squared_surjectivity.py,70,19232,a99275b9cfd8c0a960be1c63455ccb066fc06ba9ed194cd3336eda113c64ddcb,30,30,0,0,0,0,0
tests/test_phase70_nu5_eta8_squared_zero_delta_eta11.py,70,13623,6d862dda6b55747f4211a304621174fcaafa610b5d35ddf039524aae7d70632b,25,25,0,0,0,0,0
tests/test_phase70_pi10_5_nu5_eta8_squared.py,70,16924,628cc405920c9799c883d327d4f82959e80efcecbea5b01d3d2c70080c26a3a6,28,28,0,0,0,0,0
tests/test_phase70_pi11_6_delta_iota13.py,70,21933,8e57f0be3562d865e94d98b655b505febb05e0c5eeb16eb6e593ebe9d7a91306,36,36,0,0,0,0,0
tests/test_phase70_pi7_2_eta2_nu_prime_eta6.py,70,11700,daf417bd0cda11e21469deb8adbf2993fd9769ab0b6848996995083dc0ce96e3,21,21,0,0,0,0,0
tests/test_phase70_pi8_3_nu_prime_eta6_squared.py,70,24047,3038ce522f92bbbdabc54070aff335914f91d209cb9a0c95c6ed5a13aa393b33,33,33,0,0,0,0,0
tests/test_phase70_pi9_4_decomposition.py,70,14453,175ec4d5d417211c4c18ba8db455908b65fc3c83c39dc0222bc6139930fb36da,26,26,0,0,0,0,0
tests/test_phase70_pi_n_plus_5_n_zero.py,70,23734,8967c26388c3dfe7c9791c3dbbff62ac327e3ac9195806562cd06fe7a1bb8144,38,38,0,0,0,0,0
tests/test_phase70_probe.py,70,10185,c22d5ab71caa594b5d147a66076e86a9458ccb7563bb99fc9f593fd1db1595b8,29,0,0,25,0,4,0
tests/test_phase70_prop59_integration.py,70,14491,2293e40e9bb63e26529f6b4e4c7ec3fabb32a56158cf27b7448c146c540d9091,24,24,0,0,0,0,0
tests/test_phase71_applicability_provenance.py,71,13109,cb0f6db0f358120b97f843bc6645a9eada06d648a9b1c94d83d2463152387123,30,30,0,0,0,0,0
tests/test_phase71_probe.py,71,10007,9a168de92611d53a74d1e1f4fb02a12f48f2e4decf6d2e5c6cb269bd91525ce1,27,0,0,23,0,4,0
tests/test_phase71_toda512_integration.py,71,10316,8e33486996667e2c84014a6b0e6da8a1699920acfe6dff939e28286b9d315ad3,19,19,0,0,0,0,0
tests/test_phase71_toda512_n4_delta_injective.py,71,11106,17fc379202482b16071034ede1173537ace41a70aa20973a1c91c50e978167a8,19,19,0,0,0,0,0
tests/test_phase71_toda512_n5_delta_injective.py,71,10529,bca9baf250170d71c4de41dba0f21e279ae7cb14b07861dbb2f2f1c1821a76f0,20,20,0,0,0,0,0
tests/test_phase71_toda512_n6_delta_injective.py,71,10054,9afa53a876ca9c680fb681129b6cc48ff3b353dbdafa9dfa4040c4f2ff0edde2,19,19,0,0,0,0,0
tests/test_phase72_applicability_provenance.py,72,14397,670072301d7c599a2081b71eefb76ae4a1818b1e5aeaaa2f001ff2b65f06ca21,31,31,0,0,0,0,0
tests/test_phase72_lemma510_core_inference.py,72,11647,760e93ffaee24e3a663e3ebca62ce639c53c61b8feb5258d8e8c9d585f2c85e7,19,19,0,0,0,0,0
tests/test_phase72_lemma510_modulo_integration.py,72,10581,ce0764f28a4b811c987f3fc762f68e749f64c4ea3cbd1dc43265967b6e7489a1,22,22,0,0,0,0,0
tests/test_phase72_lemma510_statement.py,72,4878,ba831c398bfae173403647f6c41be79705b8638bf961d002adfa5b94f7bc171c,10,10,0,0,0,0,0
tests/test_phase72_probe.py,72,8771,03ba72933f000f3386ad43d27985f48a020d473e100c54eb4584dddd82efa604,19,0,0,17,0,2,0
tests/test_phase72r10_corrected_probe.py,72,3843,18c67a72cbd9ac34d0e057c95d2b48699093092614b86dc0214b0b59b10d586c,9,0,0,7,0,2,0
tests/test_phase72r3_homotopy_group_representation.py,72,2611,109cb45e0f2091ce323beb608a927ac47527f4f9e67a4bc203cdbc9c392d4cb5,8,8,0,0,0,0,0
tests/test_phase72r4_serre_finiteness.py,72,4700,6cd0d1a75b1ddd93eb0d34e428dc90691d08efcf3a259ff9c05ab83355359a17,10,10,0,0,0,0,0
tests/test_phase72r5_ordinary_ehp_211_exactness.py,72,12731,550deb6f275dc979b0d4af612ea23dd88564f26e9fb16b216e25aa5c985777ef,19,19,0,0,0,0,0
tests/test_phase72r6_ordinary_primary_bridge.py,72,10546,5a7e5038545b496d6172abd6b7a1bdd086309f9c194feacda5e8e9135becca03,18,18,0,0,0,0,0
tests/test_phase72r7_primary_composition_indeterminacy.py,72,12296,5b98c9bde3e39885bbf82236677498659477916c7639376f5e4f031154a5bd4f,18,18,0,0,0,0,0
tests/test_phase72r8_corrected_lemma510_integration.py,72,9726,54002944b80c03e758152b987164e03fb013ec20fb5ac4d3d7946de471d9068a,15,15,0,0,0,0,0
tests/test_phase72r9_corrected_provenance_retirement.py,72,16679,4ec68b3491e2671f316365db40641fdde522446315cc0907462da76ef9079bf6,33,25,8,0,0,0,0
tests/test_phase72ra1_toda43_semantics.py,72,2826,1dd820816b7de0344ddb687f577bbf5f11f54ebadf4409033f3aab163ae1220e,7,7,0,0,0,0,0
tests/test_phase73_513_delta_eta11_squared.py,73,11267,5bb03d5b614375b9f5ab4ca816c460d595575960d882647e1159e004ee722d37,18,18,0,0,0,0,0
tests/test_phase73_513_delta_eta13.py,73,11554,292094c86d0aa6ece51184ad2310dddbb8eb86b5a185a689808eecdd4d733a4f,20,20,0,0,0,0,0
tests/test_phase73_513_delta_nu9.py,73,11054,22b3df962e71051a19e0f1eac36e57ad5a4fdaeb6a05cdcd78d83e8ac9961e43,18,18,0,0,0,0,0
tests/test_phase73_pi10_4_nu4_squared.py,73,9947,9a2ff0590aaa681e4bd8016d18bb9804cde00fb936ea29d8bcaabc1884fd87c6,18,18,0,0,0,0,0
tests/test_phase73_pi11_5_nu5_squared.py,73,16127,cb5ba4098df337b5885adec7c070806de66357d91242de97981c56b262ee6968,20,20,0,0,0,0,0
tests/test_phase73_pi12_6_nu6_squared.py,73,16299,31056c782d8d9acd290a7ce9f4179ecbaf166ab3ad2cbb591a92f82a4675c897,19,19,0,0,0,0,0
tests/test_phase73_pi13_7_nu7_squared.py,73,15674,54b7988d7ee080e054b2d6d5612564fae5adadf3ebf9880c162da0a36f2b998e,18,18,0,0,0,0,0
tests/test_phase73_pi14_8_nu8_squared.py,73,7113,33d50a88bb29af0547794a419d00dab73c6d5527d1d622b230d4702429148351,11,11,0,0,0,0,0
tests/test_phase73_pi14_8_prop44_suspension_isomorphism.py,73,7275,9db54f991825676396ce6112d5b5a8543620b31a9cec924a066f8ae33263a73f,7,7,0,0,0,0,0
tests/test_phase73_pi8_2_eta2_nu_prime_eta6_squared.py,73,13138,8492fcb7065283d4c9de350450e3579d1390ea956ddf603a16d88c503f905a6b,20,20,0,0,0,0,0
tests/test_phase73_pi9_3_zero.py,73,16334,5651c891c845e4acb98487488c106d9dd4b247724129e5956512a5470ad0e8b8,19,19,0,0,0,0,0
tests/test_phase73_pi_n_plus_6_n_nu_squared.py,73,9239,636b5ca1a81437a9bbe201ea013ce03cec1b595f7722a4fa893fe8289016d153,16,16,0,0,0,0,0
tests/test_phase73_probe.py,73,10648,0a5338cec75b99e4df332ee5278c145b2accf74982d8f3e766c77004eccbc99d,31,0,0,26,0,5,0
tests/test_phase73_prop511_finite_dimensional_integration.py,73,3937,106486af8157218617dce1422e88038ac6ba442403fb0dc1b3a961fdbe2e33af,8,7,0,0,0,1,0
tests/test_phase73_prop511_nu_squared_finite_dimensional.py,73,8957,5cac7f7b954a57705efb469a5acea8167be94f15196af025b7289113cd3ae005,12,12,0,0,0,0,0
tests/test_phase73_prop511_provenance.py,73,3623,2d0c926386723a879a659ea50de5b96cbe893f11fbec704cc3defe179fd45feb,7,6,0,0,0,1,0
tests/test_phase74_lemma512_applicability_provenance.py,74,18157,154183f1c14ac1868908f833f2fd9eaf9d844ac720c37a282403e7514af68640,40,40,0,0,0,0,0
tests/test_phase74_lemma512_bracket_defined.py,74,9207,6da479ae28da4327fbc4e825fbc88ef80d92acad24a676eda29ff26ac12290b5,14,14,0,0,0,0,0
tests/test_phase74_lemma512_bracket_singleton_mod2.py,74,15976,e24bcae85d42b0d232e808566ea788fa6a6e6c1dcd4b42b2cd0adf886820b577,27,27,0,0,0,0,0
tests/test_phase74_lemma512_coefficient_stability.py,74,15452,4e68cdae8653a987c96f26a08e32da3d847ff96c2d252135b28488368cfd43a1,27,27,0,0,0,0,0
tests/test_phase74_lemma512_final_integration.py,74,14441,6cd9cb8ee631cee8727898326849cfe3d45314b55532a83a32026e416645837c,25,23,0,0,0,2,0
tests/test_phase74_lemma512_first_indeterminacy_zero.py,74,8530,b056884478d10fbc117d42b96b726ab961c79154646256bca1799339824bd261,15,15,0,0,0,0,0
tests/test_phase74_lemma512_nonzero_anchor.py,74,13187,04718c4288e3cc42e67890572329b2cf953e15851bd05e51270b170e0c8df6e8,25,25,0,0,0,0,0
tests/test_phase74_lemma512_second_indeterminacy_zero.py,74,12720,141651197b8b5057dc2d5a2229fae2e4c0fd359bceb8b7dfab84d03ef19bab2f,23,23,0,0,0,0,0
tests/test_phase74_probe.py,74,10335,6ce161ed4cfbd93e8a97b70c72252fe55bdae31fcbea7f095b3e0c7d94c0902e,27,0,0,26,0,1,0
tests/test_phase75_514_first_short_exact.py,75,16352,c81bdb4ce8b849f15beb9269d3ceed4bd3dae71f5e2c0658f61355b2aceab2d9,17,17,0,0,0,0,0
tests/test_phase75_514_second_short_exact.py,75,14170,3d50b50d088bb3b477fd4ffe2d0c7989cc3a52d45a5d35ac3258b4ce7324aae6,15,15,0,0,0,0,0
tests/test_phase75_515_pi15_8_final_group.py,75,12242,78bfcf8aa580193695d626bfe542b973bc363f74cbaef71d6e96f4502efb4e6f,23,23,0,0,0,0,0
tests/test_phase75_515_sigma8_prop44_decomposition.py,75,12576,a6a5745472d5d7cf6f7201339477390cfd77b0ed144cd2a94110f778a9844c62,25,25,0,0,0,0,0
tests/test_phase75_515_sigma8_prop44_specialization.py,75,6773,2545811d658f3fa71afb604c4e756d5feb5077a60e300302fd259c69c73e85a3,14,14,0,0,0,0,0
tests/test_phase75_515_sigma8_transported_decomposition.py,75,14243,88f98bd5d5eb1fd21b9f257cddebb82b4a99270465748034df155c812e559b3e,28,28,0,0,0,0,0
tests/test_phase75_lemma514_sigma8.py,75,10865,10133e5629d3ddefccfd9e3bd9c2e31e8ff78490f285e98688ed676560783794,21,21,0,0,0,0,0
tests/test_phase75_lemma514_sigma_double_prime.py,75,13651,be017acd6399d3cf1eeff35c9f75b969b38c66b93ae1df62bf5d422440ae92f7,22,22,0,0,0,0,0
tests/test_phase75_lemma514_sigma_prime.py,75,10283,a7ec4ed6b0a2496f3065cc6c1b8043ec1dfafcb5831f16fb82fab79c26007097,18,18,0,0,0,0,0
tests/test_phase75_pi10_3_zero.py,75,16423,5537533b104e23339a4d50c9f3faeda0bc4567b9359f838af2e1e8656639e49f,23,23,0,0,0,0,0
tests/test_phase75_pi11_4_zero.py,75,11003,1409858bdcfd0d1be8883d9111f8cb10099b332b77b80c4831dfa29bb8f60a73,19,19,0,0,0,0,0
tests/test_phase75_pi12_5_order_two.py,75,16524,915ef820282c2a224193bb22953242377c4c2adf65b4be76b5ddda6b94f2958d,26,26,0,0,0,0,0
tests/test_phase75_pi13_6_order_four.py,75,9463,60fa60760d66baab701571032d61db4ae91a6c453591af977d4f7cf3b9b4d90d,18,18,0,0,0,0,0
tests/test_phase75_pi14_7_order_eight.py,75,9946,02b2beb41da9ac7ac3e8a7bd80d65e40cf309703fe7c96438571bc576e9d3814,18,18,0,0,0,0,0
tests/test_phase75_pi16_9_sigma9.py,75,10578,dfe818e9d88facbb29be970b4cfa179a7675aa4d2ab80f2488b23bc4e35fe108,19,19,0,0,0,0,0
tests/test_phase75_pi9_2_zero.py,75,6674,bed7f9dda36c77fe262eab8abd35c7983bd949d331343eaccc9295da0cdfa8c5,13,13,0,0,0,0,0
tests/test_phase75_probe.py,75,8101,718395857f867b3ec1605f93585b0444f09feb863781a5e68de95a2c004d1164,22,0,0,21,0,1,0
tests/test_phase75_prop515_integration.py,75,16272,81fbeaf3bcc89601462f512fc4783c300bf8f9fda9bd954e3151e5e521d1807a,22,22,0,0,0,0,0
tests/test_phase75_sigma_family_definition.py,75,8245,f2b0bda846b3a541cf1ad079a7ed4c21fa37afa4aa9e50608e0098b4754ed09c,18,18,0,0,0,0,0
tests/test_phase75_sigma_stable_transport.py,75,13396,d568b5c197e75ce4bdd91bb23f4ce535e80eba6b4dea909bcf0a00d5a86d510d,23,23,0,0,0,0,0
tests/test_phase76_applicability_provenance.py,76,11384,7782403fe08a3541dfde76f476b8aae3aae5e0b55c61bf35665475e8e847d10d,26,26,0,0,0,0,0
tests/test_phase76_delta_e_exactness_bridge.py,76,13878,01353aad3328920e43cc98be37a27632a44e74088184270bfe0dbc4ca03218fa,27,27,0,0,0,0,0
tests/test_phase76_delta_iota17.py,76,13649,62f557ca252bfe8f5a1311780331c09614fbac163533ce891986218462d83eaa,26,26,0,0,0,0,0
tests/test_phase76_probe.py,76,6792,fa5ba2f007e5c20d61674a44f5791a61cb44f821cb2444ee3542774dce88fa67,19,0,0,18,0,1,0
tests/test_phase76_sigma8_suspension_kernel.py,76,15834,b2f5ba54cc37c49761a3c11425b673afc757d850c93e70e7f2d4c5943612ddb1,25,25,0,0,0,0,0
tests/test_phase77_applicability_provenance.py,77,16183,b0e9162485fecbf2bce6ea356cf28de24a0c99d561c30fa8a563eb16ea74d180,33,33,0,0,0,0,0
tests/test_phase77_lemma516_scaled_bracket_sum.py,77,12570,e36d48140a19add4377129cdfe2cfc7923ebc5eea077f5c947f329db9afa610b,19,19,0,0,0,0,0
tests/test_phase77_lemma516_typed_setup.py,77,11371,3b6ff300a5b4818ef29778ce02e90f91885e714c0da9ac57c267810e39f072ce,12,12,0,0,0,0,0
tests/test_phase77_probe.py,77,4173,5adf75f4eaee32b28b72a6ef50829bfe393e274ba7baeec13808db8fa9cccf30,15,0,0,15,0,0,0
tests/test_phase77_sigma8_iterated_suspension_bridge.py,77,9051,0659093dfc897f440060716b06d96aa800d903bba7a0b436172ad47631ed29d1,17,17,0,0,0,0,0
tests/test_phase77_theorem36_bracket_sum.py,77,9420,2a299d9bc06454d961683ededd44fbc31a99c5dc5c2e9782335a1a6cb020c9bb,17,17,0,0,0,0,0
tests/test_phase77_theorem36_first_bracket.py,77,8080,9b78f192db27ee3816f449d7aa2d1ebe9a8e38e6a5fa252d55530747f161a50e,13,13,0,0,0,0,0
tests/test_phase77_theorem36_second_bracket.py,77,9192,b2f79174ea1a1ece10f91871ee638017e34b290b66fcefeac00d679de7aee2ee,15,15,0,0,0,0,0
tests/test_phase78_g0_stable_ordinary_transport.py,78,10777,cd271fc61ec4c91f45f03159758c2f1371f650ebfb4eaf29446ead119ee67929,21,21,0,0,0,0,0
tests/test_phase78_g1_stable_eta_transport.py,78,10269,b76c967808230c57e670be26de78093f11488c7dd501213b8488bf4af09f1f83,18,18,0,0,0,0,0
tests/test_phase78_g2_stable_eta_squared_transport.py,78,11972,e0db52eb05c0c67e895d4c333dbd2b302f8b72b04761be3dfaeb8aabd3fa1d25,20,20,0,0,0,0,0
tests/test_phase78_g3_stable_nu_transport.py,78,10043,7e5d197e8c9fe3b9a612fa17663bfb34e3a3c058e6a0e84e4bcb43d41d35361e,20,20,0,0,0,0,0
tests/test_phase78_g4_g5_stable_zero_transport.py,78,11559,b36aaea824e36e45e849b2efb980697743e57b7dba7fe9f984de15d6542378d7,19,19,0,0,0,0,0
tests/test_phase78_g6_stable_nu_squared_transport.py,78,12016,ff44d7130f45901858a0b98b5bf81e4e093450cfd01a42a60318c93da18ff761,21,21,0,0,0,0,0
tests/test_phase78_g7_stable_sigma_transport.py,78,9594,5510a7c6508c46057b45c01409b0e1e925c968856f4582c2b39b03c0e4a9155b,17,17,0,0,0,0,0
tests/test_phase78_probe.py,78,4528,033f43d41b4a8c7caa29bc7290cc8920023af9d159a8e741f26710c0627b6e06,10,0,0,10,0,0,0
tests/test_phase78_stable_g0_to_g7_integration.py,78,9085,9372807834a7880d2d5c22f54157afa74a70762dccc94bf5a30982560bbb63fd,18,18,0,0,0,0,0
tests/test_phase78_stable_group_representation.py,78,3851,a5d117b383e12836bb1b421a51537c758c25a49ae791568b8bdbb42732445894,11,11,0,0,0,0,0
tests/test_phase78_stable_two_primary_identification.py,78,4944,65e7ee08ba7874aeb8b944529479551381df88486db03e9b8c60e9b62593d042,8,8,0,0,0,0,0
tests/test_phase79_cross_phase_repository.py,79,8897,467bf177cc3b26b2ca752889d9998f5b7c3495699f5e55bf55b605c26bf0f675,14,14,0,0,0,0,0
tests/test_phase79_repository_regression.py,79,10705,664d6b868b0d5a3731bd3f40d076c213a110cb6d67fc19272c7900ed12371e11,13,0,13,0,0,0,0
tests/test_phase80_actual_proof_integration.py,80,6727,82bc12ad8e0ba2110849cf05dce0a53f6dd6f9697cfb90ff749ce95cc6234768,10,10,0,0,0,0,0
tests/test_phase80_applicability_non_circularity.py,80,6159,f044c6f98b1a57d0ee390c24d90d275006e90aa77db5fba51c81c264183045bf,10,10,0,0,0,0,0
tests/test_phase80_goal_detection.py,80,4083,a5e750695e047366e0f01e84e7ba15c9d5669145b6cdcc55288d6db475935ead,9,9,0,0,0,0,0
tests/test_phase80_probe.py,80,1679,27770a97c21066242352a568b947621dceba2c5ff3230a11501b99affa2e512f,8,0,0,8,0,0,0
tests/test_phase80_repository_available_steps.py,80,4763,98a140343c8a2da15c2a1802b6d6f69682834a70d055d849bd0ac6fa4ef92776,7,7,0,0,0,0,0
tests/test_phase80_repository_inference_runner.py,80,5826,4a61ba467f9e654e84f2c1644f15d8c7dc795791a935c6ffb07a63a43aa407a4,9,9,0,0,0,0,0
tests/test_phase81_actual_theorem_integration.py,81,6371,10013facfebe232448d67acf040ae04c311722423a006372f55da629c7d5abe4,12,12,0,0,0,0,0
tests/test_phase81_probe.py,81,2519,a3aef0be0b69bff56ac994ea8cd566b3142947e17c4ae9e30ddd80a9e931dc43,8,0,0,8,0,0,0
tests/test_phase81_repository_rule_selection.py,81,9475,6b08557a8f854db3516b599b11da485b2f0761c14fadfdf0a9a6e42d44865d60,9,9,0,0,0,0,0
tests/test_phase81_rule_selection_regression.py,81,13656,7bc4188e085a995043d2117e6c3b8ffe4f6d1c26240ab9f789ec3fdcb1e5a799,14,0,14,0,0,0,0
tests/test_phase82_actual_theorem_integration.py,82,12739,ef79ce8be52ed4fe1508796bcdf8f2fe372b0efc8bf7dfb4261337adacb04a5d,25,25,0,0,0,0,0
tests/test_phase82_missing_premise_detection.py,82,7375,9417e688e29a61a594f4352104b0887ad5d097782a6845f467ca957ee7150870,10,10,0,0,0,0,0
tests/test_phase82_premise_rule_lookup.py,82,7515,b7a235d4a0e1cef7d33746235caea2830c4623eb063adcfe61dd0cf2cbe7936f,12,12,0,0,0,0,0
tests/test_phase82_probe.py,82,1905,e4b6ae43d384f9d06aa9e1f4cb9f43e1b04226a81c9eb07c8f40d69de81e8fe0,7,0,0,7,0,0,0
tests/test_phase82_search_safety_regression.py,82,12804,213665b62f7339429f31247f24b382c7ef79f8e5ff0190a2993505ee2b44df99,14,0,14,0,0,0,0
tests/test_phase82_two_step_forward_execution.py,82,5912,c7177db4bd3ca7c22c3c469d4db079705a680ab88ced9a18b43caf5198f64f62,16,16,0,0,0,0,0
tests/test_phase83_actual_theorem_integration.py,83,8489,3ba432f34fe16056586e10e25b3577e897f1d96b3814661f687239f572562f18,14,14,0,0,0,0,0
tests/test_phase83_all_missing_premises_uniquely_producible.py,83,5660,72eeac9fc2203a7519234b2258ec74884a3ad917413136da296a2d651652c765,11,11,0,0,0,0,0
tests/test_phase83_missing_premise_producer_lookup.py,83,5318,5d10ddf22499675544376d1354b2b4b1eb0c3cc9ea0230c7e551937a66698da2,11,11,0,0,0,0,0
tests/test_phase83_multiple_one_level_producer_execution.py,83,9121,87241ccfd5e9cc5967dd60b67c91e3400f75f0a91539be0fd328cf6a01a2f7b8,9,9,0,0,0,0,0
tests/test_phase83_multiple_producer_safety_regression.py,83,9178,e724840c76208858bc17fd14bbbc0f9d3436054b7ee4ed9cb43ab6482d057cbc,10,0,10,0,0,0,0
tests/test_phase83_probe.py,83,2237,3a600f0dd47a158cb7ba4cf03b7e8cc39de82c7f2fffd752aaebe0ca7408a192,7,0,0,7,0,0,0
tests/test_phase84_actual_theorem_integration.py,84,7340,d66569184a31a5fc80589bab43c5d801e10278849dbbeb7309aaca3a216c32bc,16,16,0,0,0,0,0
tests/test_phase84_bounded_depth_two_execution.py,84,7986,e9b0b10da1c0d767a7c0279f8479594487f637cc801221818019fcadc96ea31c,10,10,0,0,0,0,0
tests/test_phase84_bounded_search_representation.py,84,7771,df02c2e8ce80e85c21fc421d83eb83b6d52682c23b60fdbc7fa0fb156f817fa7,11,11,0,0,0,0,0
tests/test_phase84_depth_two_safety_regression.py,84,10375,f7d85343e305dbc7d6dfda67cbfc2dae32371e9d02d604529dbdc97cde969c07,10,0,10,0,0,0,0
tests/test_phase84_probe.py,84,2380,d462fdc72fa26441d909f658097904c4cf4110fe4344ab7c7bd69dbc97f2a5ed,7,0,0,7,0,0,0
tests/test_phase84_producer_premise_availability.py,84,7122,1269da35646b84ee20c162f455ad95ee4769165ae72442fe85a8282a37e14ac4,10,10,0,0,0,0,0
tests/test_phase84_unique_depth_two_producer_chain.py,84,4177,0af37f9e534853093a0eae670c5563a496850dfa75e4f244c9be94b4eb510395,10,10,0,0,0,0,0
tests/test_phase85_actual_theorem_integration.py,85,7306,c2886c5e1fa845744bf1cfc3d941ec5907956b66d01de98b77646ce6a280cdab,12,12,0,0,0,0,0
tests/test_phase85_bounded_search_diagnostic_representation.py,85,8085,fa2e2a3540d4e349242dad4bffbddba272aea44d2247fdbafbf35b87690c1a7e,14,0,0,14,0,0,0
tests/test_phase85_direct_producer_failure_classification.py,85,6829,ad0a2fc53407e38d2f90c1f4c80899662f6e46496fc9feba659c5fb69640cf82,9,8,0,1,0,0,0
tests/test_phase85_execution_diagnostic_report_integration.py,85,4948,ac0319f8c98abf70da4ea142118423334c916131d5b9da55fe17bbf345ebf093,7,0,0,7,0,0,0
tests/test_phase85_execution_failure_diagnostics.py,85,7306,4acec4661816e951f70d6107788bdadcd59c4df6ec6ab039c008a2a7f4af34fa,6,0,0,6,0,0,0
tests/test_phase85_integrated_bounded_search_execution.py,85,5209,53533de7129b7eeea4035fd2bed63f2acb037a9d7fb6c3a0da1be9222438e3a4,7,7,0,0,0,0,0
tests/test_phase85_nested_producer_cycle_depth_classification.py,85,9133,0a108109b2047ef353835a60e9efa0a458aad2bf3a29f5108da63f112ffa2cb7,12,11,0,1,0,0,0
tests/test_phase85_probe.py,85,2839,b80f9ea7c2bca809da1edd8d521ea02dbb784761b8b86fb6295c8b52c7e87f85,7,0,0,7,0,0,0
tests/test_phase86_depth_four_bounded_search.py,86,12749,b564b2721b4e8d6ef151f1d6f2d10c5072284e9a51f2fc5263a42d272542d111,13,11,0,2,0,0,0
tests/test_phase86_depth_three_bounded_search.py,86,18172,2b1cf6fa6d6fcbb1d120a25262e7b2799d6eec341d8a1cba5add7579f566b4de,18,15,0,3,0,0,0
tests/test_phase86_explicit_max_depth_parameterization.py,86,10288,4f67e3539dfda73f6b0620cda6b5a0c6fb30492d47a805e9981e21f28b5a334a,11,9,0,2,0,0,0
tests/test_phase86_probe.py,86,6211,dcda1e5dec0d520d6c20375a64dc29573ee01076a3a7446b7ed6aaa2c5fc5070,13,0,0,13,0,0,0
tests/test_phase87_minimal_retry_policy_representation.py,87,6621,c40f14ffe690dee0faa1aaa5ca16040db47c5d12c102401bf2681b8c0a43c087,9,7,0,0,0,2,0
tests/test_phase87_probe.py,87,1658,7578e7ad78cced93eea9ff9e6d93b0f61562841bf15df29d7a21004693182b6a,6,0,0,6,0,0,0
tests/test_phase87_retry_diagnostics_report.py,87,4734,0ff274918adec25f507afed6c7df1f456790e67784400ed54c89057fbead429c,8,0,0,8,0,0,0
tests/test_phase87_selected_path_execution_retry_provenance.py,87,4957,e3d79d00b4cf225f7a5572e411ed06bbcd2a212b90c3f701a80b20f9a8a20035,7,7,0,0,0,0,0
tests/test_phase87_selection_side_finite_retry.py,87,7045,bd3c421c227a44d3fc9290efd209c941d76be5774cd5a056716c404ce65e9e95,7,7,0,0,0,0,0
tests/test_phase88_concrete_goal_end_to_end.py,88,7372,1c5ecb30071a2797120fc639b5b11f97b023c2c0de9133de9cc6ebef55901d72,8,0,0,0,0,0,8
tests/test_phase88_concrete_missing_premise_representation.py,88,5963,3bb674e9846c4738a1b7caf2feabc94239ca4e43f111f1907732ee864c14442e,7,7,0,0,0,0,0
tests/test_phase88_goal_side_compatibility.py,88,4463,63b013651a9259c9493928375146454fee54c24401179c95ac73fe332ac31617,7,0,7,0,0,0,0
tests/test_phase88_producer_goal_compatibility_filtering.py,88,4987,28a2a0c71cac8a47541a4e0e12f05f0d07490305a475dc9be0be589db2578a0a,8,0,8,0,0,0,0
tests/test_phase88_realistic_catalog_collision_observability.py,88,5408,d7c4d5337a9a049fd0bf8c30b40a3f0f9d527b050b799ce2ec3cf0fe59546a9f,7,0,0,7,0,0,0
tests/test_phase88_selected_node_concrete_execution_validation.py,88,5599,feb3a7d888076efde42e4ba36b0a646873f9c8531a7b5236cb7d9e1c93f5f8f7,5,4,1,0,0,0,0
tests/test_phase88_unsafe_producer_diagnostic_compatibility.py,88,8078,d8fb0c36e47d3f1c927f655baf51fd16841472e36aff8f33e9688c14e0372417,5,0,0,5,0,0,0
tests/test_phase90_actual_known_group_lookup.py,90,7113,bf19962dcf2ea900ad317073c6618d34205c25f89c29a8b803f9e91d390a1225,10,10,0,0,0,0,0
tests/test_phase90_known_group_lookup.py,90,8995,d5173dbba6dd49a5bb838601a97aec5a602e0869e79c84f4e07e481817eec8c0,16,16,0,0,0,0,0
tests/test_phase90_minimal_group_query.py,90,1681,dde514a3471e77c4f9f5b6da63ad844ea0ba57ed600fe4234bcfeeda7732633c,6,6,0,0,0,0,0
tests/test_phase91_actual_group_normalization.py,91,5865,2acf9881f6830ddd67c6de08e901a736ecbb5c7b4383ae8dbf6ad257ff2472c6,9,9,0,0,0,0,0
tests/test_phase91_minimal_group_result.py,91,7214,4cffca4e5b4a032a3076733cba09b6eecd5bf20b83c08a9c9601771a93641016,10,10,0,0,0,0,0
tests/test_phase92_actual_ehp_extraction.py,92,4945,8ee8da3455213d07945d1e6ab1722078843203df51b6d186fbf6bcd755c24eb9,10,10,0,0,0,0,0
tests/test_phase92_ehp_group_enrichment.py,92,6349,887b72ccca2ff540e1555efcacb602a84f18ce0a8ea41635a60be560a362b4c3,12,12,0,0,0,0,0
tests/test_phase92_exactness_use_provenance.py,92,4915,0dfdb26a60a4d4cace8229cc96aa403e5d2e9772059ec674453cc982a4bb4e3d,12,12,0,0,0,0,0
tests/test_phase92_minimal_ehp_result.py,92,7619,3ffc71825d8be05d524aa50b9d8db930286a69cb78c9fc3eec5894cbd010f781,15,15,0,0,0,0,0
tests/test_phase93_actual_dependency_extraction.py,93,8455,dbfa5ae3870d11769d2835a3ba1bcacdd7fff6a89a707d30739bcb9042011ca4,16,16,0,0,0,0,0
tests/test_phase93_dependency_role_classification.py,93,8381,e7133dca938af147ab3f715d4cc5fa003dfc695c16a0db515db72584c2f89ce6,17,17,0,0,0,0,0
tests/test_phase93_minimal_dependency_result.py,93,5989,753c3f154ac57c6eda9911fc06672a9545297e7c0dc4641f29479cd46bf41204,16,16,0,0,0,0,0
tests/test_phase93_representative_explanation.py,93,6819,1bd8e7e96d614a1533d9056be4cd5db1c43f75a1a13cc2caf53d8d7394209f98,17,17,0,0,0,0,0
tests/test_phase94_actual_recursive_provenance_extraction.py,94,7538,04641784cf5975258c5ed110f23ad649a5fd9248d27c916228ac3e76e37e6007,13,13,0,0,0,0,0
tests/test_phase94_minimal_proof_graph_representation.py,94,8330,7a1412840941a1daf6cc48a887dfd8fe627a76f8589f23b8cc2a52bf5ef3dd9e,13,13,0,0,0,0,0
tests/test_phase94_representative_explanation_recursive_provenance.py,94,5784,a6d7400e7b8b06eb80c2a10b788a4cd5c311365ea87f06a802c998ec52243485,10,10,0,0,0,0,0
tests/test_phase94_shared_cycle_stable_order.py,94,8983,87fca0e5e201b78e45d9ab3a78d8136e2beb2750b14ed6a9a9ad711c670004ad,8,8,0,0,0,0,0
tests/test_phase95_actual_representative_top_level_capability.py,95,9936,0469d295b29e1c5371318ee4297ca9b854091189be3b13a73361bb087ca00a9f,9,9,0,0,0,0,0
tests/test_phase95_calculation_candidate_aggregate_provenance.py,95,4598,5c6ce59850b74b22d4473498acc8e56285f803d32c42a4e7d8fbaaeac8e4f3c1,7,7,0,0,0,0,0
tests/test_phase95_calculation_goal_candidate.py,95,8755,753c7c5249476f186b3fe4f026413b052e3cdf6a911242433c90ceed347b6af6,18,18,0,0,0,0,0
tests/test_phase95_concrete_aggregate_branch_extraction.py,95,7466,7909fd1404d149c0d43bb675417160963208d78204eefb1becba867ba2e80b28,12,12,0,0,0,0,0
tests/test_phase95_existing_branch_proof_step_recovery.py,95,9155,c03200d8b291b0879564c58b37d35e8401d63ccf765a44af5c81ad40bb5153c9,12,12,0,0,0,0,0
tests/test_phase95_known_result_orchestration.py,95,5920,e5ed3f77fde693d0e4ba943b5b05465ccacb3486c031ff379282a883ea6741ef,8,8,0,0,0,0,0
tests/test_phase95_minimal_calculation_result.py,95,6291,d58c0963273e812d45539d2bccdbc4331fafc9fdc66bcc89b3929fce4b65d6d0,11,11,0,0,0,0,0
tests/test_phase95_recovered_branch_normalization.py,95,8400,28d8d7b7a6b3de8824b58be86f95f4bb1b69f627f1c00deac93ecd6eab7245ee,10,10,0,0,0,0,0
tests/test_phase95_repository_wide_goal_candidate_discovery.py,95,8966,84fe857396669ce224a238e8fde828718b295f58df825b4b1e90bfec004d2c1d,11,0,0,0,0,0,11
tests/test_phase95_top_level_calculation_orchestration.py,95,8247,573bb28b4a750a50bffa6923808ab26f7060f6848dd44116f14163f20c25fd79,8,8,0,0,0,0,0
tests/test_phase96_actual_pi9_5_end_to_end_presentation.py,96,8768,5ae8b5ba9b2f8d4c1c935fe24bfdb45cda1b96a9577c09f9be9436324e3597c6,14,0,0,0,0,0,14
tests/test_phase96_atomic_mathematical_presentation.py,96,11315,0aeb7468822c6b445793af52adf1d901c8912ca298fab5a52a0638c1208c5229,18,18,0,0,0,0,0
tests/test_phase96_ehp_exactness_presentation.py,96,10464,bc79e665dc38cde7b0818ccefaca9d65223e5e9140aef0cd408addf542e4d569,20,20,0,0,0,0,0
tests/test_phase96_final_proof_report_audit.py,96,5169,d21fe5c6e39c1d1c8e976d9558be10a700c1475a43d86c5a82e6d8382521ad6e,8,0,0,8,0,0,0
tests/test_phase96_full_proof_report_renderer.py,96,7584,341680c1e46147df53e8cd85b0ba41247eed231f64b91cd4e996f2c7dcd19b12,12,12,0,0,0,0,0
tests/test_phase96_human_readable_renderer.py,96,7197,49f71e97289462595dccde0156cab3ea60197e08e1c38d944762a1db952a62b7,14,13,0,0,0,0,1
tests/test_phase96_minimal_structured_presentation_model.py,96,8750,b3e70d13cbd94a780c7172eac07308e671d70f8b98f014ceeb673bbe4d19e60e,13,13,0,0,0,0,0
tests/test_phase96_proof_step_mathematical_narrative.py,96,7426,1bdf637eddbc3ff08c7872f202e9a22efa4d7b7382749bdf80317cf9f6c5d53c,13,13,0,0,0,0,0
tests/test_phase96_proof_step_source_presentation.py,96,12042,9192833a47e9fa25ee51a85bc6cf0e122c674523696c534402fe8ca8584a3116,18,18,0,0,0,0,0
tests/test_phase96_recursive_readable_proof_flow.py,96,10788,2742b694620fac7d01dcd19513fbaabb2c02d279e2718a34cec36eb2acc7b6f0,14,14,0,0,0,0,0
tests/test_phase96_representative_targets_end_to_end_presentation.py,96,11006,fe87d1d682da595ffd510890129b341a073c3b3adf73ff43daa39794645c784e,14,0,0,0,0,0,14
tests/test_phase97_actual_representative_targets_top_level_api.py,97,7392,af2c311a0d1034d8571052e4b67c3b0bcb5035e4cbf89313057d724799762d8f,8,8,0,0,0,0,0
tests/test_phase97_minimal_top_level_result_representation.py,97,9822,1c15401605ef51d6e807a4e8bddf8114dde3f48c7085940db821a32e8a0be0bc,13,13,0,0,0,0,0
tests/test_phase97_not_found_multiple_results_top_level_handling.py,97,5362,06c10d4c8f40943d6497c153bfcc1671db4d1a04d37e69ca9707847ed4ec338d,5,5,0,0,0,0,0
tests/test_phase97_single_found_calculation_to_report_api.py,97,5178,ecb664458056007d25c82f5fb751765ccbf92325308d9ee63cd2d1c7ada3e0f5,6,5,0,0,0,0,1
tests/test_phase98_actual_use_facade_validation.py,98,7953,b426f1cd95557cc6d81753d51d39f0d6742cb9b047adbe2b85f8fa12ddc20a5a,9,9,0,0,0,0,0
tests/test_phase98_minimal_facade_api.py,98,4529,13f528acae658e31f1a48d3fadc18eff06ca23d4cc455f5afba9b566a1b08c2a,7,7,0,0,0,0,0
tests/test_phase98_reports_access.py,98,3251,ffa10415bd9422283e531598cdc4d7faf616a163b57bbcc849305ed55f02ec57,5,5,0,0,0,0,0
tests/test_phase98_representative_convenience_validation.py,98,5380,dbb7250a6e4466db09f3ea1363dfbcd977da5ece513df8db32d38079114ed198,8,8,0,0,0,0,0
tests/test_phase98_single_found_report_property.py,98,3481,fc1dc22e5d28b9058823414c96fa4e3a4c1de15aa6b23d847a46dc2583df38a1,5,5,0,0,0,0,0
tests/test_phase99_actual_element_exploration_facade.py,99,6531,75afab91660ec75477f00ef2a305259c3a2c1d5cd827e9c8d2697c5be77f595b,13,13,0,0,0,0,0
tests/test_phase99_actual_repository_element_lookup_validation.py,99,6364,eb392429ff19573fac09a0c1cdf7a2d9afab6b414924cb09af40471745928a88,8,8,0,0,0,0,0
tests/test_phase99_element_centered_exploration.py,99,8561,82904cc647b698d6781cb556345ec3153b480ff16b07d9e65b266aaa9a63dbe1,15,15,0,0,0,0,0
tests/test_phase99_element_exploration_facade.py,99,6714,1b8f78afa6927d652510d6396d3ef8c7b32bf52146dbd303662f7edbb62312e2,12,12,0,0,0,0,0
tests/test_phase99_element_exploration_presentation.py,99,6467,13216877c4c59a8ddf968c676c1b144070c1c5b2d4d2aae0f19599dafbcd3e4b,12,12,0,0,0,0,0
tests/test_phase99_exploration_markdown_renderer.py,99,6121,154fe6098fe5efa1fa88c5e7736de6565f8073311a2dad14b4776330ff70b107,9,9,0,0,0,0,0
tests/test_phase99_facade_boundary_regression.py,99,8609,9ed03cc4992743288c1ad8a18e717d99edac855bec1514ae36dc9a7ff21c9983,12,0,12,0,0,0,0
tests/test_phase99_generator_occurrence_paths.py,99,7177,5d82defa1d5c721f663ee97e41701230835bd3a817cd9d27225f31c9905ea2ac,12,12,0,0,0,0,0
tests/test_phase99_grouped_presentation_views.py,99,5584,f7d7c7e4ebcd8e988af0d514e0964ffcc6a3ff3fad70a9d7b9f6f326d155e270,7,7,0,0,0,0,0
tests/test_phase99_repository_conclusion_element_lookup.py,99,7875,21454c92d64a2686283ddbd631d862585e41750cc393c5d7c0227e7dfff78a67,10,10,0,0,0,0,0
tests/test_phase99_repository_generator_occurrence_result.py,99,8673,b51bb5c1f4990c5c428dadf2f3339b51844e81a19a54476d522f24c8b46e511b,13,13,0,0,0,0,0
tests/test_phase99_repository_occurrence_role_integration.py,99,7269,2cab5dadd1b16fc063d48f93d3c5e676fcd46c5c0fbcf07eec00c36d9901b162,9,9,0,0,0,0,0
tests/test_phase99_role_filtered_repository_lookup.py,99,5947,ef6f239384a07e3cc705b42485ed5ae7669659566e5ff6ed3706feeaca97249f,11,11,0,0,0,0,0
tests/test_phase99_semantic_occurrence_roles.py,99,9046,f377e10337c05d42eb4ef6ed13eba71f83c54622fef265515e66ae15415a6751,17,17,0,0,0,0,0
tests/test_phase99_structural_generator_containment.py,99,7152,217a2d33c48abce1116e59d35c40b07b08eb590ef4444fd92089a78fc7c26620,13,13,0,0,0,0,0
tests/test_proof.py,core,24943,662ed63a8d1a63d024d3630b1103e47b52324dbd432b22993cb7382a95084883,43,43,0,0,0,0,0
tests/test_proof_repository.py,core,10920,a49f4c4adabb2c308ba8ab3704555eb0edf2489e4737e0d7faf949555c49e71a,21,21,0,0,0,0,0
tests/test_relation_rules.py,core,72854,084372971a1924380daaa176edfc7bc76f0448c80522276529d37ac56f787f36,50,48,0,2,0,0,0
tests/test_repository.py,core,4904,590ba78d05f993ecc3a8d42e92253b4b58d6a6748980a38e98cae059e81af2ce,11,11,0,0,0,0,0
tests/test_rule_catalog.py,core,12507,28a294c594935da594d587f008c258f8049b92d66bb37b542b7e39baacdfe311,23,23,0,0,0,0,0
tests/test_scalar_rules.py,core,11031,e77623389e79423cc7295403d3a51661c694aebeeab8cade10f01b01e1ccf190,18,18,0,0,0,0,0
tests/test_set_rules.py,core,157324,afe85fd9050f53e39a0b57512b1621502efb952c6958d4785e97e20159f12ba1,115,111,2,2,0,0,0
tests/test_stable_rules.py,core,32230,aa16f3e183ad0ad98e44432b976cc3e0d08885b6f32f768dd2b366a3f4fe7ce3,29,29,0,0,0,0,0
tests/test_theorem_facts.py,core,11849,46c8839d131e832d79decaedce6e7912598bc832ff1b0b9e4cb69f3634248c02,15,15,0,0,0,0,0
tests/test_toda_rules.py,core,121383,512393fb22f3f1b57882a88a3c264599fa1f8b973175c566749149d8e8520382,66,63,1,0,0,2,0
