candidate_id,category,older_test_id,newer_test_id,older_phase,newer_phase,shared_call_surface,older_semantic_atoms,newer_semantic_atoms,evidence,deletion_authorized
R3-00001,exact_duplicate_candidate,tests/test_expression.py::test_phase22_2_generator_symbol_different_family_is_not_equal,tests/test_expression.py::test_phase22_5_indexed_generator_families_remain_distinct,,,GeneratorSymbol,cmp:NotEq,cmp:NotEq,Exact normalized test-function AST matches the later/anchor test.,False
R3-00002,exact_duplicate_candidate,tests/test_expression.py::test_phase31_2_smash_product_is_distinct_from_composition,tests/test_expression.py::test_phase31_7_smash_product_is_not_implicitly_composition,,,CompositionHomotopyElementSmashProduct,cmp:NotEq,cmp:NotEq,Exact normalized test-function AST matches the later/anchor test.,False
R3-00003,exact_duplicate_candidate,tests/test_inference_rule_pattern.py::test_inference_rule_applicability_searches_available_steps,tests/test_inference_rule_pattern.py::test_inference_rule_applicable_with_multiple_patterns,,,InferenceRulePremisePatternProofStepis_inference_rule_applicable,call:is_inference_rule_applicable,call:is_inference_rule_applicable,Exact normalized test-function AST matches the later/anchor test.,False
R3-00004,exact_duplicate_candidate,tests/test_map_facts.py::test_phase30_3a_ehp_h_map_is_canonical_generalized_hopf_invariant_map,tests/test_phase45_toda_prop42_sequence.py::test_phase45_2_canonical_h_map_remains_existing_map_symbol,,45,MapSymbol,call:MapSymbolcall:isinstancecmp:Eqstr:H,call:MapSymbolcall:isinstancecmp:Eqstr:H,Exact normalized test-function AST matches the later/anchor test.,False
R3-00005,exact_duplicate_candidate,tests/test_phase100_12b_standard_repository_integration.py::test_phase100_12b_standard_integration_has_deterministic_entry_order,tests/test_phase109_24_generic_indexed_sigma_proof_scope_integration.py::test_phase109_24_standard_repository_roots_remain_unchanged,100,109,build_standard_production_proof_repositoryrepository.entries,attr:entriesattr:keycall:repository.entriescall:tuplecmp:Eqstr:standard.toda.prop511str:standard.toda.prop515str:standard.toda.prop56str:standard.toda.prop58,attr:entriesattr:keycall:repository.entriescall:tuplecmp:Eqstr:standard.toda.prop511str:standard.toda.prop515str:standard.toda.prop56str:standard.toda.prop58,Exact normalized test-function AST matches the later/anchor test.,False
R3-00006,exact_duplicate_candidate,tests/test_phase109_20_sigma10_concrete_specialization.py::test_phase109_20_standard_repository_root_entries_remain_unchanged,tests/test_phase109_24_generic_indexed_sigma_proof_scope_integration.py::test_phase109_24_standard_repository_roots_remain_unchanged,109,109,build_standard_production_proof_repositoryrepository.entries,attr:entriesattr:keycall:repository.entriescall:tuplecmp:Eqstr:standard.toda.prop511str:standard.toda.prop515str:standard.toda.prop56str:standard.toda.prop58,attr:entriesattr:keycall:repository.entriescall:tuplecmp:Eqstr:standard.toda.prop511str:standard.toda.prop515str:standard.toda.prop56str:standard.toda.prop58,Exact normalized test-function AST matches the later/anchor test.,False
R3-00007,exact_duplicate_candidate,tests/test_phase109_22_generic_indexed_sigma_specialization.py::test_phase109_22_standard_repository_root_entries_remain_unchanged,tests/test_phase109_24_generic_indexed_sigma_proof_scope_integration.py::test_phase109_24_standard_repository_roots_remain_unchanged,109,109,build_standard_production_proof_repositoryrepository.entries,attr:entriesattr:keycall:repository.entriescall:tuplecmp:Eqstr:standard.toda.prop511str:standard.toda.prop515str:standard.toda.prop56str:standard.toda.prop58,attr:entriesattr:keycall:repository.entriescall:tuplecmp:Eqstr:standard.toda.prop511str:standard.toda.prop515str:standard.toda.prop56str:standard.toda.prop58,Exact normalized test-function AST matches the later/anchor test.,False
R3-00008,exact_duplicate_candidate,tests/test_phase100_12c2_minimal_cli_integration.py::test_phase100_12c2_cli_not_found_is_explicit_and_nonzero,tests/test_phase101_cli_boundary_alias_unknown_regression.py::test_phase101_5_legacy_not_found_exit_code_remains_one,100,101,SimpleNamespacecapsys.readouterrcli_main.mainmonkeypatch.setattr,attr:errattr:outcmp:Eqconst:1str:No proof report found for pi_{40}^{20}.,attr:errattr:outcmp:Eqconst:1str:No proof report found for pi_{40}^{20}.,Exact normalized test-function AST matches the later/anchor test.,False
R3-00009,exact_duplicate_candidate,tests/test_phase100_minimal_generator_resolver.py::test_phase100_3_resolves_plain_family_aliases,tests/test_phase100_minimal_generator_resolver.py::test_phase100_3_resolves_positive_integer_indices,100,100,GeneratorSymbolpytest.mark.parametrizeresolve_generator_input,call:resolve_generator_inputcmp:Eq,call:resolve_generator_inputcmp:Eq,Exact normalized test-function AST matches the later/anchor test.,False
R3-00010,exact_duplicate_candidate,tests/test_phase100_minimal_generator_resolver.py::test_phase100_3_rejects_invalid_index_syntax,tests/test_phase100_minimal_generator_resolver.py::test_phase100_3_rejects_unsupported_free_form_input,100,100,pytest.mark.parametrizepytest.raisesresolve_generator_input,,,Exact normalized test-function AST matches the later/anchor test.,False
R3-00011,exact_duplicate_candidate,tests/test_phase101_production_element_exploration_facade.py::test_phase101_2_reuses_existing_invalid_input_validation,tests/test_phase101_production_exploration_validation.py::test_phase101_4_invalid_string_input_reuses_resolver_validation,101,101,explore_standard_repository_generator_inputpytest.mark.parametrizepytest.raises,,,Exact normalized test-function AST matches the later/anchor test.,False
R3-00012,exact_duplicate_candidate,tests/test_phase103_6d101_toda_lemma54_nu4_membership_theorem_specific_classification.py::test_phase103_6d101_preserves_other_category_counts,tests/test_phase103_6d98_toda53_eta3_twice_zero_theorem_specific_classification.py::test_phase103_6d98_preserves_other_category_counts,103,103,Counter_build_catalogcatalog.entries,attr:BRIDGEattr:GENERIC_RELATIONattr:MAP_PROPERTYattr:STRUCTURALcmp:Eqconst:134const:201const:49const:63,attr:BRIDGEattr:GENERIC_RELATIONattr:MAP_PROPERTYattr:STRUCTURALcmp:Eqconst:134const:201const:49const:63,Exact normalized test-function AST matches the later/anchor test.,False
R3-00013,exact_duplicate_candidate,tests/test_phase103_6d106_toda53_nu_prime_lemma52_membership_theorem_specific_classification.py::test_phase103_6d106_preserves_other_category_counts,tests/test_phase103_6d98_toda53_eta3_twice_zero_theorem_specific_classification.py::test_phase103_6d98_preserves_other_category_counts,103,103,Counter_build_catalogcatalog.entries,attr:BRIDGEattr:GENERIC_RELATIONattr:MAP_PROPERTYattr:STRUCTURALcmp:Eqconst:134const:201const:49const:63,attr:BRIDGEattr:GENERIC_RELATIONattr:MAP_PROPERTYattr:STRUCTURALcmp:Eqconst:134const:201const:49const:63,Exact normalized test-function AST matches the later/anchor test.,False
R3-00014,exact_duplicate_candidate,tests/test_phase103_6d101_toda_lemma54_nu4_membership_theorem_specific_classification.py::test_phase103_6d101_catalog_size_and_fixed_point_safety_are_unchanged,tests/test_phase103_6d98_toda53_eta3_twice_zero_theorem_specific_classification.py::test_phase103_6d98_catalog_size_and_fixed_point_safety_are_unchanged,103,103,_build_catalogcatalog.entries,attr:fixed_point_safecall:allcall:lencmp:Eqcmp:Isconst:1188const:False,attr:fixed_point_safecall:allcall:lencmp:Eqcmp:Isconst:1188const:False,Exact normalized test-function AST matches the later/anchor test.,False
R3-00015,exact_duplicate_candidate,tests/test_phase103_6d106_toda53_nu_prime_lemma52_membership_theorem_specific_classification.py::test_phase103_6d106_catalog_size_and_fixed_point_safety_are_unchanged,tests/test_phase103_6d98_toda53_eta3_twice_zero_theorem_specific_classification.py::test_phase103_6d98_catalog_size_and_fixed_point_safety_are_unchanged,103,103,_build_catalogcatalog.entries,attr:fixed_point_safecall:allcall:lencmp:Eqcmp:Isconst:1188const:False,attr:fixed_point_safecall:allcall:lencmp:Eqcmp:Isconst:1188const:False,Exact normalized test-function AST matches the later/anchor test.,False
R3-00016,exact_duplicate_candidate,tests/test_phase103_6d108_remaining_strict_self_identifying_nu_prime_grouped_relevance_classification.py::test_phase103_6d108_catalog_size_and_fixed_point_safety_are_unchanged,tests/test_phase103_6d98_toda53_eta3_twice_zero_theorem_specific_classification.py::test_phase103_6d98_catalog_size_and_fixed_point_safety_are_unchanged,103,103,_build_catalogcatalog.entries,attr:fixed_point_safecall:allcall:lencmp:Eqcmp:Isconst:1188const:False,attr:fixed_point_safecall:allcall:lencmp:Eqcmp:Isconst:1188const:False,Exact normalized test-function AST matches the later/anchor test.,False
R3-00017,exact_duplicate_candidate,tests/test_phase103_6d35_residual_suspension_injectivity_structural_classification.py::test_phase103_6d35_catalog_size_and_fixed_point_safety_are_unchanged,tests/test_phase103_6d98_toda53_eta3_twice_zero_theorem_specific_classification.py::test_phase103_6d98_catalog_size_and_fixed_point_safety_are_unchanged,103,103,_build_catalogcatalog.entries,attr:fixed_point_safecall:allcall:lencmp:Eqcmp:Isconst:1188const:False,attr:fixed_point_safecall:allcall:lencmp:Eqcmp:Isconst:1188const:False,Exact normalized test-function AST matches the later/anchor test.,False
R3-00018,exact_duplicate_candidate,tests/test_phase103_6d38_zero_group_exactness_structural_classification.py::test_phase103_6d38_catalog_size_and_fixed_point_safety_are_unchanged,tests/test_phase103_6d98_toda53_eta3_twice_zero_theorem_specific_classification.py::test_phase103_6d98_catalog_size_and_fixed_point_safety_are_unchanged,103,103,_build_catalogcatalog.entries,attr:fixed_point_safecall:allcall:lencmp:Eqcmp:Isconst:1188const:False,attr:fixed_point_safecall:allcall:lencmp:Eqcmp:Isconst:1188const:False,Exact normalized test-function AST matches the later/anchor test.,False
R3-00019,exact_duplicate_candidate,tests/test_phase103_6d41_prop53_dependent_theorem_specific_classification.py::test_phase103_6d41_catalog_size_and_fixed_point_safety_are_unchanged,tests/test_phase103_6d98_toda53_eta3_twice_zero_theorem_specific_classification.py::test_phase103_6d98_catalog_size_and_fixed_point_safety_are_unchanged,103,103,_build_catalogcatalog.entries,attr:fixed_point_safecall:allcall:lencmp:Eqcmp:Isconst:1188const:False,attr:fixed_point_safecall:allcall:lencmp:Eqcmp:Isconst:1188const:False,Exact normalized test-function AST matches the later/anchor test.,False
R3-00020,exact_duplicate_candidate,tests/test_phase103_6d44_prop56_specialization_theorem_specific_classification.py::test_phase103_6d44_catalog_size_and_fixed_point_safety_are_unchanged,tests/test_phase103_6d98_toda53_eta3_twice_zero_theorem_specific_classification.py::test_phase103_6d98_catalog_size_and_fixed_point_safety_are_unchanged,103,103,_build_catalogcatalog.entries,attr:fixed_point_safecall:allcall:lencmp:Eqcmp:Isconst:1188const:False,attr:fixed_point_safecall:allcall:lencmp:Eqcmp:Isconst:1188const:False,Exact normalized test-function AST matches the later/anchor test.,False
R3-00021,exact_duplicate_candidate,tests/test_phase103_6d47_stable_zero_transport_structural_classification.py::test_phase103_6d47_catalog_size_and_fixed_point_safety_are_unchanged,tests/test_phase103_6d98_toda53_eta3_twice_zero_theorem_specific_classification.py::test_phase103_6d98_catalog_size_and_fixed_point_safety_are_unchanged,103,103,_build_catalogcatalog.entries,attr:fixed_point_safecall:allcall:lencmp:Eqcmp:Isconst:1188const:False,attr:fixed_point_safecall:allcall:lencmp:Eqcmp:Isconst:1188const:False,Exact normalized test-function AST matches the later/anchor test.,False
R3-00022,exact_duplicate_candidate,tests/test_phase103_6d50_toda52_finite_cyclic_transport_theorem_specific_classification.py::test_phase103_6d50_catalog_size_and_fixed_point_safety_are_unchanged,tests/test_phase103_6d98_toda53_eta3_twice_zero_theorem_specific_classification.py::test_phase103_6d98_catalog_size_and_fixed_point_safety_are_unchanged,103,103,_build_catalogcatalog.entries,attr:fixed_point_safecall:allcall:lencmp:Eqcmp:Isconst:1188const:False,attr:fixed_point_safecall:allcall:lencmp:Eqcmp:Isconst:1188const:False,Exact normalized test-function AST matches the later/anchor test.,False
R3-00023,exact_duplicate_candidate,tests/test_phase103_6d53_concrete_composition_zero_theorem_specific_classification.py::test_phase103_6d53_catalog_size_and_fixed_point_safety_are_unchanged,tests/test_phase103_6d98_toda53_eta3_twice_zero_theorem_specific_classification.py::test_phase103_6d98_catalog_size_and_fixed_point_safety_are_unchanged,103,103,_build_catalogcatalog.entries,attr:fixed_point_safecall:allcall:lencmp:Eqcmp:Isconst:1188const:False,attr:fixed_point_safecall:allcall:lencmp:Eqcmp:Isconst:1188const:False,Exact normalized test-function AST matches the later/anchor test.,False
R3-00024,exact_duplicate_candidate,tests/test_phase103_6d56_prop53_finite_cyclic_suspension_transport_theorem_specific_classification.py::test_phase103_6d56_catalog_size_and_fixed_point_safety_are_unchanged,tests/test_phase103_6d98_toda53_eta3_twice_zero_theorem_specific_classification.py::test_phase103_6d98_catalog_size_and_fixed_point_safety_are_unchanged,103,103,_build_catalogcatalog.entries,attr:fixed_point_safecall:allcall:lencmp:Eqcmp:Isconst:1188const:False,attr:fixed_point_safecall:allcall:lencmp:Eqcmp:Isconst:1188const:False,Exact normalized test-function AST matches the later/anchor test.,False
R3-00025,exact_duplicate_candidate,tests/test_phase103_6d59_prop53_eta_square_suspension_bridge_classification.py::test_phase103_6d59_catalog_size_and_fixed_point_safety_are_unchanged,tests/test_phase103_6d98_toda53_eta3_twice_zero_theorem_specific_classification.py::test_phase103_6d98_catalog_size_and_fixed_point_safety_are_unchanged,103,103,_build_catalogcatalog.entries,attr:fixed_point_safecall:allcall:lencmp:Eqcmp:Isconst:1188const:False,attr:fixed_point_safecall:allcall:lencmp:Eqcmp:Isconst:1188const:False,Exact normalized test-function AST matches the later/anchor test.,False
R3-00026,exact_duplicate_candidate,tests/test_phase103_6d62_lemma54_nu4_construction_consequence_theorem_specific_classification.py::test_phase103_6d62_catalog_size_and_fixed_point_safety_are_unchanged,tests/test_phase103_6d98_toda53_eta3_twice_zero_theorem_specific_classification.py::test_phase103_6d98_catalog_size_and_fixed_point_safety_are_unchanged,103,103,_build_catalogcatalog.entries,attr:fixed_point_safecall:allcall:lencmp:Eqcmp:Isconst:1188const:False,attr:fixed_point_safecall:allcall:lencmp:Eqcmp:Isconst:1188const:False,Exact normalized test-function AST matches the later/anchor test.,False
R3-00027,exact_duplicate_candidate,tests/test_phase103_6d65_prop511_finite_dimensional_nu_squared_transport_theorem_specific_classification.py::test_phase103_6d65_catalog_size_and_fixed_point_safety_are_unchanged,tests/test_phase103_6d98_toda53_eta3_twice_zero_theorem_specific_classification.py::test_phase103_6d98_catalog_size_and_fixed_point_safety_are_unchanged,103,103,_build_catalogcatalog.entries,attr:fixed_point_safecall:allcall:lencmp:Eqcmp:Isconst:1188const:False,attr:fixed_point_safecall:allcall:lencmp:Eqcmp:Isconst:1188const:False,Exact normalized test-function AST matches the later/anchor test.,False
R3-00028,exact_duplicate_candidate,tests/test_phase103_6d68_cross_theorem_stable_range_transport_theorem_specific_classification.py::test_phase103_6d68_catalog_size_and_fixed_point_safety_are_unchanged,tests/test_phase103_6d98_toda53_eta3_twice_zero_theorem_specific_classification.py::test_phase103_6d98_catalog_size_and_fixed_point_safety_are_unchanged,103,103,_build_catalogcatalog.entries,attr:fixed_point_safecall:allcall:lencmp:Eqcmp:Isconst:1188const:False,attr:fixed_point_safecall:allcall:lencmp:Eqcmp:Isconst:1188const:False,Exact normalized test-function AST matches the later/anchor test.,False
R3-00029,exact_duplicate_candidate,tests/test_phase103_6d71_prop51_derived_eta_zero_relation_theorem_specific_classification.py::test_phase103_6d71_catalog_size_and_fixed_point_safety_are_unchanged,tests/test_phase103_6d98_toda53_eta3_twice_zero_theorem_specific_classification.py::test_phase103_6d98_catalog_size_and_fixed_point_safety_are_unchanged,103,103,_build_catalogcatalog.entries,attr:fixed_point_safecall:allcall:lencmp:Eqcmp:Isconst:1188const:False,attr:fixed_point_safecall:allcall:lencmp:Eqcmp:Isconst:1188const:False,Exact normalized test-function AST matches the later/anchor test.,False
R3-00030,exact_duplicate_candidate,tests/test_phase103_6d73_prop511_pi14_13_eta13_group_identification_theorem_specific_classification.py::test_phase103_6d73_catalog_size_and_fixed_point_safety_are_unchanged,tests/test_phase103_6d98_toda53_eta3_twice_zero_theorem_specific_classification.py::test_phase103_6d98_catalog_size_and_fixed_point_safety_are_unchanged,103,103,_build_catalogcatalog.entries,attr:fixed_point_safecall:allcall:lencmp:Eqcmp:Isconst:1188const:False,attr:fixed_point_safecall:allcall:lencmp:Eqcmp:Isconst:1188const:False,Exact normalized test-function AST matches the later/anchor test.,False
R3-00031,exact_duplicate_candidate,tests/test_phase103_6d76_prop56_nu_prime_order_four_theorem_specific_classification.py::test_phase103_6d76_catalog_size_and_fixed_point_safety_are_unchanged,tests/test_phase103_6d98_toda53_eta3_twice_zero_theorem_specific_classification.py::test_phase103_6d98_catalog_size_and_fixed_point_safety_are_unchanged,103,103,_build_catalogcatalog.entries,attr:fixed_point_safecall:allcall:lencmp:Eqcmp:Isconst:1188const:False,attr:fixed_point_safecall:allcall:lencmp:Eqcmp:Isconst:1188const:False,Exact normalized test-function AST matches the later/anchor test.,False
R3-00032,exact_duplicate_candidate,tests/test_phase103_6d79_prop59_delta_eta11_theorem_specific_classification.py::test_phase103_6d79_catalog_size_and_fixed_point_safety_are_unchanged,tests/test_phase103_6d98_toda53_eta3_twice_zero_theorem_specific_classification.py::test_phase103_6d98_catalog_size_and_fixed_point_safety_are_unchanged,103,103,_build_catalogcatalog.entries,attr:fixed_point_safecall:allcall:lencmp:Eqcmp:Isconst:1188const:False,attr:fixed_point_safecall:allcall:lencmp:Eqcmp:Isconst:1188const:False,Exact normalized test-function AST matches the later/anchor test.,False
R3-00033,exact_duplicate_candidate,tests/test_phase103_6d82_prop59_delta_eta9_squared_theorem_specific_classification.py::test_phase103_6d82_catalog_size_and_fixed_point_safety_are_unchanged,tests/test_phase103_6d98_toda53_eta3_twice_zero_theorem_specific_classification.py::test_phase103_6d98_catalog_size_and_fixed_point_safety_are_unchanged,103,103,_build_catalogcatalog.entries,attr:fixed_point_safecall:allcall:lencmp:Eqcmp:Isconst:1188const:False,attr:fixed_point_safecall:allcall:lencmp:Eqcmp:Isconst:1188const:False,Exact normalized test-function AST matches the later/anchor test.,False
R3-00034,exact_duplicate_candidate,tests/test_phase103_6d85_prop59_e_nu4_eta7_squared_bridge_theorem_specific_classification.py::test_phase103_6d85_catalog_size_and_fixed_point_safety_are_unchanged,tests/test_phase103_6d98_toda53_eta3_twice_zero_theorem_specific_classification.py::test_phase103_6d98_catalog_size_and_fixed_point_safety_are_unchanged,103,103,_build_catalogcatalog.entries,attr:fixed_point_safecall:allcall:lencmp:Eqcmp:Isconst:1188const:False,attr:fixed_point_safecall:allcall:lencmp:Eqcmp:Isconst:1188const:False,Exact normalized test-function AST matches the later/anchor test.,False
R3-00035,exact_duplicate_candidate,tests/test_phase103_6d88_prop59_e_nu5_eta8_squared_zero_theorem_specific_classification.py::test_phase103_6d88_catalog_size_and_fixed_point_safety_are_unchanged,tests/test_phase103_6d98_toda53_eta3_twice_zero_theorem_specific_classification.py::test_phase103_6d98_catalog_size_and_fixed_point_safety_are_unchanged,103,103,_build_catalogcatalog.entries,attr:fixed_point_safecall:allcall:lencmp:Eqcmp:Isconst:1188const:False,attr:fixed_point_safecall:allcall:lencmp:Eqcmp:Isconst:1188const:False,Exact normalized test-function AST matches the later/anchor test.,False
R3-00036,exact_duplicate_candidate,tests/test_phase103_6d91_prop59_pi7_2_suspension_zero_theorem_specific_classification.py::test_phase103_6d91_catalog_size_and_fixed_point_safety_are_unchanged,tests/test_phase103_6d98_toda53_eta3_twice_zero_theorem_specific_classification.py::test_phase103_6d98_catalog_size_and_fixed_point_safety_are_unchanged,103,103,_build_catalogcatalog.entries,attr:fixed_point_safecall:allcall:lencmp:Eqcmp:Isconst:1188const:False,attr:fixed_point_safecall:allcall:lencmp:Eqcmp:Isconst:1188const:False,Exact normalized test-function AST matches the later/anchor test.,False
R3-00037,exact_duplicate_candidate,tests/test_phase103_6d94_paired_symbolic_eta_family_generator_bridge_classification.py::test_phase103_6d94_catalog_size_and_fixed_point_safety_are_unchanged,tests/test_phase103_6d98_toda53_eta3_twice_zero_theorem_specific_classification.py::test_phase103_6d98_catalog_size_and_fixed_point_safety_are_unchanged,103,103,_build_catalogcatalog.entries,attr:fixed_point_safecall:allcall:lencmp:Eqcmp:Isconst:1188const:False,attr:fixed_point_safecall:allcall:lencmp:Eqcmp:Isconst:1188const:False,Exact normalized test-function AST matches the later/anchor test.,False
R3-00038,exact_duplicate_candidate,tests/test_phase103_6d10_second_wave_classification.py::test_phase103_6d10_catalog_size_and_fixed_point_safety_are_unchanged,tests/test_phase103_6d8_first_wave_classification.py::test_phase103_6d8_catalog_entry_count_and_discovery_safety_are_unchanged,103,103,build_standard_production_applicability_catalogcatalog.entries,attr:fixed_point_safecall:allcall:lencmp:Eqcmp:Isconst:1188const:False,attr:fixed_point_safecall:allcall:lencmp:Eqcmp:Isconst:1188const:False,Exact normalized test-function AST matches the later/anchor test.,False
R3-00039,exact_duplicate_candidate,tests/test_phase103_6d35_residual_suspension_injectivity_structural_classification.py::test_phase103_6d35_preserves_delta_injectivity_closure,tests/test_phase103_6d44_prop56_specialization_theorem_specific_classification.py::test_phase103_6d44_preserves_delta_injectivity_closure,103,103,Counter_build_catalogcatalog.entriesgetattr,attr:MAP_PROPERTYattr:THEOREM_SPECIFICattr:UNCLASSIFIEDcall:lencmp:Eqconst:0const:1const:15const:16,attr:MAP_PROPERTYattr:THEOREM_SPECIFICattr:UNCLASSIFIEDcall:lencmp:Eqconst:0const:1const:15const:16,Exact normalized test-function AST matches the later/anchor test.,False
R3-00040,exact_duplicate_candidate,tests/test_phase103_6d38_zero_group_exactness_structural_classification.py::test_phase103_6d38_preserves_delta_injectivity_closure,tests/test_phase103_6d44_prop56_specialization_theorem_specific_classification.py::test_phase103_6d44_preserves_delta_injectivity_closure,103,103,Counter_build_catalogcatalog.entriesgetattr,attr:MAP_PROPERTYattr:THEOREM_SPECIFICattr:UNCLASSIFIEDcall:lencmp:Eqconst:0const:1const:15const:16,attr:MAP_PROPERTYattr:THEOREM_SPECIFICattr:UNCLASSIFIEDcall:lencmp:Eqconst:0const:1const:15const:16,Exact normalized test-function AST matches the later/anchor test.,False
R3-00041,exact_duplicate_candidate,tests/test_phase103_6d41_prop53_dependent_theorem_specific_classification.py::test_phase103_6d41_preserves_delta_injectivity_closure,tests/test_phase103_6d44_prop56_specialization_theorem_specific_classification.py::test_phase103_6d44_preserves_delta_injectivity_closure,103,103,Counter_build_catalogcatalog.entriesgetattr,attr:MAP_PROPERTYattr:THEOREM_SPECIFICattr:UNCLASSIFIEDcall:lencmp:Eqconst:0const:1const:15const:16,attr:MAP_PROPERTYattr:THEOREM_SPECIFICattr:UNCLASSIFIEDcall:lencmp:Eqconst:0const:1const:15const:16,Exact normalized test-function AST matches the later/anchor test.,False
R3-00042,exact_duplicate_candidate,tests/test_phase103_6d41_prop53_dependent_theorem_specific_classification.py::test_phase103_6d41_preserves_6d38_zero_group_exactness_closure,tests/test_phase103_6d47_stable_zero_transport_structural_classification.py::test_phase103_6d47_preserves_6d38_zero_group_exactness_closure,103,103,_build_catalogcatalog.entries,attr:STRUCTURALattr:relevance_categorycall:allcall:lencmp:Eqcmp:Isconst:2,attr:STRUCTURALattr:relevance_categorycall:allcall:lencmp:Eqcmp:Isconst:2,Exact normalized test-function AST matches the later/anchor test.,False
R3-00043,exact_duplicate_candidate,tests/test_phase103_6d44_prop56_specialization_theorem_specific_classification.py::test_phase103_6d44_preserves_6d38_zero_group_exactness_closure,tests/test_phase103_6d47_stable_zero_transport_structural_classification.py::test_phase103_6d47_preserves_6d38_zero_group_exactness_closure,103,103,_build_catalogcatalog.entries,attr:STRUCTURALattr:relevance_categorycall:allcall:lencmp:Eqcmp:Isconst:2,attr:STRUCTURALattr:relevance_categorycall:allcall:lencmp:Eqcmp:Isconst:2,Exact normalized test-function AST matches the later/anchor test.,False
R3-00044,exact_duplicate_candidate,tests/test_phase103_6d47_stable_zero_transport_structural_classification.py::test_phase103_6d47_preserves_6d44_prop56_specialization_closure,tests/test_phase103_6d50_toda52_finite_cyclic_transport_theorem_specific_classification.py::test_phase103_6d50_preserves_6d44_prop56_specialization_closure,103,103,_build_catalogcatalog.entries,attr:THEOREM_SPECIFICattr:relevance_categorycall:allcall:lencmp:Eqcmp:Isconst:3,attr:THEOREM_SPECIFICattr:relevance_categorycall:allcall:lencmp:Eqcmp:Isconst:3,Exact normalized test-function AST matches the later/anchor test.,False
R3-00045,exact_duplicate_candidate,tests/test_phase103_6d4_relevance_metadata_propagation.py::test_phase103_6d4_catalog_remains_discovery_only,tests/test_phase103_standard_applicability_catalog.py::test_phase103_6_standard_catalog_is_discovery_only,103,103,build_standard_production_applicability_catalogcatalog.entries,attr:entriesattr:fixed_point_safecall:allcall:catalog.entriescmp:Isconst:False,attr:entriesattr:fixed_point_safecall:allcall:catalog.entriescmp:Isconst:False,Exact normalized test-function AST matches the later/anchor test.,False
R3-00046,exact_duplicate_candidate,tests/test_phase103_6d50_toda52_finite_cyclic_transport_theorem_specific_classification.py::test_phase103_6d50_preserves_6d47_stable_zero_transport_closure,tests/test_phase103_6d53_concrete_composition_zero_theorem_specific_classification.py::test_phase103_6d53_preserves_6d47_stable_zero_transport_closure,103,103,_build_catalogcatalog.entries,attr:STRUCTURALattr:relevance_categorycall:allcall:lencmp:Eqcmp:Isconst:3,attr:STRUCTURALattr:relevance_categorycall:allcall:lencmp:Eqcmp:Isconst:3,Exact normalized test-function AST matches the later/anchor test.,False
R3-00047,exact_duplicate_candidate,tests/test_phase103_6d53_concrete_composition_zero_theorem_specific_classification.py::test_phase103_6d53_preserves_6d50_toda52_transport_closure,tests/test_phase103_6d56_prop53_finite_cyclic_suspension_transport_theorem_specific_classification.py::test_phase103_6d56_preserves_6d50_toda52_transport_closure,103,103,_build_catalogcatalog.entries,attr:THEOREM_SPECIFICattr:relevance_categorycall:allcall:lencmp:Eqcmp:Isconst:5,attr:THEOREM_SPECIFICattr:relevance_categorycall:allcall:lencmp:Eqcmp:Isconst:5,Exact normalized test-function AST matches the later/anchor test.,False
R3-00048,exact_duplicate_candidate,tests/test_phase103_6d56_prop53_finite_cyclic_suspension_transport_theorem_specific_classification.py::test_phase103_6d56_preserves_6d53_composition_zero_closure,tests/test_phase103_6d59_prop53_eta_square_suspension_bridge_classification.py::test_phase103_6d59_preserves_6d53_composition_zero_closure,103,103,_build_catalogcatalog.entries,attr:THEOREM_SPECIFICattr:relevance_categorycall:allcall:lencmp:Eqcmp:Isconst:6,attr:THEOREM_SPECIFICattr:relevance_categorycall:allcall:lencmp:Eqcmp:Isconst:6,Exact normalized test-function AST matches the later/anchor test.,False
R3-00049,exact_duplicate_candidate,tests/test_phase103_6d59_prop53_eta_square_suspension_bridge_classification.py::test_phase103_6d59_preserves_6d56_prop53_transport_closure,tests/test_phase103_6d62_lemma54_nu4_construction_consequence_theorem_specific_classification.py::test_phase103_6d62_preserves_6d56_prop53_transport_closure,103,103,_build_catalogcatalog.entries,attr:THEOREM_SPECIFICattr:relevance_categorycall:allcall:lencmp:Eqcmp:Isconst:14,attr:THEOREM_SPECIFICattr:relevance_categorycall:allcall:lencmp:Eqcmp:Isconst:14,Exact normalized test-function AST matches the later/anchor test.,False
R3-00050,exact_duplicate_candidate,tests/test_phase103_6d62_lemma54_nu4_construction_consequence_theorem_specific_classification.py::test_phase103_6d62_preserves_6d59_eta_square_bridge_closure,tests/test_phase103_6d65_prop511_finite_dimensional_nu_squared_transport_theorem_specific_classification.py::test_phase103_6d65_preserves_6d59_eta_square_bridge_closure,103,103,_build_catalogcatalog.entries,attr:BRIDGEattr:relevance_categorycall:allcall:lencmp:Eqcmp:Isconst:14,attr:BRIDGEattr:relevance_categorycall:allcall:lencmp:Eqcmp:Isconst:14,Exact normalized test-function AST matches the later/anchor test.,False
R3-00051,exact_duplicate_candidate,tests/test_phase103_6d65_prop511_finite_dimensional_nu_squared_transport_theorem_specific_classification.py::test_phase103_6d65_preserves_6d62_lemma54_nu4_consequence_closure,tests/test_phase103_6d68_cross_theorem_stable_range_transport_theorem_specific_classification.py::test_phase103_6d68_preserves_6d62_lemma54_nu4_consequence_closure,103,103,_build_catalogcatalog.entries,attr:THEOREM_SPECIFICattr:relevance_categorycall:allcall:lencmp:Eqcmp:Isconst:14,attr:THEOREM_SPECIFICattr:relevance_categorycall:allcall:lencmp:Eqcmp:Isconst:14,Exact normalized test-function AST matches the later/anchor test.,False
R3-00052,exact_duplicate_candidate,tests/test_phase103_6d71_prop51_derived_eta_zero_relation_theorem_specific_classification.py::test_phase103_6d71_preserves_6d68_stable_range_transport_closure,tests/test_phase103_6d73_prop511_pi14_13_eta13_group_identification_theorem_specific_classification.py::test_phase103_6d73_preserves_6d68_stable_range_transport_closure,103,103,_build_catalogcatalog.entries,attr:THEOREM_SPECIFICattr:relevance_categorycall:allcmp:Is,attr:THEOREM_SPECIFICattr:relevance_categorycall:allcmp:Is,Exact normalized test-function AST matches the later/anchor test.,False
R3-00053,exact_duplicate_candidate,tests/test_phase103_6d76_prop56_nu_prime_order_four_theorem_specific_classification.py::test_phase103_6d76_preserves_structural_and_map_property_counts,tests/test_phase103_6d91_prop59_pi7_2_suspension_zero_theorem_specific_classification.py::test_phase103_6d91_preserves_structural_and_map_property_counts,103,103,Counter_build_catalogcatalog.entries,attr:MAP_PROPERTYattr:STRUCTURALcmp:Eqconst:201const:49,attr:MAP_PROPERTYattr:STRUCTURALcmp:Eqconst:201const:49,Exact normalized test-function AST matches the later/anchor test.,False
R3-00054,exact_duplicate_candidate,tests/test_phase103_6d79_prop59_delta_eta11_theorem_specific_classification.py::test_phase103_6d79_preserves_structural_and_map_property_counts,tests/test_phase103_6d91_prop59_pi7_2_suspension_zero_theorem_specific_classification.py::test_phase103_6d91_preserves_structural_and_map_property_counts,103,103,Counter_build_catalogcatalog.entries,attr:MAP_PROPERTYattr:STRUCTURALcmp:Eqconst:201const:49,attr:MAP_PROPERTYattr:STRUCTURALcmp:Eqconst:201const:49,Exact normalized test-function AST matches the later/anchor test.,False
R3-00055,exact_duplicate_candidate,tests/test_phase103_6d82_prop59_delta_eta9_squared_theorem_specific_classification.py::test_phase103_6d82_preserves_structural_and_map_property_counts,tests/test_phase103_6d91_prop59_pi7_2_suspension_zero_theorem_specific_classification.py::test_phase103_6d91_preserves_structural_and_map_property_counts,103,103,Counter_build_catalogcatalog.entries,attr:MAP_PROPERTYattr:STRUCTURALcmp:Eqconst:201const:49,attr:MAP_PROPERTYattr:STRUCTURALcmp:Eqconst:201const:49,Exact normalized test-function AST matches the later/anchor test.,False
R3-00056,exact_duplicate_candidate,tests/test_phase103_6d85_prop59_e_nu4_eta7_squared_bridge_theorem_specific_classification.py::test_phase103_6d85_preserves_structural_and_map_property_counts,tests/test_phase103_6d91_prop59_pi7_2_suspension_zero_theorem_specific_classification.py::test_phase103_6d91_preserves_structural_and_map_property_counts,103,103,Counter_build_catalogcatalog.entries,attr:MAP_PROPERTYattr:STRUCTURALcmp:Eqconst:201const:49,attr:MAP_PROPERTYattr:STRUCTURALcmp:Eqconst:201const:49,Exact normalized test-function AST matches the later/anchor test.,False
R3-00057,exact_duplicate_candidate,tests/test_phase103_6d88_prop59_e_nu5_eta8_squared_zero_theorem_specific_classification.py::test_phase103_6d88_preserves_structural_and_map_property_counts,tests/test_phase103_6d91_prop59_pi7_2_suspension_zero_theorem_specific_classification.py::test_phase103_6d91_preserves_structural_and_map_property_counts,103,103,Counter_build_catalogcatalog.entries,attr:MAP_PROPERTYattr:STRUCTURALcmp:Eqconst:201const:49,attr:MAP_PROPERTYattr:STRUCTURALcmp:Eqconst:201const:49,Exact normalized test-function AST matches the later/anchor test.,False
R3-00058,exact_duplicate_candidate,tests/test_phase109_12_nu5_proof_derived_ambient_fallback.py::test_phase109_12_sigma7_remains_out_of_stable_sigma_specialization_scope,tests/test_phase109_18_sigma9_indexed_finite_cyclic_fallback.py::test_phase109_18_sigma7_remains_below_stable_symbolic_specialization_boundary,109,109,GENERATOR_FACT_REPOSITORY.lookup_ambient_groupGeneratorSymbolfind_standard_repository_generator_known_group_identity_nodes,attr:lookup_ambient_groupcall:GENERATOR_FACT_REPOSITORY.lookup_ambient_groupcall:find_standard_repository_generator_known_group_identity_nodescmp:Eqcmp:Is,attr:lookup_ambient_groupcall:GENERATOR_FACT_REPOSITORY.lookup_ambient_groupcall:find_standard_repository_generator_known_group_identity_nodescmp:Eqcmp:Is,Exact normalized test-function AST matches the later/anchor test.,False
R3-00059,exact_duplicate_candidate,tests/test_phase109_14_decorated_sigma_finite_cyclic_fallback.py::test_phase109_14_sigma7_stable_specialization_boundary_remains_unsupported,tests/test_phase109_18_sigma9_indexed_finite_cyclic_fallback.py::test_phase109_18_sigma7_remains_below_stable_symbolic_specialization_boundary,109,109,GENERATOR_FACT_REPOSITORY.lookup_ambient_groupGeneratorSymbolfind_standard_repository_generator_known_group_identity_nodes,attr:lookup_ambient_groupcall:GENERATOR_FACT_REPOSITORY.lookup_ambient_groupcall:find_standard_repository_generator_known_group_identity_nodescmp:Eqcmp:Is,attr:lookup_ambient_groupcall:GENERATOR_FACT_REPOSITORY.lookup_ambient_groupcall:find_standard_repository_generator_known_group_identity_nodescmp:Eqcmp:Is,Exact normalized test-function AST matches the later/anchor test.,False
R3-00060,exact_duplicate_candidate,tests/test_phase109_16_sigma8_direct_sum_fallback.py::test_phase109_16_sigma7_stable_specialization_remains_unsupported,tests/test_phase109_18_sigma9_indexed_finite_cyclic_fallback.py::test_phase109_18_sigma7_remains_below_stable_symbolic_specialization_boundary,109,109,GENERATOR_FACT_REPOSITORY.lookup_ambient_groupGeneratorSymbolfind_standard_repository_generator_known_group_identity_nodes,attr:lookup_ambient_groupcall:GENERATOR_FACT_REPOSITORY.lookup_ambient_groupcall:find_standard_repository_generator_known_group_identity_nodescmp:Eqcmp:Is,attr:lookup_ambient_groupcall:GENERATOR_FACT_REPOSITORY.lookup_ambient_groupcall:find_standard_repository_generator_known_group_identity_nodescmp:Eqcmp:Is,Exact normalized test-function AST matches the later/anchor test.,False
R3-00061,exact_duplicate_candidate,tests/test_phase109_14_decorated_sigma_finite_cyclic_fallback.py::test_phase109_14_sigma_prime_does_not_select_pi15_8_suspended_occurrence,tests/test_phase109_16_sigma8_direct_sum_fallback.py::test_phase109_16_sigma_prime_still_selects_pi14_7_not_pi15_8,109,109,TodaPrimaryGroupfind_standard_repository_generator_known_group_identity_nodes,attr:conclusionattr:lhsattr:proof_stepcall:TodaPrimaryGroupcall:lencmp:Eqconst:0const:1const:14const:7,attr:conclusionattr:lhsattr:proof_stepcall:TodaPrimaryGroupcall:lencmp:Eqconst:0const:1const:14const:7,Exact normalized test-function AST matches the later/anchor test.,False
R3-00062,exact_duplicate_candidate,tests/test_phase109_14_decorated_sigma_finite_cyclic_fallback.py::test_phase109_14_nu5_phase109_12_fallback_still_works,tests/test_phase109_18_sigma9_indexed_finite_cyclic_fallback.py::test_phase109_18_nu5_fallback_still_works,109,109,GeneratorSymbolTodaPrimaryGroupfind_standard_repository_generator_known_group_identity_nodes,attr:conclusionattr:lhsattr:proof_stepcall:TodaPrimaryGroupcall:lencmp:Eqconst:0const:1const:5const:8,attr:conclusionattr:lhsattr:proof_stepcall:TodaPrimaryGroupcall:lencmp:Eqconst:0const:1const:5const:8,Exact normalized test-function AST matches the later/anchor test.,False
R3-00063,exact_duplicate_candidate,tests/test_phase109_16_sigma8_direct_sum_fallback.py::test_phase109_16_nu5_finite_cyclic_fallback_still_works,tests/test_phase109_18_sigma9_indexed_finite_cyclic_fallback.py::test_phase109_18_nu5_fallback_still_works,109,109,GeneratorSymbolTodaPrimaryGroupfind_standard_repository_generator_known_group_identity_nodes,attr:conclusionattr:lhsattr:proof_stepcall:TodaPrimaryGroupcall:lencmp:Eqconst:0const:1const:5const:8,attr:conclusionattr:lhsattr:proof_stepcall:TodaPrimaryGroupcall:lencmp:Eqconst:0const:1const:5const:8,Exact normalized test-function AST matches the later/anchor test.,False
R3-00064,exact_duplicate_candidate,tests/test_phase110_10_operation_query_proof_replay_cli.py::test_phase110_10_existing_query_command_is_unchanged,tests/test_phase110_6_operation_query_cli_integration.py::test_phase110_6_query_not_found_is_exit_one,110,110,SimpleNamespacecapsys.readouterrcli_main.mainmonkeypatch.setattr,attr:errattr:outcmp:Eqconst:1str:No known repository fact found for H(eta_999).,attr:errattr:outcmp:Eqconst:1str:No known repository fact found for H(eta_999).,Exact normalized test-function AST matches the later/anchor test.,False
R3-00065,exact_duplicate_candidate,tests/test_phase114_3_nu5_operation_query_handoff.py::test_phase114_4_direct_h_fact_still_has_priority,tests/test_phase115_sigma11_operation_query_handoff.py::test_phase115_4_existing_direct_fact_still_has_priority,114,115,_assert_facade_preserves_direct_result,,,Exact normalized test-function AST matches the later/anchor test.,False
R3-00066,exact_duplicate_candidate,tests/test_phase117_web_app.py::test_phase117_1_post_sigma11_query_exposes_latex_to_katex,tests/test_phase118_web_app.py::test_phase118_2_existing_group_query_remains_available,117,118,_build_test_clientclient.post,attr:dataattr:status_codecmp:Eqcmp:Inconst:200,attr:dataattr:status_codecmp:Eqcmp:Inconst:200,Exact normalized test-function AST matches the later/anchor test.,False
R3-00067,exact_duplicate_candidate,tests/test_phase133_7_group_proof_narrative_labels.py::test_phase144_6_supersedes_legacy_pi6_3_narrative_contract,tests/test_phase136_2_pi6_3_narrative_structure.py::test_phase144_6_supersedes_legacy_pi6_3_narrative_contract,133,136,_phase144_6_pi6_3_renderings,cmp:Eq,cmp:Eq,Exact normalized test-function AST matches the later/anchor test.,False
R3-00068,exact_duplicate_candidate,tests/test_phase134_3_pi6_3_numbered_narrative.py::test_phase144_6_supersedes_legacy_pi6_3_narrative_contract,tests/test_phase136_2_pi6_3_narrative_structure.py::test_phase144_6_supersedes_legacy_pi6_3_narrative_contract,134,136,_phase144_6_pi6_3_renderings,cmp:Eq,cmp:Eq,Exact normalized test-function AST matches the later/anchor test.,False
R3-00069,exact_duplicate_candidate,tests/test_phase134_5_pi6_3_reference_fact_split.py::test_phase144_6_supersedes_legacy_pi6_3_narrative_contract,tests/test_phase136_2_pi6_3_narrative_structure.py::test_phase144_6_supersedes_legacy_pi6_3_narrative_contract,134,136,_phase144_6_pi6_3_renderings,cmp:Eq,cmp:Eq,Exact normalized test-function AST matches the later/anchor test.,False
R3-00070,exact_duplicate_candidate,tests/test_phase134_6_pi6_3_mathbook_narrative.py::test_phase144_6_supersedes_legacy_pi6_3_narrative_contract,tests/test_phase136_2_pi6_3_narrative_structure.py::test_phase144_6_supersedes_legacy_pi6_3_narrative_contract,134,136,_phase144_6_pi6_3_renderings,cmp:Eq,cmp:Eq,Exact normalized test-function AST matches the later/anchor test.,False
R3-00071,exact_duplicate_candidate,tests/test_phase134_7_pi6_3_final_narrative.py::test_phase144_6_supersedes_legacy_pi6_3_narrative_contract,tests/test_phase136_2_pi6_3_narrative_structure.py::test_phase144_6_supersedes_legacy_pi6_3_narrative_contract,134,136,_phase144_6_pi6_3_renderings,cmp:Eq,cmp:Eq,Exact normalized test-function AST matches the later/anchor test.,False
R3-00072,exact_duplicate_candidate,tests/test_phase134_9_pi6_3_snapshot.py::test_phase144_6_supersedes_legacy_pi6_3_narrative_contract,tests/test_phase136_2_pi6_3_narrative_structure.py::test_phase144_6_supersedes_legacy_pi6_3_narrative_contract,134,136,_phase144_6_pi6_3_renderings,cmp:Eq,cmp:Eq,Exact normalized test-function AST matches the later/anchor test.,False
R3-00073,exact_duplicate_candidate,tests/test_phase136_1_pi6_3_narrative_prose.py::test_phase144_6_supersedes_legacy_pi6_3_narrative_contract,tests/test_phase136_2_pi6_3_narrative_structure.py::test_phase144_6_supersedes_legacy_pi6_3_narrative_contract,136,136,_phase144_6_pi6_3_renderings,cmp:Eq,cmp:Eq,Exact normalized test-function AST matches the later/anchor test.,False
R3-00074,exact_duplicate_candidate,tests/test_phase133_7_group_proof_narrative_labels.py::test_phase144_6_pi6_3_generic_route_preserves_target,tests/test_phase136_2_pi6_3_narrative_structure.py::test_phase144_6_pi6_3_generic_route_preserves_target,133,136,_phase144_6_pi6_3_renderings,cmp:Instr:$\pi_{6}^{3} = \mathbb{Z}/4\{\nu'\}$,cmp:Instr:$\pi_{6}^{3} = \mathbb{Z}/4\{\nu'\}$,Exact normalized test-function AST matches the later/anchor test.,False
R3-00075,exact_duplicate_candidate,tests/test_phase134_3_pi6_3_numbered_narrative.py::test_phase144_6_pi6_3_generic_route_preserves_target,tests/test_phase136_2_pi6_3_narrative_structure.py::test_phase144_6_pi6_3_generic_route_preserves_target,134,136,_phase144_6_pi6_3_renderings,cmp:Instr:$\pi_{6}^{3} = \mathbb{Z}/4\{\nu'\}$,cmp:Instr:$\pi_{6}^{3} = \mathbb{Z}/4\{\nu'\}$,Exact normalized test-function AST matches the later/anchor test.,False
R3-00076,exact_duplicate_candidate,tests/test_phase134_5_pi6_3_reference_fact_split.py::test_phase144_6_pi6_3_generic_route_preserves_target,tests/test_phase136_2_pi6_3_narrative_structure.py::test_phase144_6_pi6_3_generic_route_preserves_target,134,136,_phase144_6_pi6_3_renderings,cmp:Instr:$\pi_{6}^{3} = \mathbb{Z}/4\{\nu'\}$,cmp:Instr:$\pi_{6}^{3} = \mathbb{Z}/4\{\nu'\}$,Exact normalized test-function AST matches the later/anchor test.,False
R3-00077,exact_duplicate_candidate,tests/test_phase134_6_pi6_3_mathbook_narrative.py::test_phase144_6_pi6_3_generic_route_preserves_target,tests/test_phase136_2_pi6_3_narrative_structure.py::test_phase144_6_pi6_3_generic_route_preserves_target,134,136,_phase144_6_pi6_3_renderings,cmp:Instr:$\pi_{6}^{3} = \mathbb{Z}/4\{\nu'\}$,cmp:Instr:$\pi_{6}^{3} = \mathbb{Z}/4\{\nu'\}$,Exact normalized test-function AST matches the later/anchor test.,False
R3-00078,exact_duplicate_candidate,tests/test_phase134_7_pi6_3_final_narrative.py::test_phase144_6_pi6_3_generic_route_preserves_target,tests/test_phase136_2_pi6_3_narrative_structure.py::test_phase144_6_pi6_3_generic_route_preserves_target,134,136,_phase144_6_pi6_3_renderings,cmp:Instr:$\pi_{6}^{3} = \mathbb{Z}/4\{\nu'\}$,cmp:Instr:$\pi_{6}^{3} = \mathbb{Z}/4\{\nu'\}$,Exact normalized test-function AST matches the later/anchor test.,False
R3-00079,exact_duplicate_candidate,tests/test_phase134_9_pi6_3_snapshot.py::test_phase144_6_pi6_3_generic_route_preserves_target,tests/test_phase136_2_pi6_3_narrative_structure.py::test_phase144_6_pi6_3_generic_route_preserves_target,134,136,_phase144_6_pi6_3_renderings,cmp:Instr:$\pi_{6}^{3} = \mathbb{Z}/4\{\nu'\}$,cmp:Instr:$\pi_{6}^{3} = \mathbb{Z}/4\{\nu'\}$,Exact normalized test-function AST matches the later/anchor test.,False
R3-00080,exact_duplicate_candidate,tests/test_phase136_1_pi6_3_narrative_prose.py::test_phase144_6_pi6_3_generic_route_preserves_target,tests/test_phase136_2_pi6_3_narrative_structure.py::test_phase144_6_pi6_3_generic_route_preserves_target,136,136,_phase144_6_pi6_3_renderings,cmp:Instr:$\pi_{6}^{3} = \mathbb{Z}/4\{\nu'\}$,cmp:Instr:$\pi_{6}^{3} = \mathbb{Z}/4\{\nu'\}$,Exact normalized test-function AST matches the later/anchor test.,False
R3-00081,exact_duplicate_candidate,tests/test_phase134_11_pi8_5_narrative.py::test_phase134_11_pi8_5_has_two_references_in_use_order,tests/test_phase134_11_testfix_v3.py::test_phase134_11_testfix_v3_keeps_reference_order,134,134,_render_pi8_5rendered.index,attr:indexcall:rendered.indexcmp:Incmp:Lt,attr:indexcall:rendered.indexcmp:Incmp:Lt,Exact normalized test-function AST matches the later/anchor test.,False
R3-00082,exact_duplicate_candidate,tests/test_phase134_16_presentation_catalog.py::test_phase134_16_reference_candidate_catalog_contains_existing_types,tests/test_phase141_9_catalog_compatibility.py::test_phase141_9_reference_candidate_catalog_remains_backward_compatible,134,141,,cmp:Eq,cmp:Eq,Exact normalized test-function AST matches the later/anchor test.,False
R3-00083,exact_duplicate_candidate,tests/test_phase143_12_fix2_order_subject.py::test_phase143_12_fix2_pi6_3_order_subject_uses_local_calculation,tests/test_phase143_12_purpose_subject.py::test_phase143_12_pi6_3_order_subject_is_nu_prime,143,143,_argumentsextract_toda_group_proof_narrative_argument_purpose_subject,attr:namecmp:Eqcmp:IsNotstr:ν′,attr:namecmp:Eqcmp:IsNotstr:ν′,Exact normalized test-function AST matches the later/anchor test.,False
R3-00084,exact_duplicate_candidate,tests/test_phase143_12_fix2b_order_subject.py::test_phase143_12_fix2b_pi6_3_order_subject_uses_local_calculation,tests/test_phase143_12_purpose_subject.py::test_phase143_12_pi6_3_order_subject_is_nu_prime,143,143,_argumentsextract_toda_group_proof_narrative_argument_purpose_subject,attr:namecmp:Eqcmp:IsNotstr:ν′,attr:namecmp:Eqcmp:IsNotstr:ν′,Exact normalized test-function AST matches the later/anchor test.,False
R3-00085,exact_duplicate_candidate,tests/test_phase143_12_fix2_order_subject.py::test_phase143_12_fix2_pi8_5_order_subjects_are_unambiguous,tests/test_phase143_12_fix2c_order_subject.py::test_phase143_12_fix2c_pi8_5_order_subjects_remain_resolved,143,143,_argumentsextract_toda_group_proof_narrative_argument_purpose_subject,call:allcall:lencmp:Eqcmp:IsNotcmp:NotEqconst:0const:1const:2,call:allcall:lencmp:Eqcmp:IsNotcmp:NotEqconst:0const:1const:2,Exact normalized test-function AST matches the later/anchor test.,False
R3-00086,exact_duplicate_candidate,tests/test_phase143_12_fix2b_order_subject.py::test_phase143_12_fix2b_pi8_5_order_subjects_are_unambiguous,tests/test_phase143_12_fix2c_order_subject.py::test_phase143_12_fix2c_pi8_5_order_subjects_remain_resolved,143,143,_argumentsextract_toda_group_proof_narrative_argument_purpose_subject,call:allcall:lencmp:Eqcmp:IsNotcmp:NotEqconst:0const:1const:2,call:allcall:lencmp:Eqcmp:IsNotcmp:NotEqconst:0const:1const:2,Exact normalized test-function AST matches the later/anchor test.,False
R3-00087,exact_duplicate_candidate,tests/test_phase143_1_generic_proof_order.py::test_phase143_1_generic_order_has_no_pi6_specific_hardcoding,tests/test_phase143_1b_semantic_proof_order.py::test_phase143_1b_generic_order_has_no_pi6_specific_hardcoding,143,143,inspect.getsource,cmp:NotIn,cmp:NotIn,Exact normalized test-function AST matches the later/anchor test.,False
R3-00088,exact_duplicate_candidate,tests/test_phase143_30_exactness_method_transition.py::test_phase143_30_pi6_3_order_renders_exactness_transition,tests/test_phase154_r6_2_repair1_missing_shared_sources.py::test_phase154_r6_2_repair1_exactness_transition_uses_ascii_comma,143,154,_transition_data,"cmp:Eqcmp:IsNotstr:そのために, 次の完全列を考える.","cmp:Eqcmp:IsNotstr:そのために, 次の完全列を考える.",Exact normalized test-function AST matches the later/anchor test.,False
R3-00089,exact_duplicate_candidate,tests/test_phase143_53b_r_conclusion_aware_connector.py::test_phase143_53b_r_pi15_8_connector_still_precedes_target,tests/test_phase143_61b_r_semantic_suppression_priority.py::test_phase143_61b_r_keeps_pi15_8_final_conclusion,143,143,_render,"cmp:Instr:以上より, $\pi_{15}^{8} = \mathbb{Z}\{\sigma_{8}\} \oplus \mathbb{Z}/8\{E\sigma'\}$","cmp:Instr:以上より, $\pi_{15}^{8} = \mathbb{Z}\{\sigma_{8}\} \oplus \mathbb{Z}/8\{E\sigma'\}$",Exact normalized test-function AST matches the later/anchor test.,False
R3-00090,exact_duplicate_candidate,tests/test_phase143_53b_transition_connectors.py::test_phase143_53b_pi15_8_aggregate_derivation_connects_target,tests/test_phase143_61b_r_semantic_suppression_priority.py::test_phase143_61b_r_keeps_pi15_8_final_conclusion,143,143,_render,"cmp:Instr:以上より, $\pi_{15}^{8} = \mathbb{Z}\{\sigma_{8}\} \oplus \mathbb{Z}/8\{E\sigma'\}$","cmp:Instr:以上より, $\pi_{15}^{8} = \mathbb{Z}\{\sigma_{8}\} \oplus \mathbb{Z}/8\{E\sigma'\}$",Exact normalized test-function AST matches the later/anchor test.,False
R3-00091,exact_duplicate_candidate,tests/test_phase143_55b_conclusion_step_ordering.py::test_phase143_55b_pi15_8_target_connector_remains_correct,tests/test_phase143_61b_r_semantic_suppression_priority.py::test_phase143_61b_r_keeps_pi15_8_final_conclusion,143,143,_render,"cmp:Instr:以上より, $\pi_{15}^{8} = \mathbb{Z}\{\sigma_{8}\} \oplus \mathbb{Z}/8\{E\sigma'\}$","cmp:Instr:以上より, $\pi_{15}^{8} = \mathbb{Z}\{\sigma_{8}\} \oplus \mathbb{Z}/8\{E\sigma'\}$",Exact normalized test-function AST matches the later/anchor test.,False
R3-00092,exact_duplicate_candidate,tests/test_phase143_59b_group_structure_duplicate_suppression.py::test_phase143_59b_pi15_8_keeps_final_group_conclusion,tests/test_phase143_61b_r_semantic_suppression_priority.py::test_phase143_61b_r_keeps_pi15_8_final_conclusion,143,143,_render,"cmp:Instr:以上より, $\pi_{15}^{8} = \mathbb{Z}\{\sigma_{8}\} \oplus \mathbb{Z}/8\{E\sigma'\}$","cmp:Instr:以上より, $\pi_{15}^{8} = \mathbb{Z}\{\sigma_{8}\} \oplus \mathbb{Z}/8\{E\sigma'\}$",Exact normalized test-function AST matches the later/anchor test.,False
R3-00093,exact_duplicate_candidate,tests/test_phase143_53b_r_conclusion_aware_connector.py::test_phase143_53b_r_pi16_9_support_definition_stays_unconnected,tests/test_phase143_55b_conclusion_step_ordering.py::test_phase143_55b_sigma9_definition_still_has_no_derivation_connector,143,143,_render,"cmp:NotInstr:以上より, $\sigma_{9}$ を \(\sigma\)-family の元として定める.","cmp:NotInstr:以上より, $\sigma_{9}$ を \(\sigma\)-family の元として定める.",Exact normalized test-function AST matches the later/anchor test.,False
R3-00094,exact_duplicate_candidate,tests/test_phase143_53b_transition_connectors.py::test_phase143_53b_pi16_9_definition_support_has_no_connector,tests/test_phase143_55b_conclusion_step_ordering.py::test_phase143_55b_sigma9_definition_still_has_no_derivation_connector,143,143,_render,"cmp:NotInstr:以上より, $\sigma_{9}$ を \(\sigma\)-family の元として定める.","cmp:NotInstr:以上より, $\sigma_{9}$ を \(\sigma\)-family の元として定める.",Exact normalized test-function AST matches the later/anchor test.,False
R3-00095,exact_duplicate_candidate,tests/test_phase143_53b_r_conclusion_aware_connector.py::test_phase143_53b_r_pi16_9_connector_still_precedes_target,tests/test_phase143_61b_direct_premise_narrative.py::test_phase143_61b_pi16_9_final_conclusion_remains,143,143,_render,"cmp:Instr:以上より, $\pi_{16}^{9} = \mathbb{Z}/16\{\sigma_{9}\}$","cmp:Instr:以上より, $\pi_{16}^{9} = \mathbb{Z}/16\{\sigma_{9}\}$",Exact normalized test-function AST matches the later/anchor test.,False
R3-00096,exact_duplicate_candidate,tests/test_phase143_53b_transition_connectors.py::test_phase143_53b_pi16_9_derivation_connects_target,tests/test_phase143_61b_direct_premise_narrative.py::test_phase143_61b_pi16_9_final_conclusion_remains,143,143,_render,"cmp:Instr:以上より, $\pi_{16}^{9} = \mathbb{Z}/16\{\sigma_{9}\}$","cmp:Instr:以上より, $\pi_{16}^{9} = \mathbb{Z}/16\{\sigma_{9}\}$",Exact normalized test-function AST matches the later/anchor test.,False
R3-00097,exact_duplicate_candidate,tests/test_phase143_55b_conclusion_step_ordering.py::test_phase143_55b_pi16_9_target_connector_remains_correct,tests/test_phase143_61b_direct_premise_narrative.py::test_phase143_61b_pi16_9_final_conclusion_remains,143,143,_render,"cmp:Instr:以上より, $\pi_{16}^{9} = \mathbb{Z}/16\{\sigma_{9}\}$","cmp:Instr:以上より, $\pi_{16}^{9} = \mathbb{Z}/16\{\sigma_{9}\}$",Exact normalized test-function AST matches the later/anchor test.,False
R3-00098,exact_duplicate_candidate,tests/test_phase143_53b_transition_connectors.py::test_phase143_53b_pi6_3_derivation_connects_order_and_target,tests/test_phase143_57c_step_derivation_connector.py::test_phase143_57c_argument_level_connector_remains_separate,143,143,_render,"cmp:Instr:以上より, $\operatorname{ord}\left(\nu'\right) = 4$str:以上より, $\pi_{6}^{3} = \mathbb{Z}/4\{\nu'\}$","cmp:Instr:以上より, $\operatorname{ord}\left(\nu'\right) = 4$str:以上より, $\pi_{6}^{3} = \mathbb{Z}/4\{\nu'\}$",Exact normalized test-function AST matches the later/anchor test.,False
R3-00099,exact_duplicate_candidate,tests/test_phase143_59b_group_structure_duplicate_suppression.py::test_phase143_59b_pi15_8_keeps_transported_semantic_decomposition,tests/test_phase143_61b_r_semantic_suppression_priority.py::test_phase143_61b_r_semantic_aggregate_survives_relocation,143,143,_render,cmp:Instr:$\pi_{15}^{8} \cong \mathbb{Z}/8\{E\sigma'\} \oplus \mathbb{Z}\{\sigma_{8}\}$,cmp:Instr:$\pi_{15}^{8} \cong \mathbb{Z}/8\{E\sigma'\} \oplus \mathbb{Z}\{\sigma_{8}\}$,Exact normalized test-function AST matches the later/anchor test.,False
R3-00100,exact_duplicate_candidate,tests/test_phase143_61b_r_semantic_suppression_priority.py::test_phase143_61b_r_keeps_pi8_5_relocated_direct_premise,tests/test_phase143_63a_residual_fallback_provenance.py::test_phase143_63a_pi8_5_direct_premise_placement_remains,143,143,_render,"cmp:Instr:$2\nu_{5} = E^{2}\nu'$ $\operatorname{ord}\left(E^{2}\nu'\right) = 4$ 以上より, $\operatorname{ord}\left(\nu_{5}\right) = 8$","cmp:Instr:$2\nu_{5} = E^{2}\nu'$ $\operatorname{ord}\left(E^{2}\nu'\right) = 4$ 以上より, $\operatorname{ord}\left(\nu_{5}\right) = 8$",Exact normalized test-function AST matches the later/anchor test.,False
R3-00101,exact_duplicate_candidate,tests/test_phase143_63a_r_exactness_repair.py::test_phase143_63a_r_pi8_5_direct_premise_placement_remains,tests/test_phase143_63a_residual_fallback_provenance.py::test_phase143_63a_pi8_5_direct_premise_placement_remains,143,143,_render,"cmp:Instr:$2\nu_{5} = E^{2}\nu'$ $\operatorname{ord}\left(E^{2}\nu'\right) = 4$ 以上より, $\operatorname{ord}\left(\nu_{5}\right) = 8$","cmp:Instr:$2\nu_{5} = E^{2}\nu'$ $\operatorname{ord}\left(E^{2}\nu'\right) = 4$ 以上より, $\operatorname{ord}\left(\nu_{5}\right) = 8$",Exact normalized test-function AST matches the later/anchor test.,False
R3-00102,exact_duplicate_candidate,tests/test_phase144_6_r5_15u_evidence_integration.py::test_phase144_6_r5_15u_resolves_all_edge_local_visible_contributions,tests/test_phase144_6_r5_15u_r1_evidence_integration.py::test_phase144_6_r5_15u_r1_resolves_all_edge_local_visible_contributions,144,144,_context_edge_local_visible_unresolved_count,cmp:Eqconst:0,cmp:Eqconst:0,Exact normalized test-function AST matches the later/anchor test.,False
R3-00103,exact_duplicate_candidate,tests/test_phase144_6_r5_17a_proof_chain_selection_audit.py::test_phase144_6_r5_17a_pi6_3_has_three_argument_chain_roots,tests/test_phase144_6_r5_17b_generic_proof_chain_types.py::test_phase144_6_r5_17b_extracts_three_argument_chain_sets,144,144,audit_pi6_3,attr:argument_rolecall:lencall:tuplecmp:Eqconst:3str:establish_definitionstr:establish_group_structurestr:establish_order,attr:argument_rolecall:lencall:tuplecmp:Eqconst:3str:establish_definitionstr:establish_group_structurestr:establish_order,Exact normalized test-function AST matches the later/anchor test.,False
R3-00104,exact_duplicate_candidate,tests/test_phase144_6_r5_17a_r2_argument_support_edge_integration.py::test_phase144_6_r5_17a_r2_preserves_three_pi6_3_arguments,tests/test_phase144_6_r5_17b_generic_proof_chain_types.py::test_phase144_6_r5_17b_extracts_three_argument_chain_sets,144,144,audit_pi6_3,attr:argument_rolecall:lencall:tuplecmp:Eqconst:3str:establish_definitionstr:establish_group_structurestr:establish_order,attr:argument_rolecall:lencall:tuplecmp:Eqconst:3str:establish_definitionstr:establish_group_structurestr:establish_order,Exact normalized test-function AST matches the later/anchor test.,False
R3-00105,exact_duplicate_candidate,tests/test_phase144_6_r5_17a_r3_support_edge_correspondence.py::test_phase144_6_r5_17a_r3_preserves_three_pi6_3_arguments,tests/test_phase144_6_r5_17b_generic_proof_chain_types.py::test_phase144_6_r5_17b_extracts_three_argument_chain_sets,144,144,audit_pi6_3,attr:argument_rolecall:lencall:tuplecmp:Eqconst:3str:establish_definitionstr:establish_group_structurestr:establish_order,attr:argument_rolecall:lencall:tuplecmp:Eqconst:3str:establish_definitionstr:establish_group_structurestr:establish_order,Exact normalized test-function AST matches the later/anchor test.,False
R3-00106,exact_duplicate_candidate,tests/test_phase144_6_r5_39_explanatory_contribution_narrative_necessity_audit.py::test_phase144_6_r5_39_contribution_groups_share_occurrence_identity_space,tests/test_phase144_6_r5_39_explanatory_contribution_narrative_necessity_audit.py::test_phase144_6_r5_39_inventory_matches_phase38_contribution_count,144,144,,call:lencmp:Eq,call:lencmp:Eq,Exact normalized test-function AST matches the later/anchor test.,False
R3-00107,exact_duplicate_candidate,tests/test_phase144_6_r5_41_contribution_topological_order_determinism_audit.py::test_phase144_6_r5_41_pi6_five_contributions_are_unique_chain,tests/test_phase144_6_r5_41_contribution_topological_order_determinism_audit.py::test_phase144_6_r5_41_pi6_order_has_five_distinct_keys,144,144,,attr:node_countattr:stable_order_keyscall:allcall:lencall:setcmp:Eq,attr:node_countattr:stable_order_keyscall:allcall:lencall:setcmp:Eq,Exact normalized test-function AST matches the later/anchor test.,False
R3-00108,exact_duplicate_candidate,tests/test_phase144_6_r5_43_10_transport_chain_compression_production.py::test_phase144_6_r5_43_10_has_no_pi6_specific_branch,tests/test_phase144_6_r5_43_generic_renderer_contribution_connection.py::test_phase144_6_r5_43_has_no_pi6_specific_branch,144,144,inspect.getsourcesource.lower,attr:lowercall:source.lowercmp:NotInstr:_pi6str:k == 3str:n == 3,attr:lowercall:source.lowercmp:NotInstr:_pi6str:k == 3str:n == 3,Exact normalized test-function AST matches the later/anchor test.,False
R3-00109,exact_duplicate_candidate,tests/test_phase144_6_r5_43_2_placement_aware_contribution_insertion.py::test_phase144_6_r5_43_2_has_no_pi6_specific_branch,tests/test_phase144_6_r5_43_generic_renderer_contribution_connection.py::test_phase144_6_r5_43_has_no_pi6_specific_branch,144,144,inspect.getsourcesource.lower,attr:lowercall:source.lowercmp:NotInstr:_pi6str:k == 3str:n == 3,attr:lowercall:source.lowercmp:NotInstr:_pi6str:k == 3str:n == 3,Exact normalized test-function AST matches the later/anchor test.,False
R3-00110,exact_duplicate_candidate,tests/test_phase144_6_r5_43_4_dependency_aware_contribution_connector.py::test_phase144_6_r5_43_4_has_no_pi6_specific_branch,tests/test_phase144_6_r5_43_generic_renderer_contribution_connection.py::test_phase144_6_r5_43_has_no_pi6_specific_branch,144,144,inspect.getsourcesource.lower,attr:lowercall:source.lowercmp:NotInstr:_pi6str:k == 3str:n == 3,attr:lowercall:source.lowercmp:NotInstr:_pi6str:k == 3str:n == 3,Exact normalized test-function AST matches the later/anchor test.,False
R3-00111,exact_duplicate_candidate,tests/test_phase144_6_r5_43_11c_non_detached_fallback_placement_repair.py::test_phase144_6_r5_43_11c_connects_all_non_detached_selected_contributions,tests/test_phase144_6_r5_43_11c_r2_argument_participation_guard.py::test_phase144_6_r5_43_11c_r2_all_non_detached_contributions_are_insertable,144,144,,call:sumcmp:Eqconst:1const:2,call:sumcmp:Eqconst:1const:2,Exact normalized test-function AST matches the later/anchor test.,False
R3-00112,exact_duplicate_candidate,tests/test_phase144_6_r5_43_11c_non_detached_fallback_placement_repair.py::test_phase144_6_r5_43_11c_keeps_detached_contributions_uninserted,tests/test_phase144_6_r5_43_11c_r2_argument_participation_guard.py::test_phase144_6_r5_43_11c_r2_shared_provider_does_not_reactivate_detached_argument,144,144,,call:sumcmp:LtEconst:0const:1const:2,call:sumcmp:LtEconst:0const:1const:2,Exact normalized test-function AST matches the later/anchor test.,False
R3-00113,exact_duplicate_candidate,tests/test_phase148_rc2_3_exactness_exposure.py::test_phase148_rc2_3_pi6_3_keeps_derived_short_exact_sequence,tests/test_phase148_rc2_3_repair_r1.py::test_phase148_rc2_3_repair_r1_pi6_3_keeps_owned_short_exact_sequence,148,148,_render,cmp:Instr:0\longrightarrow \pi_{5}^{2}\xrightarrow{E} \pi_{6}^{3}\xrightarrow{H} \pi_{6}^{5}\longrightarrow 0,cmp:Instr:0\longrightarrow \pi_{5}^{2}\xrightarrow{E} \pi_{6}^{3}\xrightarrow{H} \pi_{6}^{5}\longrightarrow 0,Exact normalized test-function AST matches the later/anchor test.,False
R3-00114,exact_duplicate_candidate,tests/test_phase148_rc2_3_exactness_exposure.py::test_phase148_rc2_3_pi10_4_hides_unowned_recursive_exactness_windows,tests/test_phase148_rc2_3_repair_r1.py::test_phase148_rc2_3_repair_r1_pi10_4_closes_relocation_bypass,148,148,_render,cmp:NotInstr:\pi_{8}^{2} \xrightarrow{E} \pi_{9}^{3} \xrightarrow{H} \pi_{9}^{5}str:\pi_{9}^{3} \xrightarrow{H} \pi_{9}^{5} \xrightarrow{\Delta} \pi_{7}^{2},cmp:NotInstr:\pi_{8}^{2} \xrightarrow{E} \pi_{9}^{3} \xrightarrow{H} \pi_{9}^{5}str:\pi_{9}^{3} \xrightarrow{H} \pi_{9}^{5} \xrightarrow{\Delta} \pi_{7}^{2},Exact normalized test-function AST matches the later/anchor test.,False
R3-00115,exact_duplicate_candidate,tests/test_phase148_rc2_3_exactness_exposure.py::test_phase148_rc2_3_pi16_9_hides_unowned_recursive_exactness_window,tests/test_phase148_rc2_3_repair_r1.py::test_phase148_rc2_3_repair_r1_pi16_9_keeps_recursive_window_hidden,148,148,_render,cmp:NotInstr:\pi_{12}^{5} \xrightarrow{H} \pi_{12}^{9} \xrightarrow{\Delta} \pi_{10}^{4},cmp:NotInstr:\pi_{12}^{5} \xrightarrow{H} \pi_{12}^{9} \xrightarrow{\Delta} \pi_{10}^{4},Exact normalized test-function AST matches the later/anchor test.,False
R3-00116,exact_duplicate_candidate,tests/test_phase150_rc4_5d_3_multiple_relation_to_order.py::test_phase150_rc4_5d_3_renderer_has_no_target_or_proposition_special_case,tests/test_phase150_rc4_5f_2_final_group_structure_reason.py::test_phase150_rc4_5f_2_renderer_has_no_target_or_proposition_special_case,150,150,inspect.getsource,cmp:NotIn,cmp:NotIn,Exact normalized test-function AST matches the later/anchor test.,False
R3-00117,exact_duplicate_candidate,tests/test_phase153_r7_independent_root_path.py::test_phase153_r7_repair_keeps_reference_use_and_final_group,tests/test_phase153_r7_sibling_boundary.py::test_phase153_r7_r4_keeps_consumed_reference_and_target,153,153,_pi6_2_body,cmp:Instr:[R2]str:\pi_{6}^{2},cmp:Instr:[R2]str:\pi_{6}^{2},Exact normalized test-function AST matches the later/anchor test.,False
R3-00118,exact_duplicate_candidate,tests/test_phase153_r7_scalar_suppression_key.py::test_phase153_r7_r6_keeps_reference_and_target,tests/test_phase153_r7_sibling_boundary.py::test_phase153_r7_r4_keeps_consumed_reference_and_target,153,153,_pi6_2_body,cmp:Instr:[R2]str:\pi_{6}^{2},cmp:Instr:[R2]str:\pi_{6}^{2},Exact normalized test-function AST matches the later/anchor test.,False
R3-00119,exact_duplicate_candidate,tests/test_phase153_r7_scalar_suppression_key.py::test_phase153_r7_r6_removes_scalar_range_with_matching_suppression_key,tests/test_phase153_r7_sibling_boundary.py::test_phase153_r7_r4_suppresses_range_shared_only_inside_unselected_sibling_branch,153,153,_pi6_2_body,cmp:NotInstr:n \ge 6,cmp:NotInstr:n \ge 6,Exact normalized test-function AST matches the later/anchor test.,False
R3-00120,exact_duplicate_candidate,tests/test_phase153_r8_reference_use_prose_normalization.py::test_phase153_r8_pi6_2_keeps_final_conclusion,tests/test_phase153_r9_reference_reuse_derivation_suppression.py::test_phase153_r9_pi6_2_keeps_final_conclusion,153,153,_pi6_2_body,cmp:Instr:\pi_{6}^{2} = \mathbb{Z}/4\{\eta_{2}\nu'\},cmp:Instr:\pi_{6}^{2} = \mathbb{Z}/4\{\eta_{2}\nu'\},Exact normalized test-function AST matches the later/anchor test.,False
R3-00121,exact_duplicate_candidate,tests/test_phase154_r2_fix2_semantic_sentence_composition.py::test_phase154_r2_fix2_keeps_pi10_4_fixed1_result,tests/test_phase154_r2_fixed1_nu4_decomposition_semantic_prose.py::test_phase154_r2_fixed1_pi10_4_replaces_raw_nu4_rule_name_with_semantic_prose,154,154,_render_group,cmp:Incmp:NotInstr:$\nu_{4}$ の分解を用いる.str:Toda (5.6) nu_4 decomposition integrationstr:\pi_{10}^{4} = \mathbb{Z}/8\{\nu_{4}\nu_{7}\},cmp:Incmp:NotInstr:$\nu_{4}$ の分解を用いる.str:Toda (5.6) nu_4 decomposition integrationstr:\pi_{10}^{4} = \mathbb{Z}/8\{\nu_{4}\nu_{7}\},Exact normalized test-function AST matches the later/anchor test.,False
R3-00122,exact_duplicate_candidate,tests/test_phase154_r2_fix3_reference_marker_completion.py::test_phase154_r2_fix3_pi11_4_has_complete_reference_use_sentence,tests/test_phase154_r5_fix1_graph_backed_reference_linkage.py::test_phase154_r5_fix1_pi11_4_links_prop44_reference_to_visible_consumer,154,154,_render_group,"cmp:Incmp:NotInstr:[R2]より, $\nu_{4}$ の分解写像は同型写像である.str:\pi_{11}^{4} = 0str:このことから, $\nu_{4}$ の分解写像は同型写像である.str:まず, [R2]を用いる.","cmp:Incmp:NotInstr:[R2]より, $\nu_{4}$ の分解写像は同型写像である.str:\pi_{11}^{4} = 0str:このことから, $\nu_{4}$ の分解写像は同型写像である.str:まず, [R2]を用いる.",Exact normalized test-function AST matches the later/anchor test.,False
R3-00123,exact_duplicate_candidate,tests/test_phase154_r5_fix1_graph_backed_reference_linkage.py::test_phase154_r5_fix1_pi11_4_keeps_root_only_reference_neutral,tests/test_phase154_r5_fix1_repair2_legacy_route_linkage.py::test_phase154_r5_fix1_repair2_keeps_root_only_reference_neutral,154,154,_render_group,"cmp:Incmp:NotInstr:[R1]より, $\pi_{11}^{4} = 0str:[R1]を用いる.","cmp:Incmp:NotInstr:[R1]より, $\pi_{11}^{4} = 0str:[R1]を用いる.",Exact normalized test-function AST matches the later/anchor test.,False
R3-00124,exact_duplicate_candidate,tests/test_phase154_r5_fix1_repair1_reference_entry_frontier_linkage.py::test_phase154_r5_fix1_repair1_keeps_root_only_reference_neutral,tests/test_phase154_r5_fix1_repair2_legacy_route_linkage.py::test_phase154_r5_fix1_repair2_keeps_root_only_reference_neutral,154,154,_render_group,"cmp:Incmp:NotInstr:[R1]より, $\pi_{11}^{4} = 0str:[R1]を用いる.","cmp:Incmp:NotInstr:[R1]より, $\pi_{11}^{4} = 0str:[R1]を用いる.",Exact normalized test-function AST matches the later/anchor test.,False
R3-00125,exact_duplicate_candidate,tests/test_phase154_r5_fix1_graph_backed_reference_linkage.py::test_phase154_r5_fix1_does_not_duplicate_linked_consumer_fact,tests/test_phase154_r5_fix1_repair1_reference_entry_frontier_linkage.py::test_phase154_r5_fix1_repair1_does_not_duplicate_consumer_fact,154,154,_render_grouprendered.count,attr:countcall:rendered.countcmp:Eqconst:1,attr:countcall:rendered.countcmp:Eqconst:1,Exact normalized test-function AST matches the later/anchor test.,False
R3-00126,exact_duplicate_candidate,tests/test_phase154_r5_fix1_repair1_reference_entry_frontier_linkage.py::test_phase154_r5_fix1_repair1_pi11_4_links_prop44_reference_to_consumer,tests/test_phase154_r5_fix1_repair2_legacy_route_linkage.py::test_phase154_r5_fix1_repair2_pi11_4_links_reference_after_marker_generation,154,154,_render_group,"cmp:Incmp:NotInstr:[R2]より, $\nu_{4}$ の分解写像は同型写像である.str:このことから, $\nu_{4}$ の分解写像は同型写像である.str:まず, [R2]を用いる.","cmp:Incmp:NotInstr:[R2]より, $\nu_{4}$ の分解写像は同型写像である.str:このことから, $\nu_{4}$ の分解写像は同型写像である.str:まず, [R2]を用いる.",Exact normalized test-function AST matches the later/anchor test.,False
R3-00127,exact_duplicate_candidate,tests/test_phase154_r6_1_repair3_ascii_period_policy.py::test_phase154_r6_1_repair3_keeps_reference_title_periods,tests/test_phase154_r6_2_ascii_comma_normalization.py::test_phase154_r6_2_keeps_reference_title_punctuation,154,154,_render_group,cmp:Instr:**[R1] Proposition 5.8.**str:**[R2] Proposition 4.4.**,cmp:Instr:**[R1] Proposition 5.8.**str:**[R2] Proposition 4.4.**,Exact normalized test-function AST matches the later/anchor test.,False
R3-00128,exact_duplicate_candidate,tests/test_phase32_prop22.py::test_phase32_4_left_composition_law_rejects_missing_c,tests/test_phase32_prop22.py::test_phase32_7_left_composition_law_requires_explicit_c,32,32,HomotopyElementHopfInvariantStatementfind_inference_matchhopf_invariant_proof_stephopf_left_composition_law_inference_rule,cmp:Is,cmp:Is,Exact normalized test-function AST matches the later/anchor test.,False
R3-00129,exact_duplicate_candidate,tests/test_phase32_prop22.py::test_phase32_4_left_formula_rejects_plain_hopf_statement,tests/test_phase32_prop22.py::test_phase32_7_left_formula_requires_explicit_law_statement,32,32,HomotopyElementHopfInvariantStatementfind_inference_matchhopf_invariant_proof_stephopf_left_composition_formula_inference_rule,cmp:Is,cmp:Is,Exact normalized test-function AST matches the later/anchor test.,False
R3-00130,exact_duplicate_candidate,tests/test_phase33_barratt_hilton.py::test_phase33_2_scalar_sum_is_not_implicitly_commutative,tests/test_phase33_barratt_hilton.py::test_phase33_7_scalar_sum_is_not_implicitly_commutative,33,33,ScalarSumScalarSymbol,call:ScalarSumcmp:NotEq,call:ScalarSumcmp:NotEq,Exact normalized test-function AST matches the later/anchor test.,False
R3-00131,exact_duplicate_candidate,tests/test_phase33_barratt_hilton.py::test_phase33_2_scalar_product_is_not_implicitly_commutative,tests/test_phase33_barratt_hilton.py::test_phase33_7_scalar_product_is_not_implicitly_commutative,33,33,ScalarProductScalarSymbol,call:ScalarProductcmp:NotEq,call:ScalarProductcmp:NotEq,Exact normalized test-function AST matches the later/anchor test.,False
R3-00132,exact_duplicate_candidate,tests/test_phase33_barratt_hilton.py::test_phase33_2_scalar_product_does_not_distribute_automatically,tests/test_phase33_barratt_hilton.py::test_phase33_7_scalar_product_does_not_distribute_over_sum_automatically,33,33,ScalarProductScalarSumScalarSymbol,cmp:NotEq,cmp:NotEq,Exact normalized test-function AST matches the later/anchor test.,False
R3-00133,exact_duplicate_candidate,tests/test_phase33_barratt_hilton.py::test_phase33_2_scalar_power_is_not_evaluated_automatically,tests/test_phase33_barratt_hilton.py::test_phase33_7_scalar_power_is_not_constant_folded_automatically,33,33,ScalarPower,call:ScalarPowercmp:NotEqconst:1const:2const:3,call:ScalarPowercmp:NotEqconst:1const:2const:3,Exact normalized test-function AST matches the later/anchor test.,False
R3-00134,exact_duplicate_candidate,tests/test_phase33_barratt_hilton.py::test_phase33_5_first_barratt_hilton_composition_is_structurally_representable,tests/test_phase33_barratt_hilton.py::test_phase33_6_first_formula_preserves_full_suspension_structure,33,33,CompositionHomotopyElementIteratedSuspensionScalarSumScalarSymbol,attr:leftattr:rightcall:IteratedSuspensioncall:ScalarSumcmp:Eq,attr:leftattr:rightcall:IteratedSuspensioncall:ScalarSumcmp:Eq,Exact normalized test-function AST matches the later/anchor test.,False
R3-00135,exact_duplicate_candidate,tests/test_phase33_barratt_hilton.py::test_phase33_5_second_barratt_hilton_composition_is_structurally_representable,tests/test_phase33_barratt_hilton.py::test_phase33_6_second_formula_preserves_full_suspension_structure,33,33,CompositionHomotopyElementIteratedSuspensionScalarSumScalarSymbol,attr:leftattr:rightcall:IteratedSuspensioncall:ScalarSumcmp:Eq,attr:leftattr:rightcall:IteratedSuspensioncall:ScalarSumcmp:Eq,Exact normalized test-function AST matches the later/anchor test.,False
R3-00136,exact_duplicate_candidate,tests/test_phase33_barratt_hilton.py::test_phase33_6_formula_representation_does_not_add_smash_product_typing,tests/test_phase33_barratt_hilton.py::test_phase33_7_smash_product_has_no_automatic_typing,33,33,HomotopyElementSmashProducthasattr,call:hasattrstr:sourcestr:target,call:hasattrstr:sourcestr:target,Exact normalized test-function AST matches the later/anchor test.,False
R3-00137,exact_duplicate_candidate,tests/test_phase40_toda_primary_group.py::test_phase40_1_primary_component_uses_existing_scalar_value_dimensions,tests/test_phase45_toda_prop42_compatibility.py::test_phase45_1_primary_component_dimensions_use_scalar_value,40,45,get_type_hints,cmp:Eqstr:group_dimensionstr:sphere_dimension,cmp:Eqstr:group_dimensionstr:sphere_dimension,Exact normalized test-function AST matches the later/anchor test.,False
R3-00138,exact_duplicate_candidate,tests/test_phase41_preimage_subgroup.py::test_phase41_2_preimage_subgroup_uses_map_symbol,tests/test_phase41_preimage_subgroup.py::test_phase41_4_preimage_subgroup_map_type_remains_map_symbol,41,41,get_type_hints,cmp:Isstr:map,cmp:Isstr:map,Exact normalized test-function AST matches the later/anchor test.,False
R3-00139,exact_duplicate_candidate,tests/test_phase41_preimage_subgroup.py::test_phase41_2_preimage_subgroup_uses_primary_component_target,tests/test_phase41_preimage_subgroup.py::test_phase41_4_preimage_subgroup_target_type_remains_primary_component,41,41,get_type_hints,cmp:Isstr:subgroup,cmp:Isstr:subgroup,Exact normalized test-function AST matches the later/anchor test.,False
R3-00140,exact_duplicate_candidate,tests/test_phase45_toda_prop42_compatibility.py::test_phase45_1_map_typing_fact_is_concrete_dimension_only,tests/test_phase46_toda_45_compatibility.py::test_phase46_1_map_typing_fact_remains_concrete_dimension_only,45,46,get_type_hints,cmp:Isstr:source_group_dimensionstr:source_sphere_dimensionstr:target_group_dimensionstr:target_sphere_dimension,cmp:Isstr:source_group_dimensionstr:source_sphere_dimensionstr:target_group_dimensionstr:target_sphere_dimension,Exact normalized test-function AST matches the later/anchor test.,False
R3-00141,exact_duplicate_candidate,tests/test_phase45_toda_prop42_sequence.py::test_phase45_2_canonical_e_map_is_structural_map_symbol,tests/test_phase48_toda_prop44_e_injectivity_compatibility.py::test_phase48_1_canonical_e_map_is_map_symbol,45,48,MapSymbol,call:MapSymbolcall:isinstancecmp:Eqstr:E,call:MapSymbolcall:isinstancecmp:Eqstr:E,Exact normalized test-function AST matches the later/anchor test.,False
R3-00142,exact_duplicate_candidate,tests/test_phase46_toda_45_applicability_compatibility.py::test_phase46_5_generic_isomorphism_statement_map_is_still_map_symbol,tests/test_phase49_concrete_pi3_2_compatibility.py::test_phase49_1_generic_isomorphism_statement_uses_map_symbol,46,49,get_type_hints,cmp:Isstr:map,cmp:Isstr:map,Exact normalized test-function AST matches the later/anchor test.,False
R3-00143,exact_duplicate_candidate,tests/test_phase47_toda_prop44_applicability_compatibility.py::test_phase47_5_generic_isomorphism_statement_map_remains_map_symbol,tests/test_phase49_concrete_pi3_2_compatibility.py::test_phase49_1_generic_isomorphism_statement_uses_map_symbol,47,49,get_type_hints,cmp:Isstr:map,cmp:Isstr:map,Exact normalized test-function AST matches the later/anchor test.,False
R3-00144,exact_duplicate_candidate,tests/test_phase48_toda_prop44_e_injectivity_compatibility.py::test_phase48_1_generic_isomorphism_statement_map_type_remains_map_symbol,tests/test_phase49_concrete_pi3_2_compatibility.py::test_phase49_1_generic_isomorphism_statement_uses_map_symbol,48,49,get_type_hints,cmp:Isstr:map,cmp:Isstr:map,Exact normalized test-function AST matches the later/anchor test.,False
R3-00145,exact_duplicate_candidate,tests/test_phase46_toda_45_applicability_compatibility.py::test_phase46_5_generic_injective_statement_map_is_still_map_symbol,tests/test_phase49_concrete_pi3_2_compatibility.py::test_phase49_1_generic_injective_statement_uses_map_symbol,46,49,get_type_hints,cmp:Isstr:map,cmp:Isstr:map,Exact normalized test-function AST matches the later/anchor test.,False
R3-00146,exact_duplicate_candidate,tests/test_phase47_toda_prop44_applicability_compatibility.py::test_phase47_5_generic_injective_statement_map_remains_map_symbol,tests/test_phase49_concrete_pi3_2_compatibility.py::test_phase49_1_generic_injective_statement_uses_map_symbol,47,49,get_type_hints,cmp:Isstr:map,cmp:Isstr:map,Exact normalized test-function AST matches the later/anchor test.,False
R3-00147,exact_duplicate_candidate,tests/test_phase48_toda_prop44_e_injectivity_compatibility.py::test_phase48_1_generic_injective_statement_map_type_remains_map_symbol,tests/test_phase49_concrete_pi3_2_compatibility.py::test_phase49_1_generic_injective_statement_uses_map_symbol,48,49,get_type_hints,cmp:Isstr:map,cmp:Isstr:map,Exact normalized test-function AST matches the later/anchor test.,False
R3-00148,exact_duplicate_candidate,tests/test_phase47_toda_prop44_compatibility.py::test_phase47_1_direct_sum_group_current_contract_includes_existing_summands,tests/test_phase47_toda_prop44_decomposition_groups.py::test_phase47_2_direct_sum_group_preserves_existing_primary_component_type,47,47,get_argsget_type_hints,cmp:In,cmp:In,Exact normalized test-function AST matches the later/anchor test.,False
R3-00149,exact_duplicate_candidate,tests/test_phase62_applicability_provenance.py::test_phase62_5_nu_family_definition_rejects_three,tests/test_phase62_nu_family_definition.py::test_phase62_2_rejects_concrete_index_below_four,62,62,pytest.raisestoda_nu_family_definition_statement,,,Exact normalized test-function AST matches the later/anchor test.,False
R3-00150,exact_duplicate_candidate,tests/test_phase66_probe.py::test_phase66_probe_output_contains_provenance,tests/test_phase68_probe.py::test_phase68_probe_output_contains_provenance,66,68,capsys.readouterrmain,cmp:Instr:Provenance / integrationstr:final aggregate derived = Truestr:final aggregate is GIVEN = Falsestr:theorem dependencies are INFERENCE = True,cmp:Instr:Provenance / integrationstr:final aggregate derived = Truestr:final aggregate is GIVEN = Falsestr:theorem dependencies are INFERENCE = True,Exact normalized test-function AST matches the later/anchor test.,False
R3-00151,exact_duplicate_candidate,tests/test_phase66_probe.py::test_phase66_probe_output_contains_fixed_point,tests/test_phase69_probe.py::test_phase69_probe_output_contains_fixed_point,66,69,capsys.readouterrmain,cmp:Instr:fixed point = True,cmp:Instr:fixed point = True,Exact normalized test-function AST matches the later/anchor test.,False
R3-00152,exact_duplicate_candidate,tests/test_phase68_probe.py::test_phase68_probe_output_contains_fixed_point,tests/test_phase69_probe.py::test_phase69_probe_output_contains_fixed_point,68,69,capsys.readouterrmain,cmp:Instr:fixed point = True,cmp:Instr:fixed point = True,Exact normalized test-function AST matches the later/anchor test.,False
R3-00153,exact_duplicate_candidate,tests/test_phase66_probe.py::test_phase66_probe_does_not_claim_automatic_narrative,tests/test_phase76_probe.py::test_phase76_probe_does_not_claim_automatic_narrative,66,76,capsys.readouterrmain,cmp:Instr:hand-authored presentation codestr:not yet generated automatically from the ProofStep graph,cmp:Instr:hand-authored presentation codestr:not yet generated automatically from the ProofStep graph,Exact normalized test-function AST matches the later/anchor test.,False
R3-00154,exact_duplicate_candidate,tests/test_phase67_probe.py::test_phase67_probe_does_not_claim_automatic_narrative,tests/test_phase76_probe.py::test_phase76_probe_does_not_claim_automatic_narrative,67,76,capsys.readouterrmain,cmp:Instr:hand-authored presentation codestr:not yet generated automatically from the ProofStep graph,cmp:Instr:hand-authored presentation codestr:not yet generated automatically from the ProofStep graph,Exact normalized test-function AST matches the later/anchor test.,False
R3-00155,exact_duplicate_candidate,tests/test_phase68_probe.py::test_phase68_probe_does_not_claim_automatic_narrative,tests/test_phase76_probe.py::test_phase76_probe_does_not_claim_automatic_narrative,68,76,capsys.readouterrmain,cmp:Instr:hand-authored presentation codestr:not yet generated automatically from the ProofStep graph,cmp:Instr:hand-authored presentation codestr:not yet generated automatically from the ProofStep graph,Exact normalized test-function AST matches the later/anchor test.,False
R3-00156,exact_duplicate_candidate,tests/test_phase69_probe.py::test_phase69_probe_does_not_claim_automatic_narrative,tests/test_phase76_probe.py::test_phase76_probe_does_not_claim_automatic_narrative,69,76,capsys.readouterrmain,cmp:Instr:hand-authored presentation codestr:not yet generated automatically from the ProofStep graph,cmp:Instr:hand-authored presentation codestr:not yet generated automatically from the ProofStep graph,Exact normalized test-function AST matches the later/anchor test.,False
R3-00157,exact_duplicate_candidate,tests/test_phase70_probe.py::test_phase70_probe_does_not_claim_automatic_narrative,tests/test_phase76_probe.py::test_phase76_probe_does_not_claim_automatic_narrative,70,76,capsys.readouterrmain,cmp:Instr:hand-authored presentation codestr:not yet generated automatically from the ProofStep graph,cmp:Instr:hand-authored presentation codestr:not yet generated automatically from the ProofStep graph,Exact normalized test-function AST matches the later/anchor test.,False
R3-00158,exact_duplicate_candidate,tests/test_phase71_probe.py::test_phase71_probe_does_not_claim_automatic_narrative,tests/test_phase76_probe.py::test_phase76_probe_does_not_claim_automatic_narrative,71,76,capsys.readouterrmain,cmp:Instr:hand-authored presentation codestr:not yet generated automatically from the ProofStep graph,cmp:Instr:hand-authored presentation codestr:not yet generated automatically from the ProofStep graph,Exact normalized test-function AST matches the later/anchor test.,False
R3-00159,exact_duplicate_candidate,tests/test_phase72_probe.py::test_phase72_probe_output_marks_hand_authored_presentation,tests/test_phase76_probe.py::test_phase76_probe_does_not_claim_automatic_narrative,72,76,capsys.readouterrmain,cmp:Instr:hand-authored presentation codestr:not yet generated automatically from the ProofStep graph,cmp:Instr:hand-authored presentation codestr:not yet generated automatically from the ProofStep graph,Exact normalized test-function AST matches the later/anchor test.,False
R3-00160,exact_duplicate_candidate,tests/test_phase72r10_corrected_probe.py::test_phase72r10_probe_output_marks_hand_authored_presentation,tests/test_phase76_probe.py::test_phase76_probe_does_not_claim_automatic_narrative,72,76,capsys.readouterrmain,cmp:Instr:hand-authored presentation codestr:not yet generated automatically from the ProofStep graph,cmp:Instr:hand-authored presentation codestr:not yet generated automatically from the ProofStep graph,Exact normalized test-function AST matches the later/anchor test.,False
R3-00161,exact_duplicate_candidate,tests/test_phase73_probe.py::test_phase73_probe_does_not_claim_automatic_narrative,tests/test_phase76_probe.py::test_phase76_probe_does_not_claim_automatic_narrative,73,76,capsys.readouterrmain,cmp:Instr:hand-authored presentation codestr:not yet generated automatically from the ProofStep graph,cmp:Instr:hand-authored presentation codestr:not yet generated automatically from the ProofStep graph,Exact normalized test-function AST matches the later/anchor test.,False
R3-00162,exact_duplicate_candidate,tests/test_phase74_probe.py::test_phase74_probe_output_marks_hand_authored_presentation,tests/test_phase76_probe.py::test_phase76_probe_does_not_claim_automatic_narrative,74,76,capsys.readouterrmain,cmp:Instr:hand-authored presentation codestr:not yet generated automatically from the ProofStep graph,cmp:Instr:hand-authored presentation codestr:not yet generated automatically from the ProofStep graph,Exact normalized test-function AST matches the later/anchor test.,False
R3-00163,exact_duplicate_candidate,tests/test_phase75_probe.py::test_phase75_probe_output_marks_hand_authored_presentation,tests/test_phase76_probe.py::test_phase76_probe_does_not_claim_automatic_narrative,75,76,capsys.readouterrmain,cmp:Instr:hand-authored presentation codestr:not yet generated automatically from the ProofStep graph,cmp:Instr:hand-authored presentation codestr:not yet generated automatically from the ProofStep graph,Exact normalized test-function AST matches the later/anchor test.,False
R3-00164,exact_duplicate_candidate,tests/test_phase68_probe.py::test_phase68_probe_does_not_claim_proof_record_added,tests/test_phase73_probe.py::test_phase73_probe_does_not_claim_proof_record_added,68,73,capsys.readouterrmain,cmp:NotInstr:Proof recordstr:docs/proof_records.md,cmp:NotInstr:Proof recordstr:docs/proof_records.md,Exact normalized test-function AST matches the later/anchor test.,False
R3-00165,exact_duplicate_candidate,tests/test_phase70_probe.py::test_phase70_probe_does_not_claim_proof_record_added,tests/test_phase73_probe.py::test_phase73_probe_does_not_claim_proof_record_added,70,73,capsys.readouterrmain,cmp:NotInstr:Proof recordstr:docs/proof_records.md,cmp:NotInstr:Proof recordstr:docs/proof_records.md,Exact normalized test-function AST matches the later/anchor test.,False
R3-00166,exact_duplicate_candidate,tests/test_phase70_probe.py::test_phase70_probe_output_contains_proof_style_heading,tests/test_phase73_probe.py::test_phase73_probe_output_contains_proof_style_heading,70,73,capsys.readouterrmain,cmp:Instr:Proof-style derivation,cmp:Instr:Proof-style derivation,Exact normalized test-function AST matches the later/anchor test.,False
R3-00167,exact_duplicate_candidate,tests/test_phase71_probe.py::test_phase71_probe_output_contains_proof_style_heading,tests/test_phase73_probe.py::test_phase73_probe_output_contains_proof_style_heading,71,73,capsys.readouterrmain,cmp:Instr:Proof-style derivation,cmp:Instr:Proof-style derivation,Exact normalized test-function AST matches the later/anchor test.,False
R3-00168,exact_duplicate_candidate,tests/test_phase70_probe.py::test_phase70_probe_output_contains_staged_one_shot_boundary,tests/test_phase73_probe.py::test_phase73_probe_output_contains_staged_boundary,70,73,capsys.readouterrmain,cmp:Incmp:NotInstr:fixed point = Truestr:staged one-shot aggregate = True,cmp:Incmp:NotInstr:fixed point = Truestr:staged one-shot aggregate = True,Exact normalized test-function AST matches the later/anchor test.,False
R3-00169,exact_duplicate_candidate,tests/test_phase71_probe.py::test_phase71_probe_output_contains_staged_boundary,tests/test_phase73_probe.py::test_phase73_probe_output_contains_staged_boundary,71,73,capsys.readouterrmain,cmp:Incmp:NotInstr:fixed point = Truestr:staged one-shot aggregate = True,cmp:Incmp:NotInstr:fixed point = Truestr:staged one-shot aggregate = True,Exact normalized test-function AST matches the later/anchor test.,False
R3-00170,exact_duplicate_candidate,tests/test_phase71_probe.py::test_phase71_probe_output_contains_provenance_heading,tests/test_phase73_probe.py::test_phase73_probe_output_contains_provenance_heading,71,73,capsys.readouterrmain,cmp:Instr:Provenance / integration,cmp:Instr:Provenance / integration,Exact normalized test-function AST matches the later/anchor test.,False
R3-00171,exact_duplicate_candidate,tests/test_phase72_probe.py::test_phase72_probe_output_contains_retirement_audit,tests/test_phase72r10_corrected_probe.py::test_phase72r10_probe_output_contains_retirement_audit,72,72,capsys.readouterrmain,cmp:Instr:Phase 71 n=6 Delta injectivity absent = Truestr:legacy Phase 72 core step absent = Truestr:legacy Phase 72 image step absent = Truestr:legacy Phase 72 indeterminacy step absent = True,cmp:Instr:Phase 71 n=6 Delta injectivity absent = Truestr:legacy Phase 72 core step absent = Truestr:legacy Phase 72 image step absent = Truestr:legacy Phase 72 indeterminacy step absent = True,Exact normalized test-function AST matches the later/anchor test.,False
R3-00172,exact_duplicate_candidate,tests/test_phase73_prop511_finite_dimensional_integration.py::test_phase73_8e_final_is_inference,tests/test_phase73_prop511_provenance.py::test_phase73_8e_final_aggregate_is_not_given,73,73,build_phase73_8e_data,attr:INFERENCEattr:rulecmp:Eqstr:final_step,attr:INFERENCEattr:rulecmp:Eqstr:final_step,Exact normalized test-function AST matches the later/anchor test.,False
R3-00173,exact_duplicate_candidate,tests/test_phase74_lemma512_final_integration.py::test_phase74_8_does_not_create_nu_square_class,tests/test_phase74_lemma512_final_integration.py::test_phase74_8_final_generator_is_composition,74,74,build_phase74_8_data,attr:conclusionattr:generatorcall:typecmp:Isstr:final_step,attr:conclusionattr:generatorcall:typecmp:Isstr:final_step,Exact normalized test-function AST matches the later/anchor test.,False
R3-00174,exact_duplicate_candidate,tests/test_phase87_minimal_retry_policy_representation.py::test_phase87_2_current_search_still_stops_at_ambiguity,tests/test_phase87_minimal_retry_policy_representation.py::test_phase87_2_fixture_preserves_catalog_candidate_order,87,87,build_depth_two_producer_search_reportbuild_phase87_2_data,attr:AMBIGUOUS_PRODUCERattr:diagnosticattr:producer_candidatesattr:search_resultattr:statuscmp:Eqcmp:Iscmp:IsNotstr:first_producer_rulestr:second_producer_rule,attr:AMBIGUOUS_PRODUCERattr:diagnosticattr:producer_candidatesattr:search_resultattr:statuscmp:Eqcmp:Iscmp:IsNotstr:first_producer_rulestr:second_producer_rule,Exact normalized test-function AST matches the later/anchor test.,False
R3-00175,exact_duplicate_candidate,tests/test_toda_rules.py::test_phase23_5_consistent_indexed_data_allows_theorem_bridge,tests/test_toda_rules.py::test_phase23_6_type_compatible_indexed_data_allows_theorem_bridge,,,HomotopyElementIndexedTodaBracketDataIteratedSuspensionProofStepTodaBracketTodaBracketDefinedStatementTodaBracketMembershipStatementTodaBracketMembershipTheoremStatementbracket.are_defining_compositions_type_compatiblefind_inference_matchindexed_data.is_consistentindexed_toda_bracket_membership_from_theorem_inference_rulerun_inference_until_stable_with_historytoda_bracket_membership_theorem_proof_step,attr:FIXED_POINTattr:are_defining_compositions_type_compatibleattr:is_consistentattr:premisesattr:termination_reasoncall:bracket.are_defining_compositions_type_compatiblecall:indexed_data.is_consistentcmp:Eqcmp:Incmp:IsNot,attr:FIXED_POINTattr:are_defining_compositions_type_compatibleattr:is_consistentattr:premisesattr:termination_reasoncall:bracket.are_defining_compositions_type_compatiblecall:indexed_data.is_consistentcmp:Eqcmp:Incmp:IsNot,Exact normalized test-function AST matches the later/anchor test.,False
R3-00176,superseded_candidate,tests/test_phase41_preimage_subgroup.py::test_phase41_1_proof_expression_map_identity_is_distinct_from_group_map,tests/test_phase45_toda_prop42_sequence.py::test_phase45_2_canonical_e_map_is_structural_map_symbol,41,45,MapSymbol,call:MapSymbolcall:isinstancecmp:Eqstr:E,call:MapSymbolcall:isinstancecmp:Eqstr:E,Later-phase test exercises the same call surface and its semantic assertion atoms are a superset of the older test. This is a candidate only; source review is required before deletion.,False
R3-00177,superseded_candidate,tests/test_phase32_prop22.py::test_phase32_7_smash_product_typing_remains_unknown,tests/test_phase33_barratt_hilton.py::test_phase33_6_formula_representation_does_not_add_smash_product_typing,32,33,HomotopyElementSmashProducthasattr,call:hasattrstr:sourcestr:target,call:hasattrstr:sourcestr:target,Later-phase test exercises the same call surface and its semantic assertion atoms are a superset of the older test. This is a candidate only; source review is required before deletion.,False
R3-00178,superseded_candidate,tests/test_phase33_barratt_hilton.py::test_phase33_6_formula_representation_does_not_add_smash_product_typing,tests/test_phase42_whitehead_product.py::test_phase42_1_smash_product_has_no_source_or_target_typing,33,42,HomotopyElementSmashProducthasattr,call:hasattrstr:sourcestr:target,call:hasattrstr:sourcestr:target,Later-phase test exercises the same call surface and its semantic assertion atoms are a superset of the older test. This is a candidate only; source review is required before deletion.,False
R3-00179,superseded_candidate,tests/test_phase33_barratt_hilton.py::test_phase33_7_smash_product_has_no_automatic_typing,tests/test_phase42_whitehead_product.py::test_phase42_1_smash_product_has_no_source_or_target_typing,33,42,HomotopyElementSmashProducthasattr,call:hasattrstr:sourcestr:target,call:hasattrstr:sourcestr:target,Later-phase test exercises the same call surface and its semantic assertion atoms are a superset of the older test. This is a candidate only; source review is required before deletion.,False
R3-00180,superseded_candidate,tests/test_phase100_12c1_production_one_shot_facade.py::test_phase100_12c1_existing_repository_explicit_facade_remains_available,tests/test_phase113_sigma_group_query_integration.py::test_phase113_explicit_empty_repository_does_not_invent_sigma_specialization,100,113,ProofRepositorybuild_toda_report,attr:NOT_FOUNDattr:candidatesattr:statuscmp:Eqcmp:Is,attr:NOT_FOUNDattr:candidatesattr:statuscmp:Eqcmp:Is,Later-phase test exercises the same call surface and its semantic assertion atoms are a superset of the older test. This is a candidate only; source review is required before deletion.,False
R3-00181,superseded_candidate,tests/test_phase109_29_known_group_proof_replay_cli.py::test_phase109_29_show_proof_also_works_for_existing_nu_prime_identity,tests/test_phase144_6_public_route_cutover.py::test_phase144_6_cli_pi6_3_narrative_uses_public_cutover,109,144,capsys.readouterrcli_main.main,attr:errattr:outcmp:Eqcmp:Inconst:0str:$\pi_{6}^{3} = \mathbb{Z}/4\{\nu'\}$,attr:errattr:outcmp:Eqcmp:Inconst:0str:$\pi_{6}^{3} = \mathbb{Z}/4\{\nu'\}$,Later-phase test exercises the same call surface and its semantic assertion atoms are a superset of the older test. This is a candidate only; source review is required before deletion.,False
R3-00182,superseded_candidate,tests/test_phase131_4_group_result_proof_replay_cli.py::test_phase131_4_group_proof_zero_depth_contains_only_root,tests/test_phase132_7_group_proof_cli_modes.py::test_phase132_7_group_proof_explicit_trace_remains_available,131,132,capsys.readouterrcli_main.main,attr:outcmp:Eqcmp:Incmp:NotInconst:0str:Depth 0str:Depth 1,attr:errattr:outcmp:Eqcmp:Incmp:NotInconst:0str:# Group proof narrativestr:# Group resultstr:Depth 0str:Depth 1,Later-phase test exercises the same call surface and its semantic assertion atoms are a superset of the older test. This is a candidate only; source review is required before deletion.,False
R3-00183,superseded_candidate,tests/test_phase134_14_pi8_5_snapshot.py::test_phase134_14_pi8_5_output_is_byte_for_byte_unchanged,tests/test_phase144_6_pi6_generic_production_route.py::test_phase144_6_cli_pi6_3_narrative_uses_generic_route,134,144,capsys.readouterrcli_main.main,attr:errattr:outcmp:Eqconst:0,"attr:errattr:outcmp:Eqcmp:Inconst:0str:$\nu'$ を定める.str:(1) と (2) より,str:**[R1]",Later-phase test exercises the same call surface and its semantic assertion atoms are a superset of the older test. This is a candidate only; source review is required before deletion.,False
R3-00184,superseded_candidate,tests/test_phase101_main_explore_dispatch.py::test_phase101_3_explore_command_uses_production_one_shot_facade,tests/test_phase102_cli_proof_scope.py::test_phase102_7_existing_explore_command_is_unchanged,101,102,SimpleNamespacecalls.appendcapsys.readouterrcli_main.mainmonkeypatch.setattr,attr:errattr:markdownattr:outcmp:Eqconst:0str:nu_prime,attr:errattr:markdownattr:outcmp:Eqconst:0str:nu_prime,Later-phase test exercises the same call surface and its semantic assertion atoms are a superset of the older test. This is a candidate only; source review is required before deletion.,False
R3-00185,superseded_candidate,tests/test_phase101_main_explore_dispatch.py::test_phase101_3_legacy_n_k_path_is_unchanged,tests/test_phase102_cli_proof_scope.py::test_phase102_7_legacy_n_k_path_is_unchanged,101,102,SimpleNamespacecalls.appendcapsys.readouterrcli_main.mainmonkeypatch.setattr,attr:errattr:outcmp:Eqconst:0const:5const:7str:LEGACY REPORT,attr:errattr:outcmp:Eqconst:0const:5const:7str:LEGACY REPORT,Later-phase test exercises the same call surface and its semantic assertion atoms are a superset of the older test. This is a candidate only; source review is required before deletion.,False
R3-00186,superseded_candidate,tests/test_phase102_cli_proof_scope.py::test_phase102_7_existing_explore_command_is_unchanged,tests/test_phase108_11_cli_execution_command_integration.py::test_phase108_11_execute_candidate_prints_result_and_proof,102,108,SimpleNamespacecalls.appendcapsys.readouterrcli_main.mainmonkeypatch.setattr,attr:errattr:markdownattr:outcmp:Eqconst:0str:nu_prime,attr:errattr:markdownattr:outcmp:Eqconst:0const:2str:nu_prime,Later-phase test exercises the same call surface and its semantic assertion atoms are a superset of the older test. This is a candidate only; source review is required before deletion.,False
R3-00187,superseded_candidate,tests/test_phase108_11_cli_execution_command_integration.py::test_phase108_11_execute_none_is_exit_one,tests/test_phase110_6_operation_query_cli_integration.py::test_phase110_6_existing_execute_path_is_unchanged,108,110,SimpleNamespacecapsys.readouterrcli_main.mainmonkeypatch.setattr,attr:errattr:outcmp:Eqconst:1str:No executable target found for eta_999.,attr:errattr:outcmp:Eqconst:1str:No executable target found for eta_999.,Later-phase test exercises the same call surface and its semantic assertion atoms are a superset of the older test. This is a candidate only; source review is required before deletion.,False
R3-00188,superseded_candidate,tests/test_phase108_11_cli_execution_command_integration.py::test_phase108_11_legacy_n_k_path_is_unchanged,tests/test_phase110_6_operation_query_cli_integration.py::test_phase110_6_legacy_n_k_path_is_unchanged,108,110,SimpleNamespacecapsys.readouterrcli_main.mainmonkeypatch.setattr,attr:errattr:outcmp:Eqconst:0str:LEGACY REPORT,attr:errattr:outcmp:Eqconst:0str:LEGACY REPORT,Later-phase test exercises the same call surface and its semantic assertion atoms are a superset of the older test. This is a candidate only; source review is required before deletion.,False
R3-00189,superseded_candidate,tests/test_phase101_main_explore_dispatch.py::test_phase101_3_missing_generator_uses_argparse_error_exit,tests/test_phase102_cli_proof_scope.py::test_phase102_7_explore_proof_missing_generator_is_argparse_error,101,102,capsys.readouterrcli_main.mainpytest.raises,attr:codeattr:errattr:outattr:valuecmp:Eqcmp:Incmp:NotInconst:2str:Tracebackstr:generator,attr:codeattr:errattr:outattr:valuecmp:Eqcmp:Incmp:NotInconst:2str:Tracebackstr:generator,Later-phase test exercises the same call surface and its semantic assertion atoms are a superset of the older test. This is a candidate only; source review is required before deletion.,False
R3-00190,superseded_candidate,tests/test_phase102_cli_proof_scope.py::test_phase102_7_explore_proof_missing_generator_is_argparse_error,tests/test_phase108_11_cli_execution_command_integration.py::test_phase108_11_execute_missing_generator_is_parser_error,102,108,capsys.readouterrcli_main.mainpytest.raises,attr:codeattr:errattr:outattr:valuecmp:Eqcmp:Incmp:NotInconst:2str:Tracebackstr:generator,attr:codeattr:errattr:outattr:valuecmp:Eqcmp:Incmp:NotInconst:2str:Tracebackstr:generator,Later-phase test exercises the same call surface and its semantic assertion atoms are a superset of the older test. This is a candidate only; source review is required before deletion.,False
R3-00191,superseded_candidate,tests/test_phase103_cli_applicability.py::test_phase103_6_explore_applicable_missing_generator_is_argparse_error,tests/test_phase108_11_cli_execution_command_integration.py::test_phase108_11_execute_missing_generator_is_parser_error,103,108,capsys.readouterrcli_main.mainpytest.raises,attr:codeattr:errattr:outattr:valuecmp:Eqcmp:Inconst:2str:generator,attr:codeattr:errattr:outattr:valuecmp:Eqcmp:Incmp:NotInconst:2str:Tracebackstr:generator,Later-phase test exercises the same call surface and its semantic assertion atoms are a superset of the older test. This is a candidate only; source review is required before deletion.,False
R3-00192,superseded_candidate,tests/test_phase102_cli_proof_scope.py::test_phase102_7_explore_proof_invalid_generator_is_argparse_error,tests/test_phase103_cli_applicability.py::test_phase103_6_explore_applicable_invalid_generator_is_argparse_error,102,103,capsys.readouterrcli_main.mainpytest.mark.parametrizepytest.raises,attr:codeattr:errattr:outattr:valuecmp:Eqcmp:Incmp:NotInconst:2str:Traceback,attr:codeattr:errattr:outattr:valuecmp:Eqcmp:Incmp:NotInconst:2str:Traceback,Later-phase test exercises the same call surface and its semantic assertion atoms are a superset of the older test. This is a candidate only; source review is required before deletion.,False
R3-00193,superseded_candidate,tests/test_phase103_cli_applicability.py::test_phase103_6_explore_applicable_invalid_generator_is_argparse_error,tests/test_phase111_10_proof_replay_depth_cli.py::test_phase111_10_negative_depth_is_parser_error,103,111,capsys.readouterrcli_main.mainpytest.mark.parametrizepytest.raises,attr:codeattr:errattr:outattr:valuecmp:Eqcmp:Incmp:NotInconst:2str:Traceback,attr:codeattr:errattr:outattr:valuecmp:Eqcmp:Incmp:NotInconst:2str:Tracebackstr:must be nonnegative,Later-phase test exercises the same call surface and its semantic assertion atoms are a superset of the older test. This is a candidate only; source review is required before deletion.,False
R3-00194,superseded_candidate,tests/test_phase85_bounded_search_diagnostic_representation.py::test_phase85_2_status_values_are_unique,tests/test_phase104_4e_candidate_handoff_validation_representation.py::test_phase104_4e_status_values_are_unique,85,104,pytest.mark.parametrize,attr:valuecall:isinstancecall:sumcmp:Eqconst:1,attr:valuecall:isinstancecall:sumcmp:Eqconst:1,Later-phase test exercises the same call surface and its semantic assertion atoms are a superset of the older test. This is a candidate only; source review is required before deletion.,False
R3-00195,superseded_candidate,tests/test_phase110_5_minimal_operation_query_core.py::test_phase110_5_lookup_is_deterministic,tests/test_phase114_3_nu5_operation_query_handoff.py::test_phase114_3_handoff_is_deterministic,110,114,query_standard_repository_operation_input,attr:keyattr:match_kindattr:matchesattr:root_entryattr:scope_nodeattr:shortest_depthattr:statementcall:tuplecmp:Eq,attr:keyattr:match_kindattr:matchesattr:root_entryattr:scope_nodeattr:shortest_depthattr:statementcall:tuplecmp:Eq,Later-phase test exercises the same call surface and its semantic assertion atoms are a superset of the older test. This is a candidate only; source review is required before deletion.,False
R3-00196,superseded_candidate,tests/test_phase114_3_nu5_operation_query_handoff.py::test_phase114_3_handoff_is_deterministic,tests/test_phase115_sigma11_operation_query_handoff.py::test_phase115_4_handoff_is_deterministic,114,115,query_standard_repository_operation_input,attr:keyattr:match_kindattr:matchesattr:root_entryattr:scope_nodeattr:shortest_depthattr:statementcall:tuplecmp:Eq,attr:keyattr:match_kindattr:matchesattr:root_entryattr:scope_nodeattr:shortest_depthattr:statementcall:tuplecmp:Eq,Later-phase test exercises the same call surface and its semantic assertion atoms are a superset of the older test. This is a candidate only; source review is required before deletion.,False
R3-00197,superseded_candidate,tests/test_phase115_sigma11_operation_query_handoff.py::test_phase115_4_handoff_is_deterministic,tests/test_phase129_nu_prime_operation_query_handoff.py::test_phase129_4_handoff_is_deterministic,115,129,query_standard_repository_operation_input,attr:keyattr:match_kindattr:matchesattr:root_entryattr:scope_nodeattr:shortest_depthattr:statementcall:tuplecmp:Eq,attr:keyattr:match_kindattr:matchesattr:root_entryattr:scope_nodeattr:shortest_depthattr:statementcall:tuplecmp:Eq,Later-phase test exercises the same call surface and its semantic assertion atoms are a superset of the older test. This is a candidate only; source review is required before deletion.,False
R3-00198,superseded_candidate,tests/test_phase110_5_minimal_operation_query_core.py::test_phase110_5_lookup_does_not_mutate_repository,tests/test_phase114_3_nu5_operation_query_handoff.py::test_phase114_3_handoff_does_not_mutate_repository,110,114,build_standard_production_proof_repositoryquery_repository_operation_inputrepository.entrieszip,attr:foundcall:allcall:zipcmp:Eqcmp:Is,attr:foundcall:allcall:zipcmp:Eqcmp:Is,Later-phase test exercises the same call surface and its semantic assertion atoms are a superset of the older test. This is a candidate only; source review is required before deletion.,False
R3-00199,superseded_candidate,tests/test_phase114_3_nu5_operation_query_handoff.py::test_phase114_3_handoff_does_not_mutate_repository,tests/test_phase115_sigma11_operation_query_handoff.py::test_phase115_4_handoff_does_not_mutate_repository,114,115,build_standard_production_proof_repositoryquery_repository_operation_inputrepository.entrieszip,attr:foundcall:allcall:zipcmp:Eqcmp:Is,attr:foundcall:allcall:zipcmp:Eqcmp:Is,Later-phase test exercises the same call surface and its semantic assertion atoms are a superset of the older test. This is a candidate only; source review is required before deletion.,False
R3-00200,superseded_candidate,tests/test_phase115_sigma11_operation_query_handoff.py::test_phase115_4_handoff_does_not_mutate_repository,tests/test_phase128_nu5_eta8_operation_query_handoff.py::test_phase128_2_handoff_does_not_mutate_repository,115,128,build_standard_production_proof_repositoryquery_repository_operation_inputrepository.entrieszip,attr:foundcall:allcall:zipcmp:Eqcmp:Is,attr:foundcall:allcall:zipcmp:Eqcmp:Is,Later-phase test exercises the same call surface and its semantic assertion atoms are a superset of the older test. This is a candidate only; source review is required before deletion.,False
R3-00201,superseded_candidate,tests/test_phase128_nu5_eta8_operation_query_handoff.py::test_phase128_2_handoff_does_not_mutate_repository,tests/test_phase129_nu_prime_operation_query_handoff.py::test_phase129_4_handoff_does_not_mutate_repository,128,129,build_standard_production_proof_repositoryquery_repository_operation_inputrepository.entrieszip,attr:foundcall:allcall:zipcmp:Eqcmp:Is,attr:foundcall:allcall:zipcmp:Eqcmp:Is,Later-phase test exercises the same call surface and its semantic assertion atoms are a superset of the older test. This is a candidate only; source review is required before deletion.,False
R3-00202,superseded_candidate,tests/test_phase114_3_nu5_operation_query_handoff.py::test_phase114_3_direct_lookup_for_e_nu5_still_misses,tests/test_phase115_sigma11_operation_query_handoff.py::test_phase115_4_direct_lookup_for_e_sigma11_still_misses,114,115,build_standard_production_proof_repositoryparse_repository_operation_queryquery_repository_operation,attr:foundattr:matchescmp:Eq,attr:foundattr:matchescmp:Eq,Later-phase test exercises the same call surface and its semantic assertion atoms are a superset of the older test. This is a candidate only; source review is required before deletion.,False
R3-00203,superseded_candidate,tests/test_phase115_sigma11_operation_query_handoff.py::test_phase115_4_direct_lookup_for_e_sigma11_still_misses,tests/test_phase128_nu5_eta8_operation_query_handoff.py::test_phase128_2_direct_lookup_still_misses,115,128,build_standard_production_proof_repositoryparse_repository_operation_queryquery_repository_operation,attr:foundattr:matchescmp:Eq,attr:foundattr:matchescmp:Eq,Later-phase test exercises the same call surface and its semantic assertion atoms are a superset of the older test. This is a candidate only; source review is required before deletion.,False
R3-00204,superseded_candidate,tests/test_phase128_nu5_eta8_operation_query_handoff.py::test_phase128_2_direct_lookup_still_misses,tests/test_phase129_nu_prime_operation_query_handoff.py::test_phase129_4_direct_lookup_for_e_nu_prime_still_misses,128,129,build_standard_production_proof_repositoryparse_repository_operation_queryquery_repository_operation,attr:foundattr:matchescmp:Eq,attr:foundattr:matchescmp:Eq,Later-phase test exercises the same call surface and its semantic assertion atoms are a superset of the older test. This is a candidate only; source review is required before deletion.,False
R3-00205,superseded_candidate,tests/test_phase114_3_nu5_operation_query_handoff.py::test_phase114_3_query_proof_replays_specialized_root_and_symbolic_bridge,tests/test_phase115_sigma11_operation_query_handoff.py::test_phase115_4_query_proof_replays_specialized_root_and_symbolic_definition,114,115,build_repository_operation_query_presentationbuild_repository_operation_query_proof_replayquery_standard_repository_operation_input,attr:INFERENCEattr:depthattr:itemsattr:premisesattr:proof_stepattr:root_stepattr:ruleattr:stepscall:lencmp:Eqcmp:Isconst:0const:1const:2,attr:INFERENCEattr:depthattr:itemsattr:premisesattr:proof_stepattr:root_stepattr:ruleattr:stepscall:lencmp:Eqcmp:Isconst:0const:1const:2,Later-phase test exercises the same call surface and its semantic assertion atoms are a superset of the older test. This is a candidate only; source review is required before deletion.,False
R3-00206,superseded_candidate,tests/test_phase117_web_app.py::test_phase117_1_get_root_shows_minimal_group_query_form,tests/test_phase118_web_app.py::test_phase118_2_get_root_shows_operation_query_form,117,118,_build_test_clientclient.get,attr:dataattr:status_codecmp:Eqcmp:Inconst:200,attr:dataattr:status_codecmp:Eqcmp:Inconst:200,Later-phase test exercises the same call surface and its semantic assertion atoms are a superset of the older test. This is a candidate only; source review is required before deletion.,False
R3-00207,superseded_candidate,tests/test_phase117_web_app.py::test_phase117_3_html_does_not_preempt_python_domain_validation,tests/test_phase137_2_web_presentation_cleanup.py::test_phase137_2_group_query_description_uses_inline_katex,117,137,_build_test_clientclient.get,attr:dataattr:status_codecmp:Eqcmp:NotInconst:200,attr:dataattr:status_codecmp:Eqcmp:Incmp:NotInconst:200,Later-phase test exercises the same call surface and its semantic assertion atoms are a superset of the older test. This is a candidate only; source review is required before deletion.,False
R3-00208,superseded_candidate,tests/test_phase118_web_app.py::test_phase118_2_get_root_shows_operation_query_form,tests/test_phase120_2_web_app_generator_proof.py::test_phase120_2_existing_group_and_operation_forms_remain_available,118,120,_build_test_clientclient.get,attr:dataattr:status_codecmp:Eqcmp:Inconst:200,attr:dataattr:status_codecmp:Eqcmp:Inconst:200,Later-phase test exercises the same call surface and its semantic assertion atoms are a superset of the older test. This is a candidate only; source review is required before deletion.,False
R3-00209,superseded_candidate,tests/test_phase120_2_web_app_generator_proof.py::test_phase120_2_existing_group_and_operation_forms_remain_available,tests/test_phase121_4_web_app_generator_exploration.py::test_phase121_4_existing_web_forms_remain_available,120,121,_build_test_clientclient.get,attr:dataattr:status_codecmp:Eqcmp:Inconst:200,attr:dataattr:status_codecmp:Eqcmp:Inconst:200,Later-phase test exercises the same call surface and its semantic assertion atoms are a superset of the older test. This is a candidate only; source review is required before deletion.,False
R3-00210,superseded_candidate,tests/test_phase120_2_web_app_generator_proof.py::test_phase120_2_get_root_shows_generator_proof_form,tests/test_phase121_4_web_app_generator_exploration.py::test_phase121_4_existing_web_forms_remain_available,120,121,_build_test_clientclient.get,attr:dataattr:status_codecmp:Eqcmp:Inconst:200,attr:dataattr:status_codecmp:Eqcmp:Inconst:200,Later-phase test exercises the same call surface and its semantic assertion atoms are a superset of the older test. This is a candidate only; source review is required before deletion.,False
R3-00211,superseded_candidate,tests/test_phase121_4_web_app_generator_exploration.py::test_phase121_4_existing_web_forms_remain_available,tests/test_phase122_4_web_app_generator_proof_scope.py::test_phase122_4_existing_web_forms_remain_available,121,122,_build_test_clientclient.get,attr:dataattr:status_codecmp:Eqcmp:Inconst:200,attr:dataattr:status_codecmp:Eqcmp:Inconst:200,Later-phase test exercises the same call surface and its semantic assertion atoms are a superset of the older test. This is a candidate only; source review is required before deletion.,False
R3-00212,superseded_candidate,tests/test_phase121_4_web_app_generator_exploration.py::test_phase121_4_get_root_shows_generator_exploration_form,tests/test_phase122_4_web_app_generator_proof_scope.py::test_phase122_4_existing_web_forms_remain_available,121,122,_build_test_clientclient.get,attr:dataattr:status_codecmp:Eqcmp:Inconst:200,attr:dataattr:status_codecmp:Eqcmp:Inconst:200,Later-phase test exercises the same call surface and its semantic assertion atoms are a superset of the older test. This is a candidate only; source review is required before deletion.,False
R3-00213,superseded_candidate,tests/test_phase122_4_web_app_generator_proof_scope.py::test_phase122_4_existing_web_forms_remain_available,tests/test_phase123_4_web_app_generator_applicability.py::test_phase123_4_existing_web_forms_remain_available,122,123,_build_test_clientclient.get,attr:dataattr:status_codecmp:Eqcmp:Inconst:200,attr:dataattr:status_codecmp:Eqcmp:Inconst:200,Later-phase test exercises the same call surface and its semantic assertion atoms are a superset of the older test. This is a candidate only; source review is required before deletion.,False
R3-00214,superseded_candidate,tests/test_phase122_4_web_app_generator_proof_scope.py::test_phase122_4_get_root_shows_generator_proof_scope_form,tests/test_phase123_4_web_app_generator_applicability.py::test_phase123_4_existing_web_forms_remain_available,122,123,_build_test_clientclient.get,attr:dataattr:status_codecmp:Eqcmp:Inconst:200,attr:dataattr:status_codecmp:Eqcmp:Inconst:200,Later-phase test exercises the same call surface and its semantic assertion atoms are a superset of the older test. This is a candidate only; source review is required before deletion.,False
R3-00215,superseded_candidate,tests/test_phase123_4_web_app_generator_applicability.py::test_phase123_4_existing_web_forms_remain_available,tests/test_phase124_4_web_workflow_navigation.py::test_phase124_4_existing_form_actions_remain_available,123,124,_build_test_clientclient.get,attr:dataattr:status_codecmp:Eqcmp:Inconst:200,attr:dataattr:status_codecmp:Eqcmp:Inconst:200,Later-phase test exercises the same call surface and its semantic assertion atoms are a superset of the older test. This is a candidate only; source review is required before deletion.,False
R3-00216,superseded_candidate,tests/test_phase123_4_web_app_generator_applicability.py::test_phase123_4_get_root_shows_generator_applicability_form,tests/test_phase124_4_web_workflow_navigation.py::test_phase124_4_existing_form_actions_remain_available,123,124,_build_test_clientclient.get,attr:dataattr:status_codecmp:Eqcmp:Inconst:200,attr:dataattr:status_codecmp:Eqcmp:Inconst:200,Later-phase test exercises the same call surface and its semantic assertion atoms are a superset of the older test. This is a candidate only; source review is required before deletion.,False
R3-00217,superseded_candidate,tests/test_phase124_4_web_workflow_navigation.py::test_phase124_4_existing_form_actions_remain_available,tests/test_phase125_4_web_generator_execution.py::test_phase125_4_get_root_shows_execute_form_and_navigation,124,125,_build_test_clientclient.get,attr:dataattr:status_codecmp:Eqcmp:Inconst:200,attr:dataattr:status_codecmp:Eqcmp:Inconst:200,Later-phase test exercises the same call surface and its semantic assertion atoms are a superset of the older test. This is a candidate only; source review is required before deletion.,False
R3-00218,superseded_candidate,tests/test_phase124_4_web_workflow_navigation.py::test_phase124_4_existing_forms_have_workflow_targets,tests/test_phase125_4_web_generator_execution.py::test_phase125_4_get_root_shows_execute_form_and_navigation,124,125,_build_test_clientclient.get,attr:dataattr:status_codecmp:Eqcmp:Inconst:200,attr:dataattr:status_codecmp:Eqcmp:Inconst:200,Later-phase test exercises the same call surface and its semantic assertion atoms are a superset of the older test. This is a candidate only; source review is required before deletion.,False
R3-00219,superseded_candidate,tests/test_phase124_4_web_workflow_navigation.py::test_phase124_4_existing_workflow_navigation_remains_available_after_execute_extension,tests/test_phase125_4_web_generator_execution.py::test_phase125_4_get_root_shows_execute_form_and_navigation,124,125,_build_test_clientclient.get,attr:dataattr:status_codecmp:Eqcmp:Inconst:200,attr:dataattr:status_codecmp:Eqcmp:Inconst:200,Later-phase test exercises the same call surface and its semantic assertion atoms are a superset of the older test. This is a candidate only; source review is required before deletion.,False
R3-00220,superseded_candidate,tests/test_phase124_4_web_workflow_navigation.py::test_phase124_4_get_root_shows_workflow_navigation,tests/test_phase125_4_web_generator_execution.py::test_phase125_4_get_root_shows_execute_form_and_navigation,124,125,_build_test_clientclient.get,attr:dataattr:status_codecmp:Eqcmp:Inconst:200,attr:dataattr:status_codecmp:Eqcmp:Inconst:200,Later-phase test exercises the same call surface and its semantic assertion atoms are a superset of the older test. This is a candidate only; source review is required before deletion.,False
R3-00221,superseded_candidate,tests/test_phase124_4_web_workflow_navigation.py::test_phase124_4_workflow_navigation_links_to_existing_forms,tests/test_phase125_4_web_generator_execution.py::test_phase125_4_get_root_shows_execute_form_and_navigation,124,125,_build_test_clientclient.get,attr:dataattr:status_codecmp:Eqcmp:Inconst:200,attr:dataattr:status_codecmp:Eqcmp:Inconst:200,Later-phase test exercises the same call surface and its semantic assertion atoms are a superset of the older test. This is a candidate only; source review is required before deletion.,False
R3-00222,superseded_candidate,tests/test_phase125_4_web_generator_execution.py::test_phase125_4_get_root_shows_execute_form_and_navigation,tests/test_phase135_3_web_narrative_readability.py::test_phase135_3_web_page_loads_group_proof_stylesheet,125,135,_build_test_clientclient.get,attr:dataattr:status_codecmp:Eqcmp:Inconst:200,attr:dataattr:status_codecmp:Eqcmp:Inconst:200,Later-phase test exercises the same call surface and its semantic assertion atoms are a superset of the older test. This is a candidate only; source review is required before deletion.,False
R3-00223,superseded_candidate,tests/test_phase135_3_web_narrative_readability.py::test_phase135_3_web_page_loads_group_proof_stylesheet,tests/test_phase137_2_web_presentation_cleanup.py::test_phase137_2_group_query_description_uses_inline_katex,135,137,_build_test_clientclient.get,attr:dataattr:status_codecmp:Eqcmp:Inconst:200,attr:dataattr:status_codecmp:Eqcmp:Incmp:NotInconst:200,Later-phase test exercises the same call surface and its semantic assertion atoms are a superset of the older test. This is a candidate only; source review is required before deletion.,False
R3-00224,superseded_candidate,tests/test_phase117_web_app.py::test_phase117_1_post_domain_invalid_input_shows_existing_validation_message,tests/test_phase118_4_depth_browser_usability.py::test_phase118_4_browser_form_exposes_only_supported_depth_choices,117,118,_build_test_clientclient.post,attr:dataattr:status_codecmp:Eqcmp:Inconst:200,attr:dataattr:status_codecmp:Eqcmp:Inconst:200,Later-phase test exercises the same call surface and its semantic assertion atoms are a superset of the older test. This is a candidate only; source review is required before deletion.,False
R3-00225,superseded_candidate,tests/test_phase117_web_app.py::test_phase117_1_post_non_integer_input_shows_validation_message,tests/test_phase118_4_depth_browser_usability.py::test_phase118_4_browser_form_exposes_only_supported_depth_choices,117,118,_build_test_clientclient.post,attr:dataattr:status_codecmp:Eqcmp:Inconst:200,attr:dataattr:status_codecmp:Eqcmp:Inconst:200,Later-phase test exercises the same call surface and its semantic assertion atoms are a superset of the older test. This is a candidate only; source review is required before deletion.,False
R3-00226,superseded_candidate,tests/test_phase117_web_app.py::test_phase117_1_post_not_found_query_is_explicit,tests/test_phase118_4_depth_browser_usability.py::test_phase118_4_safe_fallback_reaches_web_without_python_repr,117,118,_build_test_clientclient.post,attr:dataattr:status_codecmp:Eqcmp:Incmp:NotInconst:200,attr:dataattr:status_codecmp:Eqcmp:Incmp:NotInconst:200,Later-phase test exercises the same call surface and its semantic assertion atoms are a superset of the older test. This is a candidate only; source review is required before deletion.,False
R3-00227,superseded_candidate,tests/test_phase117_web_app.py::test_phase117_1_post_sigma11_query_exposes_latex_to_katex,tests/test_phase118_4_depth_browser_usability.py::test_phase118_4_browser_form_exposes_only_supported_depth_choices,117,118,_build_test_clientclient.post,attr:dataattr:status_codecmp:Eqcmp:Inconst:200,attr:dataattr:status_codecmp:Eqcmp:Inconst:200,Later-phase test exercises the same call surface and its semantic assertion atoms are a superset of the older test. This is a candidate only; source review is required before deletion.,False
R3-00228,superseded_candidate,tests/test_phase117_web_app.py::test_phase117_2_post_missing_n_shows_required_message,tests/test_phase118_4_depth_browser_usability.py::test_phase118_4_safe_fallback_reaches_web_without_python_repr,117,118,_build_test_clientclient.post,attr:dataattr:status_codecmp:Eqcmp:Incmp:NotInconst:200,attr:dataattr:status_codecmp:Eqcmp:Incmp:NotInconst:200,Later-phase test exercises the same call surface and its semantic assertion atoms are a superset of the older test. This is a candidate only; source review is required before deletion.,False
R3-00229,superseded_candidate,tests/test_phase117_web_app.py::test_phase117_2_post_negative_k_shows_connectivity_zero,tests/test_phase118_4_depth_browser_usability.py::test_phase118_4_browser_form_exposes_only_supported_depth_choices,117,118,_build_test_clientclient.post,attr:dataattr:status_codecmp:Eqcmp:Inconst:200,attr:dataattr:status_codecmp:Eqcmp:Inconst:200,Later-phase test exercises the same call surface and its semantic assertion atoms are a superset of the older test. This is a candidate only; source review is required before deletion.,False
R3-00230,superseded_candidate,tests/test_phase118_4_depth_browser_usability.py::test_phase118_4_browser_form_exposes_only_supported_depth_choices,tests/test_phase120_2_web_app_generator_proof.py::test_phase120_2_blank_generator_is_safe_error,118,120,_build_test_clientclient.post,attr:dataattr:status_codecmp:Eqcmp:Inconst:200,attr:dataattr:status_codecmp:Eqcmp:Inconst:200,Later-phase test exercises the same call surface and its semantic assertion atoms are a superset of the older test. This is a candidate only; source review is required before deletion.,False
R3-00231,superseded_candidate,tests/test_phase118_4_depth_browser_usability.py::test_phase118_4_safe_fallback_reaches_web_without_python_repr,tests/test_phase121_4_web_app_generator_exploration.py::test_phase121_4_unknown_generator_shows_zero_occurrences_as_normal_result,118,121,_build_test_clientclient.post,attr:dataattr:status_codecmp:Eqcmp:Incmp:NotInconst:200,attr:dataattr:status_codecmp:Eqcmp:Incmp:NotInconst:200,Later-phase test exercises the same call surface and its semantic assertion atoms are a superset of the older test. This is a candidate only; source review is required before deletion.,False
R3-00232,superseded_candidate,tests/test_phase118_4_depth_browser_usability.py::test_phase118_4_unsupported_web_depth_is_safe_error,tests/test_phase120_2_web_app_generator_proof.py::test_phase120_2_blank_generator_is_safe_error,118,120,_build_test_clientclient.post,attr:dataattr:status_codecmp:Eqcmp:Inconst:200,attr:dataattr:status_codecmp:Eqcmp:Inconst:200,Later-phase test exercises the same call surface and its semantic assertion atoms are a superset of the older test. This is a candidate only; source review is required before deletion.,False
R3-00233,superseded_candidate,tests/test_phase118_web_app.py::test_phase118_2_blank_operation_query_shows_validation_message,tests/test_phase120_2_web_app_generator_proof.py::test_phase120_2_blank_generator_is_safe_error,118,120,_build_test_clientclient.post,attr:dataattr:status_codecmp:Eqcmp:Inconst:200,attr:dataattr:status_codecmp:Eqcmp:Inconst:200,Later-phase test exercises the same call surface and its semantic assertion atoms are a superset of the older test. This is a candidate only; source review is required before deletion.,False
R3-00234,superseded_candidate,tests/test_phase118_web_app.py::test_phase118_2_existing_group_query_remains_available,tests/test_phase120_2_web_app_generator_proof.py::test_phase120_2_blank_generator_is_safe_error,118,120,_build_test_clientclient.post,attr:dataattr:status_codecmp:Eqcmp:Inconst:200,attr:dataattr:status_codecmp:Eqcmp:Inconst:200,Later-phase test exercises the same call surface and its semantic assertion atoms are a superset of the older test. This is a candidate only; source review is required before deletion.,False
R3-00235,superseded_candidate,tests/test_phase118_web_app.py::test_phase118_2_not_found_operation_query_is_explicit,tests/test_phase121_4_web_app_generator_exploration.py::test_phase121_4_unknown_generator_shows_zero_occurrences_as_normal_result,118,121,_build_test_clientclient.post,attr:dataattr:status_codecmp:Eqcmp:Incmp:NotInconst:200,attr:dataattr:status_codecmp:Eqcmp:Incmp:NotInconst:200,Later-phase test exercises the same call surface and its semantic assertion atoms are a superset of the older test. This is a candidate only; source review is required before deletion.,False
R3-00236,superseded_candidate,tests/test_phase118_web_app.py::test_phase118_2_post_e_nu5_exposes_existing_latex,tests/test_phase120_2_web_app_generator_proof.py::test_phase120_2_blank_generator_is_safe_error,118,120,_build_test_clientclient.post,attr:dataattr:status_codecmp:Eqcmp:Inconst:200,attr:dataattr:status_codecmp:Eqcmp:Inconst:200,Later-phase test exercises the same call surface and its semantic assertion atoms are a superset of the older test. This is a candidate only; source review is required before deletion.,False
R3-00237,superseded_candidate,tests/test_phase118_web_app.py::test_phase118_2_post_e_sigma11_exposes_existing_latex,tests/test_phase120_2_web_app_generator_proof.py::test_phase120_2_blank_generator_is_safe_error,118,120,_build_test_clientclient.post,attr:dataattr:status_codecmp:Eqcmp:Inconst:200,attr:dataattr:status_codecmp:Eqcmp:Inconst:200,Later-phase test exercises the same call surface and its semantic assertion atoms are a superset of the older test. This is a candidate only; source review is required before deletion.,False
R3-00238,superseded_candidate,tests/test_phase118_web_app.py::test_phase118_3_e_sigma11_proof_uses_existing_latex,tests/test_phase120_2_web_app_generator_proof.py::test_phase120_2_blank_generator_is_safe_error,118,120,_build_test_clientclient.post,attr:dataattr:status_codecmp:Eqcmp:Inconst:200,attr:dataattr:status_codecmp:Eqcmp:Inconst:200,Later-phase test exercises the same call surface and its semantic assertion atoms are a superset of the older test. This is a candidate only; source review is required before deletion.,False
R3-00239,superseded_candidate,tests/test_phase118_web_app.py::test_phase118_3_invalid_fact_number_is_safe_error,tests/test_phase120_2_web_app_generator_proof.py::test_phase120_2_blank_generator_is_safe_error,118,120,_build_test_clientclient.post,attr:dataattr:status_codecmp:Eqcmp:Inconst:200,attr:dataattr:status_codecmp:Eqcmp:Inconst:200,Later-phase test exercises the same call surface and its semantic assertion atoms are a superset of the older test. This is a candidate only; source review is required before deletion.,False
R3-00240,superseded_candidate,tests/test_phase118_web_app.py::test_phase118_3_missing_fact_number_is_safe_error,tests/test_phase120_2_web_app_generator_proof.py::test_phase120_2_blank_generator_is_safe_error,118,120,_build_test_clientclient.post,attr:dataattr:status_codecmp:Eqcmp:Inconst:200,attr:dataattr:status_codecmp:Eqcmp:Inconst:200,Later-phase test exercises the same call surface and its semantic assertion atoms are a superset of the older test. This is a candidate only; source review is required before deletion.,False
R3-00241,superseded_candidate,tests/test_phase118_web_app.py::test_phase118_3_selected_fact_displays_default_depth_proof_steps,tests/test_phase120_2_web_app_generator_proof.py::test_phase120_2_blank_generator_is_safe_error,118,120,_build_test_clientclient.post,attr:dataattr:status_codecmp:Eqcmp:Inconst:200,attr:dataattr:status_codecmp:Eqcmp:Inconst:200,Later-phase test exercises the same call surface and its semantic assertion atoms are a superset of the older test. This is a candidate only; source review is required before deletion.,False
R3-00242,superseded_candidate,tests/test_phase118_web_app.py::test_phase118_3_selected_fact_displays_provenance,tests/test_phase120_2_web_app_generator_proof.py::test_phase120_2_blank_generator_is_safe_error,118,120,_build_test_clientclient.post,attr:dataattr:status_codecmp:Eqcmp:Inconst:200,attr:dataattr:status_codecmp:Eqcmp:Inconst:200,Later-phase test exercises the same call surface and its semantic assertion atoms are a superset of the older test. This is a candidate only; source review is required before deletion.,False
R3-00243,superseded_candidate,tests/test_phase118_web_app.py::test_phase118_3_selected_h_nu_prime_fact_two_shows_proof,tests/test_phase120_2_web_app_generator_proof.py::test_phase120_2_blank_generator_is_safe_error,118,120,_build_test_clientclient.post,attr:dataattr:status_codecmp:Eqcmp:Inconst:200,attr:dataattr:status_codecmp:Eqcmp:Inconst:200,Later-phase test exercises the same call surface and its semantic assertion atoms are a superset of the older test. This is a candidate only; source review is required before deletion.,False
R3-00244,superseded_candidate,tests/test_phase120_2_web_app_generator_proof.py::test_phase120_2_blank_generator_is_safe_error,tests/test_phase121_4_web_app_generator_exploration.py::test_phase121_4_blank_generator_is_safe_error,120,121,_build_test_clientclient.post,attr:dataattr:status_codecmp:Eqcmp:Inconst:200,attr:dataattr:status_codecmp:Eqcmp:Inconst:200,Later-phase test exercises the same call surface and its semantic assertion atoms are a superset of the older test. This is a candidate only; source review is required before deletion.,False
R3-00245,superseded_candidate,tests/test_phase120_2_web_app_generator_proof.py::test_phase120_2_generator_proof_shows_depth_steps,tests/test_phase121_4_web_app_generator_exploration.py::test_phase121_4_blank_generator_is_safe_error,120,121,_build_test_clientclient.post,attr:dataattr:status_codecmp:Eqcmp:Inconst:200,attr:dataattr:status_codecmp:Eqcmp:Inconst:200,Later-phase test exercises the same call surface and its semantic assertion atoms are a superset of the older test. This is a candidate only; source review is required before deletion.,False
R3-00246,superseded_candidate,tests/test_phase120_2_web_app_generator_proof.py::test_phase120_2_post_sigma11_shows_generator_and_conclusion_latex,tests/test_phase121_4_web_app_generator_exploration.py::test_phase121_4_blank_generator_is_safe_error,120,121,_build_test_clientclient.post,attr:dataattr:status_codecmp:Eqcmp:Inconst:200,attr:dataattr:status_codecmp:Eqcmp:Inconst:200,Later-phase test exercises the same call surface and its semantic assertion atoms are a superset of the older test. This is a candidate only; source review is required before deletion.,False
R3-00247,superseded_candidate,tests/test_phase120_2_web_app_generator_proof.py::test_phase120_2_unsupported_generator_proof_depth_is_safe_error,tests/test_phase121_4_web_app_generator_exploration.py::test_phase121_4_blank_generator_is_safe_error,120,121,_build_test_clientclient.post,attr:dataattr:status_codecmp:Eqcmp:Inconst:200,attr:dataattr:status_codecmp:Eqcmp:Inconst:200,Later-phase test exercises the same call surface and its semantic assertion atoms are a superset of the older test. This is a candidate only; source review is required before deletion.,False
R3-00248,superseded_candidate,tests/test_phase121_4_web_app_generator_exploration.py::test_phase121_4_blank_generator_is_safe_error,tests/test_phase122_4_web_app_generator_proof_scope.py::test_phase122_4_blank_generator_is_safe_error,121,122,_build_test_clientclient.post,attr:dataattr:status_codecmp:Eqcmp:Inconst:200,attr:dataattr:status_codecmp:Eqcmp:Inconst:200,Later-phase test exercises the same call surface and its semantic assertion atoms are a superset of the older test. This is a candidate only; source review is required before deletion.,False
R3-00249,superseded_candidate,tests/test_phase121_4_web_app_generator_exploration.py::test_phase121_4_exploration_exposes_katex_latex_and_metadata,tests/test_phase122_4_web_app_generator_proof_scope.py::test_phase122_4_blank_generator_is_safe_error,121,122,_build_test_clientclient.post,attr:dataattr:status_codecmp:Eqcmp:Inconst:200,attr:dataattr:status_codecmp:Eqcmp:Inconst:200,Later-phase test exercises the same call surface and its semantic assertion atoms are a superset of the older test. This is a candidate only; source review is required before deletion.,False
R3-00250,superseded_candidate,tests/test_phase121_4_web_app_generator_exploration.py::test_phase121_4_post_nu_prime_shows_generator_and_occurrences,tests/test_phase122_4_web_app_generator_proof_scope.py::test_phase122_4_blank_generator_is_safe_error,121,122,_build_test_clientclient.post,attr:dataattr:status_codecmp:Eqcmp:Inconst:200,attr:dataattr:status_codecmp:Eqcmp:Inconst:200,Later-phase test exercises the same call surface and its semantic assertion atoms are a superset of the older test. This is a candidate only; source review is required before deletion.,False
R3-00251,superseded_candidate,tests/test_phase121_4_web_app_generator_exploration.py::test_phase121_4_unknown_generator_shows_zero_occurrences_as_normal_result,tests/test_phase122_4_web_app_generator_proof_scope.py::test_phase122_4_sigma11_web_uses_recursive_proof_scope_specialization,121,122,_build_test_clientclient.post,attr:dataattr:status_codecmp:Eqcmp:Incmp:NotInconst:200,attr:dataattr:status_codecmp:Eqcmp:Incmp:NotInconst:200,Later-phase test exercises the same call surface and its semantic assertion atoms are a superset of the older test. This is a candidate only; source review is required before deletion.,False
R3-00252,superseded_candidate,tests/test_phase122_4_web_app_generator_proof_scope.py::test_phase122_4_blank_generator_is_safe_error,tests/test_phase123_4_web_app_generator_applicability.py::test_phase123_4_blank_generator_is_safe_error,122,123,_build_test_clientclient.post,attr:dataattr:status_codecmp:Eqcmp:Inconst:200,attr:dataattr:status_codecmp:Eqcmp:Inconst:200,Later-phase test exercises the same call surface and its semantic assertion atoms are a superset of the older test. This is a candidate only; source review is required before deletion.,False
R3-00253,superseded_candidate,tests/test_phase122_4_web_app_generator_proof_scope.py::test_phase122_4_nu_prime_exposes_katex_root_depth_and_match,tests/test_phase123_4_web_app_generator_applicability.py::test_phase123_4_blank_generator_is_safe_error,122,123,_build_test_clientclient.post,attr:dataattr:status_codecmp:Eqcmp:Inconst:200,attr:dataattr:status_codecmp:Eqcmp:Inconst:200,Later-phase test exercises the same call surface and its semantic assertion atoms are a superset of the older test. This is a candidate only; source review is required before deletion.,False
R3-00254,superseded_candidate,tests/test_phase122_4_web_app_generator_proof_scope.py::test_phase122_4_post_nu_prime_shows_proof_scope_result,tests/test_phase123_4_web_app_generator_applicability.py::test_phase123_4_blank_generator_is_safe_error,122,123,_build_test_clientclient.post,attr:dataattr:status_codecmp:Eqcmp:Inconst:200,attr:dataattr:status_codecmp:Eqcmp:Inconst:200,Later-phase test exercises the same call surface and its semantic assertion atoms are a superset of the older test. This is a candidate only; source review is required before deletion.,False
R3-00255,superseded_candidate,tests/test_phase122_4_web_app_generator_proof_scope.py::test_phase122_4_sigma11_web_uses_recursive_proof_scope_specialization,tests/test_phase123_4_web_app_generator_applicability.py::test_phase123_4_nu_prime_exposes_katex_source_and_compact_rule_family_fields,122,123,_build_test_clientclient.post,attr:dataattr:status_codecmp:Eqcmp:Incmp:NotInconst:200,attr:dataattr:status_codecmp:Eqcmp:Incmp:NotInconst:200,Later-phase test exercises the same call surface and its semantic assertion atoms are a superset of the older test. This is a candidate only; source review is required before deletion.,False
R3-00256,superseded_candidate,tests/test_phase122_4_web_app_generator_proof_scope.py::test_phase122_4_unknown_generator_shows_zero_counts_as_normal_result,tests/test_phase123_4_web_app_generator_applicability.py::test_phase123_4_nu_prime_exposes_katex_source_and_compact_rule_family_fields,122,123,_build_test_clientclient.post,attr:dataattr:status_codecmp:Eqcmp:Incmp:NotInconst:200,attr:dataattr:status_codecmp:Eqcmp:Incmp:NotInconst:200,Later-phase test exercises the same call surface and its semantic assertion atoms are a superset of the older test. This is a candidate only; source review is required before deletion.,False
R3-00257,superseded_candidate,tests/test_phase123_4_web_app_generator_applicability.py::test_phase123_4_blank_generator_is_safe_error,tests/test_phase125_4_web_generator_execution.py::test_phase125_4_web_candidate_selection_returns_result_and_proof,123,125,_build_test_clientclient.post,attr:dataattr:status_codecmp:Eqcmp:Inconst:200,attr:dataattr:status_codecmp:Eqcmp:Inconst:200,Later-phase test exercises the same call surface and its semantic assertion atoms are a superset of the older test. This is a candidate only; source review is required before deletion.,False
R3-00258,superseded_candidate,tests/test_phase123_4_web_app_generator_applicability.py::test_phase123_4_nu_prime_exposes_katex_source_and_compact_rule_family_fields,tests/test_phase132_9_web_group_proof_modes.py::test_phase132_9_web_outline_post_uses_structured_rendered_lines,123,132,_build_test_clientclient.post,attr:dataattr:status_codecmp:Eqcmp:Incmp:NotInconst:200,attr:dataattr:status_codecmp:Eqcmp:Incmp:NotInconst:200,Later-phase test exercises the same call surface and its semantic assertion atoms are a superset of the older test. This is a candidate only; source review is required before deletion.,False
R3-00259,superseded_candidate,tests/test_phase123_4_web_app_generator_applicability.py::test_phase123_4_post_nu_prime_shows_compact_applicability_result,tests/test_phase125_4_web_generator_execution.py::test_phase125_4_web_candidate_selection_returns_result_and_proof,123,125,_build_test_clientclient.post,attr:dataattr:status_codecmp:Eqcmp:Inconst:200,attr:dataattr:status_codecmp:Eqcmp:Inconst:200,Later-phase test exercises the same call surface and its semantic assertion atoms are a superset of the older test. This is a candidate only; source review is required before deletion.,False
R3-00260,superseded_candidate,tests/test_phase123_4_web_app_generator_applicability.py::test_phase123_4_unknown_generator_shows_zero_counts_as_normal_result,tests/test_phase132_9_web_group_proof_modes.py::test_phase132_9_web_outline_post_uses_structured_rendered_lines,123,132,_build_test_clientclient.post,attr:dataattr:status_codecmp:Eqcmp:Incmp:NotInconst:200,attr:dataattr:status_codecmp:Eqcmp:Incmp:NotInconst:200,Later-phase test exercises the same call surface and its semantic assertion atoms are a superset of the older test. This is a candidate only; source review is required before deletion.,False
R3-00261,superseded_candidate,tests/test_phase123_5a_web_applicability_volume.py::test_phase123_5a_rule_families_are_collapsed_by_default,tests/test_phase132_9_web_group_proof_modes.py::test_phase132_9_web_outline_post_uses_structured_rendered_lines,123,132,_build_test_clientclient.post,attr:dataattr:status_codecmp:Eqcmp:Incmp:NotInconst:200,attr:dataattr:status_codecmp:Eqcmp:Incmp:NotInconst:200,Later-phase test exercises the same call surface and its semantic assertion atoms are a superset of the older test. This is a candidate only; source review is required before deletion.,False
R3-00262,superseded_candidate,tests/test_phase123_5a_web_applicability_volume.py::test_phase123_5a_summary_counts_remain_full_result_counts,tests/test_phase125_4_web_generator_execution.py::test_phase125_4_web_candidate_selection_returns_result_and_proof,123,125,_build_test_clientclient.post,attr:dataattr:status_codecmp:Eqcmp:Inconst:200,attr:dataattr:status_codecmp:Eqcmp:Inconst:200,Later-phase test exercises the same call surface and its semantic assertion atoms are a superset of the older test. This is a candidate only; source review is required before deletion.,False
R3-00263,superseded_candidate,tests/test_phase123_5a_web_applicability_volume.py::test_phase123_5a_unknown_generator_remains_zero_result_without_truncation_notice,tests/test_phase132_9_web_group_proof_modes.py::test_phase132_9_web_outline_post_uses_structured_rendered_lines,123,132,_build_test_clientclient.post,attr:dataattr:status_codecmp:Eqcmp:Incmp:NotInconst:200,attr:dataattr:status_codecmp:Eqcmp:Incmp:NotInconst:200,Later-phase test exercises the same call surface and its semantic assertion atoms are a superset of the older test. This is a candidate only; source review is required before deletion.,False
R3-00264,superseded_candidate,tests/test_phase125_4_web_generator_execution.py::test_phase125_4_web_candidate_selection_returns_result_and_proof,tests/test_phase131_5_web_group_proof.py::test_phase131_5_group_proof_depth_validation_is_explicit,125,131,_build_test_clientclient.post,attr:dataattr:status_codecmp:Eqcmp:Inconst:200,attr:dataattr:status_codecmp:Eqcmp:Inconst:200,Later-phase test exercises the same call surface and its semantic assertion atoms are a superset of the older test. This is a candidate only; source review is required before deletion.,False
R3-00265,superseded_candidate,tests/test_phase125_4_web_generator_execution.py::test_phase125_4_web_none_is_normal_result,tests/test_phase131_5_web_group_proof.py::test_phase131_5_group_proof_depth_validation_is_explicit,125,131,_build_test_clientclient.post,attr:dataattr:status_codecmp:Eqcmp:Inconst:200,attr:dataattr:status_codecmp:Eqcmp:Inconst:200,Later-phase test exercises the same call surface and its semantic assertion atoms are a superset of the older test. This is a candidate only; source review is required before deletion.,False
R3-00266,superseded_candidate,tests/test_phase125_4_web_generator_execution.py::test_phase125_4_web_nu_prime_lists_executable_candidates,tests/test_phase131_5_web_group_proof.py::test_phase131_5_group_proof_depth_validation_is_explicit,125,131,_build_test_clientclient.post,attr:dataattr:status_codecmp:Eqcmp:Inconst:200,attr:dataattr:status_codecmp:Eqcmp:Inconst:200,Later-phase test exercises the same call surface and its semantic assertion atoms are a superset of the older test. This is a candidate only; source review is required before deletion.,False
R3-00267,superseded_candidate,tests/test_phase131_5_web_group_proof.py::test_phase131_5_domain_only_result_has_no_proof_button,tests/test_phase132_9_web_group_proof_modes.py::test_phase132_9_web_outline_post_uses_structured_rendered_lines,131,132,_build_test_clientclient.post,attr:dataattr:status_codecmp:Eqcmp:NotInconst:200,attr:dataattr:status_codecmp:Eqcmp:Incmp:NotInconst:200,Later-phase test exercises the same call surface and its semantic assertion atoms are a superset of the older test. This is a candidate only; source review is required before deletion.,False
R3-00268,superseded_candidate,tests/test_phase131_5_web_group_proof.py::test_phase131_5_group_proof_depth_validation_is_explicit,tests/test_phase132_9_web_group_proof_modes.py::test_phase132_9_group_result_form_exposes_mode_selector,131,132,_build_test_clientclient.post,attr:dataattr:status_codecmp:Eqcmp:Inconst:200,attr:dataattr:status_codecmp:Eqcmp:Inconst:200,Later-phase test exercises the same call surface and its semantic assertion atoms are a superset of the older test. This is a candidate only; source review is required before deletion.,False
R3-00269,superseded_candidate,tests/test_phase131_5_web_group_proof.py::test_phase131_5_group_proof_post_keeps_result_and_shows_proof,tests/test_phase132_9_web_group_proof_modes.py::test_phase132_9_group_result_form_exposes_mode_selector,131,132,_build_test_clientclient.post,attr:dataattr:status_codecmp:Eqcmp:Inconst:200,attr:dataattr:status_codecmp:Eqcmp:Inconst:200,Later-phase test exercises the same call surface and its semantic assertion atoms are a superset of the older test. This is a candidate only; source review is required before deletion.,False
R3-00270,superseded_candidate,tests/test_phase131_5_web_group_proof.py::test_phase131_5_group_result_shows_proof_button,tests/test_phase132_9_web_group_proof_modes.py::test_phase132_9_group_result_form_exposes_mode_selector,131,132,_build_test_clientclient.post,attr:dataattr:status_codecmp:Eqcmp:Inconst:200,attr:dataattr:status_codecmp:Eqcmp:Inconst:200,Later-phase test exercises the same call surface and its semantic assertion atoms are a superset of the older test. This is a candidate only; source review is required before deletion.,False
R3-00271,superseded_candidate,tests/test_phase132_9_web_group_proof_modes.py::test_phase132_9_group_result_form_exposes_mode_selector,tests/test_phase135_1_web_narrative_display_math.py::test_phase135_1_pi6_3_web_html_uses_data_latex_for_narrative_display_math,132,135,_build_test_clientclient.post,attr:dataattr:status_codecmp:Eqcmp:Inconst:200,attr:dataattr:status_codecmp:Eqcmp:Inconst:200,Later-phase test exercises the same call surface and its semantic assertion atoms are a superset of the older test. This is a candidate only; source review is required before deletion.,False
R3-00272,superseded_candidate,tests/test_phase132_9_web_group_proof_modes.py::test_phase132_9_web_narrative_post_uses_structured_rendered_lines,tests/test_phase135_1_web_narrative_display_math.py::test_phase135_1_pi6_3_web_html_uses_data_latex_for_narrative_display_math,132,135,_build_test_clientclient.post,attr:dataattr:status_codecmp:Eqcmp:Inconst:200,attr:dataattr:status_codecmp:Eqcmp:Inconst:200,Later-phase test exercises the same call surface and its semantic assertion atoms are a superset of the older test. This is a candidate only; source review is required before deletion.,False
R3-00273,superseded_candidate,tests/test_phase132_9_web_group_proof_modes.py::test_phase132_9_web_outline_post_uses_structured_rendered_lines,tests/test_phase135_2_web_narrative_inline_formatting.py::test_phase135_2_web_narrative_renders_emphasis_and_inline_math,132,135,_build_test_clientclient.post,attr:dataattr:status_codecmp:Eqcmp:Incmp:NotInconst:200,attr:dataattr:status_codecmp:Eqcmp:Incmp:NotInconst:200,Later-phase test exercises the same call surface and its semantic assertion atoms are a superset of the older test. This is a candidate only; source review is required before deletion.,False
R3-00274,superseded_candidate,tests/test_phase132_9_web_group_proof_modes.py::test_phase132_9_web_post_rejects_unknown_mode_explicitly,tests/test_phase135_1_web_narrative_display_math.py::test_phase135_1_pi6_3_web_html_uses_data_latex_for_narrative_display_math,132,135,_build_test_clientclient.post,attr:dataattr:status_codecmp:Eqcmp:Inconst:200,attr:dataattr:status_codecmp:Eqcmp:Inconst:200,Later-phase test exercises the same call surface and its semantic assertion atoms are a superset of the older test. This is a candidate only; source review is required before deletion.,False
R3-00275,superseded_candidate,tests/test_phase132_9_web_group_proof_modes.py::test_phase132_9_web_trace_post_preserves_existing_trace_view,tests/test_phase135_2_web_narrative_inline_formatting.py::test_phase135_2_web_narrative_renders_emphasis_and_inline_math,132,135,_build_test_clientclient.post,attr:dataattr:status_codecmp:Eqcmp:Incmp:NotInconst:200,attr:dataattr:status_codecmp:Eqcmp:Incmp:NotInconst:200,Later-phase test exercises the same call surface and its semantic assertion atoms are a superset of the older test. This is a candidate only; source review is required before deletion.,False
R3-00276,superseded_candidate,tests/test_phase135_1_web_narrative_display_math.py::test_phase135_1_pi6_3_web_html_uses_data_latex_for_narrative_display_math,tests/test_phase145_group_proof_defaults.py::test_phase145_web_explicit_trace_depth1_is_preserved,135,145,_build_test_clientclient.post,attr:dataattr:status_codecmp:Eqcmp:Inconst:200,attr:dataattr:status_codecmp:Eqcmp:Inconst:200,Later-phase test exercises the same call surface and its semantic assertion atoms are a superset of the older test. This is a candidate only; source review is required before deletion.,False
R3-00277,superseded_candidate,tests/test_phase135_3_web_narrative_readability.py::test_phase135_3_narrative_keeps_inline_math_segment_class,tests/test_phase145_group_proof_defaults.py::test_phase145_web_explicit_trace_depth1_is_preserved,135,145,_build_test_clientclient.post,attr:dataattr:status_codecmp:Eqcmp:Inconst:200,attr:dataattr:status_codecmp:Eqcmp:Inconst:200,Later-phase test exercises the same call surface and its semantic assertion atoms are a superset of the older test. This is a candidate only; source review is required before deletion.,False
R3-00278,superseded_candidate,tests/test_phase130_sigma9_standard_query.py::test_phase130_11_pi16_9_standard_query_is_found,tests/test_phase153_generic_concrete_proof_scope_recovery.py::test_phase153_generic_concrete_recovery_keeps_stable_specialization_fallback,130,153,TodaGroupQuerybuild_known_toda_calculation_resultbuild_standard_production_proof_repository,attr:FOUNDattr:candidatesattr:statuscall:lencmp:Eqcmp:Isconst:1,attr:FOUNDattr:candidatesattr:keyattr:phaseattr:source_entryattr:statusattr:theoremcall:lencmp:Eqcmp:Isconst:1str:65str:Toda Proposition 5.6str:standard.toda.stable::nu_6_specialization,Later-phase test exercises the same call surface and its semantic assertion atoms are a superset of the older test. This is a candidate only; source review is required before deletion.,False
R3-00279,superseded_candidate,tests/test_phase130_k456_specialization.py::test_phase130_8_repository_roots_remain_unchanged,tests/test_phase153_generic_concrete_proof_scope_recovery.py::test_phase153_generic_concrete_recovery_does_not_mutate_repository_roots,130,153,TodaGroupQuerybuild_known_toda_calculation_resultbuild_standard_production_proof_repositoryrepository.entries,cmp:Eqstr:standard.toda.prop511str:standard.toda.prop515str:standard.toda.prop56str:standard.toda.prop58,cmp:Eqstr:standard.toda.prop511str:standard.toda.prop515str:standard.toda.prop56str:standard.toda.prop58,Later-phase test exercises the same call surface and its semantic assertion atoms are a superset of the older test. This is a candidate only; source review is required before deletion.,False
R3-00280,superseded_candidate,tests/test_phase130_sigma9_standard_query.py::test_phase130_11_repository_roots_remain_unchanged,tests/test_phase153_generic_concrete_proof_scope_recovery.py::test_phase153_generic_concrete_recovery_does_not_mutate_repository_roots,130,153,TodaGroupQuerybuild_known_toda_calculation_resultbuild_standard_production_proof_repositoryrepository.entries,cmp:Eqstr:standard.toda.prop511str:standard.toda.prop515str:standard.toda.prop56str:standard.toda.prop58,cmp:Eqstr:standard.toda.prop511str:standard.toda.prop515str:standard.toda.prop56str:standard.toda.prop58,Later-phase test exercises the same call surface and its semantic assertion atoms are a superset of the older test. This is a candidate only; source review is required before deletion.,False
R3-00281,superseded_candidate,tests/test_phase130_stable_group_specialization.py::test_phase130_6_standard_repository_roots_remain_unchanged,tests/test_phase153_generic_concrete_proof_scope_recovery.py::test_phase153_generic_concrete_recovery_does_not_mutate_repository_roots,130,153,TodaGroupQuerybuild_known_toda_calculation_resultbuild_standard_production_proof_repositoryrepository.entries,cmp:Eqstr:standard.toda.prop511str:standard.toda.prop515str:standard.toda.prop56str:standard.toda.prop58,cmp:Eqstr:standard.toda.prop511str:standard.toda.prop515str:standard.toda.prop56str:standard.toda.prop58,Later-phase test exercises the same call surface and its semantic assertion atoms are a superset of the older test. This is a candidate only; source review is required before deletion.,False
R3-00282,superseded_candidate,tests/test_phase143_30_exactness_method_transition.py::test_phase143_30_pi6_3_group_structure_renders_exactness_transition,tests/test_phase154_r6_2_repair1_missing_shared_sources.py::test_phase154_r6_2_repair1_exactness_transition_uses_ascii_comma,143,154,_transition_data,"cmp:Eqcmp:IsNotstr:そのために, 次の完全列を考える.","cmp:Eqcmp:IsNotstr:そのために, 次の完全列を考える.",Later-phase test exercises the same call surface and its semantic assertion atoms are a superset of the older test. This is a candidate only; source review is required before deletion.,False
R3-00283,superseded_candidate,tests/test_phase143_30_exactness_method_transition.py::test_phase143_30_pi8_5_detached_nu_prime_order_renders_transition,tests/test_phase154_r6_2_repair1_missing_shared_sources.py::test_phase154_r6_2_repair1_exactness_transition_uses_ascii_comma,143,154,_transition_data,"cmp:Eqcmp:IsNotstr:そのために, 次の完全列を考える.","cmp:Eqcmp:IsNotstr:そのために, 次の完全列を考える.",Later-phase test exercises the same call surface and its semantic assertion atoms are a superset of the older test. This is a candidate only; source review is required before deletion.,False
R3-00284,superseded_candidate,tests/test_phase148_rc2_4_post_repair_six_group.py::test_phase148_rc2_4_post_repair_pi6_3_retains_numbered_calculation_chain,tests/test_phase149_rc3_3_minimal_ordering.py::test_phase149_rc3_3_pi6_3_calculation_chain_remains_numbered,148,149,_case_data,"cmp:Instr:(1) と (2) より,str:\tag{1}str:\tag{2}str:\tag{3}","cmp:Instr:(1) と (2) より,str:\tag{1}str:\tag{2}str:\tag{3}",Later-phase test exercises the same call surface and its semantic assertion atoms are a superset of the older test. This is a candidate only; source review is required before deletion.,False
R3-00285,superseded_candidate,tests/test_phase153_r3_11_reference_body_ownership_repair.py::test_phase153_r3_11_preserves_surrounding_prose_when_replacing_embedded_statement,tests/test_phase154_r2_fix3_reference_marker_completion.py::test_phase154_r2_fix3_keeps_reference_marker_with_following_prose,153,154,suppress_toda_group_proof_narrative_reference_body_duplicates,"cmp:Eqstr:まず, [R2]を確認し, 次の計算へ進む.","cmp:Eqstr:まず, [R2]を確認し, 次の計算へ進む.",Later-phase test exercises the same call surface and its semantic assertion atoms are a superset of the older test. This is a candidate only; source review is required before deletion.,False
R3-00286,superseded_candidate,tests/test_phase39_primary_component.py::test_phase39_4_primary_component_prime_typing_remains_integer,tests/test_phase78_stable_group_representation.py::test_phase78_4_stable_primary_component_type_hints_are_explicit,39,78,get_type_hints,cmp:Isstr:prime,cmp:Isstr:groupstr:prime,Later-phase test exercises the same call surface and its semantic assertion atoms are a superset of the older test. This is a candidate only; source review is required before deletion.,False
R3-00287,superseded_candidate,tests/test_phase39_primary_component.py::test_phase39_4_primary_component_uses_existing_scalar_value_dimension_types,tests/test_phase40_toda_primary_group.py::test_phase40_1_homotopy_group_membership_uses_same_scalar_value_dimensions,39,40,get_type_hints,cmp:Eqstr:group_dimensionstr:sphere_dimension,cmp:Eqstr:group_dimensionstr:sphere_dimension,Later-phase test exercises the same call surface and its semantic assertion atoms are a superset of the older test. This is a candidate only; source review is required before deletion.,False
R3-00288,superseded_candidate,tests/test_phase40_toda_primary_group.py::test_phase40_1_homotopy_group_membership_uses_same_scalar_value_dimensions,tests/test_phase45_toda_prop42_compatibility.py::test_phase45_1_primary_component_dimensions_use_scalar_value,40,45,get_type_hints,cmp:Eqstr:group_dimensionstr:sphere_dimension,cmp:Eqstr:group_dimensionstr:sphere_dimension,Later-phase test exercises the same call surface and its semantic assertion atoms are a superset of the older test. This is a candidate only; source review is required before deletion.,False
R3-00289,superseded_candidate,tests/test_phase40_toda_primary_group.py::test_phase40_4_toda_primary_group_uses_existing_scalar_value_dimension_types,tests/test_phase45_toda_prop42_compatibility.py::test_phase45_1_primary_component_dimensions_use_scalar_value,40,45,get_type_hints,cmp:Eqstr:group_dimensionstr:sphere_dimension,cmp:Eqstr:group_dimensionstr:sphere_dimension,Later-phase test exercises the same call surface and its semantic assertion atoms are a superset of the older test. This is a candidate only; source review is required before deletion.,False
R3-00290,superseded_candidate,tests/test_phase41_preimage_subgroup.py::test_phase41_2_preimage_subgroup_uses_map_symbol,tests/test_phase46_toda_45_applicability_compatibility.py::test_phase46_5_generic_injective_statement_map_is_still_map_symbol,41,46,get_type_hints,cmp:Isstr:map,cmp:Isstr:map,Later-phase test exercises the same call surface and its semantic assertion atoms are a superset of the older test. This is a candidate only; source review is required before deletion.,False
R3-00291,superseded_candidate,tests/test_phase41_preimage_subgroup.py::test_phase41_2_preimage_subgroup_uses_primary_component_target,tests/test_phase47_toda_prop44_compatibility.py::test_phase47_1_preimage_subgroup_remains_primary_component_structure,41,47,get_type_hints,cmp:Isstr:subgroup,cmp:Isstr:mapstr:subgroup,Later-phase test exercises the same call surface and its semantic assertion atoms are a superset of the older test. This is a candidate only; source review is required before deletion.,False
R3-00292,superseded_candidate,tests/test_phase41_preimage_subgroup.py::test_phase41_4_preimage_subgroup_map_type_remains_map_symbol,tests/test_phase46_toda_45_applicability_compatibility.py::test_phase46_5_generic_injective_statement_map_is_still_map_symbol,41,46,get_type_hints,cmp:Isstr:map,cmp:Isstr:map,Later-phase test exercises the same call surface and its semantic assertion atoms are a superset of the older test. This is a candidate only; source review is required before deletion.,False
R3-00293,superseded_candidate,tests/test_phase41_preimage_subgroup.py::test_phase41_4_preimage_subgroup_target_type_remains_primary_component,tests/test_phase47_toda_prop44_compatibility.py::test_phase47_1_preimage_subgroup_remains_primary_component_structure,41,47,get_type_hints,cmp:Isstr:subgroup,cmp:Isstr:mapstr:subgroup,Later-phase test exercises the same call surface and its semantic assertion atoms are a superset of the older test. This is a candidate only; source review is required before deletion.,False
R3-00294,superseded_candidate,tests/test_phase46_toda_45_applicability_compatibility.py::test_phase46_5_generic_injective_statement_map_is_still_map_symbol,tests/test_phase47_toda_prop44_applicability_compatibility.py::test_phase47_5_generic_isomorphism_statement_map_remains_map_symbol,46,47,get_type_hints,cmp:Isstr:map,cmp:Isstr:map,Later-phase test exercises the same call surface and its semantic assertion atoms are a superset of the older test. This is a candidate only; source review is required before deletion.,False
R3-00295,superseded_candidate,tests/test_phase46_toda_45_applicability_compatibility.py::test_phase46_5_generic_isomorphism_statement_map_is_still_map_symbol,tests/test_phase47_toda_prop44_applicability_compatibility.py::test_phase47_5_generic_injective_statement_map_remains_map_symbol,46,47,get_type_hints,cmp:Isstr:map,cmp:Isstr:map,Later-phase test exercises the same call surface and its semantic assertion atoms are a superset of the older test. This is a candidate only; source review is required before deletion.,False
R3-00296,superseded_candidate,tests/test_phase46_toda_45_suspension_map.py::test_phase46_3_map_source_group_uses_toda_primary_group,tests/test_phase47_toda_prop44_compatibility.py::test_phase47_1_toda_iterated_suspension_map_source_is_single_toda_group,46,47,get_type_hints,cmp:Isstr:source_group,cmp:Isstr:source_groupstr:target_group,Later-phase test exercises the same call surface and its semantic assertion atoms are a superset of the older test. This is a candidate only; source review is required before deletion.,False
R3-00297,superseded_candidate,tests/test_phase46_toda_45_suspension_map.py::test_phase46_3_map_target_group_uses_toda_primary_group,tests/test_phase47_toda_prop44_compatibility.py::test_phase47_1_toda_iterated_suspension_map_source_is_single_toda_group,46,47,get_type_hints,cmp:Isstr:target_group,cmp:Isstr:source_groupstr:target_group,Later-phase test exercises the same call surface and its semantic assertion atoms are a superset of the older test. This is a candidate only; source review is required before deletion.,False
R3-00298,superseded_candidate,tests/test_phase47_toda_prop44_applicability_compatibility.py::test_phase47_5_generic_injective_statement_map_remains_map_symbol,tests/test_phase48_toda_prop44_e_injective_theorem.py::test_phase48_4_injective_statement_map_type,47,48,get_type_hints,cmp:Isstr:map,cmp:Isstr:map,Later-phase test exercises the same call surface and its semantic assertion atoms are a superset of the older test. This is a candidate only; source review is required before deletion.,False
R3-00299,superseded_candidate,tests/test_phase47_toda_prop44_applicability_compatibility.py::test_phase47_5_generic_isomorphism_statement_map_remains_map_symbol,tests/test_phase48_toda_prop44_e_injective_theorem.py::test_phase48_4_injective_statement_map_type,47,48,get_type_hints,cmp:Isstr:map,cmp:Isstr:map,Later-phase test exercises the same call surface and its semantic assertion atoms are a superset of the older test. This is a candidate only; source review is required before deletion.,False
R3-00300,superseded_candidate,tests/test_phase47_toda_prop44_compatibility.py::test_phase47_1_toda_iterated_suspension_map_source_is_single_toda_group,tests/test_phase48_toda_prop44_e_map.py::test_phase48_2_iterated_suspension_map_contract_remains_unchanged,47,48,get_type_hints,cmp:Isstr:source_groupstr:target_group,cmp:Incmp:Isstr:exponentstr:source_groupstr:target_group,Later-phase test exercises the same call surface and its semantic assertion atoms are a superset of the older test. This is a candidate only; source review is required before deletion.,False
R3-00301,superseded_candidate,tests/test_phase47_toda_prop44_decomposition_map.py::test_phase47_3_map_source_group_uses_direct_sum_group,tests/test_phase48_toda_prop44_e_map.py::test_phase48_2_iterated_suspension_map_contract_remains_unchanged,47,48,get_type_hints,cmp:Isstr:source_group,cmp:Incmp:Isstr:exponentstr:source_groupstr:target_group,Later-phase test exercises the same call surface and its semantic assertion atoms are a superset of the older test. This is a candidate only; source review is required before deletion.,False
R3-00302,superseded_candidate,tests/test_phase47_toda_prop44_decomposition_map.py::test_phase47_3_map_target_group_uses_toda_primary_group,tests/test_phase48_toda_prop44_e_map.py::test_phase48_2_iterated_suspension_map_contract_remains_unchanged,47,48,get_type_hints,cmp:Isstr:target_group,cmp:Incmp:Isstr:exponentstr:source_groupstr:target_group,Later-phase test exercises the same call surface and its semantic assertion atoms are a superset of the older test. This is a candidate only; source review is required before deletion.,False
R3-00303,superseded_candidate,tests/test_phase47_toda_prop44_toda_membership.py::test_phase47_4a_membership_element_uses_expression,tests/test_phase50_low_dimensional_delta_facts.py::test_phase50_4b_delta_statement_element_uses_expression,47,50,get_type_hints,cmp:Isstr:element,cmp:Isstr:element,Later-phase test exercises the same call surface and its semantic assertion atoms are a superset of the older test. This is a candidate only; source review is required before deletion.,False
R3-00304,superseded_candidate,tests/test_phase47_toda_prop44_toda_membership.py::test_phase47_4a_membership_group_uses_toda_primary_group,tests/test_phase49_low_dimensional_facts.py::test_phase49_2_zero_group_statement_uses_toda_primary_group,47,49,get_type_hints,cmp:Isstr:group,cmp:Isstr:group,Later-phase test exercises the same call surface and its semantic assertion atoms are a superset of the older test. This is a candidate only; source review is required before deletion.,False
R3-00305,superseded_candidate,tests/test_phase48_toda_prop44_e_injective_theorem.py::test_phase48_4_injective_statement_map_type,tests/test_phase49_concrete_pi3_2_compatibility.py::test_phase49_1_generic_injective_statement_uses_map_symbol,48,49,get_type_hints,cmp:Isstr:map,cmp:Isstr:map,Later-phase test exercises the same call surface and its semantic assertion atoms are a superset of the older test. This is a candidate only; source review is required before deletion.,False
R3-00306,superseded_candidate,tests/test_phase48_toda_prop44_e_injectivity_compatibility.py::test_phase48_1_generic_injective_statement_map_type_remains_map_symbol,tests/test_phase49_concrete_pi3_2_compatibility.py::test_phase49_1_generic_isomorphism_statement_uses_map_symbol,48,49,get_type_hints,cmp:Isstr:map,cmp:Isstr:map,Later-phase test exercises the same call surface and its semantic assertion atoms are a superset of the older test. This is a candidate only; source review is required before deletion.,False
R3-00307,superseded_candidate,tests/test_phase48_toda_prop44_e_injectivity_compatibility.py::test_phase48_1_generic_isomorphism_statement_map_type_remains_map_symbol,tests/test_phase49_concrete_pi3_2_compatibility.py::test_phase49_1_generic_injective_statement_uses_map_symbol,48,49,get_type_hints,cmp:Isstr:map,cmp:Isstr:map,Later-phase test exercises the same call surface and its semantic assertion atoms are a superset of the older test. This is a candidate only; source review is required before deletion.,False
R3-00308,superseded_candidate,tests/test_phase48_toda_prop44_e_map.py::test_phase48_2_suspension_map_source_group_uses_toda_primary_group,tests/test_phase49_delta_hopf_surjectivity.py::test_phase49_4_delta_map_source_type,48,49,get_type_hints,cmp:Isstr:source_group,cmp:Isstr:source_group,Later-phase test exercises the same call surface and its semantic assertion atoms are a superset of the older test. This is a candidate only; source review is required before deletion.,False
R3-00309,superseded_candidate,tests/test_phase48_toda_prop44_e_map.py::test_phase48_2_suspension_map_target_group_uses_toda_primary_group,tests/test_phase49_delta_hopf_surjectivity.py::test_phase49_4_delta_map_target_type,48,49,get_type_hints,cmp:Isstr:target_group,cmp:Isstr:target_group,Later-phase test exercises the same call surface and its semantic assertion atoms are a superset of the older test. This is a candidate only; source review is required before deletion.,False
R3-00310,superseded_candidate,tests/test_phase49_concrete_pi3_2_compatibility.py::test_phase49_1_generic_injective_statement_uses_map_symbol,tests/test_phase50_low_dimensional_delta_facts.py::test_phase50_4b_delta_statement_map_uses_specific_delta_map,49,50,get_type_hints,cmp:Isstr:map,cmp:Isstr:map,Later-phase test exercises the same call surface and its semantic assertion atoms are a superset of the older test. This is a candidate only; source review is required before deletion.,False
R3-00311,superseded_candidate,tests/test_phase49_concrete_pi3_2_compatibility.py::test_phase49_1_generic_isomorphism_statement_uses_map_symbol,tests/test_phase50_low_dimensional_delta_facts.py::test_phase50_4b_delta_statement_map_uses_specific_delta_map,49,50,get_type_hints,cmp:Isstr:map,cmp:Isstr:map,Later-phase test exercises the same call surface and its semantic assertion atoms are a superset of the older test. This is a candidate only; source review is required before deletion.,False
R3-00312,superseded_candidate,tests/test_phase49_delta_hopf_surjectivity.py::test_phase49_4_delta_zero_statement_uses_specific_map,tests/test_phase50_low_dimensional_delta_facts.py::test_phase50_4b_delta_statement_map_uses_specific_delta_map,49,50,get_type_hints,cmp:Isstr:map,cmp:Isstr:map,Later-phase test exercises the same call surface and its semantic assertion atoms are a superset of the older test. This is a candidate only; source review is required before deletion.,False
R3-00313,superseded_candidate,tests/test_phase49_delta_hopf_surjectivity.py::test_phase49_4_hopf_surjective_statement_uses_specific_map,tests/test_phase50_low_dimensional_delta_facts.py::test_phase50_4b_delta_statement_map_uses_specific_delta_map,49,50,get_type_hints,cmp:Isstr:map,cmp:Isstr:map,Later-phase test exercises the same call surface and its semantic assertion atoms are a superset of the older test. This is a candidate only; source review is required before deletion.,False
R3-00314,superseded_candidate,tests/test_phase49_delta_hopf_surjectivity.py::test_phase49_4_suspension_injective_statement_uses_specific_map,tests/test_phase50_low_dimensional_delta_facts.py::test_phase50_4b_delta_statement_map_uses_specific_delta_map,49,50,get_type_hints,cmp:Isstr:map,cmp:Isstr:map,Later-phase test exercises the same call surface and its semantic assertion atoms are a superset of the older test. This is a candidate only; source review is required before deletion.,False
R3-00315,superseded_candidate,tests/test_phase49_hopf_injectivity.py::test_phase49_3_injective_statement_uses_specific_hopf_map,tests/test_phase50_low_dimensional_delta_facts.py::test_phase50_4b_delta_statement_map_uses_specific_delta_map,49,50,get_type_hints,cmp:Isstr:map,cmp:Isstr:map,Later-phase test exercises the same call surface and its semantic assertion atoms are a superset of the older test. This is a candidate only; source review is required before deletion.,False
R3-00316,superseded_candidate,tests/test_phase49_hopf_isomorphism.py::test_phase49_5_isomorphism_statement_uses_specific_hopf_map,tests/test_phase50_low_dimensional_delta_facts.py::test_phase50_4b_delta_statement_map_uses_specific_delta_map,49,50,get_type_hints,cmp:Isstr:map,cmp:Isstr:map,Later-phase test exercises the same call surface and its semantic assertion atoms are a superset of the older test. This is a candidate only; source review is required before deletion.,False
R3-00317,superseded_candidate,tests/test_phase49_low_dimensional_facts.py::test_phase49_2_suspension_isomorphism_statement_uses_specific_map,tests/test_phase50_low_dimensional_delta_facts.py::test_phase50_4b_delta_statement_map_uses_specific_delta_map,49,50,get_type_hints,cmp:Isstr:map,cmp:Isstr:map,Later-phase test exercises the same call surface and its semantic assertion atoms are a superset of the older test. This is a candidate only; source review is required before deletion.,False
R3-00318,superseded_candidate,tests/test_phase49_low_dimensional_facts.py::test_phase49_2_zero_group_statement_uses_toda_primary_group,tests/test_phase78_stable_group_representation.py::test_phase78_4_stable_primary_component_type_hints_are_explicit,49,78,get_type_hints,cmp:Isstr:group,cmp:Isstr:groupstr:prime,Later-phase test exercises the same call surface and its semantic assertion atoms are a superset of the older test. This is a candidate only; source review is required before deletion.,False
R3-00319,superseded_candidate,tests/test_phase39_primary_component.py::test_phase39_4_concrete_primary_component_matches_existing_dimension_representation,tests/test_phase40_toda_primary_group.py::test_phase40_1_primary_component_and_homotopy_group_membership_share_concrete_dimensions,39,40,HomotopyElementHomotopyGroupMembershipStatementPrimaryComponent,attr:group_dimensionattr:sphere_dimensioncmp:Eq,attr:group_dimensionattr:sphere_dimensioncmp:Eq,Later-phase test exercises the same call surface and its semantic assertion atoms are a superset of the older test. This is a candidate only; source review is required before deletion.,False
R3-00320,superseded_candidate,tests/test_phase40_toda_primary_group.py::test_phase40_5_toda_primary_group_has_no_preimage_representation,tests/test_phase41_preimage_subgroup.py::test_phase41_5_toda_primary_group_has_no_preimage_conversion,40,41,TodaPrimaryGrouphasattr,call:hasattrstr:preimagestr:preimage_subgroup,call:hasattrstr:preimagestr:preimage_subgroupstr:to_preimage_subgroup,Later-phase test exercises the same call surface and its semantic assertion atoms are a superset of the older test. This is a candidate only; source review is required before deletion.,False
R3-00321,superseded_candidate,tests/test_phase44_toda_lemma41_case_semantics.py::test_phase44_3_zero_case_direct_sum_is_lossless,tests/test_phase47_toda_prop44_decomposition_groups.py::test_phase47_2_existing_phase44_direct_sum_shape_remains_representable,44,47,DirectSumGroupFreeCyclicGroupHomotopyElementPrimaryComponentScalarProductScalarSumScalarSymbol,attr:summandscmp:Eq,attr:summandscall:FreeCyclicGroupcall:PrimaryComponentcmp:Eqconst:2,Later-phase test exercises the same call surface and its semantic assertion atoms are a superset of the older test. This is a candidate only; source review is required before deletion.,False
R3-00322,superseded_candidate,tests/test_phase48_toda_prop44_e_injectivity_compatibility.py::test_phase48_1_generic_injective_statement_accepts_canonical_e,tests/test_phase49_concrete_pi3_2_compatibility.py::test_phase49_1_generic_h_injectivity_is_representable,48,49,InjectiveMapStatement,attr:mapcmp:Eq,attr:mapcmp:Eq,Later-phase test exercises the same call surface and its semantic assertion atoms are a superset of the older test. This is a candidate only; source review is required before deletion.,False
R3-00323,superseded_candidate,tests/test_phase65_probe.py::test_phase65_probe_does_not_claim_automatic_narrative,tests/test_phase66_probe.py::test_phase66_probe_output_contains_completion_boundary,65,66,capsys.readouterrmain,cmp:Instr:automatic proof narrative generation,cmp:Instr:Phase 66 completion boundarystr:automatic proof narrative generationstr:persistent Proof Repository,Later-phase test exercises the same call surface and its semantic assertion atoms are a superset of the older test. This is a candidate only; source review is required before deletion.,False
R3-00324,superseded_candidate,tests/test_phase65_probe.py::test_phase65_probe_output_contains_provenance,tests/test_phase66_probe.py::test_phase66_probe_output_contains_provenance,65,66,capsys.readouterrmain,cmp:Instr:Provenance / integrationstr:final aggregate derived = Truestr:theorem dependencies are INFERENCE = True,cmp:Instr:Provenance / integrationstr:final aggregate derived = Truestr:final aggregate is GIVEN = Falsestr:theorem dependencies are INFERENCE = True,Later-phase test exercises the same call surface and its semantic assertion atoms are a superset of the older test. This is a candidate only; source review is required before deletion.,False
R3-00325,superseded_candidate,tests/test_phase66_probe.py::test_phase66_probe_output_contains_fixed_point,tests/test_phase67_probe.py::test_phase67_probe_output_contains_given_inference_boundary,66,67,capsys.readouterrmain,cmp:Instr:fixed point = True,cmp:Instr:Phase 66 dependency used = Falsestr:all final premises are INFERENCE = Truestr:final result is GIVEN = Falsestr:fixed point = Truestr:structural window remains GIVEN = True,Later-phase test exercises the same call surface and its semantic assertion atoms are a superset of the older test. This is a candidate only; source review is required before deletion.,False
R3-00326,superseded_candidate,tests/test_phase68_probe.py::test_phase68_probe_output_contains_fixed_point,tests/test_phase70_probe.py::test_phase70_probe_output_contains_staged_one_shot_boundary,68,70,capsys.readouterrmain,cmp:Instr:fixed point = True,cmp:Incmp:NotInstr:fixed point = Truestr:staged one-shot aggregate = True,Later-phase test exercises the same call surface and its semantic assertion atoms are a superset of the older test. This is a candidate only; source review is required before deletion.,False
R3-00327,superseded_candidate,tests/test_phase69_probe.py::test_phase69_probe_output_contains_fixed_point,tests/test_phase70_probe.py::test_phase70_probe_output_contains_staged_one_shot_boundary,69,70,capsys.readouterrmain,cmp:Instr:fixed point = True,cmp:Incmp:NotInstr:fixed point = Truestr:staged one-shot aggregate = True,Later-phase test exercises the same call surface and its semantic assertion atoms are a superset of the older test. This is a candidate only; source review is required before deletion.,False
R3-00328,superseded_candidate,tests/test_phase70_probe.py::test_phase70_probe_output_contains_proof_style_heading,tests/test_phase76_probe.py::test_phase76_probe_output_contains_derivation,70,76,capsys.readouterrmain,cmp:Instr:Proof-style derivation,cmp:Instr:Proof-style derivationstr:[1] Phase 75 inputstr:[2] Suspension kernelstr:[3] Toda Proposition 4.2 exactnessstr:[4] Diagonal source generatorstr:[5] Toda Equation (5.16),Later-phase test exercises the same call surface and its semantic assertion atoms are a superset of the older test. This is a candidate only; source review is required before deletion.,False
R3-00329,superseded_candidate,tests/test_phase71_probe.py::test_phase71_probe_output_contains_proof_style_heading,tests/test_phase76_probe.py::test_phase76_probe_output_contains_derivation,71,76,capsys.readouterrmain,cmp:Instr:Proof-style derivation,cmp:Instr:Proof-style derivationstr:[1] Phase 75 inputstr:[2] Suspension kernelstr:[3] Toda Proposition 4.2 exactnessstr:[4] Diagonal source generatorstr:[5] Toda Equation (5.16),Later-phase test exercises the same call surface and its semantic assertion atoms are a superset of the older test. This is a candidate only; source review is required before deletion.,False
R3-00330,superseded_candidate,tests/test_phase71_probe.py::test_phase71_probe_output_contains_provenance_heading,tests/test_phase74_probe.py::test_phase74_probe_output_contains_provenance,71,74,capsys.readouterrmain,cmp:Instr:Provenance / integration,cmp:Instr:Provenance / integrationstr:coefficient-stability branch derived = Truestr:final Lemma 5.12 derived = Truestr:final Lemma 5.12 is GIVEN = Falsestr:nonzero-anchor branch derived = Truestr:singleton-mod-two branch derived = True,Later-phase test exercises the same call surface and its semantic assertion atoms are a superset of the older test. This is a candidate only; source review is required before deletion.,False
R3-00331,superseded_candidate,tests/test_phase73_probe.py::test_phase73_probe_output_contains_proof_style_heading,tests/test_phase76_probe.py::test_phase76_probe_output_contains_derivation,73,76,capsys.readouterrmain,cmp:Instr:Proof-style derivation,cmp:Instr:Proof-style derivationstr:[1] Phase 75 inputstr:[2] Suspension kernelstr:[3] Toda Proposition 4.2 exactnessstr:[4] Diagonal source generatorstr:[5] Toda Equation (5.16),Later-phase test exercises the same call surface and its semantic assertion atoms are a superset of the older test. This is a candidate only; source review is required before deletion.,False
R3-00332,superseded_candidate,tests/test_phase73_probe.py::test_phase73_probe_output_contains_provenance_heading,tests/test_phase74_probe.py::test_phase74_probe_output_contains_provenance,73,74,capsys.readouterrmain,cmp:Instr:Provenance / integration,cmp:Instr:Provenance / integrationstr:coefficient-stability branch derived = Truestr:final Lemma 5.12 derived = Truestr:final Lemma 5.12 is GIVEN = Falsestr:nonzero-anchor branch derived = Truestr:singleton-mod-two branch derived = True,Later-phase test exercises the same call surface and its semantic assertion atoms are a superset of the older test. This is a candidate only; source review is required before deletion.,False
