file,line,area,classification,symbol,snippet
audit_phase144_6_r5_17d.py,141,production,rule_function_candidate,_rule_name,
audit_phase144_6_r5_17d_r1.py,76,production,rule_function_candidate,_rule_name,
audit_phase144_6_r5_28.py,228,production,rule_function_candidate,_candidate_owner_rule,
audit_phase144_6_r5_43_5.py,348,production,rule_function_candidate,_rule_name,
audit_phase144_6_r5_43_8.py,147,production,rule_function_candidate,_rule_name,
audit_phase144_6_r5_43_9.py,48,production,rule_function_candidate,_rule_name,
audit_phase162_r3a_presentation.py,81,production,explicit_entry_constructor,ProofRepositoryEntry,"ProofRepositoryEntry(key='phase162_r3a_audit_pi5_3', step=final, phase='162')"
audit_phase162_r3b_existing_renderer.py,30,production,explicit_entry_constructor,ProofRepositoryEntry,"ProofRepositoryEntry(key='phase162_r3b_audit_pi5_3', step=root, phase='162')"
audit_phase162_r3h.py,14,production,named_container_assignment,"(entries, summary)","(entries, summary) = build_phase162_r3h_inventory(presentation)"
audit_phase162_r3i.py,13,production,named_container_assignment,"(entries, report)","(entries, report) = build_phase162_r3i_sidecar_audit(presentation)"
audit_phase162_r3j.py,13,production,named_container_assignment,"(entries, report)","(entries, report) = build_phase162_r3j_inference_rule_audit(presentation)"
audit_phase162_r3k.py,15,production,named_container_assignment,"(entries, groups, report)","(entries, groups, report) = build_phase162_r3k_rule_meaning_audit(presentation)"
barratt_hilton_rules.py,36,production,statement_class_candidate,HomotopyGroupMembershipStatement,
barratt_hilton_rules.py,64,production,rule_function_candidate,barratt_hilton_first_inference_rule,
barratt_hilton_rules.py,187,production,rule_function_candidate,barratt_hilton_second_inference_rule,
barratt_hilton_rules.py,23,production,literature_reference_candidate,LiteratureReference,"LiteratureReference(label='Toda Prop.3.1', author='H. Toda', title='Composition Methods in Homotopy Groups of Spheres', year=1962, locator='Proposition 3.1')"
composition_facts.py,87,production,api_or_container_definition,ZeroCompositionFactRepository,
composition_facts.py,228,production,named_container_assignment,ZERO_COMPOSITION_FACT_REPOSITORY,"ZERO_COMPOSITION_FACT_REPOSITORY = ZeroCompositionFactRepository(facts=(ETA_3_E_NU_PRIME_ZERO_COMPOSITION_FACT, NU_PRIME_NU_6_ZERO_COMPOSITION_FACT))"
composition_facts.py,88,production,named_container_assignment,facts,"facts: tuple[Relation, ...] = ()"
composition_scalar_rules.py,31,production,statement_class_candidate,IdentityMapStatement,
composition_scalar_rules.py,35,production,rule_function_candidate,toda_2_1_right_multiple_inference_rule,
composition_scalar_rules.py,87,production,rule_function_candidate,right_identity_composition_inference_rule,
composition_scalar_rules.py,18,production,literature_reference_candidate,LiteratureReference,"LiteratureReference(label='Toda (2.1)', author='H. Toda', title='Composition Methods in Homotopy Groups of Spheres', year=1962, locator='(2.1)')"
ehp_rules.py,22,production,statement_class_candidate,EHPZeroCompositionStatement,
ehp_rules.py,27,production,rule_function_candidate,ehp_exactness_inference_rule,
ehp_rules.py,144,production,rule_function_candidate,ehp_exactness_image_implies_kernel_inference_rule,
ehp_rules.py,193,production,rule_function_candidate,ehp_exactness_kernel_implies_image_inference_rule,
ehp_rules.py,242,production,rule_function_candidate,ehp_exactness_implies_zero_composition_inference_rule,
ehp_rules.py,281,production,rule_function_candidate,ehp_zero_composition_implies_zero_relation_inference_rule,
formatter.py,98,production,rule_function_candidate,format_inference_rule,
generator_facts.py,33,production,api_or_container_definition,GeneratorFactRepository,
generator_facts.py,214,production,named_container_assignment,GENERATOR_FACT_REPOSITORY,"GENERATOR_FACT_REPOSITORY = GeneratorFactRepository(typing_facts=(ETA_3_TYPING_FACT, NU_PRIME_TYPING_FACT, NU_7_TYPING_FACT), ambient_group_facts=(ETA_3_AMBIENT_GROUP_FACT, NU_PRIME_AMBIENT_GROUP_FACT, NU_7_AMBIENT_GROUP_FACT))"
generator_facts.py,34,production,named_container_assignment,typing_facts,"typing_facts: tuple[GeneratorTypingFact, ...] = ()"
generator_facts.py,38,production,named_container_assignment,ambient_group_facts,"ambient_group_facts: tuple[GeneratorAmbientGroupFact, ...] = ()"
homomorphism_rules.py,25,production,statement_class_candidate,HomomorphismStatement,
homomorphism_rules.py,29,production,rule_function_candidate,homomorphism_preserves_addition_inference_rule,
homomorphism_rules.py,86,production,rule_function_candidate,homomorphism_preserves_zero_inference_rule,
homomorphism_rules.py,127,production,rule_function_candidate,homomorphism_preserves_inverse_inference_rule,
homomorphism_rules.py,180,production,rule_function_candidate,homomorphism_preserves_multiple_inference_rule,
homomorphism_rules.py,234,production,rule_function_candidate,suspension_is_homomorphism_inference_rule,
homomorphism_rules.py,248,production,rule_function_candidate,suspension_additivity_bridge_inference_rule,
homomorphism_rules.py,309,production,rule_function_candidate,suspension_multiple_bridge_inference_rule,
homomorphism_rules.py,365,production,rule_function_candidate,homomorphism_preserves_known_zero_inference_rule,
homotopy_groups.py,31,production,statement_class_candidate,FiniteHomotopyGroupStatement,
homotopy_groups.py,49,production,statement_class_candidate,PrimaryComponentMembershipStatement,
homotopy_groups.py,61,production,statement_class_candidate,TodaPrimaryGroupMembershipStatement,
homotopy_groups.py,85,production,statement_class_candidate,TodaPrimaryGroupZeroStatement,
homotopy_groups.py,90,production,statement_class_candidate,TodaSuspensionIsomorphismStatement,
hopf_facts.py,13,production,literature_reference_candidate,LiteratureReference,"LiteratureReference(label='Toda Prop.5.1', author='H. Toda', title='Composition Methods in Homotopy Groups of Spheres', year=1962, locator='Proposition 5.1')"
hopf_rules.py,30,production,statement_class_candidate,HopfInvariantStatement,
hopf_rules.py,38,production,statement_class_candidate,HopfCompositionLawStatement,
hopf_rules.py,44,production,statement_class_candidate,HopfLeftCompositionLawStatement,
hopf_rules.py,60,production,rule_function_candidate,toda_prop22_right_inference_rule,
hopf_rules.py,105,production,rule_function_candidate,toda_prop22_left_inference_rule,
hopf_rules.py,168,production,rule_function_candidate,hopf_invariant_statement_to_ehp_h_equality_inference_rule,
hopf_rules.py,209,production,rule_function_candidate,ehp_h_preserves_equality_inference_rule,
hopf_rules.py,244,production,rule_function_candidate,hopf_composition_law_inference_rule,
hopf_rules.py,281,production,rule_function_candidate,hopf_left_composition_law_inference_rule,
hopf_rules.py,327,production,rule_function_candidate,hopf_left_composition_formula_inference_rule,
hopf_rules.py,382,production,rule_function_candidate,hopf_composition_formula_inference_rule,
hopf_rules.py,438,production,rule_function_candidate,hopf_invariant_value_zero_inference_rule,
hopf_rules.py,502,production,rule_function_candidate,ehp_zero_composition_implies_suspended_hopf_zero_inference_rule,
hopf_rules.py,98,production,literature_reference_candidate,LiteratureReference,"LiteratureReference(label='Toda Proposition 2.2', locator='Proposition 2.2')"
indeterminacy_rules.py,25,production,statement_class_candidate,CosetMembershipStatement,
indeterminacy_rules.py,31,production,statement_class_candidate,SignIndeterminacyStatement,
indeterminacy_rules.py,37,production,statement_class_candidate,CoefficientIndeterminacyStatement,
indeterminacy_rules.py,43,production,rule_function_candidate,modulo_implies_coset_membership_inference_rule,
indeterminacy_rules.py,84,production,rule_function_candidate,equality_implies_sign_indeterminacy_inference_rule,
indeterminacy_rules.py,119,production,rule_function_candidate,coset_membership_implies_modulo_inference_rule,
indeterminacy_rules.py,170,production,rule_function_candidate,symbolic_odd_equality_implies_coefficient_indeterminacy_inference_rule,
main.py,59,production,named_container_assignment,render_repository_generator_applicability_markdown,render_repository_generator_applicability_markdown = render_repository_generator_applicability_compact_markdown
map_facts.py,37,production,api_or_container_definition,MapIsomorphismFactRepository,
map_facts.py,101,production,named_container_assignment,MAP_ISOMORPHISM_FACT_REPOSITORY,"MAP_ISOMORPHISM_FACT_REPOSITORY = MapIsomorphismFactRepository(facts=(EHP_H_MAP_ISOMORPHISM_FACT,))"
map_facts.py,38,production,named_container_assignment,facts,"facts: tuple[MapIsomorphismFact, ...] = ()"
map_property_rules.py,16,production,statement_class_candidate,InjectiveMapStatement,
map_property_rules.py,21,production,statement_class_candidate,IsomorphismStatement,
map_property_rules.py,25,production,rule_function_candidate,isomorphism_implies_injective_inference_rule,
map_property_rules.py,55,production,rule_function_candidate,injective_map_reflects_equality_inference_rule,
phase162_group_structure_backward.py,76,production,rule_function_candidate,group_structure_transport_inference_rule,
phase162_pi5_3_web_replay.py,56,production,explicit_entry_constructor,ProofRepositoryEntry,"ProofRepositoryEntry(key='phase162-pi5-3-reconstructed-web', step=root, theorem='Toda Proposition 5.3', phase='162')"
phase162_r3h_reason_inventory.py,121,production,named_container_assignment,entries,entries = tuple((classify_r3h_unexplained_step(record) for record in baseline.records if record.reason_status == 'UNEXPLAINED'))
phase162_r3j_inference_rule_audit.py,41,production,rule_function_candidate,classify_r3j_inference_rule,
phase162_r3j_inference_rule_audit.py,111,production,rule_function_candidate,build_phase162_r3j_inference_rule_audit,
phase162_r3j_inference_rule_audit.py,115,production,named_container_assignment,"(r3i_entries, r3i_report)","(r3i_entries, r3i_report) = build_phase162_r3i_sidecar_audit(presentation)"
phase162_r3k_rule_meaning_audit.py,62,production,rule_function_candidate,build_phase162_r3k_rule_meaning_audit,
phase162_r3k_rule_meaning_audit.py,137,production,rule_function_candidate,render_phase162_r3k_rule_meaning_markdown,
phase162_r3k_rule_meaning_audit.py,66,production,named_container_assignment,"(r3j_entries, r3j_report)","(r3j_entries, r3j_report) = build_phase162_r3j_inference_rule_audit(presentation)"
phase162_r3k_rule_meaning_audit.py,69,production,named_container_assignment,entries,entries = []
phase162_reference_boundary.py,88,production,literature_reference_candidate,LiteratureReference,"LiteratureReference(label='Toda ' + reference_locator, locator=reference_locator)"
phase162_validated_proof_presentation.py,198,production,named_container_assignment,entries,entries = build_validated_proof_reference_entries(presentation)
phase162_validated_proof_presentation.py,353,production,named_container_assignment,reference_entries,reference_entries = build_validated_proof_reference_entries(presentation)
probe_relation_proof.py,16,production,literature_reference_candidate,LiteratureReference,"LiteratureReference(label='Toda', author='H. Toda', title='Composition Methods in Homotopy Groups of Spheres', year=1962)"
probes/probe_phase26_capabilities.py,311,production,named_container_assignment,entries,entries = print_phase26_generator_typing_demo()
probes/probe_phase27_capabilities.py,148,production,api_or_container_definition,print_theorem_repository_demo,
probes/probe_phase79_capabilities.py,25,production,named_container_assignment,repository,repository = data['repository']
probes/probe_phase81_capabilities.py,68,production,rule_function_candidate,_rule_names,
probes/probe_phase81_capabilities.py,87,production,named_container_assignment,compatible_entries,compatible_entries = data['compatible_entries']
probes/probe_phase81_capabilities.py,99,production,named_container_assignment,repository,repository = data['repository']
probes/probe_phase82_capabilities.py,120,production,named_container_assignment,repository,repository = data['repository']
probes/probe_phase86_capabilities.py,59,production,rule_function_candidate,_producer_rules,
probes/probe_phase86_capabilities.py,79,production,rule_function_candidate,_dependency_rule_ids,
probes/probe_phase86_capabilities.py,147,production,named_container_assignment,repository,repository = data['repository']
probes/probe_phase86_capabilities.py,188,production,named_container_assignment,default_repository_result,default_repository_result = default_result.repository_inference_result
probes/probe_phase86_capabilities.py,191,production,named_container_assignment,explicit_repository_result,explicit_repository_result = explicit_result.repository_inference_result
probes/probe_phase86_capabilities.py,420,production,named_container_assignment,repository,repository = data['repository']
probes/probe_phase86_capabilities.py,455,production,named_container_assignment,repository_result,repository_result = depth_three_result.repository_inference_result
probes/probe_phase86_capabilities.py,577,production,named_container_assignment,repository,repository = data['repository']
probes/probe_phase86_capabilities.py,596,production,named_container_assignment,repository_result,repository_result = depth_four_result.repository_inference_result
probes/probe_phase86_capabilities.py,237,production,repository_constructor,ProofRepository,ProofRepository()
probes/probe_phase87_capabilities.py,45,production,named_container_assignment,repository,repository = data['repository']
probes/probe_phase87_capabilities.py,95,production,named_container_assignment,repository_result,repository_result = two_attempt_result.repository_inference_result
proof.py,56,production,statement_class_candidate,LiteratureStatement,
proof.py,640,production,rule_function_candidate,match_inference_rule_bindings,
proof.py,698,production,rule_function_candidate,matches_inference_rule,
proof.py,853,production,rule_function_candidate,is_inference_rule_applicable,
proof.py,866,production,rule_function_candidate,find_applicable_inference_rules,
proof.py,945,production,rule_function_candidate,find_inference_matches_for_rule,
proof.py,1135,production,statement_class_candidate,KernelStatement,
proof.py,1141,production,statement_class_candidate,ImageStatement,
proof.py,1147,production,statement_class_candidate,CokernelStatement,
proof.py,1192,production,statement_class_candidate,ExactnessStatement,
proof.py,1366,production,rule_function_candidate,_normalize_inference_rules,
proof.py,1522,production,rule_function_candidate,_validate_inference_rule,
proof_repository.py,7,production,api_or_container_definition,ProofRepositoryEntry,
proof_repository.py,60,production,api_or_container_definition,ProofRepository,
relation_rules.py,19,production,rule_function_candidate,additive_inverse_inference_rule,
relation_rules.py,42,production,rule_function_candidate,sum_commutativity_inference_rule,
relation_rules.py,66,production,rule_function_candidate,sum_associativity_inference_rule,
relation_rules.py,97,production,rule_function_candidate,double_equals_repeated_sum_inference_rule,
relation_rules.py,120,production,rule_function_candidate,order_implies_zero_multiple_inference_rule,
relation_rules.py,182,production,rule_function_candidate,zero_equality_implies_zero_inference_rule,
relation_rules.py,227,production,rule_function_candidate,composition_equality_to_zero_inference_rule,
relation_rules.py,275,production,rule_function_candidate,zero_composition_equality_implies_zero_inference_rule,
relation_rules.py,340,production,rule_function_candidate,zero_composition_reverse_equality_implies_zero_inference_rule,
relation_rules.py,405,production,rule_function_candidate,iterated_suspension_one_bridge_inference_rule,
relation_rules.py,431,production,rule_function_candidate,suspension_preserves_equality_inference_rule,
relation_rules.py,469,production,rule_function_candidate,suspension_composition_functoriality_inference_rule,
relation_rules.py,544,production,rule_function_candidate,suspension_preserves_zero_inference_rule,
relation_rules.py,576,production,rule_function_candidate,suspension_preserves_zero_multiple_inference_rule,
relation_rules.py,640,production,rule_function_candidate,equality_preserved_under_right_composition_inference_rule,
relation_rules.py,687,production,rule_function_candidate,equality_preserved_under_left_composition_inference_rule,
relation_rules.py,734,production,rule_function_candidate,equality_preserved_under_multiple_inference_rule,
relation_rules.py,776,production,rule_function_candidate,nested_integer_multiple_inference_rule,
relation_rules.py,830,production,rule_function_candidate,equality_symmetry_inference_rule,
relation_rules.py,865,production,rule_function_candidate,equality_transitivity_inference_rule,
repository.py,8,production,api_or_container_definition,SphereRepository,
repository.py,201,production,api_or_container_definition,RelationRepository,
repository_element_exploration.py,15,production,api_or_container_definition,RepositoryGeneratorExplorationResult,
repository_element_exploration.py,113,production,api_or_container_definition,build_repository_generator_exploration,
repository_element_facade.py,25,production,api_or_container_definition,RepositoryGeneratorExplorationReport,
repository_element_facade.py,69,production,api_or_container_definition,explore_repository_generator,
repository_element_facade.py,99,production,api_or_container_definition,explore_standard_repository_generator_input,
repository_element_facade.py,108,production,named_container_assignment,repository,repository = build_standard_production_proof_repository()
repository_element_lookup.py,19,production,api_or_container_definition,RepositoryGeneratorOccurrence,
repository_element_lookup.py,115,production,api_or_container_definition,find_repository_entries_by_conclusion_generator,
repository_element_lookup.py,148,production,api_or_container_definition,find_repository_generator_occurrences,
repository_element_lookup.py,217,production,api_or_container_definition,find_repository_generator_occurrences_by_role,
repository_element_presentation.py,36,production,api_or_container_definition,RepositoryGeneratorOccurrencePresentation,
repository_element_presentation.py,62,production,api_or_container_definition,RepositoryGeneratorExplorationPresentation,
repository_element_presentation.py,220,production,api_or_container_definition,_render_repository_conclusion_value_latex,
repository_element_presentation.py,275,production,api_or_container_definition,render_repository_conclusion_latex,
repository_element_presentation.py,332,production,api_or_container_definition,_value_at_repository_occurrence_path_prefix,
repository_element_presentation.py,361,production,api_or_container_definition,_render_repository_occurrence_latex,
repository_element_presentation.py,406,production,api_or_container_definition,build_repository_generator_exploration_presentation,
repository_element_renderer.py,193,production,api_or_container_definition,render_repository_generator_exploration_markdown,
repository_foundational_group_specialization.py,205,production,explicit_entry_constructor,ProofRepositoryEntry,"ProofRepositoryEntry(key=f'standard.toda.foundational::identity_{query.n}', step=step, phase='130', theorem='Sphere identity group')"
repository_foundational_group_specialization.py,239,production,explicit_entry_constructor,ProofRepositoryEntry,"ProofRepositoryEntry(key=f'standard.toda.foundational::circle_zero_{query.k}', step=step, phase='56', theorem='Toda pi_(i-1)^1 zero for i at least 3')"
repository_foundational_group_specialization.py,267,production,explicit_entry_constructor,ProofRepositoryEntry,"ProofRepositoryEntry(key=f'standard.toda.foundational::connectivity_{group_dimension}_{query.n}', step=step, phase='130', theorem='Sphere connectivity')"
repository_generator_applicability_execution_entry.py,26,production,rule_function_candidate,_candidate_inference_rule_factory_name,
repository_generator_applicability_execution_entry.py,249,production,registration_call_candidate,catalog.register,catalog.register(execution_entry)
repository_generator_applicability_execution_entry.py,315,production,registration_call_candidate,catalog.register,catalog.register(execution_entry)
repository_generator_applicability_execution_orchestration.py,35,production,named_container_assignment,seed_repository,seed_repository: ProofRepository
repository_generator_applicability_execution_orchestration.py,134,production,named_container_assignment,seed_repository,seed_repository = build_repository_generator_applicability_execution_seed_repository(candidate)
repository_generator_applicability_execution_seed.py,10,production,api_or_container_definition,build_repository_generator_applicability_execution_seed_repository,
repository_generator_applicability_execution_seed.py,31,production,named_container_assignment,repository,repository = ProofRepository()
repository_generator_applicability_execution_seed.py,31,production,repository_constructor,ProofRepository,ProofRepository()
repository_generator_applicability_execution_seed.py,32,production,registration_call_candidate,repository.register,"repository.register(ProofRepositoryEntry(key=f'{root_entry.key}::applicability-execution-seed', step=source_step, phase=root_entry.phase, theorem=root_entry.theorem))"
repository_generator_applicability_execution_seed.py,33,production,explicit_entry_constructor,ProofRepositoryEntry,"ProofRepositoryEntry(key=f'{root_entry.key}::applicability-execution-seed', step=source_step, phase=root_entry.phase, theorem=root_entry.theorem)"
repository_generator_applicability_facade.py,26,production,api_or_container_definition,RepositoryGeneratorApplicabilityExplorationResult,
repository_generator_applicability_facade.py,164,production,api_or_container_definition,explore_repository_generator_applicability,
repository_generator_applicability_facade.py,207,production,api_or_container_definition,explore_standard_repository_generator_applicability_input,
repository_generator_applicability_handoff.py,24,production,api_or_container_definition,RepositoryGeneratorApplicabilityCandidateHandoff,
repository_generator_applicability_handoff.py,41,production,api_or_container_definition,RepositoryGeneratorApplicabilityHandoffValidationStatus,
repository_generator_applicability_handoff.py,55,production,api_or_container_definition,RepositoryGeneratorApplicabilityHandoffValidation,
repository_generator_applicability_handoff.py,111,production,api_or_container_definition,RepositoryGeneratorApplicabilityHandoffSearchReport,
repository_generator_applicability_handoff.py,174,production,api_or_container_definition,RepositoryGeneratorApplicabilityHandoffExecutionResult,
repository_generator_applicability_handoff.py,209,production,api_or_container_definition,execute_repository_generator_applicability_handoff_search_report,
repository_generator_applicability_handoff.py,245,production,api_or_container_definition,validate_repository_generator_applicability_handoff,
repository_generator_applicability_handoff.py,345,production,api_or_container_definition,build_repository_generator_applicability_handoff_search_report,
repository_generator_applicability_handoff.py,274,production,named_container_assignment,same_rule_entries,same_rule_entries = tuple((entry for entry in execution_catalog.entries() if entry.rule is selected_rule))
repository_generator_applicability_handoff.py,291,production,named_container_assignment,safe_same_rule_entries,safe_same_rule_entries = tuple((entry for entry in same_rule_entries if entry.fixed_point_safe))
repository_generator_applicability_handoff.py,315,production,named_container_assignment,goal_compatible_entries,"goal_compatible_entries = find_goal_compatible_rule_entries(same_rule_catalog, handoff.goal)"
repository_generator_applicability_handoff.py,311,production,registration_call_candidate,same_rule_catalog.register,same_rule_catalog.register(entry)
repository_generator_applicability_presentation.py,28,production,rule_function_candidate,_rule_family_relevance_category,
repository_generator_applicability_presentation.py,50,production,rule_function_candidate,_rule_family_relevance_sort_key,
repository_generator_applicability_presentation.py,414,production,api_or_container_definition,RepositoryGeneratorApplicabilityPresentation,
repository_generator_applicability_presentation.py,625,production,api_or_container_definition,build_repository_generator_applicability_presentation,
repository_generator_applicability_presentation.py,122,production,rule_function_candidate,inference_rule,
repository_generator_applicability_presentation.py,347,production,rule_function_candidate,rule_families,
repository_generator_applicability_presentation.py,603,production,rule_function_candidate,rule_group_count,
repository_generator_applicability_presentation.py,614,production,rule_function_candidate,rule_family_count,
repository_generator_applicability_renderer.py,415,production,api_or_container_definition,render_repository_generator_applicability_compact_markdown,
repository_generator_applicability_renderer.py,430,production,api_or_container_definition,render_repository_generator_applicability_detailed_markdown,
repository_generator_applicability_renderer.py,445,production,api_or_container_definition,render_repository_generator_applicability_markdown,
repository_generator_applicability_selection.py,18,production,api_or_container_definition,RepositoryGeneratorApplicabilitySelection,
repository_generator_applicability_selection.py,103,production,api_or_container_definition,select_repository_generator_applicability_by_relevance,
repository_generator_applicability_selection.py,161,production,api_or_container_definition,select_repository_generator_applicability_by_source_nodes,
repository_generator_applicability_selection.py,240,production,rule_function_candidate,select_repository_generator_applicability_by_rule_family,
repository_generator_known_group_identity_lookup.py,204,production,api_or_container_definition,find_repository_generator_known_group_identity_nodes,
repository_generator_known_group_identity_lookup.py,327,production,api_or_container_definition,find_standard_repository_generator_known_group_identity_nodes,
repository_generator_known_group_identity_lookup.py,353,production,api_or_container_definition,find_standard_repository_generator_known_group_identity_input,
repository_generator_known_group_identity_lookup.py,341,production,named_container_assignment,repository,repository = build_standard_production_proof_repository()
repository_generator_known_group_identity_presentation.py,16,production,api_or_container_definition,RepositoryGeneratorKnownGroupIdentityPresentation,
repository_generator_known_group_identity_presentation.py,51,production,api_or_container_definition,build_repository_generator_known_group_identity_presentation,
repository_generator_known_group_identity_presentation.py,105,production,api_or_container_definition,build_standard_repository_generator_known_group_identity_presentation_input,
repository_generator_known_group_identity_renderer.py,12,production,api_or_container_definition,render_repository_generator_known_group_identity_markdown,
repository_generator_known_group_proof_replay.py,21,production,api_or_container_definition,RepositoryGeneratorKnownGroupProofReplayStep,
repository_generator_known_group_proof_replay.py,57,production,api_or_container_definition,RepositoryGeneratorKnownGroupProofReplayResult,
repository_generator_known_group_proof_replay.py,259,production,api_or_container_definition,build_standard_repository_generator_known_group_proof_replay_input,
repository_generator_known_group_proof_replay_presentation.py,13,production,api_or_container_definition,RepositoryGeneratorKnownGroupProofReplayPresentation,
repository_generator_known_group_proof_replay_presentation.py,59,production,api_or_container_definition,build_repository_generator_known_group_proof_replay_presentation,
repository_generator_known_group_proof_replay_renderer.py,53,production,rule_function_candidate,_known_group_proof_replay_rule_name,
repository_generator_known_group_proof_replay_renderer.py,62,production,api_or_container_definition,render_repository_generator_known_group_proof_replay_markdown,
repository_generator_production_application_execution_seed.py,11,production,api_or_container_definition,build_repository_generator_production_application_execution_seed_repository,
repository_generator_production_application_execution_seed.py,44,production,named_container_assignment,repository,repository = ProofRepository()
repository_generator_production_application_execution_seed.py,44,production,repository_constructor,ProofRepository,ProofRepository()
repository_generator_production_application_execution_seed.py,52,production,registration_call_candidate,repository.register,"repository.register(ProofRepositoryEntry(key=f'{root_entry.key}::applicability-execution-seed::{premise_index:03d}', step=premise_step, phase=root_entry.phase, theorem=root_entry.theorem))"
repository_generator_production_application_execution_seed.py,53,production,explicit_entry_constructor,ProofRepositoryEntry,"ProofRepositoryEntry(key=f'{root_entry.key}::applicability-execution-seed::{premise_index:03d}', step=premise_step, phase=root_entry.phase, theorem=root_entry.theorem)"
repository_generator_production_application_recovery.py,13,production,api_or_container_definition,RepositoryGeneratorProductionApplicationRecoveryStatus,
repository_generator_production_application_recovery.py,22,production,api_or_container_definition,RepositoryGeneratorProductionApplicationRecovery,
repository_generator_production_application_recovery.py,114,production,api_or_container_definition,recover_repository_generator_production_application,
repository_generator_qualified_execution_family.py,48,production,api_or_container_definition,RepositoryGeneratorQualifiedExecutionFamilyGroup,
repository_generator_qualified_execution_family.py,162,production,api_or_container_definition,RepositoryGeneratorQualifiedExecutionFamilyGrouping,
repository_generator_qualified_execution_family.py,251,production,api_or_container_definition,group_qualified_repository_generator_execution_families,
repository_generator_qualified_execution_family_selection.py,16,production,api_or_container_definition,RepositoryGeneratorQualifiedExecutionFamilySelection,
repository_generator_qualified_execution_family_selection.py,129,production,api_or_container_definition,select_qualified_repository_generator_execution_family_by_root_and_source,
repository_generator_qualified_execution_family_selection.py,216,production,api_or_container_definition,select_qualified_repository_generator_execution_family_by_root_source_and_family,
repository_generator_qualified_execution_handoff.py,14,production,api_or_container_definition,RepositoryGeneratorQualifiedExecutionHandoffResult,
repository_generator_qualified_execution_handoff.py,86,production,api_or_container_definition,execute_unique_qualified_repository_generator_applicability_selection,
repository_generator_qualified_execution_selection.py,16,production,api_or_container_definition,RepositoryGeneratorQualifiedExecutionSelectionStatus,
repository_generator_qualified_execution_selection.py,25,production,api_or_container_definition,RepositoryGeneratorQualifiedExecutionSelection,
repository_generator_qualified_execution_selection.py,92,production,api_or_container_definition,select_qualified_repository_generator_applicability_candidates,
repository_generator_qualified_execution_selection.py,127,production,api_or_container_definition,select_all_qualified_repository_generator_applicability_candidates,
repository_generator_standard_qualified_execution_facade.py,37,production,api_or_container_definition,StandardRepositoryGeneratorQualifiedExecutionFacadeResult,
repository_generator_standard_qualified_execution_facade.py,161,production,api_or_container_definition,StandardRepositoryGeneratorMultiFamilyExecutionFacadeResult,
repository_generator_standard_qualified_execution_facade.py,301,production,api_or_container_definition,execute_standard_repository_generator_applicability_result_by_root_and_source,
repository_generator_standard_qualified_execution_facade.py,379,production,api_or_container_definition,execute_standard_repository_generator_applicability_result_by_root_source_and_family,
repository_generator_two_premise_execution_integration.py,165,production,api_or_container_definition,execute_two_premise_repository_generator_production_application_candidate,
repository_generator_two_premise_execution_integration.py,33,production,named_container_assignment,seed_repository,seed_repository: ProofRepository
repository_generator_two_premise_execution_integration.py,218,production,named_container_assignment,seed_repository,seed_repository = build_repository_generator_production_application_execution_seed_repository(recovery)
repository_generator_user_execution_candidate_presentation.py,13,production,api_or_container_definition,RepositoryGeneratorUserExecutionCandidatePresentation,
repository_generator_user_execution_candidate_presentation.py,59,production,api_or_container_definition,RepositoryGeneratorUserExecutionCandidateListPresentation,
repository_generator_user_execution_candidate_presentation.py,144,production,api_or_container_definition,build_repository_generator_user_execution_candidate_list_presentation,
repository_generator_user_execution_candidate_renderer.py,46,production,api_or_container_definition,render_repository_generator_user_execution_candidate_list_markdown,
repository_generator_user_execution_facade.py,26,production,api_or_container_definition,RepositoryGeneratorUserExecutionWorkflowStatus,
repository_generator_user_execution_facade.py,35,production,api_or_container_definition,RepositoryGeneratorUserExecutionWorkflowResult,
repository_generator_user_execution_facade.py,284,production,api_or_container_definition,run_standard_repository_generator_user_execution_workflow,
repository_generator_user_execution_handoff.py,14,production,api_or_container_definition,RepositoryGeneratorExecutableTargetExecutionResult,
repository_generator_user_execution_handoff.py,120,production,api_or_container_definition,execute_repository_generator_executable_target,
repository_generator_user_execution_presentation.py,12,production,api_or_container_definition,RepositoryGeneratorUserExecutionPresentation,
repository_generator_user_execution_presentation.py,103,production,api_or_container_definition,build_repository_generator_user_execution_presentation,
repository_generator_user_execution_proof_step.py,12,production,api_or_container_definition,RepositoryGeneratorExecutedProofStepResult,
repository_generator_user_execution_proof_step.py,95,production,api_or_container_definition,extract_repository_generator_executed_target_proof_step,
repository_generator_user_execution_proof_step.py,130,production,named_container_assignment,repository_inference_result,repository_inference_result = bounded_execution.repository_inference_result
repository_generator_user_execution_renderer.py,46,production,api_or_container_definition,render_repository_generator_user_execution_markdown,
repository_generator_user_execution_resolver.py,31,production,api_or_container_definition,RepositoryGeneratorExecutableTarget,
repository_generator_user_execution_resolver.py,125,production,api_or_container_definition,StandardRepositoryGeneratorExecutableTargetResolution,
repository_generator_user_execution_resolver.py,375,production,api_or_container_definition,resolve_standard_repository_generator_executable_targets_input,
repository_inference.py,28,production,api_or_container_definition,RepositoryInferenceResult,
repository_inference.py,863,production,api_or_container_definition,repository_available_steps,
repository_inference.py,1320,production,rule_function_candidate,_diagnose_direct_producer_failure_for_final_rule,
repository_inference.py,1598,production,rule_function_candidate,_diagnose_bounded_producer_search_failure_for_final_rule,
repository_inference.py,2266,production,rule_function_candidate,_select_bounded_producer_chain_for_final_rule,
repository_inference.py,2808,production,rule_function_candidate,_build_bounded_producer_search_report_for_final_rule,
repository_inference.py,3105,production,rule_function_candidate,detect_goal_rule_missing_premises,
repository_inference.py,3154,production,api_or_container_definition,derive_goal_from_repository,
repository_inference.py,3185,production,api_or_container_definition,derive_goal_from_repository_with_catalog,
repository_inference.py,3206,production,api_or_container_definition,derive_goal_from_repository_with_one_level_producers,
repository_inference.py,3330,production,api_or_container_definition,derive_goal_from_repository_with_depth_two_producers,
repository_inference.py,783,production,named_container_assignment,repository_inference_result,repository_inference_result: RepositoryInferenceResult | None = None
repository_inference.py,2446,production,rule_function_candidate,candidate_rules_for_lookup,
repository_inference.py,3023,production,named_container_assignment,repository_inference_result,"repository_inference_result = RepositoryInferenceResult(inference_result=final_result, goal_step=find_goal_step(final_result.steps, report.goal))"
repository_inference.py,1404,production,named_container_assignment,candidate_entries,"candidate_entries = find_premise_producer_candidate_entries(rule_catalog, lookup.premise_pattern, requested_statement=lookup.requested_statement)"
repository_inference.py,1773,production,named_container_assignment,candidate_entries,"candidate_entries = find_premise_producer_candidate_entries(rule_catalog, lookup.premise_pattern, requested_statement=lookup.requested_statement)"
repository_inference.py,2966,production,named_container_assignment,repository_inference_result,"repository_inference_result = RepositoryInferenceResult(inference_result=inference_result, goal_step=find_goal_step(inference_result.steps, report.goal))"
repository_map_relation_exploration.py,23,production,api_or_container_definition,RepositoryMapRelationOccurrence,
repository_map_relation_exploration.py,140,production,api_or_container_definition,find_repository_map_relation_occurrences,
repository_operation_query.py,8,production,api_or_container_definition,RepositoryGeneratorQuery,
repository_operation_query.py,24,production,api_or_container_definition,RepositoryCompositionQuery,
repository_operation_query.py,49,production,api_or_container_definition,RepositoryThreeTermCompositionQuery,
repository_operation_query.py,80,production,named_container_assignment,RepositoryOperationOperand,RepositoryOperationOperand = RepositoryGeneratorQuery | RepositoryCompositionQuery
repository_operation_query.py,87,production,api_or_container_definition,RepositoryMapOperationQuery,
repository_operation_query.py,116,production,named_container_assignment,RepositoryOperationQuery,RepositoryOperationQuery = RepositoryMapOperationQuery | RepositoryCompositionQuery | RepositoryThreeTermCompositionQuery
repository_operation_query.py,243,production,api_or_container_definition,parse_repository_operation_query,
repository_operation_query_facade.py,30,production,api_or_container_definition,query_repository_operation_input,
repository_operation_query_facade.py,81,production,api_or_container_definition,query_standard_repository_operation_input,
repository_operation_query_facade.py,84,production,named_container_assignment,repository,repository = build_standard_production_proof_repository()
repository_operation_query_lookup.py,44,production,api_or_container_definition,RepositoryOperationQueryMatchKind,
repository_operation_query_lookup.py,61,production,api_or_container_definition,RepositoryOperationQueryMatch,
repository_operation_query_lookup.py,98,production,api_or_container_definition,RepositoryOperationQueryResult,
repository_operation_query_lookup.py,663,production,api_or_container_definition,query_repository_operation,
repository_operation_query_presentation.py,16,production,api_or_container_definition,RepositoryOperationQueryPresentationItem,
repository_operation_query_presentation.py,89,production,api_or_container_definition,RepositoryOperationQueryPresentation,
repository_operation_query_presentation.py,150,production,api_or_container_definition,build_repository_operation_query_presentation,
repository_operation_query_proof_replay.py,14,production,api_or_container_definition,RepositoryOperationQueryProofReplayStep,
repository_operation_query_proof_replay.py,50,production,api_or_container_definition,RepositoryOperationQueryProofReplayResult,
repository_operation_query_proof_replay.py,281,production,api_or_container_definition,build_repository_operation_query_proof_replay,
repository_operation_query_proof_replay_presentation.py,10,production,api_or_container_definition,RepositoryOperationQueryProofReplayPresentation,
repository_operation_query_proof_replay_presentation.py,62,production,api_or_container_definition,build_repository_operation_query_proof_replay_presentation,
repository_operation_query_proof_replay_renderer.py,32,production,rule_function_candidate,_operation_query_proof_replay_rule_name,
repository_operation_query_proof_replay_renderer.py,41,production,api_or_container_definition,render_repository_operation_query_proof_replay_markdown,
repository_operation_query_proof_replay_statement_presentation.py,24,production,statement_class_candidate,RepositoryOperationQueryProofReplayStatementPresentation,
repository_operation_query_proof_replay_statement_presentation.py,159,production,api_or_container_definition,build_repository_operation_query_proof_replay_statement_presentation,
repository_operation_query_renderer.py,6,production,api_or_container_definition,render_repository_operation_query_markdown,
repository_proof_scope.py,11,production,api_or_container_definition,RepositoryProofScopeNode,
repository_proof_scope.py,75,production,api_or_container_definition,RepositoryProofScopeResult,
repository_proof_scope.py,146,production,api_or_container_definition,build_repository_entry_proof_scope,
repository_proof_scope.py,224,production,api_or_container_definition,build_repository_proof_scope,
repository_proof_scope.py,76,production,named_container_assignment,repository,repository: ProofRepository
repository_proof_scope.py,101,production,named_container_assignment,registered_entries,registered_entries = self.repository.entries()
repository_proof_scope_applicability.py,18,production,api_or_container_definition,RepositoryProofScopeApplicabilityCandidate,
repository_proof_scope_applicability.py,65,production,api_or_container_definition,find_repository_proof_scope_applicability_candidates,
repository_proof_scope_exploration.py,30,production,api_or_container_definition,RepositoryProofScopeGeneratorOccurrence,
repository_proof_scope_exploration.py,98,production,api_or_container_definition,RepositoryProofScopeTodaMembershipOccurrence,
repository_proof_scope_exploration.py,183,production,api_or_container_definition,RepositoryProofScopeMapRelationOccurrence,
repository_proof_scope_exploration.py,338,production,api_or_container_definition,find_repository_proof_scope_generator_occurrences,
repository_proof_scope_exploration.py,411,production,api_or_container_definition,find_repository_proof_scope_toda_membership_occurrences,
repository_proof_scope_exploration.py,477,production,api_or_container_definition,find_repository_proof_scope_map_relation_occurrences,
repository_proof_scope_facade.py,32,production,api_or_container_definition,RepositoryProofScopeExplorationResult,
repository_proof_scope_facade.py,150,production,api_or_container_definition,explore_repository_generator_proof_scope,
repository_proof_scope_facade.py,242,production,api_or_container_definition,explore_standard_repository_generator_proof_scope_input,
repository_proof_scope_facade.py,249,production,named_container_assignment,repository,repository = build_standard_production_proof_repository()
repository_proof_scope_renderer.py,28,production,api_or_container_definition,render_repository_proof_scope_exploration_markdown,
repository_symbolic_sigma_specialization.py,261,production,api_or_container_definition,specialize_repository_proof_scope_for_generator,
repository_symbolic_stable_group_specialization.py,710,production,api_or_container_definition,specialize_repository_proof_scope_for_toda_group_query,
repository_theorem_pattern_exploration.py,12,production,api_or_container_definition,RepositoryTheoremPatternOccurrence,
repository_theorem_pattern_exploration.py,46,production,api_or_container_definition,build_repository_theorem_pattern_occurrences,
repository_toda_membership_exploration.py,47,production,api_or_container_definition,RepositoryTodaBracketMembershipOccurrence,
repository_toda_membership_exploration.py,183,production,api_or_container_definition,find_repository_toda_bracket_membership_occurrences,
rule_applicability.py,416,production,rule_function_candidate,build_inference_rule_premise_pattern_index,
rule_applicability.py,424,production,rule_function_candidate,find_inference_rule_applicability_candidates,
rule_applicability.py,481,production,rule_function_candidate,find_indexed_inference_rule_applicability_candidates,
rule_applicability.py,121,production,rule_function_candidate,inference_rule,
rule_catalog.py,181,production,rule_function_candidate,find_goal_compatible_rule_entries,
rule_catalog.py,213,production,rule_function_candidate,find_goal_compatible_rules,
rule_catalog.py,248,production,rule_function_candidate,find_premise_producer_rule_entries,
rule_catalog.py,308,production,rule_function_candidate,find_premise_producer_rules,
rule_catalog.py,141,production,rule_function_candidate,rules,
rule_catalog.py,217,production,named_container_assignment,entries,"entries = find_goal_compatible_rule_entries(catalog, goal)"
rule_catalog.py,313,production,named_container_assignment,entries,"entries = find_premise_producer_rule_entries(catalog, premise_pattern, requested_statement=requested_statement)"
scalar_rules.py,19,production,statement_class_candidate,OddScalarStatement,
scalar_rules.py,24,production,statement_class_candidate,EvenScalarStatement,
scalar_rules.py,29,production,statement_class_candidate,ScalarGreaterEqualStatement,
scalar_rules.py,35,production,statement_class_candidate,ScalarCongruenceStatement,
scalar_rules.py,42,production,statement_class_candidate,ScalarSignEvaluationStatement,
scalar_rules.py,47,production,rule_function_candidate,odd_scalar_implies_mod_two_congruence_inference_rule,
scalar_rules.py,89,production,rule_function_candidate,even_scalar_implies_mod_two_congruence_inference_rule,
scalar_rules.py,131,production,rule_function_candidate,even_scalar_evaluates_minus_one_power_inference_rule,
scalar_rules.py,164,production,rule_function_candidate,odd_scalar_evaluates_minus_one_power_inference_rule,
scalar_rules.py,197,production,rule_function_candidate,scalar_sign_evaluation_applies_to_multiple_inference_rule,
scalar_rules.py,260,production,rule_function_candidate,mod_two_one_scalar_preserves_order_two_element_inference_rule,
set_rules.py,61,production,statement_class_candidate,ModuloStatement,
set_rules.py,68,production,statement_class_candidate,CosetEqualityStatement,
set_rules.py,74,production,statement_class_candidate,MembershipStatement,
set_rules.py,80,production,statement_class_candidate,SubsetStatement,
set_rules.py,86,production,statement_class_candidate,SubgroupEqualityStatement,
set_rules.py,115,production,rule_function_candidate,modulo_implies_difference_membership_inference_rule,
set_rules.py,158,production,rule_function_candidate,modulo_implies_coset_equality_inference_rule,
set_rules.py,201,production,rule_function_candidate,coset_equality_implies_modulo_inference_rule,
set_rules.py,263,production,rule_function_candidate,difference_membership_implies_modulo_inference_rule,
set_rules.py,336,production,rule_function_candidate,equality_implies_modulo_inference_rule,
set_rules.py,390,production,rule_function_candidate,zero_implies_modulo_inference_rule,
set_rules.py,435,production,rule_function_candidate,kernel_membership_implies_mapped_zero_inference_rule,
set_rules.py,480,production,rule_function_candidate,mapped_zero_implies_kernel_membership_inference_rule,
set_rules.py,529,production,rule_function_candidate,exactness_implies_subgroup_equality_inference_rule,
set_rules.py,582,production,rule_function_candidate,membership_subset_propagation_inference_rule,
set_rules.py,626,production,rule_function_candidate,subgroup_equality_membership_propagation_inference_rule,
set_rules.py,695,production,rule_function_candidate,subgroup_equality_modulo_propagation_inference_rule,
set_rules.py,765,production,rule_function_candidate,subgroup_equality_symmetry_inference_rule,
set_rules.py,795,production,rule_function_candidate,subgroup_equality_transitivity_inference_rule,
set_rules.py,836,production,rule_function_candidate,subset_transitivity_inference_rule,
set_rules.py,877,production,rule_function_candidate,subgroup_equality_implies_subset_inference_rule,
set_rules.py,909,production,rule_function_candidate,mutual_subset_implies_subgroup_equality_inference_rule,
stable_rules.py,19,production,statement_class_candidate,SuspensionMapStatement,
stable_rules.py,25,production,statement_class_candidate,SuspensionIsomorphismStatement,
stable_rules.py,30,production,statement_class_candidate,SuspensionEpimorphismStatement,
stable_rules.py,35,production,statement_class_candidate,SuspensionInjectiveStatement,
stable_rules.py,40,production,statement_class_candidate,SuspensionMapEqualityStatement,
stable_rules.py,47,production,statement_class_candidate,SuspensionMapZeroStatement,
stable_rules.py,179,production,rule_function_candidate,freudenthal_stable_isomorphism_inference_rule,
stable_rules.py,223,production,rule_function_candidate,freudenthal_boundary_epimorphism_inference_rule,
stable_rules.py,267,production,rule_function_candidate,suspension_isomorphism_implies_injective_inference_rule,
stable_rules.py,301,production,rule_function_candidate,suspension_injectivity_reflects_equality_inference_rule,
stable_rules.py,362,production,rule_function_candidate,suspension_injectivity_reflects_zero_inference_rule,
standard_production_applicability_catalog.py,76,production,rule_function_candidate,_is_equality_preserved_under_right_composition_rule,
standard_production_applicability_catalog.py,118,production,rule_function_candidate,_is_equality_preserved_under_left_composition_rule,
standard_production_applicability_catalog.py,160,production,rule_function_candidate,_is_equality_preserved_under_multiple_rule,
standard_production_applicability_catalog.py,202,production,rule_function_candidate,_is_nested_integer_multiple_rule,
standard_production_applicability_catalog.py,269,production,rule_function_candidate,_is_generic_relation_representative_rule,
standard_production_applicability_catalog.py,292,production,rule_function_candidate,_is_injective_map_reflection_rule,
standard_production_applicability_catalog.py,344,production,rule_function_candidate,_is_first_iterated_suspension_bridge_rule,
standard_production_applicability_catalog.py,386,production,rule_function_candidate,_barratt_hilton_representative_rules,
standard_production_applicability_catalog.py,439,production,rule_function_candidate,_same_nested_rule_factory,
standard_production_applicability_catalog.py,497,production,rule_function_candidate,_is_barratt_hilton_theorem_specific_rule,
standard_production_applicability_catalog.py,632,production,rule_function_candidate,_inference_rule_factory_name,
standard_production_applicability_catalog.py,755,production,named_container_assignment,repository,repository = build_standard_production_proof_repository()
standard_production_applicability_catalog.py,790,production,registration_call_candidate,catalog.register,"catalog.register(InferenceRuleCatalogEntry(key=f'standard.production.applicability.{entry_index:04d}', rule=inference_rule, conclusion_type=conclusion_type, fixed_point_safe=False, relevance_category=_representative_relevance_category(infer"
standard_production_applicability_catalog.py,1028,production,registration_call_candidate,classified_catalog.register,classified_catalog.register(_phase103_6d15_classify_entry(entry))
standard_production_applicability_catalog.py,1105,production,registration_call_candidate,classified_catalog.register,classified_catalog.register(_phase103_6d18_classify_entry(entry))
standard_production_applicability_catalog.py,1168,production,registration_call_candidate,classified_catalog.register,classified_catalog.register(_phase103_6d20_classify_entry(entry))
standard_production_applicability_catalog.py,1246,production,registration_call_candidate,classified_catalog.register,classified_catalog.register(_phase103_6d24_classify_entry(entry))
standard_production_applicability_catalog.py,1344,production,registration_call_candidate,classified_catalog.register,classified_catalog.register(_phase103_6d27_classify_entry(entry))
standard_production_applicability_catalog.py,1421,production,registration_call_candidate,classified_catalog.register,classified_catalog.register(_phase103_6d30_classify_entry(entry))
standard_production_applicability_catalog.py,1501,production,registration_call_candidate,classified_catalog.register,classified_catalog.register(_phase103_6d32_classify_entry(entry))
standard_production_applicability_catalog.py,1580,production,registration_call_candidate,classified_catalog.register,classified_catalog.register(_phase103_6d35_classify_entry(entry))
standard_production_applicability_catalog.py,1659,production,registration_call_candidate,classified_catalog.register,classified_catalog.register(_phase103_6d38_classify_entry(entry))
standard_production_applicability_catalog.py,1738,production,registration_call_candidate,classified_catalog.register,classified_catalog.register(_phase103_6d41_classify_entry(entry))
standard_production_applicability_catalog.py,1817,production,registration_call_candidate,classified_catalog.register,classified_catalog.register(_phase103_6d44_classify_entry(entry))
standard_production_applicability_catalog.py,1896,production,registration_call_candidate,classified_catalog.register,classified_catalog.register(_phase103_6d47_classify_entry(entry))
standard_production_applicability_catalog.py,1975,production,registration_call_candidate,classified_catalog.register,classified_catalog.register(_phase103_6d50_classify_entry(entry))
standard_production_applicability_catalog.py,2054,production,registration_call_candidate,classified_catalog.register,classified_catalog.register(_phase103_6d53_classify_entry(entry))
standard_production_applicability_catalog.py,2133,production,registration_call_candidate,classified_catalog.register,classified_catalog.register(_phase103_6d56_classify_entry(entry))
standard_production_applicability_catalog.py,2212,production,registration_call_candidate,classified_catalog.register,classified_catalog.register(_phase103_6d59_classify_entry(entry))
standard_production_applicability_catalog.py,2291,production,registration_call_candidate,classified_catalog.register,classified_catalog.register(_phase103_6d62_classify_entry(entry))
standard_production_applicability_catalog.py,2371,production,registration_call_candidate,classified_catalog.register,classified_catalog.register(_phase103_6d65_classify_entry(entry))
standard_production_applicability_catalog.py,2451,production,registration_call_candidate,classified_catalog.register,classified_catalog.register(_phase103_6d68_classify_entry(entry))
standard_production_applicability_catalog.py,2532,production,registration_call_candidate,classified_catalog.register,classified_catalog.register(_phase103_6d71_classify_entry(entry))
standard_production_applicability_catalog.py,2610,production,registration_call_candidate,classified_catalog.register,classified_catalog.register(_phase103_6d73_classify_entry(entry))
standard_production_applicability_catalog.py,2688,production,registration_call_candidate,classified_catalog.register,classified_catalog.register(_phase103_6d76_classify_entry(entry))
standard_production_applicability_catalog.py,2766,production,registration_call_candidate,classified_catalog.register,classified_catalog.register(_phase103_6d79_classify_entry(entry))
standard_production_applicability_catalog.py,2844,production,registration_call_candidate,classified_catalog.register,classified_catalog.register(_phase103_6d82_classify_entry(entry))
standard_production_applicability_catalog.py,2922,production,registration_call_candidate,classified_catalog.register,classified_catalog.register(_phase103_6d85_classify_entry(entry))
standard_production_applicability_catalog.py,3000,production,registration_call_candidate,classified_catalog.register,classified_catalog.register(_phase103_6d88_classify_entry(entry))
standard_production_applicability_catalog.py,3078,production,registration_call_candidate,classified_catalog.register,classified_catalog.register(_phase103_6d91_classify_entry(entry))
standard_production_applicability_catalog.py,3157,production,registration_call_candidate,classified_catalog.register,classified_catalog.register(_phase103_6d94_classify_entry(entry))
standard_production_applicability_catalog.py,3234,production,registration_call_candidate,classified_catalog.register,classified_catalog.register(_phase103_6d98_classify_entry(entry))
standard_production_applicability_catalog.py,3311,production,registration_call_candidate,classified_catalog.register,classified_catalog.register(_phase103_6d101_classify_entry(entry))
standard_production_applicability_catalog.py,3388,production,registration_call_candidate,classified_catalog.register,classified_catalog.register(_phase103_6d106_classify_entry(entry))
standard_production_applicability_catalog.py,3477,production,registration_call_candidate,classified_catalog.register,classified_catalog.register(_phase103_6d108_classify_entry(entry))
standard_production_repository.py,12,production,api_or_container_definition,build_standard_production_proof_repository,
standard_repository.py,36,production,api_or_container_definition,build_standard_proof_repository,
standard_repository.py,63,production,named_container_assignment,repository,repository = ProofRepository()
standard_repository.py,65,production,named_container_assignment,entries,"entries = (ProofRepositoryEntry(key='standard.toda.prop56', step=prop56_step, phase='65', theorem='Toda Proposition 5.6'), ProofRepositoryEntry(key='standard.toda.prop58', step=prop58_step, phase='68', theorem='Toda Proposition 5.8'), Proof"
standard_repository.py,63,production,repository_constructor,ProofRepository,ProofRepository()
standard_repository.py,66,production,explicit_entry_constructor,ProofRepositoryEntry,"ProofRepositoryEntry(key='standard.toda.prop56', step=prop56_step, phase='65', theorem='Toda Proposition 5.6')"
standard_repository.py,72,production,explicit_entry_constructor,ProofRepositoryEntry,"ProofRepositoryEntry(key='standard.toda.prop58', step=prop58_step, phase='68', theorem='Toda Proposition 5.8')"
standard_repository.py,78,production,explicit_entry_constructor,ProofRepositoryEntry,"ProofRepositoryEntry(key='standard.toda.prop511', step=prop511_step, phase='73', theorem='Toda Proposition 5.11')"
standard_repository.py,84,production,explicit_entry_constructor,ProofRepositoryEntry,"ProofRepositoryEntry(key='standard.toda.prop515', step=prop515_step, phase='75', theorem='Toda Proposition 5.15')"
standard_repository.py,93,production,registration_call_candidate,repository.register,repository.register(entry)
tests/test_composition_facts.py,255,test,api_or_container_definition,test_phase27_correction_e_nu_6_equals_nu_7_is_not_zero_repository_fact,
tests/test_composition_facts.py,262,test,api_or_container_definition,test_phase27_3_zero_composition_fact_repository_is_empty_by_default,
tests/test_composition_facts.py,270,test,api_or_container_definition,test_phase27_3_production_repository_preserves_actual_primitive_zero_composition_facts,
tests/test_composition_facts.py,282,test,api_or_container_definition,test_phase27_3_repository_lookup_returns_eta_3_e_nu_prime_fact,
tests/test_composition_facts.py,296,test,api_or_container_definition,test_phase27_3_repository_lookup_returns_nu_prime_nu_6_fact,
tests/test_composition_facts.py,310,test,api_or_container_definition,test_phase27_3_repository_lookup_returns_none_for_unknown_composition,
tests/test_composition_facts.py,333,test,api_or_container_definition,test_phase27_3_repository_rejects_duplicate_zero_composition_fact,
tests/test_composition_facts.py,352,test,api_or_container_definition,test_phase27_3_repository_rejects_non_zero_composition_relation,
tests/test_composition_facts.py,263,test,named_container_assignment,repository,repository = ZeroCompositionFactRepository()
tests/test_ehp.py,11,test,api_or_container_definition,make_repository,
tests/test_ehp.py,544,test,api_or_container_definition,test_ehp_n6_k5_repository_groups,
tests/test_ehp.py,563,test,api_or_container_definition,test_ehp_n6_k5_repository_maps,
tests/test_ehp.py,584,test,api_or_container_definition,test_ehp_n6_k5_repository_generators,
tests/test_ehp.py,743,test,api_or_container_definition,test_ehp_n4_k3_repository_groups_mixed,
tests/test_ehp.py,779,test,api_or_container_definition,test_ehp_n4_k3_repository_maps_mixed,
tests/test_ehp.py,802,test,api_or_container_definition,test_ehp_n4_k3_repository_generators_mixed,
tests/test_ehp.py,896,test,api_or_container_definition,test_ehp_n10_k9_repository_groups_mixed_noncyclic,
tests/test_ehp.py,941,test,api_or_container_definition,test_ehp_n10_k9_repository_maps_mixed_noncyclic,
tests/test_ehp.py,968,test,api_or_container_definition,test_ehp_n10_k9_repository_generators_mixed_noncyclic,
tests/test_ehp_rules.py,59,test,api_or_container_definition,make_sphere_repository,
tests/test_ehp_rules.py,65,test,rule_function_candidate,test_ehp_exactness_inference_rule_derives_exactness,
tests/test_ehp_rules.py,125,test,rule_function_candidate,test_ehp_exactness_argument_free_rule_uses_conclusion_pattern,
tests/test_ehp_rules.py,136,test,rule_function_candidate,test_ehp_exactness_argument_free_rule_substitutes_maps_into_conclusion,
tests/test_ehp_rules.py,393,test,rule_function_candidate,test_ehp_exactness_rules_reach_fixed_point_together,
tests/test_formatter.py,294,test,api_or_container_definition,test_relation_repository_to_inference_proof,
tests/test_formatter.py,638,test,rule_function_candidate,test_format_inference_rule,
tests/test_formatter.py,657,test,rule_function_candidate,test_format_proof_step_inference_rule,
tests/test_formatter.py,687,test,rule_function_candidate,test_format_relation_inference_with_rule,
tests/test_formatter.py,305,test,named_container_assignment,repository,repository = RelationRepository([relation])
tests/test_formatter.py,463,test,literature_reference_candidate,LiteratureReference,"LiteratureReference(label='Toda', author='H. Toda', title='Composition Methods in Homotopy Groups of Spheres', year=1962, locator='Proposition X')"
tests/test_formatter.py,495,test,literature_reference_candidate,LiteratureReference,"LiteratureReference(label='Toda', author='H. Toda', title='Composition Methods in Homotopy Groups of Spheres', year=1962)"
tests/test_formatter.py,517,test,literature_reference_candidate,LiteratureReference,"LiteratureReference(label='Toda', author='H. Toda', title='Composition Methods in Homotopy Groups of Spheres', year=1962, locator='Proposition X')"
tests/test_generator_facts.py,522,test,api_or_container_definition,test_phase25_5_generator_fact_repository_is_empty_by_default,
tests/test_generator_facts.py,529,test,api_or_container_definition,test_phase25_5_production_repository_preserves_eta_3_facts,
tests/test_generator_facts.py,541,test,api_or_container_definition,test_phase25_5_repository_lookup_returns_eta_3_typing_fact,
tests/test_generator_facts.py,552,test,api_or_container_definition,test_phase25_5_repository_lookup_returns_eta_3_ambient_group_fact,
tests/test_generator_facts.py,565,test,api_or_container_definition,test_phase25_5_repository_lookup_returns_none_for_unknown_generator,
tests/test_generator_facts.py,589,test,api_or_container_definition,test_phase25_5_repository_lookup_does_not_type_homotopy_element_automatically,
tests/test_generator_facts.py,622,test,api_or_container_definition,test_phase25_6_repository_materializes_typed_eta_3_element,
tests/test_generator_facts.py,1013,test,api_or_container_definition,test_phase25_8_repository_rejects_duplicate_typing_fact,
tests/test_generator_facts.py,1032,test,api_or_container_definition,test_phase25_8_repository_rejects_conflicting_typing_facts_for_same_generator,
tests/test_generator_facts.py,1057,test,api_or_container_definition,test_phase25_8_repository_rejects_duplicate_ambient_group_fact,
tests/test_generator_facts.py,1076,test,api_or_container_definition,test_phase25_8_repository_rejects_conflicting_ambient_group_facts_for_same_generator,
tests/test_generator_facts.py,1323,test,api_or_container_definition,test_phase25_9_materialization_does_not_modify_repository_state,
tests/test_generator_facts.py,1362,test,api_or_container_definition,test_phase25_9_generator_materialization_does_not_modify_theorem_fact_repository,
tests/test_generator_facts.py,1617,test,api_or_container_definition,test_phase26_4_production_repository_returns_nu_prime_typing_fact,
tests/test_generator_facts.py,1630,test,api_or_container_definition,test_phase26_4_production_repository_materializes_nu_prime,
tests/test_generator_facts.py,1656,test,api_or_container_definition,test_phase26_4_production_repository_returns_nu_7_typing_fact,
tests/test_generator_facts.py,1669,test,api_or_container_definition,test_phase26_4_production_repository_materializes_nu_7,
tests/test_generator_facts.py,1695,test,api_or_container_definition,test_phase26_4_production_repository_returns_nu_prime_ambient_group_fact,
tests/test_generator_facts.py,1708,test,api_or_container_definition,test_phase26_4_production_repository_returns_nu_7_ambient_group_fact,
tests/test_generator_facts.py,1721,test,api_or_container_definition,test_phase26_5_repository_derived_nu_prime_suspends_to_expected_typing,
tests/test_generator_facts.py,1747,test,api_or_container_definition,test_phase26_5_suspended_nu_prime_preserves_repository_derived_base_element,
tests/test_generator_facts.py,2449,test,api_or_container_definition,test_phase26_9_actual_toda_typing_chain_does_not_modify_generator_repository,
tests/test_generator_facts.py,2524,test,api_or_container_definition,test_phase26_9_actual_toda_typing_chain_does_not_modify_theorem_repository,
tests/test_generator_facts.py,523,test,named_container_assignment,repository,repository = GeneratorFactRepository()
tests/test_generator_facts.py,816,test,named_container_assignment,repository,"repository = GeneratorFactRepository(typing_facts=(ETA_3_TYPING_FACT, GeneratorTypingFact(generator=second_generator, source=6, target=4), GeneratorTypingFact(generator=third_generator, source=8, target=6)))"
tests/test_generator_facts.py,907,test,named_container_assignment,repository,"repository = GeneratorFactRepository(typing_facts=(ETA_3_TYPING_FACT, GeneratorTypingFact(generator=second_generator, source=6, target=5), GeneratorTypingFact(generator=third_generator, source=8, target=6)))"
tests/test_generator_facts.py,1102,test,named_container_assignment,repository,"repository = GeneratorFactRepository(typing_facts=(ETA_3_TYPING_FACT,), ambient_group_facts=(ETA_3_AMBIENT_GROUP_FACT,))"
tests/test_generator_facts.py,1225,test,named_container_assignment,repository,"repository = GeneratorFactRepository(typing_facts=(GeneratorTypingFact(generator=unrelated_generator, source=12, target=3), ETA_3_TYPING_FACT), ambient_group_facts=(GeneratorAmbientGroupFact(generator=unrelated_generator, group_dimension=12"
tests/test_generator_facts.py,1291,test,named_container_assignment,repository,"repository = GeneratorFactRepository(ambient_group_facts=(ETA_3_AMBIENT_GROUP_FACT,))"
tests/test_generator_facts.py,1324,test,named_container_assignment,typing_facts_before,typing_facts_before = GENERATOR_FACT_REPOSITORY.typing_facts
tests/test_generator_facts.py,1329,test,named_container_assignment,ambient_facts_before,ambient_facts_before = GENERATOR_FACT_REPOSITORY.ambient_group_facts
tests/test_generator_facts.py,1363,test,named_container_assignment,theorem_entries_before,theorem_entries_before = THEOREM_FACT_REPOSITORY.entries
tests/test_generator_facts.py,2370,test,named_container_assignment,repository,"repository = GeneratorFactRepository(typing_facts=(GeneratorTypingFact(generator=generator, source=6, target=3),), ambient_group_facts=(GeneratorAmbientGroupFact(generator=generator, group_dimension=7, sphere_dimension=3),))"
tests/test_generator_facts.py,2403,test,named_container_assignment,repository,"repository = GeneratorFactRepository(typing_facts=(GeneratorTypingFact(generator=generator, source=6, target=3),))"
tests/test_generator_facts.py,2429,test,named_container_assignment,repository,"repository = GeneratorFactRepository(ambient_group_facts=(GeneratorAmbientGroupFact(generator=generator, group_dimension=6, sphere_dimension=3),))"
tests/test_generator_facts.py,2450,test,named_container_assignment,typing_facts_before,typing_facts_before = GENERATOR_FACT_REPOSITORY.typing_facts
tests/test_generator_facts.py,2455,test,named_container_assignment,ambient_facts_before,ambient_facts_before = GENERATOR_FACT_REPOSITORY.ambient_group_facts
tests/test_generator_facts.py,2525,test,named_container_assignment,theorem_entries_before,theorem_entries_before = THEOREM_FACT_REPOSITORY.entries
tests/test_generator_facts.py,2587,test,named_container_assignment,typing_facts_before,typing_facts_before = GENERATOR_FACT_REPOSITORY.typing_facts
tests/test_generator_facts.py,2592,test,named_container_assignment,ambient_facts_before,ambient_facts_before = GENERATOR_FACT_REPOSITORY.ambient_group_facts
tests/test_homomorphism_rules.py,2715,test,rule_function_candidate,test_phase13_concrete_rule_family_reaches_fixed_point,
tests/test_hopf_rules.py,131,test,literature_reference_candidate,LiteratureReference,"LiteratureReference(label='Toda', author='H. Toda', title='Composition Methods in Homotopy Groups of Spheres', year=1962, locator='Hopf invariant fact')"
tests/test_hopf_rules.py,174,test,literature_reference_candidate,LiteratureReference,"LiteratureReference(label='Toda', author='H. Toda', title='Composition Methods in Homotopy Groups of Spheres', year=1962, locator='Hopf invariant fact')"
tests/test_hopf_rules.py,273,test,literature_reference_candidate,LiteratureReference,"LiteratureReference(label='Toda', author='H. Toda', title='Composition Methods in Homotopy Groups of Spheres', year=1962, locator='Hopf invariant fact')"
tests/test_hopf_rules.py,1466,test,literature_reference_candidate,LiteratureReference,"LiteratureReference(label='Phase 11 representative', author='Toda', title='Composition methods', year=1962, locator='representative Hopf fact')"
tests/test_hopf_rules.py,2289,test,literature_reference_candidate,LiteratureReference,"LiteratureReference(label='Toda', author='H. Toda', title='Composition Methods in Homotopy Groups of Spheres', year=1962, locator='generalized Hopf invariant fact')"
tests/test_hopf_rules.py,1218,test,literature_reference_candidate,LiteratureReference,"LiteratureReference(label='Phase 11 representative', author='Toda', title='Composition methods', year=1962, locator='representative Hopf fact')"
tests/test_indeterminacy_rules.py,616,test,rule_function_candidate,test_modulo_to_coset_membership_rule_rejects_plain_membership,
tests/test_inference_rule_pattern.py,177,test,rule_function_candidate,test_inference_rule_without_premise_patterns,
tests/test_inference_rule_pattern.py,188,test,rule_function_candidate,test_inference_rule_with_premise_pattern,
tests/test_inference_rule_pattern.py,217,test,rule_function_candidate,test_inference_rule_multiple_premise_patterns,
tests/test_inference_rule_pattern.py,276,test,rule_function_candidate,test_premise_pattern_matches_proof_rule,
tests/test_inference_rule_pattern.py,293,test,rule_function_candidate,test_premise_pattern_rejects_wrong_proof_rule,
tests/test_inference_rule_pattern.py,486,test,rule_function_candidate,test_inference_rule_matches_single_premise,
tests/test_inference_rule_pattern.py,518,test,rule_function_candidate,test_inference_rule_rejects_single_wrong_premise,
tests/test_inference_rule_pattern.py,542,test,rule_function_candidate,test_inference_rule_matches_multiple_premises,
tests/test_inference_rule_pattern.py,588,test,rule_function_candidate,test_inference_rule_rejects_wrong_multiple_premise,
tests/test_inference_rule_pattern.py,626,test,rule_function_candidate,test_inference_rule_matching_is_ordered,
tests/test_inference_rule_pattern.py,664,test,rule_function_candidate,test_inference_rule_rejects_too_few_steps,
tests/test_inference_rule_pattern.py,691,test,rule_function_candidate,test_inference_rule_rejects_too_many_steps,
tests/test_inference_rule_pattern.py,722,test,rule_function_candidate,test_empty_inference_rule_matches_empty_steps,
tests/test_inference_rule_pattern.py,733,test,rule_function_candidate,test_empty_inference_rule_rejects_nonempty_steps,
tests/test_inference_rule_pattern.py,752,test,rule_function_candidate,test_matches_inference_rule_accepts_single_proof_step,
tests/test_inference_rule_pattern.py,774,test,rule_function_candidate,test_matches_inference_rule_accepts_tuple,
tests/test_inference_rule_pattern.py,798,test,rule_function_candidate,test_matches_inference_rule_accepts_list,
tests/test_inference_rule_pattern.py,822,test,rule_function_candidate,test_matches_inference_rule_rejects_invalid_rule,
tests/test_inference_rule_pattern.py,836,test,rule_function_candidate,test_matches_inference_rule_rejects_invalid_steps,
tests/test_inference_rule_pattern.py,853,test,rule_function_candidate,test_matches_inference_rule_rejects_invalid_step_in_list,
tests/test_inference_rule_pattern.py,1135,test,rule_function_candidate,test_find_matching_premises_empty_rule,
tests/test_inference_rule_pattern.py,1148,test,rule_function_candidate,test_find_matching_premises_empty_rule_ignores_available_steps,
tests/test_inference_rule_pattern.py,1268,test,rule_function_candidate,test_find_matching_premises_rejects_invalid_rule,
tests/test_inference_rule_pattern.py,1310,test,rule_function_candidate,test_inference_rule_is_applicable,
tests/test_inference_rule_pattern.py,1334,test,rule_function_candidate,test_inference_rule_is_not_applicable,
tests/test_inference_rule_pattern.py,1358,test,rule_function_candidate,test_inference_rule_applicable_with_multiple_patterns,
tests/test_inference_rule_pattern.py,1392,test,rule_function_candidate,test_inference_rule_not_applicable_when_premise_missing,
tests/test_inference_rule_pattern.py,1419,test,rule_function_candidate,test_empty_inference_rule_is_applicable,
tests/test_inference_rule_pattern.py,1430,test,rule_function_candidate,test_empty_inference_rule_is_applicable_with_available_steps,
tests/test_inference_rule_pattern.py,1449,test,rule_function_candidate,test_inference_rule_applicability_does_not_reuse_step,
tests/test_inference_rule_pattern.py,1476,test,rule_function_candidate,test_inference_rule_applicability_uses_distinct_steps,
tests/test_inference_rule_pattern.py,1510,test,rule_function_candidate,test_inference_rule_applicability_matches_relation_type,
tests/test_inference_rule_pattern.py,1555,test,rule_function_candidate,test_inference_rule_applicability_rejects_wrong_relation_type,
tests/test_inference_rule_pattern.py,1587,test,rule_function_candidate,test_is_inference_rule_applicable_accepts_single_step,
tests/test_inference_rule_pattern.py,1609,test,rule_function_candidate,test_is_inference_rule_applicable_accepts_list,
tests/test_inference_rule_pattern.py,1633,test,rule_function_candidate,test_is_inference_rule_applicable_rejects_invalid_rule,
tests/test_inference_rule_pattern.py,1649,test,rule_function_candidate,test_is_inference_rule_applicable_rejects_invalid_steps,
tests/test_inference_rule_pattern.py,1661,test,rule_function_candidate,test_is_inference_rule_applicable_rejects_invalid_step_in_list,
tests/test_inference_rule_pattern.py,1675,test,rule_function_candidate,test_find_applicable_inference_rules,
tests/test_inference_rule_pattern.py,1717,test,rule_function_candidate,test_find_applicable_inference_rules_multiple_matches,
tests/test_inference_rule_pattern.py,1760,test,rule_function_candidate,test_find_applicable_inference_rules_preserves_order,
tests/test_inference_rule_pattern.py,1803,test,rule_function_candidate,test_find_applicable_inference_rules_returns_empty,
tests/test_inference_rule_pattern.py,1833,test,rule_function_candidate,test_find_applicable_inference_rules_empty_rules,
tests/test_inference_rule_pattern.py,1852,test,rule_function_candidate,test_find_applicable_inference_rules_includes_empty_rule,
tests/test_inference_rule_pattern.py,1881,test,rule_function_candidate,test_find_applicable_inference_rules_multiple_patterns,
tests/test_inference_rule_pattern.py,1934,test,rule_function_candidate,test_find_applicable_inference_rules_relation_type,
tests/test_inference_rule_pattern.py,1986,test,rule_function_candidate,test_find_applicable_inference_rules_accepts_single_rule,
tests/test_inference_rule_pattern.py,2014,test,rule_function_candidate,test_find_applicable_inference_rules_accepts_list,
tests/test_inference_rule_pattern.py,2046,test,rule_function_candidate,test_find_applicable_inference_rules_rejects_invalid_rules,
tests/test_inference_rule_pattern.py,2062,test,rule_function_candidate,test_find_applicable_inference_rules_rejects_invalid_rule_in_list,
tests/test_inference_rule_pattern.py,2077,test,rule_function_candidate,test_find_applicable_inference_rules_rejects_invalid_steps,
tests/test_inference_rule_pattern.py,2091,test,rule_function_candidate,test_find_applicable_inference_rules_rejects_invalid_step_in_list,
tests/test_inference_rule_pattern.py,2240,test,rule_function_candidate,test_find_inference_match_empty_rule,
tests/test_inference_rule_pattern.py,2256,test,rule_function_candidate,test_find_inference_match_empty_rule_with_steps,
tests/test_inference_rule_pattern.py,2392,test,rule_function_candidate,test_find_inference_match_rejects_invalid_rule,
tests/test_inference_rule_pattern.py,2537,test,rule_function_candidate,test_find_inference_matches_preserves_rule_order,
tests/test_inference_rule_pattern.py,2607,test,rule_function_candidate,test_find_inference_matches_empty_rules,
tests/test_inference_rule_pattern.py,2622,test,rule_function_candidate,test_find_inference_matches_includes_empty_rule,
tests/test_inference_rule_pattern.py,2753,test,rule_function_candidate,test_find_inference_matches_accepts_single_rule,
tests/test_inference_rule_pattern.py,2819,test,rule_function_candidate,test_find_inference_matches_rejects_invalid_rules,
tests/test_inference_rule_pattern.py,2835,test,rule_function_candidate,test_find_inference_matches_rejects_invalid_rule_in_list,
tests/test_inference_rule_pattern.py,2880,test,rule_function_candidate,test_inference_rule_conclusion_builder_defaults_to_none,
tests/test_inference_rule_pattern.py,2891,test,rule_function_candidate,test_inference_rule_conclusion_builder,
tests/test_inference_rule_pattern.py,2906,test,rule_function_candidate,test_inference_rule_conclusion_builder_is_backward_compatible,
tests/test_inference_rule_pattern.py,3153,test,rule_function_candidate,test_apply_inference_match_premise_free_rule,
tests/test_inference_rule_pattern.py,3510,test,rule_function_candidate,test_apply_inference_matches_preserves_rules,
tests/test_inference_rule_pattern.py,3758,test,rule_function_candidate,test_derive_inference_steps_multiple_rules,
tests/test_inference_rule_pattern.py,3815,test,rule_function_candidate,test_derive_inference_steps_preserves_rule_order,
tests/test_inference_rule_pattern.py,3876,test,rule_function_candidate,test_derive_inference_steps_empty_rules,
tests/test_inference_rule_pattern.py,3891,test,rule_function_candidate,test_derive_inference_steps_accepts_single_rule_and_step,
tests/test_inference_rule_pattern.py,3954,test,rule_function_candidate,test_derive_inference_steps_rejects_invalid_rules,
tests/test_inference_rule_pattern.py,3987,test,rule_function_candidate,test_derive_inference_steps_requires_builder_for_matched_rule,
tests/test_inference_rule_pattern.py,4219,test,rule_function_candidate,test_run_inference_round_no_applicable_rules,
tests/test_inference_rule_pattern.py,4252,test,rule_function_candidate,test_run_inference_round_empty_rules,
tests/test_inference_rule_pattern.py,4301,test,rule_function_candidate,test_run_inference_round_accepts_single_rule_and_step,
tests/test_inference_rule_pattern.py,4374,test,rule_function_candidate,test_run_inference_round_rejects_invalid_rules,
tests/test_inference_rule_pattern.py,4404,test,rule_function_candidate,test_run_inference_round_requires_builder_for_matched_rule,
tests/test_inference_rule_pattern.py,5111,test,rule_function_candidate,test_derive_new_inference_steps_returns_empty_when_no_rule_matches,
tests/test_inference_rule_pattern.py,5142,test,rule_function_candidate,test_derive_new_inference_steps_empty_rules,
tests/test_inference_rule_pattern.py,5222,test,rule_function_candidate,test_derive_new_inference_steps_accepts_single_rule_and_step,
tests/test_inference_rule_pattern.py,5295,test,rule_function_candidate,test_derive_new_inference_steps_rejects_invalid_rules,
tests/test_inference_rule_pattern.py,5325,test,rule_function_candidate,test_derive_new_inference_steps_requires_builder_for_matched_rule,
tests/test_inference_rule_pattern.py,5459,test,rule_function_candidate,test_run_inference_until_stable_returns_initial_steps_when_no_rule_matches,
tests/test_inference_rule_pattern.py,5492,test,rule_function_candidate,test_run_inference_until_stable_empty_rules,
tests/test_inference_rule_pattern.py,5702,test,rule_function_candidate,test_run_inference_until_stable_accepts_single_rule_and_step,
tests/test_inference_rule_pattern.py,5777,test,rule_function_candidate,test_run_inference_until_stable_rejects_invalid_rules,
tests/test_inference_rule_pattern.py,5807,test,rule_function_candidate,test_run_inference_until_stable_requires_builder_for_matched_rule,
tests/test_inference_rule_pattern.py,6241,test,rule_function_candidate,test_run_inference_until_stable_with_history_accepts_single_rule_and_step,
tests/test_inference_rule_pattern.py,6316,test,rule_function_candidate,test_run_inference_until_stable_with_history_rejects_invalid_rules,
tests/test_inference_rule_pattern.py,6346,test,rule_function_candidate,test_run_inference_until_stable_with_history_requires_builder_for_matched_rule,
tests/test_inference_rule_pattern.py,9331,test,rule_function_candidate,test_find_all_matching_premises_empty_rule,
tests/test_inference_rule_pattern.py,9346,test,rule_function_candidate,test_find_all_matching_premises_empty_rule_ignores_available_steps,
tests/test_inference_rule_pattern.py,9421,test,rule_function_candidate,test_find_all_matching_premises_rejects_invalid_rule,
tests/test_inference_rule_pattern.py,9441,test,rule_function_candidate,test_find_inference_matches_for_rule_multiple,
tests/test_inference_rule_pattern.py,9487,test,rule_function_candidate,test_find_inference_matches_for_rule_returns_empty,
tests/test_inference_rule_pattern.py,9550,test,rule_function_candidate,test_find_inference_matches_collects_all_matches_per_rule,
tests/test_inference_rule_pattern.py,9593,test,rule_function_candidate,test_find_inference_matches_preserves_rule_then_assignment_order,
tests/test_inference_rule_pattern.py,10769,test,rule_function_candidate,test_match_premise_pattern_rejects_wrong_proof_rule,
tests/test_inference_rule_pattern.py,10951,test,rule_function_candidate,test_match_inference_rule_bindings_empty_rule,
tests/test_inference_rule_pattern.py,10966,test,rule_function_candidate,test_match_inference_rule_bindings_without_variables,
tests/test_inference_rule_pattern.py,10992,test,rule_function_candidate,test_match_inference_rule_bindings_single_premise_binding,
tests/test_inference_rule_pattern.py,11035,test,rule_function_candidate,test_match_inference_rule_bindings_merges_shared_variable,
tests/test_inference_rule_pattern.py,11096,test,rule_function_candidate,test_match_inference_rule_bindings_rejects_shared_variable_conflict,
tests/test_inference_rule_pattern.py,11152,test,rule_function_candidate,test_match_inference_rule_bindings_preserves_distinct_variables,
tests/test_inference_rule_pattern.py,11221,test,rule_function_candidate,test_match_inference_rule_bindings_rejects_premise_mismatch,
tests/test_inference_rule_pattern.py,11254,test,rule_function_candidate,test_match_inference_rule_bindings_rejects_wrong_step_count,
tests/test_inference_rule_pattern.py,11278,test,rule_function_candidate,test_match_inference_rule_bindings_rejects_invalid_rule,
tests/test_inference_rule_pattern.py,11292,test,rule_function_candidate,test_match_inference_rule_bindings_rejects_invalid_steps,
tests/test_inference_rule_pattern.py,11680,test,rule_function_candidate,test_find_inference_matches_for_rule_stores_distinct_bindings,
tests/test_inference_rule_pattern.py,12109,test,rule_function_candidate,test_inference_rule_conclusion_pattern_defaults_to_none,
tests/test_inference_rule_pattern.py,12120,test,rule_function_candidate,test_inference_rule_with_conclusion_pattern,
tests/test_inference_rule_pattern.py,12140,test,rule_function_candidate,test_inference_rule_conclusion_pattern_with_variable,
tests/test_inference_rule_pattern.py,12168,test,rule_function_candidate,test_inference_rule_conclusion_pattern_is_backward_compatible,
tests/test_inference_rule_pattern.py,12189,test,rule_function_candidate,test_inference_rule_can_hold_builder_and_conclusion_pattern,
tests/test_inference_rule_pattern.py,13653,test,rule_function_candidate,test_single_rule_multiple_binding_assignments_derive_distinct_conclusions_end_to_end,
tests/test_inference_rule_pattern.py,15434,test,rule_function_candidate,test_multiple_rules_chain_through_derived_conclusions_fixed_point_end_to_end,
tests/test_inference_rule_pattern.py,15599,test,rule_function_candidate,test_multiple_rules_propagate_multiple_binding_branches_fixed_point_end_to_end,
tests/test_inference_rule_pattern.py,15937,test,rule_function_candidate,test_multiple_branches_merge_into_multi_premise_rule_fixed_point_end_to_end,
tests/test_inference_rule_pattern.py,16377,test,rule_function_candidate,test_inference_rule_accepts_statement_conclusion_pattern,
tests/test_inference_rule_pattern.py,16506,test,rule_function_candidate,test_inference_rule_match_guard_defaults_to_none,
tests/test_inference_rule_pattern.py,16514,test,rule_function_candidate,test_inference_rule_match_guard_accepts_match,
tests/test_inference_rule_pattern.py,16537,test,rule_function_candidate,test_inference_rule_match_guard_rejects_match,
tests/test_inference_rule_pattern.py,16560,test,rule_function_candidate,test_inference_rule_match_guard_receives_bindings,
tests/test_map_facts.py,524,test,api_or_container_definition,test_phase29_5_map_isomorphism_repository_is_empty_by_default,
tests/test_map_facts.py,532,test,api_or_container_definition,test_phase29_5_production_repository_preserves_actual_hopf_isomorphism_fact,
tests/test_map_facts.py,542,test,api_or_container_definition,test_phase29_5_repository_lookup_returns_actual_hopf_isomorphism_fact,
tests/test_map_facts.py,555,test,api_or_container_definition,test_phase29_5_repository_lookup_returns_none_for_unknown_typing,
tests/test_map_facts.py,573,test,api_or_container_definition,test_phase29_5_repository_lookup_distinguishes_map_identity,
tests/test_map_facts.py,593,test,api_or_container_definition,test_phase29_5_repository_rejects_duplicate_typing_context,
tests/test_map_facts.py,612,test,api_or_container_definition,test_phase29_5_repository_allows_same_map_in_different_typing_context,
tests/test_map_facts.py,697,test,rule_function_candidate,test_phase29_6_materialized_isomorphism_step_has_no_inference_rule,
tests/test_map_facts.py,706,test,api_or_container_definition,test_phase29_6_repository_lookup_materializes_actual_hopf_isomorphism_step,
tests/test_map_facts.py,525,test,named_container_assignment,repository,repository = MapIsomorphismFactRepository()
tests/test_map_facts.py,625,test,named_container_assignment,repository,"repository = MapIsomorphismFactRepository(facts=(HOPF_MAP_ISOMORPHISM_FACT, different_fact))"
tests/test_phase100_12b_standard_repository_integration.py,36,test,api_or_container_definition,test_phase100_12b_standard_integration_builds_repository,
tests/test_phase100_12b_standard_repository_integration.py,180,test,api_or_container_definition,test_phase100_12b_standard_integration_builder_returns_fresh_repository,
tests/test_phase100_12b_standard_repository_integration.py,37,test,named_container_assignment,repository,repository = build_standard_production_proof_repository()
tests/test_phase100_12b_standard_repository_integration.py,48,test,named_container_assignment,repository,repository = build_standard_production_proof_repository()
tests/test_phase100_12b_standard_repository_integration.py,62,test,named_container_assignment,entries,entries = repository.entries()
tests/test_phase100_12b_standard_repository_integration.py,88,test,named_container_assignment,repository,repository = build_standard_production_proof_repository()
tests/test_phase100_12b_standard_repository_integration.py,92,test,named_container_assignment,entries,entries = repository.entries()
tests/test_phase100_12b_standard_repository_integration.py,117,test,named_container_assignment,repository,repository = build_standard_production_proof_repository()
tests/test_phase100_12b_standard_repository_integration.py,130,test,named_container_assignment,repository,repository = build_standard_production_proof_repository()
tests/test_phase100_12b_standard_repository_integration.py,208,test,named_container_assignment,repository,repository = build_standard_production_proof_repository()
tests/test_phase100_minimal_cli.py,269,test,api_or_container_definition,test_phase100_4_cli_does_not_mutate_repository,
tests/test_phase100_minimal_cli.py,311,test,api_or_container_definition,test_phase100_4_rejects_non_repository_programmer_input,
tests/test_phase100_minimal_cli.py,74,test,named_container_assignment,repository,repository = ProofRepository()
tests/test_phase100_minimal_cli.py,274,test,named_container_assignment,repository,repository = data['repository']
tests/test_phase100_minimal_cli.py,74,test,repository_constructor,ProofRepository,ProofRepository()
tests/test_phase100_minimal_cli.py,76,test,explicit_entry_constructor,ProofRepositoryEntry,"ProofRepositoryEntry(key='phase100.cli.first', step=phase65['pi7_4_step'], phase='65', theorem='Toda Proposition 5.6 first')"
tests/test_phase100_minimal_cli.py,85,test,explicit_entry_constructor,ProofRepositoryEntry,"ProofRepositoryEntry(key='phase100.cli.second', step=phase65['pi7_4_step'], phase='65', theorem='Toda Proposition 5.6 second')"
tests/test_phase100_minimal_cli.py,94,test,registration_call_candidate,repository.register,repository.register(first_entry)
tests/test_phase100_minimal_cli.py,97,test,registration_call_candidate,repository.register,repository.register(second_entry)
tests/test_phase100_minimal_cli.py,50,test,repository_constructor,ProofRepository,ProofRepository()
tests/test_phase100_minimal_cli.py,133,test,repository_constructor,ProofRepository,ProofRepository()
tests/test_phase100_minimal_cli.py,184,test,repository_constructor,ProofRepository,ProofRepository()
tests/test_phase100_minimal_cli.py,206,test,repository_constructor,ProofRepository,ProofRepository()
tests/test_phase100_minimal_cli.py,228,test,repository_constructor,ProofRepository,ProofRepository()
tests/test_phase100_minimal_cli.py,249,test,repository_constructor,ProofRepository,ProofRepository()
tests/test_phase100_production_proof_builder.py,117,test,rule_function_candidate,test_phase100_7_production_builder_preserves_inference_rule_semantics,
tests/test_phase100_prop511_production_proof_builder.py,105,test,rule_function_candidate,test_phase100_9_production_builder_preserves_inference_rule_semantics,
tests/test_phase100_prop515_production_proof_builder.py,135,test,rule_function_candidate,test_phase100_10_production_builder_preserves_inference_rule_semantics,
tests/test_phase100_prop58_production_proof_builder.py,117,test,rule_function_candidate,test_phase100_8_production_builder_preserves_inference_rule_semantics,
tests/test_phase100_standard_repository.py,151,test,api_or_container_definition,test_phase100_11_standard_repository_has_deterministic_entry_order,
tests/test_phase100_standard_repository.py,189,test,api_or_container_definition,test_phase100_11_standard_repository_preserves_aggregate_step_identity,
tests/test_phase100_standard_repository.py,252,test,api_or_container_definition,test_phase100_11_standard_repository_finds_representative_group_queries,
tests/test_phase100_standard_repository.py,278,test,api_or_container_definition,test_phase100_11_standard_repository_preserves_nested_branch_provenance,
tests/test_phase100_standard_repository.py,327,test,api_or_container_definition,test_phase100_11_standard_repository_queries_do_not_mutate_entries,
tests/test_phase100_standard_repository.py,357,test,api_or_container_definition,test_phase100_11_standard_repository_builder_returns_fresh_repository,
tests/test_phase100_standard_repository.py,411,test,api_or_container_definition,test_phase100_11_standard_repository_rejects_wrong_theorem_role,
tests/test_phase100_standard_repository.py,437,test,api_or_container_definition,test_phase100_11_standard_repository_rejects_non_proof_step,
tests/test_phase100_standard_repository.py,131,test,named_container_assignment,repository,"repository = build_standard_proof_repository(prop56_step, prop58_step, prop511_step, prop515_step)"
tests/test_phase100_standard_repository.py,154,test,named_container_assignment,entries,entries = data['repository'].entries()
tests/test_phase100_standard_repository.py,192,test,named_container_assignment,entries,entries = data['repository'].entries()
tests/test_phase100_standard_repository.py,330,test,named_container_assignment,repository,repository = data['repository']
tests/test_phase101_cli_boundary_alias_unknown_regression.py,37,test,api_or_container_definition,fake_explore_standard_repository_generator_input,
tests/test_phase101_cli_boundary_alias_unknown_regression.py,99,test,api_or_container_definition,fake_explore_standard_repository_generator_input,
tests/test_phase101_cli_boundary_alias_unknown_regression.py,204,test,api_or_container_definition,fake_explore_standard_repository_generator_input,
tests/test_phase101_production_element_exploration_facade.py,57,test,named_container_assignment,expected_repository,expected_repository = build_standard_production_proof_repository()
tests/test_phase101_production_exploration_validation.py,267,test,api_or_container_definition,test_phase101_4_production_repository_is_not_mutated_by_exploration,
tests/test_phase101_production_exploration_validation.py,268,test,named_container_assignment,repository,repository = build_standard_production_proof_repository()
tests/test_phase102_map_relation_exploration.py,300,test,api_or_container_definition,test_phase102_4_repository_order_is_preserved,
tests/test_phase102_map_relation_exploration.py,403,test,api_or_container_definition,test_phase102_4_rejects_non_repository,
tests/test_phase102_map_relation_exploration.py,59,test,named_container_assignment,repository,repository = ProofRepository()
tests/test_phase102_map_relation_exploration.py,143,test,named_container_assignment,repository,repository = ProofRepository()
tests/test_phase102_map_relation_exploration.py,187,test,named_container_assignment,repository,repository = ProofRepository()
tests/test_phase102_map_relation_exploration.py,228,test,named_container_assignment,repository,repository = ProofRepository()
tests/test_phase102_map_relation_exploration.py,272,test,named_container_assignment,repository,repository = ProofRepository()
tests/test_phase102_map_relation_exploration.py,361,test,named_container_assignment,repository,repository = ProofRepository()
tests/test_phase102_map_relation_exploration.py,389,test,named_container_assignment,repository,repository = ProofRepository()
tests/test_phase102_map_relation_exploration.py,52,test,explicit_entry_constructor,ProofRepositoryEntry,"ProofRepositoryEntry(key='phase58.h_nu_prime_eta5', step=final_step, phase='58', theorem='Toda Lemma 5.2 / Hopf bridge')"
tests/test_phase102_map_relation_exploration.py,59,test,repository_constructor,ProofRepository,ProofRepository()
tests/test_phase102_map_relation_exploration.py,60,test,registration_call_candidate,repository.register,repository.register(entry)
tests/test_phase102_map_relation_exploration.py,143,test,repository_constructor,ProofRepository,ProofRepository()
tests/test_phase102_map_relation_exploration.py,144,test,registration_call_candidate,repository.register,"repository.register(ProofRepositoryEntry(key='phase58.h_nu_prime_eta5', step=final_step))"
tests/test_phase102_map_relation_exploration.py,187,test,repository_constructor,ProofRepository,ProofRepository()
tests/test_phase102_map_relation_exploration.py,188,test,registration_call_candidate,repository.register,"repository.register(ProofRepositoryEntry(key='phase102.non-map', step=ProofStep(conclusion=Relation(lhs=nu_prime, rhs=eta_5, relation_type=RelationType.EQUALITY), premises=(), rule=ProofRule.GIVEN)))"
tests/test_phase102_map_relation_exploration.py,228,test,repository_constructor,ProofRepository,ProofRepository()
tests/test_phase102_map_relation_exploration.py,229,test,registration_call_candidate,repository.register,"repository.register(ProofRepositoryEntry(key='phase102.output-only', step=ProofStep(conclusion=Relation(lhs=MapApplication(map=EHP_H_MAP, expression=eta_5), rhs=nu_prime, relation_type=RelationType.EQUALITY), premises=(), rule=ProofRule.GIV"
tests/test_phase102_map_relation_exploration.py,272,test,repository_constructor,ProofRepository,ProofRepository()
tests/test_phase102_map_relation_exploration.py,273,test,registration_call_candidate,repository.register,"repository.register(ProofRepositoryEntry(key='phase102.order', step=ProofStep(conclusion=Relation(lhs=MapApplication(map=EHP_H_MAP, expression=nu_prime), rhs=eta_5, relation_type=RelationType.ORDER), premises=(), rule=ProofRule.GIVEN)))"
tests/test_phase102_map_relation_exploration.py,327,test,explicit_entry_constructor,ProofRepositoryEntry,"ProofRepositoryEntry(key='phase102.first', step=ProofStep(conclusion=Relation(lhs=MapApplication(map=MapSymbol(name='H'), expression=first_element), rhs=output), premises=(), rule=ProofRule.GIVEN))"
tests/test_phase102_map_relation_exploration.py,344,test,explicit_entry_constructor,ProofRepositoryEntry,"ProofRepositoryEntry(key='phase102.second', step=ProofStep(conclusion=Relation(lhs=MapApplication(map=MapSymbol(name='E'), expression=second_element), rhs=output), premises=(), rule=ProofRule.GIVEN))"
tests/test_phase102_map_relation_exploration.py,361,test,repository_constructor,ProofRepository,ProofRepository()
tests/test_phase102_map_relation_exploration.py,362,test,registration_call_candidate,repository.register,repository.register(first_entry)
tests/test_phase102_map_relation_exploration.py,365,test,registration_call_candidate,repository.register,repository.register(second_entry)
tests/test_phase102_map_relation_exploration.py,389,test,repository_constructor,ProofRepository,ProofRepository()
tests/test_phase102_map_relation_exploration.py,145,test,explicit_entry_constructor,ProofRepositoryEntry,"ProofRepositoryEntry(key='phase58.h_nu_prime_eta5', step=final_step)"
tests/test_phase102_map_relation_exploration.py,189,test,explicit_entry_constructor,ProofRepositoryEntry,"ProofRepositoryEntry(key='phase102.non-map', step=ProofStep(conclusion=Relation(lhs=nu_prime, rhs=eta_5, relation_type=RelationType.EQUALITY), premises=(), rule=ProofRule.GIVEN))"
tests/test_phase102_map_relation_exploration.py,230,test,explicit_entry_constructor,ProofRepositoryEntry,"ProofRepositoryEntry(key='phase102.output-only', step=ProofStep(conclusion=Relation(lhs=MapApplication(map=EHP_H_MAP, expression=eta_5), rhs=nu_prime, relation_type=RelationType.EQUALITY), premises=(), rule=ProofRule.GIVEN))"
tests/test_phase102_map_relation_exploration.py,274,test,explicit_entry_constructor,ProofRepositoryEntry,"ProofRepositoryEntry(key='phase102.order', step=ProofStep(conclusion=Relation(lhs=MapApplication(map=EHP_H_MAP, expression=nu_prime), rhs=eta_5, relation_type=RelationType.ORDER), premises=(), rule=ProofRule.GIVEN))"
tests/test_phase102_map_relation_exploration.py,424,test,repository_constructor,ProofRepository,ProofRepository()
tests/test_phase102_map_relation_exploration.py,437,test,repository_constructor,ProofRepository,ProofRepository()
tests/test_phase102_minimal_theorem_pattern_exploration_result.py,219,test,api_or_container_definition,test_phase102_2_builder_rejects_non_repository,
tests/test_phase102_minimal_theorem_pattern_exploration_result.py,240,test,repository_constructor,ProofRepository,ProofRepository()
tests/test_phase102_production_scope_facade.py,243,test,api_or_container_definition,test_phase102_6_repository_facade_rejects_non_repository,
tests/test_phase102_production_scope_facade.py,256,test,api_or_container_definition,test_phase102_6_repository_facade_rejects_non_generator,
tests/test_phase102_production_scope_facade.py,292,test,api_or_container_definition,test_phase102_6_repository_is_not_mutated,
tests/test_phase102_production_scope_facade.py,116,test,named_container_assignment,repository,repository = build_standard_production_proof_repository()
tests/test_phase102_production_scope_facade.py,293,test,named_container_assignment,repository,repository = build_standard_production_proof_repository()
tests/test_phase102_production_scope_facade.py,264,test,repository_constructor,ProofRepository,ProofRepository()
tests/test_phase102_proof_scope_semantic_exploration.py,291,test,api_or_container_definition,test_phase102_5b_repository_is_not_mutated_by_scope_semantic_search,
tests/test_phase102_proof_scope_semantic_exploration.py,31,test,named_container_assignment,repository,repository = build_standard_production_proof_repository()
tests/test_phase102_proof_scope_semantic_exploration.py,44,test,named_container_assignment,"(repository, scope)","(repository, scope) = build_standard_scope()"
tests/test_phase102_proof_scope_semantic_exploration.py,292,test,named_container_assignment,"(repository, scope)","(repository, scope) = build_standard_scope()"
tests/test_phase102_proof_scope_traversal.py,267,test,api_or_container_definition,test_phase102_5a_repository_scope_preserves_registration_order,
tests/test_phase102_proof_scope_traversal.py,421,test,api_or_container_definition,test_phase102_5a_repository_is_not_mutated,
tests/test_phase102_proof_scope_traversal.py,461,test,api_or_container_definition,test_phase102_5a_repository_scope_rejects_non_repository,
tests/test_phase102_proof_scope_traversal.py,286,test,named_container_assignment,repository,repository = ProofRepository()
tests/test_phase102_proof_scope_traversal.py,352,test,named_container_assignment,repository,repository = ProofRepository()
tests/test_phase102_proof_scope_traversal.py,386,test,named_container_assignment,repository,repository = build_standard_production_proof_repository()
tests/test_phase102_proof_scope_traversal.py,422,test,named_container_assignment,repository,repository = build_standard_production_proof_repository()
tests/test_phase102_proof_scope_traversal.py,38,test,explicit_entry_constructor,ProofRepositoryEntry,"ProofRepositoryEntry(key='phase102.root', step=root)"
tests/test_phase102_proof_scope_traversal.py,106,test,explicit_entry_constructor,ProofRepositoryEntry,"ProofRepositoryEntry(key='phase102.bfs', step=root)"
tests/test_phase102_proof_scope_traversal.py,165,test,explicit_entry_constructor,ProofRepositoryEntry,"ProofRepositoryEntry(key='phase102.shared', step=root)"
tests/test_phase102_proof_scope_traversal.py,213,test,explicit_entry_constructor,ProofRepositoryEntry,"ProofRepositoryEntry(key='phase102.cycle', step=root)"
tests/test_phase102_proof_scope_traversal.py,247,test,explicit_entry_constructor,ProofRepositoryEntry,"ProofRepositoryEntry(key='phase102.non-step', step=root)"
tests/test_phase102_proof_scope_traversal.py,276,test,explicit_entry_constructor,ProofRepositoryEntry,"ProofRepositoryEntry(key='phase102.first', step=first_root)"
tests/test_phase102_proof_scope_traversal.py,281,test,explicit_entry_constructor,ProofRepositoryEntry,"ProofRepositoryEntry(key='phase102.second', step=second_root)"
tests/test_phase102_proof_scope_traversal.py,286,test,repository_constructor,ProofRepository,ProofRepository()
tests/test_phase102_proof_scope_traversal.py,287,test,registration_call_candidate,repository.register,repository.register(first_entry)
tests/test_phase102_proof_scope_traversal.py,290,test,registration_call_candidate,repository.register,repository.register(second_entry)
tests/test_phase102_proof_scope_traversal.py,332,test,explicit_entry_constructor,ProofRepositoryEntry,"ProofRepositoryEntry(key='phase102.first', step=make_step('first', premises=(shared,)))"
tests/test_phase102_proof_scope_traversal.py,342,test,explicit_entry_constructor,ProofRepositoryEntry,"ProofRepositoryEntry(key='phase102.second', step=make_step('second', premises=(shared,)))"
tests/test_phase102_proof_scope_traversal.py,352,test,repository_constructor,ProofRepository,ProofRepository()
tests/test_phase102_proof_scope_traversal.py,353,test,registration_call_candidate,repository.register,repository.register(first_entry)
tests/test_phase102_proof_scope_traversal.py,356,test,registration_call_candidate,repository.register,repository.register(second_entry)
tests/test_phase102_toda_membership_filter.py,408,test,api_or_container_definition,test_phase102_3_builder_rejects_non_repository,
tests/test_phase102_toda_membership_filter.py,152,test,named_container_assignment,repository,repository = ProofRepository()
tests/test_phase102_toda_membership_filter.py,270,test,named_container_assignment,repository,repository = ProofRepository()
tests/test_phase102_toda_membership_filter.py,324,test,named_container_assignment,repository,repository = ProofRepository()
tests/test_phase102_toda_membership_filter.py,358,test,named_container_assignment,repository,repository = ProofRepository()
tests/test_phase102_toda_membership_filter.py,62,test,explicit_entry_constructor,ProofRepositoryEntry,"ProofRepositoryEntry(key=key, step=ProofStep(conclusion=statement, premises=(), rule=ProofRule.GIVEN))"
tests/test_phase102_toda_membership_filter.py,152,test,repository_constructor,ProofRepository,ProofRepository()
tests/test_phase102_toda_membership_filter.py,270,test,repository_constructor,ProofRepository,ProofRepository()
tests/test_phase102_toda_membership_filter.py,292,test,registration_call_candidate,repository.register,repository.register(entry)
tests/test_phase102_toda_membership_filter.py,324,test,repository_constructor,ProofRepository,ProofRepository()
tests/test_phase102_toda_membership_filter.py,326,test,registration_call_candidate,repository.register,"repository.register(make_membership_entry('phase102.ordinary', TodaBracketMembershipStatement(element=eta(2), bracket=TodaBracket(first=eta(3), second=nu_prime_element(), third=eta(4)))))"
tests/test_phase102_toda_membership_filter.py,358,test,repository_constructor,ProofRepository,ProofRepository()
tests/test_phase102_toda_membership_filter.py,360,test,registration_call_candidate,repository.register,"repository.register(make_membership_entry('phase102.element-only', TodaBracketMembershipStatement(element=nu_prime_element(), bracket=TodaBracket(first=eta(2), second=eta(3), third=eta(4)))))"
tests/test_phase102_toda_membership_filter.py,213,test,registration_call_candidate,repository.register,repository.register(entry)
tests/test_phase102_toda_membership_filter.py,429,test,repository_constructor,ProofRepository,ProofRepository()
tests/test_phase102_toda_membership_filter.py,443,test,repository_constructor,ProofRepository,ProofRepository()
tests/test_phase102_toda_membership_filter.py,458,test,repository_constructor,ProofRepository,ProofRepository()
tests/test_phase103_6d101_toda_lemma54_nu4_membership_theorem_specific_classification.py,67,test,named_container_assignment,entries,entries = families[PHASE103_6D101_TARGET_FAMILY]
tests/test_phase103_6d101_toda_lemma54_nu4_membership_theorem_specific_classification.py,85,test,named_container_assignment,entries,entries = tuple((entry for entry in catalog.entries() if _inference_rule_factory_name(entry.rule) == PHASE103_6D101_TARGET_FACTORY))
tests/test_phase103_6d101_toda_lemma54_nu4_membership_theorem_specific_classification.py,184,test,named_container_assignment,target_entries,target_entries = tuple((entry for entry in catalog.entries() if _inference_rule_factory_name(entry.rule) == PHASE103_6D101_TARGET_FACTORY))
tests/test_phase103_6d101_toda_lemma54_nu4_membership_theorem_specific_classification.py,283,test,named_container_assignment,before_entries,before_entries = tuple(before.entries())
tests/test_phase103_6d101_toda_lemma54_nu4_membership_theorem_specific_classification.py,287,test,named_container_assignment,after_entries,after_entries = tuple(after.entries())
tests/test_phase103_6d101_toda_lemma54_nu4_membership_theorem_specific_classification.py,382,test,named_container_assignment,entries,entries = tuple(catalog.entries())
tests/test_phase103_6d106_toda53_nu_prime_lemma52_membership_theorem_specific_classification.py,67,test,named_container_assignment,entries,entries = families[PHASE103_6D106_TARGET_FAMILY]
tests/test_phase103_6d106_toda53_nu_prime_lemma52_membership_theorem_specific_classification.py,85,test,named_container_assignment,entries,entries = tuple((entry for entry in catalog.entries() if _inference_rule_factory_name(entry.rule) == PHASE103_6D106_TARGET_FACTORY))
tests/test_phase103_6d106_toda53_nu_prime_lemma52_membership_theorem_specific_classification.py,184,test,named_container_assignment,target_entries,target_entries = tuple((entry for entry in catalog.entries() if _inference_rule_factory_name(entry.rule) == PHASE103_6D106_TARGET_FACTORY))
tests/test_phase103_6d106_toda53_nu_prime_lemma52_membership_theorem_specific_classification.py,283,test,named_container_assignment,before_entries,before_entries = tuple(before.entries())
tests/test_phase103_6d106_toda53_nu_prime_lemma52_membership_theorem_specific_classification.py,287,test,named_container_assignment,after_entries,after_entries = tuple(after.entries())
tests/test_phase103_6d106_toda53_nu_prime_lemma52_membership_theorem_specific_classification.py,378,test,named_container_assignment,entries,entries = tuple(catalog.entries())
tests/test_phase103_6d108_remaining_strict_self_identifying_nu_prime_grouped_relevance_classification.py,346,test,named_container_assignment,before_entries,before_entries = tuple(before.entries())
tests/test_phase103_6d108_remaining_strict_self_identifying_nu_prime_grouped_relevance_classification.py,349,test,named_container_assignment,after_entries,after_entries = tuple(after.entries())
tests/test_phase103_6d108_remaining_strict_self_identifying_nu_prime_grouped_relevance_classification.py,482,test,named_container_assignment,entries,entries = tuple(catalog.entries())
tests/test_phase103_6d108_remaining_strict_self_identifying_nu_prime_grouped_relevance_classification.py,135,test,named_container_assignment,entries,entries = by_factory[factory_name]
tests/test_phase103_6d108_remaining_strict_self_identifying_nu_prime_grouped_relevance_classification.py,266,test,named_container_assignment,entries,entries = by_factory[factory_name]
tests/test_phase103_6d10_second_wave_classification.py,172,test,named_container_assignment,affected_entries,affected_entries = tuple((entry for name in second_wave_names for entry in families[name]))
tests/test_phase103_6d10_second_wave_classification.py,141,test,named_container_assignment,entries,entries = families[name]
tests/test_phase103_6d10_second_wave_classification.py,207,test,named_container_assignment,entries,entries = families[name]
tests/test_phase103_6d12_deferred_boundary_classification.py,125,test,named_container_assignment,affected_entries,affected_entries = tuple((entry for name in target_names for entry in families[name]))
tests/test_phase103_6d12_deferred_boundary_classification.py,222,test,named_container_assignment,entries,entries = catalog.entries()
tests/test_phase103_6d12_deferred_boundary_classification.py,94,test,named_container_assignment,entries,entries = families[name]
tests/test_phase103_6d15_generic_exactness_structural_classification.py,239,test,named_container_assignment,entries,entries = tuple(catalog.entries())
tests/test_phase103_6d15_generic_exactness_structural_classification.py,324,test,named_container_assignment,entries,entries = tuple(catalog.entries())
tests/test_phase103_6d15_generic_exactness_structural_classification.py,366,test,named_container_assignment,entries,entries = tuple(catalog.entries())
tests/test_phase103_6d18_suspension_isomorphism_map_property.py,250,test,named_container_assignment,entries,entries = tuple(catalog.entries())
tests/test_phase103_6d18_suspension_isomorphism_map_property.py,406,test,named_container_assignment,entries,entries = tuple(catalog.entries())
tests/test_phase103_6d18_suspension_isomorphism_map_property.py,457,test,named_container_assignment,entries,entries = tuple(catalog.entries())
tests/test_phase103_6d20_zero_second_summand_structural_classification.py,348,test,named_container_assignment,entries,entries = tuple(catalog.entries())
tests/test_phase103_6d20_zero_second_summand_structural_classification.py,399,test,named_container_assignment,entries,entries = tuple(catalog.entries())
tests/test_phase103_6d24_hopf_injectivity_structural_classification.py,336,test,named_container_assignment,changed_entries,changed_entries = tuple((after[key] for key in changed))
tests/test_phase103_6d24_hopf_injectivity_structural_classification.py,419,test,named_container_assignment,entries,entries = tuple(catalog.entries())
tests/test_phase103_6d24_hopf_injectivity_structural_classification.py,470,test,named_container_assignment,entries,entries = tuple(catalog.entries())
tests/test_phase103_6d27_delta_surjectivity_structural_classification.py,355,test,named_container_assignment,changed_entries,changed_entries = tuple((after[key] for key in changed))
tests/test_phase103_6d27_delta_surjectivity_structural_classification.py,484,test,named_container_assignment,entries,entries = tuple(catalog.entries())
tests/test_phase103_6d27_delta_surjectivity_structural_classification.py,535,test,named_container_assignment,entries,entries = tuple(catalog.entries())
tests/test_phase103_6d2_rule_relevance_category.py,15,test,statement_class_candidate,Phase103RelevanceStatement,
tests/test_phase103_6d2_rule_relevance_category.py,19,test,rule_function_candidate,make_phase103_rule,
tests/test_phase103_6d2_rule_relevance_category.py,128,test,registration_call_candidate,catalog.register,catalog.register(first_entry)
tests/test_phase103_6d2_rule_relevance_category.py,131,test,registration_call_candidate,catalog.register,catalog.register(second_entry)
tests/test_phase103_6d30_generator_image_delta_map_property_classification.py,347,test,named_container_assignment,changed_entries,changed_entries = tuple((after[key] for key in changed))
tests/test_phase103_6d30_generator_image_delta_map_property_classification.py,439,test,named_container_assignment,entries,entries = tuple(catalog.entries())
tests/test_phase103_6d30_generator_image_delta_map_property_classification.py,490,test,named_container_assignment,entries,entries = tuple(catalog.entries())
tests/test_phase103_6d32_residual_delta_injectivity_theorem_specific_classification.py,116,test,named_container_assignment,affected_entries,affected_entries = tuple((entry for name in PHASE103_6D32_EXPECTED_THEOREM_SPECIFIC_FAMILIES for entry in families[name]))
tests/test_phase103_6d32_residual_delta_injectivity_theorem_specific_classification.py,146,test,named_container_assignment,entries,entries = families[PHASE103_6D32_N6_MAP_PROPERTY_FAMILY]
tests/test_phase103_6d32_residual_delta_injectivity_theorem_specific_classification.py,166,test,named_container_assignment,entries,entries = _delta_injective_entries(catalog)
tests/test_phase103_6d32_residual_delta_injectivity_theorem_specific_classification.py,284,test,named_container_assignment,entries,entries = catalog.entries()
tests/test_phase103_6d32_residual_delta_injectivity_theorem_specific_classification.py,94,test,named_container_assignment,entries,entries = families[name]
tests/test_phase103_6d35_residual_suspension_injectivity_structural_classification.py,157,test,named_container_assignment,entries,entries = _suspension_injective_entries(catalog)
tests/test_phase103_6d35_residual_suspension_injectivity_structural_classification.py,163,test,named_container_assignment,residual_target_entries,residual_target_entries = tuple((entry for entry in entries if entry.rule.name in PHASE103_6D35_TARGET_FAMILIES))
tests/test_phase103_6d35_residual_suspension_injectivity_structural_classification.py,240,test,named_container_assignment,entries,entries = tuple(catalog.entries())
tests/test_phase103_6d35_residual_suspension_injectivity_structural_classification.py,278,test,named_container_assignment,delta_entries,"delta_entries = tuple((entry for entry in catalog.entries() if getattr(entry.conclusion_type, '__name__', None) == 'TodaDeltaInjectiveStatement'))"
tests/test_phase103_6d35_residual_suspension_injectivity_structural_classification.py,325,test,named_container_assignment,entries,entries = tuple(catalog.entries())
tests/test_phase103_6d35_residual_suspension_injectivity_structural_classification.py,79,test,named_container_assignment,entries,entries = families[family]
tests/test_phase103_6d38_zero_group_exactness_structural_classification.py,140,test,named_container_assignment,target_entries,target_entries = tuple((entry for entry in catalog.entries() if entry.rule.name in PHASE103_6D38_TARGET_FAMILIES))
tests/test_phase103_6d38_zero_group_exactness_structural_classification.py,217,test,named_container_assignment,entries,entries = tuple(catalog.entries())
tests/test_phase103_6d38_zero_group_exactness_structural_classification.py,255,test,named_container_assignment,delta_entries,"delta_entries = tuple((entry for entry in catalog.entries() if getattr(entry.conclusion_type, '__name__', None) == 'TodaDeltaInjectiveStatement'))"
tests/test_phase103_6d38_zero_group_exactness_structural_classification.py,307,test,named_container_assignment,entries,entries = tuple((entry for entry in catalog.entries() if entry.rule.name in target_families))
tests/test_phase103_6d38_zero_group_exactness_structural_classification.py,330,test,named_container_assignment,entries,entries = tuple(catalog.entries())
tests/test_phase103_6d38_zero_group_exactness_structural_classification.py,62,test,named_container_assignment,entries,entries = families[family]
tests/test_phase103_6d41_prop53_dependent_theorem_specific_classification.py,140,test,named_container_assignment,target_entries,target_entries = tuple((entry for entry in catalog.entries() if entry.rule.name in PHASE103_6D41_TARGET_FAMILIES))
tests/test_phase103_6d41_prop53_dependent_theorem_specific_classification.py,217,test,named_container_assignment,entries,entries = tuple(catalog.entries())
tests/test_phase103_6d41_prop53_dependent_theorem_specific_classification.py,293,test,named_container_assignment,entries,entries = tuple((entry for entry in catalog.entries() if entry.rule.name in target_families))
tests/test_phase103_6d41_prop53_dependent_theorem_specific_classification.py,316,test,named_container_assignment,delta_entries,"delta_entries = tuple((entry for entry in catalog.entries() if getattr(entry.conclusion_type, '__name__', None) == 'TodaDeltaInjectiveStatement'))"
tests/test_phase103_6d41_prop53_dependent_theorem_specific_classification.py,363,test,named_container_assignment,entries,entries = tuple(catalog.entries())
tests/test_phase103_6d41_prop53_dependent_theorem_specific_classification.py,62,test,named_container_assignment,entries,entries = families[family]
tests/test_phase103_6d44_prop56_specialization_theorem_specific_classification.py,150,test,named_container_assignment,target_entries,target_entries = tuple((entry for entry in catalog.entries() if entry.rule.name in PHASE103_6D44_TARGET_FAMILIES))
tests/test_phase103_6d44_prop56_specialization_theorem_specific_classification.py,227,test,named_container_assignment,entries,entries = tuple(catalog.entries())
tests/test_phase103_6d44_prop56_specialization_theorem_specific_classification.py,303,test,named_container_assignment,entries,entries = tuple((entry for entry in catalog.entries() if entry.rule.name in target_families))
tests/test_phase103_6d44_prop56_specialization_theorem_specific_classification.py,331,test,named_container_assignment,entries,entries = tuple((entry for entry in catalog.entries() if entry.rule.name in target_families))
tests/test_phase103_6d44_prop56_specialization_theorem_specific_classification.py,354,test,named_container_assignment,delta_entries,"delta_entries = tuple((entry for entry in catalog.entries() if getattr(entry.conclusion_type, '__name__', None) == 'TodaDeltaInjectiveStatement'))"
tests/test_phase103_6d44_prop56_specialization_theorem_specific_classification.py,401,test,named_container_assignment,entries,entries = tuple(catalog.entries())
tests/test_phase103_6d47_stable_zero_transport_structural_classification.py,96,test,named_container_assignment,target_entries,target_entries = tuple((entry for entry in catalog.entries() if entry.rule.name in PHASE103_6D47_TARGET_FAMILIES))
tests/test_phase103_6d47_stable_zero_transport_structural_classification.py,188,test,named_container_assignment,target_entries,target_entries = tuple((entry for entry in catalog.entries() if entry.rule.name in PHASE103_6D47_TARGET_FAMILIES))
tests/test_phase103_6d47_stable_zero_transport_structural_classification.py,265,test,named_container_assignment,entries,entries = tuple(catalog.entries())
tests/test_phase103_6d47_stable_zero_transport_structural_classification.py,341,test,named_container_assignment,entries,entries = tuple((entry for entry in catalog.entries() if entry.rule.name in target_families))
tests/test_phase103_6d47_stable_zero_transport_structural_classification.py,369,test,named_container_assignment,entries,entries = tuple((entry for entry in catalog.entries() if entry.rule.name in target_families))
tests/test_phase103_6d47_stable_zero_transport_structural_classification.py,392,test,named_container_assignment,entries,entries = tuple(catalog.entries())
tests/test_phase103_6d4_relevance_metadata_propagation.py,33,test,rule_function_candidate,_entries_by_rule_name,
tests/test_phase103_6d4_relevance_metadata_propagation.py,146,test,rule_function_candidate,test_phase103_6d4_unclassified_remains_for_nonrepresentative_rules,
tests/test_phase103_6d4_relevance_metadata_propagation.py,252,test,rule_function_candidate,test_phase103_6d4_rule_family_preserves_classified_catalog_entries,
tests/test_phase103_6d4_relevance_metadata_propagation.py,104,test,named_container_assignment,entries,"entries = _entries_by_rule_name(catalog, 'equality symmetry')"
tests/test_phase103_6d4_relevance_metadata_propagation.py,126,test,named_container_assignment,entries,"entries = _entries_by_rule_name(catalog, 'Toda 5.3 nu-prime Lemma 5.2 bracket specialization')"
tests/test_phase103_6d50_toda52_finite_cyclic_transport_theorem_specific_classification.py,93,test,named_container_assignment,target_entries,target_entries = tuple((entry for entry in catalog.entries() if entry.rule.name in PHASE103_6D50_TARGET_FAMILIES))
tests/test_phase103_6d50_toda52_finite_cyclic_transport_theorem_specific_classification.py,178,test,named_container_assignment,target_entries,target_entries = tuple((entry for entry in catalog.entries() if entry.rule.name in PHASE103_6D50_TARGET_FAMILIES))
tests/test_phase103_6d50_toda52_finite_cyclic_transport_theorem_specific_classification.py,251,test,named_container_assignment,entries,entries = tuple(catalog.entries())
tests/test_phase103_6d50_toda52_finite_cyclic_transport_theorem_specific_classification.py,326,test,named_container_assignment,entries,entries = tuple((entry for entry in catalog.entries() if entry.rule.name in target_families))
tests/test_phase103_6d50_toda52_finite_cyclic_transport_theorem_specific_classification.py,354,test,named_container_assignment,entries,entries = tuple((entry for entry in catalog.entries() if entry.rule.name in target_families))
tests/test_phase103_6d50_toda52_finite_cyclic_transport_theorem_specific_classification.py,376,test,named_container_assignment,entries,entries = tuple(catalog.entries())
tests/test_phase103_6d53_concrete_composition_zero_theorem_specific_classification.py,79,test,named_container_assignment,target_entries,target_entries = tuple((entry for entry in catalog.entries() if entry.rule.name in PHASE103_6D53_TARGET_FAMILIES))
tests/test_phase103_6d53_concrete_composition_zero_theorem_specific_classification.py,165,test,named_container_assignment,target_entries,target_entries = tuple((entry for entry in catalog.entries() if _inference_rule_factory_name(entry.rule) in PHASE103_6D53_TARGET_FACTORIES))
tests/test_phase103_6d53_concrete_composition_zero_theorem_specific_classification.py,240,test,named_container_assignment,entries,entries = tuple(catalog.entries())
tests/test_phase103_6d53_concrete_composition_zero_theorem_specific_classification.py,315,test,named_container_assignment,entries,entries = tuple((entry for entry in catalog.entries() if entry.rule.name in target_families))
tests/test_phase103_6d53_concrete_composition_zero_theorem_specific_classification.py,343,test,named_container_assignment,entries,entries = tuple((entry for entry in catalog.entries() if entry.rule.name in target_families))
tests/test_phase103_6d53_concrete_composition_zero_theorem_specific_classification.py,365,test,named_container_assignment,entries,entries = tuple(catalog.entries())
tests/test_phase103_6d56_prop53_finite_cyclic_suspension_transport_theorem_specific_classification.py,79,test,named_container_assignment,target_entries,target_entries = tuple((entry for entry in catalog.entries() if entry.rule.name in PHASE103_6D56_TARGET_FAMILIES))
tests/test_phase103_6d56_prop53_finite_cyclic_suspension_transport_theorem_specific_classification.py,165,test,named_container_assignment,target_entries,target_entries = tuple((entry for entry in catalog.entries() if _inference_rule_factory_name(entry.rule) in PHASE103_6D56_TARGET_FACTORIES))
tests/test_phase103_6d56_prop53_finite_cyclic_suspension_transport_theorem_specific_classification.py,240,test,named_container_assignment,entries,entries = tuple(catalog.entries())
tests/test_phase103_6d56_prop53_finite_cyclic_suspension_transport_theorem_specific_classification.py,315,test,named_container_assignment,entries,entries = tuple((entry for entry in catalog.entries() if entry.rule.name in target_families))
tests/test_phase103_6d56_prop53_finite_cyclic_suspension_transport_theorem_specific_classification.py,343,test,named_container_assignment,entries,entries = tuple((entry for entry in catalog.entries() if entry.rule.name in target_families))
tests/test_phase103_6d56_prop53_finite_cyclic_suspension_transport_theorem_specific_classification.py,365,test,named_container_assignment,entries,entries = tuple(catalog.entries())
tests/test_phase103_6d59_prop53_eta_square_suspension_bridge_classification.py,79,test,named_container_assignment,target_entries,target_entries = tuple((entry for entry in catalog.entries() if entry.rule.name in PHASE103_6D59_TARGET_FAMILIES))
tests/test_phase103_6d59_prop53_eta_square_suspension_bridge_classification.py,165,test,named_container_assignment,target_entries,target_entries = tuple((entry for entry in catalog.entries() if _inference_rule_factory_name(entry.rule) in PHASE103_6D59_TARGET_FACTORIES))
tests/test_phase103_6d59_prop53_eta_square_suspension_bridge_classification.py,240,test,named_container_assignment,entries,entries = tuple(catalog.entries())
tests/test_phase103_6d59_prop53_eta_square_suspension_bridge_classification.py,315,test,named_container_assignment,entries,entries = tuple((entry for entry in catalog.entries() if entry.rule.name in target_families))
tests/test_phase103_6d59_prop53_eta_square_suspension_bridge_classification.py,343,test,named_container_assignment,entries,entries = tuple((entry for entry in catalog.entries() if entry.rule.name in target_families))
tests/test_phase103_6d59_prop53_eta_square_suspension_bridge_classification.py,365,test,named_container_assignment,entries,entries = tuple(catalog.entries())
tests/test_phase103_6d5b_category_family_ordering.py,99,test,rule_function_candidate,test_phase103_6d5b_rule_families_follow_explicit_category_order,
tests/test_phase103_6d5b_category_family_ordering.py,203,test,rule_function_candidate,test_phase103_6d5b_rule_group_order_is_not_changed,
tests/test_phase103_6d62_lemma54_nu4_construction_consequence_theorem_specific_classification.py,79,test,named_container_assignment,target_entries,target_entries = tuple((entry for entry in catalog.entries() if entry.rule.name in PHASE103_6D62_TARGET_FAMILIES))
tests/test_phase103_6d62_lemma54_nu4_construction_consequence_theorem_specific_classification.py,165,test,named_container_assignment,target_entries,target_entries = tuple((entry for entry in catalog.entries() if _inference_rule_factory_name(entry.rule) in PHASE103_6D62_TARGET_FACTORIES))
tests/test_phase103_6d62_lemma54_nu4_construction_consequence_theorem_specific_classification.py,240,test,named_container_assignment,entries,entries = tuple(catalog.entries())
tests/test_phase103_6d62_lemma54_nu4_construction_consequence_theorem_specific_classification.py,315,test,named_container_assignment,entries,entries = tuple((entry for entry in catalog.entries() if entry.rule.name in target_families))
tests/test_phase103_6d62_lemma54_nu4_construction_consequence_theorem_specific_classification.py,343,test,named_container_assignment,entries,entries = tuple((entry for entry in catalog.entries() if entry.rule.name in target_families))
tests/test_phase103_6d62_lemma54_nu4_construction_consequence_theorem_specific_classification.py,365,test,named_container_assignment,entries,entries = tuple(catalog.entries())
tests/test_phase103_6d65_prop511_finite_dimensional_nu_squared_transport_theorem_specific_classification.py,81,test,named_container_assignment,target_entries,target_entries = tuple((entry for entry in catalog.entries() if entry.rule.name in PHASE103_6D65_TARGET_FAMILIES))
tests/test_phase103_6d65_prop511_finite_dimensional_nu_squared_transport_theorem_specific_classification.py,167,test,named_container_assignment,target_entries,target_entries = tuple((entry for entry in catalog.entries() if _inference_rule_factory_name(entry.rule) in PHASE103_6D65_TARGET_FACTORIES))
tests/test_phase103_6d65_prop511_finite_dimensional_nu_squared_transport_theorem_specific_classification.py,242,test,named_container_assignment,entries,entries = tuple(catalog.entries())
tests/test_phase103_6d65_prop511_finite_dimensional_nu_squared_transport_theorem_specific_classification.py,317,test,named_container_assignment,entries,entries = tuple((entry for entry in catalog.entries() if entry.rule.name in target_families))
tests/test_phase103_6d65_prop511_finite_dimensional_nu_squared_transport_theorem_specific_classification.py,345,test,named_container_assignment,entries,entries = tuple((entry for entry in catalog.entries() if entry.rule.name in target_families))
tests/test_phase103_6d65_prop511_finite_dimensional_nu_squared_transport_theorem_specific_classification.py,367,test,named_container_assignment,entries,entries = tuple(catalog.entries())
tests/test_phase103_6d68_cross_theorem_stable_range_transport_theorem_specific_classification.py,81,test,named_container_assignment,target_entries,target_entries = tuple((entry for entry in catalog.entries() if entry.rule.name in PHASE103_6D68_TARGET_FAMILIES))
tests/test_phase103_6d68_cross_theorem_stable_range_transport_theorem_specific_classification.py,167,test,named_container_assignment,target_entries,target_entries = tuple((entry for entry in catalog.entries() if _inference_rule_factory_name(entry.rule) in PHASE103_6D68_TARGET_FACTORIES))
tests/test_phase103_6d68_cross_theorem_stable_range_transport_theorem_specific_classification.py,242,test,named_container_assignment,entries,entries = tuple(catalog.entries())
tests/test_phase103_6d68_cross_theorem_stable_range_transport_theorem_specific_classification.py,318,test,named_container_assignment,entries,entries = tuple((entry for entry in catalog.entries() if entry.rule.name in target_families))
tests/test_phase103_6d68_cross_theorem_stable_range_transport_theorem_specific_classification.py,346,test,named_container_assignment,entries,entries = tuple((entry for entry in catalog.entries() if entry.rule.name in target_families))
tests/test_phase103_6d68_cross_theorem_stable_range_transport_theorem_specific_classification.py,368,test,named_container_assignment,entries,entries = tuple(catalog.entries())
tests/test_phase103_6d71_prop51_derived_eta_zero_relation_theorem_specific_classification.py,91,test,named_container_assignment,target_entries,target_entries = tuple((entry for entry in catalog.entries() if entry.rule.name in PHASE103_6D71_TARGET_FAMILIES))
tests/test_phase103_6d71_prop51_derived_eta_zero_relation_theorem_specific_classification.py,179,test,named_container_assignment,target_entries,target_entries = tuple((entry for entry in catalog.entries() if _inference_rule_factory_name(entry.rule) in PHASE103_6D71_TARGET_FACTORIES))
tests/test_phase103_6d71_prop51_derived_eta_zero_relation_theorem_specific_classification.py,202,test,named_container_assignment,deferred_entries,deferred_entries = tuple((entry for entry in catalog.entries() if entry.rule.name == PHASE103_6D71_DEFERRED_FAMILY))
tests/test_phase103_6d71_prop51_derived_eta_zero_relation_theorem_specific_classification.py,285,test,named_container_assignment,before_entries,before_entries = tuple(before.entries())
tests/test_phase103_6d71_prop51_derived_eta_zero_relation_theorem_specific_classification.py,288,test,named_container_assignment,after_entries,after_entries = tuple(after.entries())
tests/test_phase103_6d71_prop51_derived_eta_zero_relation_theorem_specific_classification.py,352,test,named_container_assignment,entries,entries = tuple((entry for entry in catalog.entries() if entry.rule.name in target_families))
tests/test_phase103_6d71_prop51_derived_eta_zero_relation_theorem_specific_classification.py,379,test,named_container_assignment,entries,entries = tuple((entry for entry in catalog.entries() if entry.rule.name in target_families))
tests/test_phase103_6d71_prop51_derived_eta_zero_relation_theorem_specific_classification.py,399,test,named_container_assignment,entries,entries = tuple(catalog.entries())
tests/test_phase103_6d73_prop511_pi14_13_eta13_group_identification_theorem_specific_classification.py,64,test,named_container_assignment,entries,entries = families[PHASE103_6D73_TARGET_FAMILY]
tests/test_phase103_6d73_prop511_pi14_13_eta13_group_identification_theorem_specific_classification.py,80,test,named_container_assignment,entries,entries = tuple((entry for entry in catalog.entries() if entry.rule.name == PHASE103_6D73_TARGET_FAMILY))
tests/test_phase103_6d73_prop511_pi14_13_eta13_group_identification_theorem_specific_classification.py,168,test,named_container_assignment,entries,entries = tuple((entry for entry in catalog.entries() if _inference_rule_factory_name(entry.rule) == PHASE103_6D73_TARGET_FACTORY))
tests/test_phase103_6d73_prop511_pi14_13_eta13_group_identification_theorem_specific_classification.py,244,test,named_container_assignment,before_entries,before_entries = tuple(before.entries())
tests/test_phase103_6d73_prop511_pi14_13_eta13_group_identification_theorem_specific_classification.py,247,test,named_container_assignment,after_entries,after_entries = tuple(after.entries())
tests/test_phase103_6d73_prop511_pi14_13_eta13_group_identification_theorem_specific_classification.py,312,test,named_container_assignment,entries,entries = tuple((entry for entry in catalog.entries() if entry.rule.name in target_families))
tests/test_phase103_6d73_prop511_pi14_13_eta13_group_identification_theorem_specific_classification.py,339,test,named_container_assignment,entries,entries = tuple((entry for entry in catalog.entries() if entry.rule.name in target_families))
tests/test_phase103_6d73_prop511_pi14_13_eta13_group_identification_theorem_specific_classification.py,359,test,named_container_assignment,entries,entries = tuple(catalog.entries())
tests/test_phase103_6d76_prop56_nu_prime_order_four_theorem_specific_classification.py,64,test,named_container_assignment,entries,entries = families[PHASE103_6D76_TARGET_FAMILY]
tests/test_phase103_6d76_prop56_nu_prime_order_four_theorem_specific_classification.py,82,test,named_container_assignment,entries,entries = tuple((entry for entry in catalog.entries() if entry.rule.name == PHASE103_6D76_TARGET_FAMILY))
tests/test_phase103_6d76_prop56_nu_prime_order_four_theorem_specific_classification.py,175,test,named_container_assignment,entries,entries = tuple((entry for entry in catalog.entries() if _inference_rule_factory_name(entry.rule) == PHASE103_6D76_TARGET_FACTORY))
tests/test_phase103_6d76_prop56_nu_prime_order_four_theorem_specific_classification.py,258,test,named_container_assignment,before_entries,before_entries = tuple(before.entries())
tests/test_phase103_6d76_prop56_nu_prime_order_four_theorem_specific_classification.py,261,test,named_container_assignment,after_entries,after_entries = tuple(after.entries())
tests/test_phase103_6d76_prop56_nu_prime_order_four_theorem_specific_classification.py,318,test,named_container_assignment,entries,entries = tuple((entry for entry in catalog.entries() if entry.rule.name == 'Toda Proposition 5.11 pi_14^13 eta_13'))
tests/test_phase103_6d76_prop56_nu_prime_order_four_theorem_specific_classification.py,361,test,named_container_assignment,entries,entries = tuple(catalog.entries())
tests/test_phase103_6d79_prop59_delta_eta11_theorem_specific_classification.py,64,test,named_container_assignment,entries,entries = families[PHASE103_6D79_TARGET_FAMILY]
tests/test_phase103_6d79_prop59_delta_eta11_theorem_specific_classification.py,82,test,named_container_assignment,entries,entries = tuple((entry for entry in catalog.entries() if entry.rule.name == PHASE103_6D79_TARGET_FAMILY))
tests/test_phase103_6d79_prop59_delta_eta11_theorem_specific_classification.py,175,test,named_container_assignment,entries,entries = tuple((entry for entry in catalog.entries() if _inference_rule_factory_name(entry.rule) == PHASE103_6D79_TARGET_FACTORY))
tests/test_phase103_6d79_prop59_delta_eta11_theorem_specific_classification.py,258,test,named_container_assignment,before_entries,before_entries = tuple(before.entries())
tests/test_phase103_6d79_prop59_delta_eta11_theorem_specific_classification.py,261,test,named_container_assignment,after_entries,after_entries = tuple(after.entries())
tests/test_phase103_6d79_prop59_delta_eta11_theorem_specific_classification.py,319,test,named_container_assignment,entries,entries = tuple((entry for entry in catalog.entries() if entry.rule.name == 'Toda Proposition 5.6 nu-prime order four'))
tests/test_phase103_6d79_prop59_delta_eta11_theorem_specific_classification.py,364,test,named_container_assignment,entries,entries = tuple(catalog.entries())
tests/test_phase103_6d82_prop59_delta_eta9_squared_theorem_specific_classification.py,64,test,named_container_assignment,entries,entries = families[PHASE103_6D82_TARGET_FAMILY]
tests/test_phase103_6d82_prop59_delta_eta9_squared_theorem_specific_classification.py,82,test,named_container_assignment,entries,entries = tuple((entry for entry in catalog.entries() if entry.rule.name == PHASE103_6D82_TARGET_FAMILY))
tests/test_phase103_6d82_prop59_delta_eta9_squared_theorem_specific_classification.py,175,test,named_container_assignment,entries,entries = tuple((entry for entry in catalog.entries() if _inference_rule_factory_name(entry.rule) == PHASE103_6D82_TARGET_FACTORY))
tests/test_phase103_6d82_prop59_delta_eta9_squared_theorem_specific_classification.py,258,test,named_container_assignment,before_entries,before_entries = tuple(before.entries())
tests/test_phase103_6d82_prop59_delta_eta9_squared_theorem_specific_classification.py,261,test,named_container_assignment,after_entries,after_entries = tuple(after.entries())
tests/test_phase103_6d82_prop59_delta_eta9_squared_theorem_specific_classification.py,319,test,named_container_assignment,entries,entries = tuple((entry for entry in catalog.entries() if entry.rule.name == 'Toda Proposition 5.9 Delta eta_11'))
tests/test_phase103_6d82_prop59_delta_eta9_squared_theorem_specific_classification.py,364,test,named_container_assignment,entries,entries = tuple(catalog.entries())
tests/test_phase103_6d85_prop59_e_nu4_eta7_squared_bridge_theorem_specific_classification.py,64,test,named_container_assignment,entries,entries = families[PHASE103_6D85_TARGET_FAMILY]
tests/test_phase103_6d85_prop59_e_nu4_eta7_squared_bridge_theorem_specific_classification.py,82,test,named_container_assignment,entries,entries = tuple((entry for entry in catalog.entries() if entry.rule.name == PHASE103_6D85_TARGET_FAMILY))
tests/test_phase103_6d85_prop59_e_nu4_eta7_squared_bridge_theorem_specific_classification.py,175,test,named_container_assignment,entries,entries = tuple((entry for entry in catalog.entries() if _inference_rule_factory_name(entry.rule) == PHASE103_6D85_TARGET_FACTORY))
tests/test_phase103_6d85_prop59_e_nu4_eta7_squared_bridge_theorem_specific_classification.py,258,test,named_container_assignment,before_entries,before_entries = tuple(before.entries())
tests/test_phase103_6d85_prop59_e_nu4_eta7_squared_bridge_theorem_specific_classification.py,261,test,named_container_assignment,after_entries,after_entries = tuple(after.entries())
tests/test_phase103_6d85_prop59_e_nu4_eta7_squared_bridge_theorem_specific_classification.py,319,test,named_container_assignment,entries,entries = tuple((entry for entry in catalog.entries() if entry.rule.name == 'Toda Proposition 5.9 Delta eta_9 squared'))
tests/test_phase103_6d85_prop59_e_nu4_eta7_squared_bridge_theorem_specific_classification.py,364,test,named_container_assignment,entries,entries = tuple(catalog.entries())
tests/test_phase103_6d88_prop59_e_nu5_eta8_squared_zero_theorem_specific_classification.py,64,test,named_container_assignment,entries,entries = families[PHASE103_6D88_TARGET_FAMILY]
tests/test_phase103_6d88_prop59_e_nu5_eta8_squared_zero_theorem_specific_classification.py,82,test,named_container_assignment,entries,entries = tuple((entry for entry in catalog.entries() if entry.rule.name == PHASE103_6D88_TARGET_FAMILY))
tests/test_phase103_6d88_prop59_e_nu5_eta8_squared_zero_theorem_specific_classification.py,175,test,named_container_assignment,entries,entries = tuple((entry for entry in catalog.entries() if _inference_rule_factory_name(entry.rule) == PHASE103_6D88_TARGET_FACTORY))
tests/test_phase103_6d88_prop59_e_nu5_eta8_squared_zero_theorem_specific_classification.py,258,test,named_container_assignment,before_entries,before_entries = tuple(before.entries())
tests/test_phase103_6d88_prop59_e_nu5_eta8_squared_zero_theorem_specific_classification.py,261,test,named_container_assignment,after_entries,after_entries = tuple(after.entries())
tests/test_phase103_6d88_prop59_e_nu5_eta8_squared_zero_theorem_specific_classification.py,319,test,named_container_assignment,entries,entries = tuple((entry for entry in catalog.entries() if entry.rule.name == 'Toda Proposition 5.9 E nu_4 eta_7 squared bridge'))
tests/test_phase103_6d88_prop59_e_nu5_eta8_squared_zero_theorem_specific_classification.py,364,test,named_container_assignment,entries,entries = tuple(catalog.entries())
tests/test_phase103_6d8_first_wave_classification.py,120,test,named_container_assignment,affected_entries,affected_entries = tuple((entry for name in EXPECTED_FIRST_WAVE for entry in families[name]))
tests/test_phase103_6d8_first_wave_classification.py,182,test,named_container_assignment,entries,entries = catalog.entries()
tests/test_phase103_6d8_first_wave_classification.py,96,test,named_container_assignment,entries,entries = families[name]
tests/test_phase103_6d8_first_wave_classification.py,155,test,named_container_assignment,entries,entries = families[name]
tests/test_phase103_6d91_prop59_pi7_2_suspension_zero_theorem_specific_classification.py,64,test,named_container_assignment,entries,entries = families[PHASE103_6D91_TARGET_FAMILY]
tests/test_phase103_6d91_prop59_pi7_2_suspension_zero_theorem_specific_classification.py,82,test,named_container_assignment,entries,entries = tuple((entry for entry in catalog.entries() if entry.rule.name == PHASE103_6D91_TARGET_FAMILY))
tests/test_phase103_6d91_prop59_pi7_2_suspension_zero_theorem_specific_classification.py,175,test,named_container_assignment,entries,entries = tuple((entry for entry in catalog.entries() if _inference_rule_factory_name(entry.rule) == PHASE103_6D91_TARGET_FACTORY))
tests/test_phase103_6d91_prop59_pi7_2_suspension_zero_theorem_specific_classification.py,258,test,named_container_assignment,before_entries,before_entries = tuple(before.entries())
tests/test_phase103_6d91_prop59_pi7_2_suspension_zero_theorem_specific_classification.py,261,test,named_container_assignment,after_entries,after_entries = tuple(after.entries())
tests/test_phase103_6d91_prop59_pi7_2_suspension_zero_theorem_specific_classification.py,319,test,named_container_assignment,entries,entries = tuple((entry for entry in catalog.entries() if entry.rule.name == 'Toda Proposition 5.9 E nu_5 eta_8 squared zero'))
tests/test_phase103_6d91_prop59_pi7_2_suspension_zero_theorem_specific_classification.py,364,test,named_container_assignment,entries,entries = tuple(catalog.entries())
tests/test_phase103_6d94_paired_symbolic_eta_family_generator_bridge_classification.py,91,test,named_container_assignment,entries,entries = tuple((entry for entry in catalog.entries() if _inference_rule_factory_name(entry.rule) in PHASE103_6D94_TARGET_FACTORIES))
tests/test_phase103_6d94_paired_symbolic_eta_family_generator_bridge_classification.py,271,test,named_container_assignment,before_entries,before_entries = tuple(before.entries())
tests/test_phase103_6d94_paired_symbolic_eta_family_generator_bridge_classification.py,274,test,named_container_assignment,after_entries,after_entries = tuple(after.entries())
tests/test_phase103_6d94_paired_symbolic_eta_family_generator_bridge_classification.py,377,test,named_container_assignment,entries,entries = tuple(catalog.entries())
tests/test_phase103_6d94_paired_symbolic_eta_family_generator_bridge_classification.py,73,test,named_container_assignment,entries,entries = families[family_name]
tests/test_phase103_6d94_paired_symbolic_eta_family_generator_bridge_classification.py,188,test,named_container_assignment,entries,entries = tuple((entry for entry in catalog.entries() if _inference_rule_factory_name(entry.rule) == factory_name))
tests/test_phase103_6d98_toda53_eta3_twice_zero_theorem_specific_classification.py,67,test,named_container_assignment,entries,entries = families[PHASE103_6D98_TARGET_FAMILY]
tests/test_phase103_6d98_toda53_eta3_twice_zero_theorem_specific_classification.py,85,test,named_container_assignment,entries,entries = tuple((entry for entry in catalog.entries() if _inference_rule_factory_name(entry.rule) == PHASE103_6D98_TARGET_FACTORY))
tests/test_phase103_6d98_toda53_eta3_twice_zero_theorem_specific_classification.py,184,test,named_container_assignment,target_entries,target_entries = tuple((entry for entry in catalog.entries() if _inference_rule_factory_name(entry.rule) == PHASE103_6D98_TARGET_FACTORY))
tests/test_phase103_6d98_toda53_eta3_twice_zero_theorem_specific_classification.py,300,test,named_container_assignment,before_entries,before_entries = tuple(before.entries())
tests/test_phase103_6d98_toda53_eta3_twice_zero_theorem_specific_classification.py,304,test,named_container_assignment,after_entries,after_entries = tuple(after.entries())
tests/test_phase103_6d98_toda53_eta3_twice_zero_theorem_specific_classification.py,399,test,named_container_assignment,entries,entries = tuple(catalog.entries())
tests/test_phase103_compact_detailed_renderer.py,11,test,rule_function_candidate,test_phase103_6c5_compact_renderer_keeps_summary_and_rule_families,
tests/test_phase103_generator_applicability_renderer.py,25,test,registration_call_candidate,catalog.register,"catalog.register(InferenceRuleCatalogEntry(key='phase103.renderer.candidate', rule=InferenceRule(name='phase103 renderer candidate rule', premise_patterns=(PremisePattern(),)), conclusion_type=object, fixed_point_safe=fixed_point_safe))"
tests/test_phase103_generator_specific_facade.py,46,test,registration_call_candidate,catalog.register,catalog.register(entry)
tests/test_phase103_grouped_applicability_presentation.py,457,test,rule_function_candidate,test_phase103_6c1_rule_group_count_is_grouped_not_raw_count,
tests/test_phase103_grouped_applicability_presentation.py,73,test,named_container_assignment,repository,repository = ProofRepository()
tests/test_phase103_grouped_applicability_presentation.py,68,test,explicit_entry_constructor,ProofRepositoryEntry,"ProofRepositoryEntry(key='phase103.grouped.root', step=root_step)"
tests/test_phase103_grouped_applicability_presentation.py,73,test,repository_constructor,ProofRepository,ProofRepository()
tests/test_phase103_grouped_applicability_presentation.py,74,test,registration_call_candidate,repository.register,repository.register(root_entry)
tests/test_phase103_grouped_applicability_renderer.py,56,test,rule_function_candidate,test_phase103_6c1_renderer_groups_same_rule_but_keeps_premise_matches,
tests/test_phase103_indexed_applicability_search.py,27,test,statement_class_candidate,Phase103IndexedStatement,
tests/test_phase103_indexed_applicability_search.py,32,test,statement_class_candidate,Phase103IndexedDerivedStatement,
tests/test_phase103_indexed_applicability_search.py,39,test,statement_class_candidate,Phase103IndexedOtherStatement,
tests/test_phase103_indexed_applicability_search.py,43,test,rule_function_candidate,register_rule,
tests/test_phase103_indexed_applicability_search.py,58,test,registration_call_candidate,catalog.register,catalog.register(entry)
tests/test_phase103_indexed_production_equivalence.py,33,test,named_container_assignment,repository,repository = build_standard_production_proof_repository()
tests/test_phase103_minimal_applicability_candidate.py,22,test,statement_class_candidate,Phase103ExampleStatement,
tests/test_phase103_minimal_applicability_candidate.py,27,test,statement_class_candidate,Phase103OtherStatement,
tests/test_phase103_minimal_applicability_candidate.py,154,test,rule_function_candidate,test_phase103_2_candidate_exposes_derived_rule_statement_and_safety,
tests/test_phase103_minimal_applicability_candidate.py,227,test,rule_function_candidate,test_phase103_2_candidate_does_not_require_fixed_point_safe_rule,
tests/test_phase103_premise_pattern_compatibility_search.py,25,test,statement_class_candidate,Phase103SearchStatement,
tests/test_phase103_premise_pattern_compatibility_search.py,30,test,statement_class_candidate,Phase103OtherStatement,
tests/test_phase103_premise_pattern_compatibility_search.py,478,test,rule_function_candidate,test_phase103_3_excludes_non_matching_proof_rule,
tests/test_phase103_premise_pattern_compatibility_search.py,622,test,rule_function_candidate,test_phase103_3_search_does_not_execute_rule,
tests/test_phase103_premise_pattern_compatibility_search.py,72,test,registration_call_candidate,catalog.register,catalog.register(entry)
tests/test_phase103_premise_pattern_compatibility_search.py,147,test,registration_call_candidate,catalog.register,"catalog.register(make_entry(key='phase103.binding', premise_patterns=(pattern,)))"
tests/test_phase103_premise_pattern_compatibility_search.py,219,test,registration_call_candidate,catalog.register,catalog.register(entry)
tests/test_phase103_premise_pattern_compatibility_search.py,276,test,registration_call_candidate,catalog.register,catalog.register(first_entry)
tests/test_phase103_premise_pattern_compatibility_search.py,280,test,registration_call_candidate,catalog.register,catalog.register(second_entry)
tests/test_phase103_premise_pattern_compatibility_search.py,340,test,registration_call_candidate,catalog.register,catalog.register(first_entry)
tests/test_phase103_premise_pattern_compatibility_search.py,344,test,registration_call_candidate,catalog.register,catalog.register(second_entry)
tests/test_phase103_premise_pattern_compatibility_search.py,403,test,registration_call_candidate,catalog.register,catalog.register(unsafe_entry)
tests/test_phase103_premise_pattern_compatibility_search.py,446,test,registration_call_candidate,catalog.register,"catalog.register(make_entry(key='phase103.unrelated', premise_patterns=(PremisePattern(statement_type=Phase103OtherStatement),)))"
tests/test_phase103_premise_pattern_compatibility_search.py,481,test,registration_call_candidate,catalog.register,"catalog.register(make_entry(key='phase103.rule-mismatch', premise_patterns=(PremisePattern(proof_rule=ProofRule.RELATION, statement_type=Phase103SearchStatement),)))"
tests/test_phase103_premise_pattern_compatibility_search.py,535,test,registration_call_candidate,catalog.register,"catalog.register(make_entry(key='phase103.relation', premise_patterns=(premise_pattern,)))"
tests/test_phase103_premise_pattern_compatibility_search.py,596,test,registration_call_candidate,catalog.register,"catalog.register(make_entry(key='phase103.no-premises', premise_patterns=()))"
tests/test_phase103_premise_pattern_compatibility_search.py,654,test,registration_call_candidate,catalog.register,catalog.register(entry)
tests/test_phase103_premise_pattern_compatibility_search.py,694,test,registration_call_candidate,catalog.register,"catalog.register(InferenceRuleCatalogEntry(key='phase103.no-guard', rule=InferenceRule(name='phase103 no guard', premise_patterns=(pattern,), match_guard=lambda premises, bindings: calls.append((premises, bindings)) or True), conclusion_typ"
tests/test_phase103_production_proof_scope_integration.py,35,test,statement_class_candidate,Phase103ScopeStatement,
tests/test_phase103_production_proof_scope_integration.py,520,test,api_or_container_definition,test_phase103_4_search_does_not_mutate_repository_or_catalog,
tests/test_phase103_production_proof_scope_integration.py,119,test,named_container_assignment,repository,repository = ProofRepository()
tests/test_phase103_production_proof_scope_integration.py,178,test,named_container_assignment,repository,repository = ProofRepository()
tests/test_phase103_production_proof_scope_integration.py,266,test,named_container_assignment,repository,repository = ProofRepository()
tests/test_phase103_production_proof_scope_integration.py,332,test,named_container_assignment,repository,repository = ProofRepository()
tests/test_phase103_production_proof_scope_integration.py,388,test,named_container_assignment,repository,repository = ProofRepository()
tests/test_phase103_production_proof_scope_integration.py,430,test,named_container_assignment,repository,repository = ProofRepository()
tests/test_phase103_production_proof_scope_integration.py,462,test,named_container_assignment,repository,repository = build_standard_production_proof_repository()
tests/test_phase103_production_proof_scope_integration.py,521,test,named_container_assignment,repository,repository = ProofRepository()
tests/test_phase103_production_proof_scope_integration.py,539,test,named_container_assignment,before_repository,before_repository = repository.entries()
tests/test_phase103_production_proof_scope_integration.py,556,test,named_container_assignment,after_repository,after_repository = repository.entries()
tests/test_phase103_production_proof_scope_integration.py,602,test,named_container_assignment,repository,repository = ProofRepository()
tests/test_phase103_production_proof_scope_integration.py,683,test,named_container_assignment,repository,repository = ProofRepository()
tests/test_phase103_production_proof_scope_integration.py,736,test,named_container_assignment,repository,repository = ProofRepository()
tests/test_phase103_production_proof_scope_integration.py,95,test,registration_call_candidate,catalog.register,catalog.register(entry)
tests/test_phase103_production_proof_scope_integration.py,119,test,repository_constructor,ProofRepository,ProofRepository()
tests/test_phase103_production_proof_scope_integration.py,120,test,explicit_entry_constructor,ProofRepositoryEntry,"ProofRepositoryEntry(key='phase103.root', step=root)"
tests/test_phase103_production_proof_scope_integration.py,124,test,registration_call_candidate,repository.register,repository.register(root_entry)
tests/test_phase103_production_proof_scope_integration.py,178,test,repository_constructor,ProofRepository,ProofRepository()
tests/test_phase103_production_proof_scope_integration.py,179,test,explicit_entry_constructor,ProofRepositoryEntry,"ProofRepositoryEntry(key='phase103.root', step=root)"
tests/test_phase103_production_proof_scope_integration.py,183,test,registration_call_candidate,repository.register,repository.register(root_entry)
tests/test_phase103_production_proof_scope_integration.py,266,test,repository_constructor,ProofRepository,ProofRepository()
tests/test_phase103_production_proof_scope_integration.py,267,test,registration_call_candidate,repository.register,"repository.register(ProofRepositoryEntry(key='phase103.order', step=root))"
tests/test_phase103_production_proof_scope_integration.py,322,test,explicit_entry_constructor,ProofRepositoryEntry,"ProofRepositoryEntry(key='phase103.first', step=first_root)"
tests/test_phase103_production_proof_scope_integration.py,327,test,explicit_entry_constructor,ProofRepositoryEntry,"ProofRepositoryEntry(key='phase103.second', step=second_root)"
tests/test_phase103_production_proof_scope_integration.py,332,test,repository_constructor,ProofRepository,ProofRepository()
tests/test_phase103_production_proof_scope_integration.py,333,test,registration_call_candidate,repository.register,repository.register(first_entry)
tests/test_phase103_production_proof_scope_integration.py,336,test,registration_call_candidate,repository.register,repository.register(second_entry)
tests/test_phase103_production_proof_scope_integration.py,388,test,repository_constructor,ProofRepository,ProofRepository()
tests/test_phase103_production_proof_scope_integration.py,389,test,registration_call_candidate,repository.register,"repository.register(ProofRepositoryEntry(key='phase103.unsafe', step=make_step('known')))"
tests/test_phase103_production_proof_scope_integration.py,430,test,repository_constructor,ProofRepository,ProofRepository()
tests/test_phase103_production_proof_scope_integration.py,431,test,registration_call_candidate,repository.register,"repository.register(ProofRepositoryEntry(key='phase103.unrelated', step=ProofStep(conclusion='unrelated', premises=(), rule=ProofRule.GIVEN)))"
tests/test_phase103_production_proof_scope_integration.py,484,test,registration_call_candidate,catalog.register,"catalog.register(InferenceRuleCatalogEntry(key='phase103.production.wildcard-audit', rule=wildcard_rule, conclusion_type=object))"
tests/test_phase103_production_proof_scope_integration.py,521,test,repository_constructor,ProofRepository,ProofRepository()
tests/test_phase103_production_proof_scope_integration.py,522,test,registration_call_candidate,repository.register,"repository.register(ProofRepositoryEntry(key='phase103.read-only', step=make_step('known')))"
tests/test_phase103_production_proof_scope_integration.py,602,test,repository_constructor,ProofRepository,ProofRepository()
tests/test_phase103_production_proof_scope_integration.py,604,test,explicit_entry_constructor,ProofRepositoryEntry,"ProofRepositoryEntry(key='phase103.wrapper', step=first_step)"
tests/test_phase103_production_proof_scope_integration.py,609,test,registration_call_candidate,repository.register,repository.register(entry)
tests/test_phase103_production_proof_scope_integration.py,683,test,repository_constructor,ProofRepository,ProofRepository()
tests/test_phase103_production_proof_scope_integration.py,685,test,explicit_entry_constructor,ProofRepositoryEntry,"ProofRepositoryEntry(key='phase103.wrapper.invalid', step=make_step('known'))"
tests/test_phase103_production_proof_scope_integration.py,692,test,registration_call_candidate,repository.register,repository.register(entry)
tests/test_phase103_production_proof_scope_integration.py,736,test,repository_constructor,ProofRepository,ProofRepository()
tests/test_phase103_production_proof_scope_integration.py,737,test,registration_call_candidate,repository.register,"repository.register(ProofRepositoryEntry(key='phase103.invalid-catalog', step=make_step('known')))"
tests/test_phase103_production_proof_scope_integration.py,268,test,explicit_entry_constructor,ProofRepositoryEntry,"ProofRepositoryEntry(key='phase103.order', step=root)"
tests/test_phase103_production_proof_scope_integration.py,390,test,explicit_entry_constructor,ProofRepositoryEntry,"ProofRepositoryEntry(key='phase103.unsafe', step=make_step('known'))"
tests/test_phase103_production_proof_scope_integration.py,432,test,explicit_entry_constructor,ProofRepositoryEntry,"ProofRepositoryEntry(key='phase103.unrelated', step=ProofStep(conclusion='unrelated', premises=(), rule=ProofRule.GIVEN))"
tests/test_phase103_production_proof_scope_integration.py,523,test,explicit_entry_constructor,ProofRepositoryEntry,"ProofRepositoryEntry(key='phase103.read-only', step=make_step('known'))"
tests/test_phase103_production_proof_scope_integration.py,738,test,explicit_entry_constructor,ProofRepositoryEntry,"ProofRepositoryEntry(key='phase103.invalid-catalog', step=make_step('known'))"
tests/test_phase103_rule_family_grouped_presentation.py,23,test,rule_function_candidate,test_phase103_6c3_same_rule_name_forms_one_family_within_source,
tests/test_phase103_rule_family_grouped_presentation.py,274,test,rule_function_candidate,test_phase103_6c3_rule_family_count_is_separate_from_rule_group_count,
tests/test_phase103_rule_family_grouped_renderer.py,93,test,rule_function_candidate,test_phase103_6c3_renderer_prints_rule_family_name_once_per_source,
tests/test_phase103_rule_family_grouped_renderer.py,175,test,rule_function_candidate,test_phase103_6c3_renderer_reports_rule_family_count,
tests/test_phase103_standard_applicability_catalog.py,22,test,rule_function_candidate,test_phase103_6_standard_catalog_contains_only_production_inference_rules,
tests/test_phase103_standard_applicability_catalog.py,56,test,rule_function_candidate,test_phase103_6_standard_catalog_deduplicates_rule_identity,
tests/test_phase103_standard_applicability_catalog.py,23,test,named_container_assignment,repository,repository = build_standard_production_proof_repository()
tests/test_phase104_3c_source_scoped_rule_family_selection.py,58,test,rule_function_candidate,test_phase104_3c_same_rule_name_on_other_source_is_not_selected,
tests/test_phase104_3c_source_scoped_rule_family_selection.py,255,test,rule_function_candidate,test_phase104_3c_requires_rule_name_string,
tests/test_phase104_3c_source_scoped_rule_family_selection.py,273,test,rule_function_candidate,test_phase104_3c_rejects_empty_rule_name,
tests/test_phase104_4f_candidate_handoff_validation.py,76,test,rule_function_candidate,test_phase104_4f_ready_uses_same_rule_identity_safe_goal_compatible_entry,
tests/test_phase104_4f_candidate_handoff_validation.py,110,test,rule_function_candidate,test_phase104_4f_same_rule_name_different_identity_is_not_execution_rule,
tests/test_phase104_4f_candidate_handoff_validation.py,147,test,rule_function_candidate,test_phase104_4f_same_rule_without_safe_entry_reports_not_fixed_point_safe,
tests/test_phase104_4f_candidate_handoff_validation.py,173,test,rule_function_candidate,test_phase104_4f_safe_same_rule_wrong_goal_type_is_goal_incompatible,
tests/test_phase104_4f_candidate_handoff_validation.py,200,test,rule_function_candidate,test_phase104_4f_safe_same_rule_false_goal_guard_is_goal_incompatible,
tests/test_phase104_4f_candidate_handoff_validation.py,308,test,rule_function_candidate,test_phase104_4f_same_rule_invalid_goal_guard_preserves_existing_type_error,
tests/test_phase104_4f_candidate_handoff_validation.py,91,test,registration_call_candidate,catalog.register,catalog.register(execution_entry)
tests/test_phase104_4f_candidate_handoff_validation.py,124,test,registration_call_candidate,catalog.register,"catalog.register(_entry(data, key='phase104.4f.same-name', fixed_point_safe=True, rule=different_rule))"
tests/test_phase104_4f_candidate_handoff_validation.py,151,test,registration_call_candidate,catalog.register,"catalog.register(_entry(data, key='phase104.4f.unsafe', fixed_point_safe=False))"
tests/test_phase104_4f_candidate_handoff_validation.py,177,test,registration_call_candidate,catalog.register,"catalog.register(_entry(data, key='phase104.4f.wrong-type', fixed_point_safe=True, conclusion_type=str))"
tests/test_phase104_4f_candidate_handoff_validation.py,204,test,registration_call_candidate,catalog.register,"catalog.register(_entry(data, key='phase104.4f.false-guard', fixed_point_safe=True, goal_compatibility=lambda goal: False))"
tests/test_phase104_4f_candidate_handoff_validation.py,244,test,registration_call_candidate,catalog.register,catalog.register(first_entry)
tests/test_phase104_4f_candidate_handoff_validation.py,247,test,registration_call_candidate,catalog.register,catalog.register(second_entry)
tests/test_phase104_4f_candidate_handoff_validation.py,273,test,registration_call_candidate,catalog.register,"catalog.register(_entry(data, key='phase104.4f.unrelated-invalid', fixed_point_safe=True, goal_compatibility=lambda goal: 'invalid', rule=unrelated_rule))"
tests/test_phase104_4f_candidate_handoff_validation.py,290,test,registration_call_candidate,catalog.register,catalog.register(execution_entry)
tests/test_phase104_4f_candidate_handoff_validation.py,312,test,registration_call_candidate,catalog.register,"catalog.register(_entry(data, key='phase104.4f.invalid-guard-result', fixed_point_safe=True, goal_compatibility=lambda goal: 'invalid'))"
tests/test_phase104_4i_explicit_final_rule_bounded_search_core.py,31,test,rule_function_candidate,_build_ambiguous_final_rule_fixture,
tests/test_phase104_4i_explicit_final_rule_bounded_search_core.py,89,test,rule_function_candidate,test_phase104_4i_legacy_selection_preserves_final_rule_ambiguity,
tests/test_phase104_4i_explicit_final_rule_bounded_search_core.py,109,test,rule_function_candidate,test_phase104_4i_explicit_selection_uses_requested_final_rule_identity,
tests/test_phase104_4i_explicit_final_rule_bounded_search_core.py,141,test,rule_function_candidate,test_phase104_4i_complete_final_rule_requires_no_producer_nodes,
tests/test_phase104_4i_explicit_final_rule_bounded_search_core.py,169,test,rule_function_candidate,test_phase104_4i_legacy_diagnostic_preserves_ambiguous_final_rule,
tests/test_phase104_4i_explicit_final_rule_bounded_search_core.py,202,test,rule_function_candidate,test_phase104_4i_explicit_diagnostic_does_not_reselect_final_rule,
tests/test_phase104_4i_explicit_final_rule_bounded_search_core.py,225,test,rule_function_candidate,test_phase104_4i_legacy_report_preserves_ambiguous_final_rule,
tests/test_phase104_4i_explicit_final_rule_bounded_search_core.py,250,test,rule_function_candidate,test_phase104_4i_explicit_report_preserves_requested_final_rule_identity,
tests/test_phase104_4i_explicit_final_rule_bounded_search_core.py,288,test,rule_function_candidate,test_phase104_4i_explicit_cores_reject_non_inference_rule,
tests/test_phase104_4i_explicit_final_rule_bounded_search_core.py,71,test,registration_call_candidate,catalog.register,catalog.register(first_entry)
tests/test_phase104_4i_explicit_final_rule_bounded_search_core.py,74,test,registration_call_candidate,catalog.register,catalog.register(second_entry)
tests/test_phase104_4i_explicit_final_rule_bounded_search_core.py,79,test,repository_constructor,ProofRepository,ProofRepository()
tests/test_phase104_4k_ready_handoff_search_report_adapter.py,229,test,rule_function_candidate,test_phase104_4k_ready_adapter_uses_validated_final_rule_identity,
tests/test_phase104_4k_ready_handoff_search_report_adapter.py,258,test,rule_function_candidate,test_phase104_4k_ready_adapter_does_not_reselect_competing_final_rule,
tests/test_phase104_4k_ready_handoff_search_report_adapter.py,378,test,rule_function_candidate,test_phase104_4k_wrapper_rejects_search_result_final_rule_drift,
tests/test_phase104_4k_ready_handoff_search_report_adapter.py,71,test,named_container_assignment,repository,repository = ProofRepository()
tests/test_phase104_4k_ready_handoff_search_report_adapter.py,66,test,explicit_entry_constructor,ProofRepositoryEntry,"ProofRepositoryEntry(key='phase104.4k.root', step=source_step)"
tests/test_phase104_4k_ready_handoff_search_report_adapter.py,71,test,repository_constructor,ProofRepository,ProofRepository()
tests/test_phase104_4k_ready_handoff_search_report_adapter.py,72,test,registration_call_candidate,repository.register,repository.register(root_entry)
tests/test_phase104_4k_ready_handoff_search_report_adapter.py,145,test,registration_call_candidate,execution_catalog.register,execution_catalog.register(execution_entry)
tests/test_phase104_4k_ready_handoff_search_report_adapter.py,162,test,registration_call_candidate,execution_catalog.register,"execution_catalog.register(InferenceRuleCatalogEntry(key='phase104.4k.competing', rule=competing_rule, conclusion_type=Phase1044KGoal, fixed_point_safe=True, goal_compatibility=lambda candidate_goal: candidate_goal == goal))"
tests/test_phase104_4k_ready_handoff_search_report_adapter.py,188,test,registration_call_candidate,repository.register,"repository.register(ProofRepositoryEntry(key='phase104.4k.goal', step=goal_step))"
tests/test_phase104_4k_ready_handoff_search_report_adapter.py,189,test,explicit_entry_constructor,ProofRepositoryEntry,"ProofRepositoryEntry(key='phase104.4k.goal', step=goal_step)"
tests/test_phase104_4m_ready_search_report_execution_adapter.py,271,test,rule_function_candidate,test_phase104_4m_executes_selected_producer_path_and_final_rule,
tests/test_phase104_4m_ready_search_report_execution_adapter.py,316,test,rule_function_candidate,test_phase104_4m_goal_already_available_executes_no_rule,
tests/test_phase104_4m_ready_search_report_execution_adapter.py,86,test,named_container_assignment,repository,repository = ProofRepository()
tests/test_phase104_4m_ready_search_report_execution_adapter.py,296,test,named_container_assignment,repository_result,repository_result = result.execution_result.repository_inference_result
tests/test_phase104_4m_ready_search_report_execution_adapter.py,337,test,named_container_assignment,repository_result,repository_result = result.execution_result.repository_inference_result
tests/test_phase104_4m_ready_search_report_execution_adapter.py,81,test,explicit_entry_constructor,ProofRepositoryEntry,"ProofRepositoryEntry(key='phase104.4m.root', step=source_step)"
tests/test_phase104_4m_ready_search_report_execution_adapter.py,86,test,repository_constructor,ProofRepository,ProofRepository()
tests/test_phase104_4m_ready_search_report_execution_adapter.py,87,test,registration_call_candidate,repository.register,repository.register(root_entry)
tests/test_phase104_4m_ready_search_report_execution_adapter.py,169,test,registration_call_candidate,execution_catalog.register,execution_catalog.register(producer_entry)
tests/test_phase104_4m_ready_search_report_execution_adapter.py,183,test,registration_call_candidate,execution_catalog.register,execution_catalog.register(execution_entry)
tests/test_phase104_4m_ready_search_report_execution_adapter.py,204,test,registration_call_candidate,repository.register,"repository.register(ProofRepositoryEntry(key='phase104.4m.goal', step=goal_step))"
tests/test_phase104_4m_ready_search_report_execution_adapter.py,205,test,explicit_entry_constructor,ProofRepositoryEntry,"ProofRepositoryEntry(key='phase104.4m.goal', step=goal_step)"
tests/test_phase104_4o_end_to_end_provenance_regression.py,13,test,rule_function_candidate,test_phase104_4o_preserves_final_rule_identity_end_to_end,
tests/test_phase104_4o_end_to_end_provenance_regression.py,56,test,named_container_assignment,repository_result,repository_result = result.execution_result.repository_inference_result
tests/test_phase104_4o_end_to_end_provenance_regression.py,113,test,named_container_assignment,repository_result,repository_result = result.execution_result.repository_inference_result
tests/test_phase104_4o_end_to_end_provenance_regression.py,220,test,named_container_assignment,repository_result,repository_result = result.execution_result.repository_inference_result
tests/test_phase105_10_unique_qualified_candidate_orchestration_handoff.py,50,test,named_container_assignment,repository,repository = ProofRepository()
tests/test_phase105_10_unique_qualified_candidate_orchestration_handoff.py,197,test,named_container_assignment,repository_result,repository_result = result.execution.execution.execution_result.repository_inference_result
tests/test_phase105_10_unique_qualified_candidate_orchestration_handoff.py,50,test,repository_constructor,ProofRepository,ProofRepository()
tests/test_phase105_10_unique_qualified_candidate_orchestration_handoff.py,51,test,registration_call_candidate,repository.register,repository.register(root_entry)
tests/test_phase105_14_qualified_execution_family_grouping.py,152,test,rule_function_candidate,test_phase105_14_groups_equivalent_rule_clones_at_same_source,
tests/test_phase105_16_root_source_execution_family_selection.py,242,test,explicit_entry_constructor,ProofRepositoryEntry,"ProofRepositoryEntry(key='phase105.16.foreign.root', step=ProofStep(conclusion='foreign root', premises=(), rule=ProofRule.GIVEN))"
tests/test_phase105_17_standard_qualified_execution_facade.py,271,test,explicit_entry_constructor,ProofRepositoryEntry,"ProofRepositoryEntry(key='phase105.17.foreign.root', step=ProofStep(conclusion='foreign root', premises=(), rule=ProofRule.GIVEN))"
tests/test_phase105_5_minimal_production_execution_seed_adapter.py,256,test,api_or_container_definition,test_phase105_5_adapter_returns_temporary_repository,
tests/test_phase105_5_minimal_production_execution_seed_adapter.py,275,test,api_or_container_definition,test_phase105_5_seed_repository_contains_only_exact_candidate_source_step,
tests/test_phase105_5_minimal_production_execution_seed_adapter.py,342,test,api_or_container_definition,test_phase105_5_adapter_does_not_mutate_standard_production_repository,
tests/test_phase105_5_minimal_production_execution_seed_adapter.py,363,test,rule_function_candidate,test_phase105_5_execution_entry_preserves_discovered_rule_identity,
tests/test_phase105_5_minimal_production_execution_seed_adapter.py,452,test,rule_function_candidate,test_phase105_5_actual_execution_preserves_seed_and_rule_provenance,
tests/test_phase105_5_minimal_production_execution_seed_adapter.py,53,test,named_container_assignment,production_repository,production_repository = build_standard_production_proof_repository()
tests/test_phase105_5_minimal_production_execution_seed_adapter.py,165,test,named_container_assignment,seed_repository,seed_repository = build_repository_generator_applicability_execution_seed_repository(candidate)
tests/test_phase105_5_minimal_production_execution_seed_adapter.py,312,test,named_container_assignment,entries,entries = data['seed_repository'].entries()
tests/test_phase105_5_minimal_production_execution_seed_adapter.py,345,test,named_container_assignment,production_entries,production_entries = data['production_repository'].entries()
tests/test_phase105_5_minimal_production_execution_seed_adapter.py,428,test,named_container_assignment,repository_result,repository_result = data['execution_result'].execution_result.repository_inference_result
tests/test_phase105_5_minimal_production_execution_seed_adapter.py,462,test,named_container_assignment,repository_result,repository_result = data['execution_result'].execution_result.repository_inference_result
tests/test_phase105_5_minimal_production_execution_seed_adapter.py,135,test,registration_call_candidate,target_only_catalog.register,target_only_catalog.register(discovery_entry)
tests/test_phase105_5_minimal_production_execution_seed_adapter.py,191,test,registration_call_candidate,execution_catalog.register,execution_catalog.register(execution_entry)
tests/test_phase105_6_first_qualified_production_execution_entry_adapter.py,25,test,rule_function_candidate,test_phase105_6_execution_entry_preserves_discovery_rule_identity,
tests/test_phase105_6_first_qualified_production_execution_entry_adapter.py,248,test,named_container_assignment,repository_result,repository_result = result.execution_result.repository_inference_result
tests/test_phase105_7_candidate_execution_orchestration.py,239,test,api_or_container_definition,test_phase105_7_orchestration_does_not_mutate_standard_repository,
tests/test_phase105_7_candidate_execution_orchestration.py,80,test,named_container_assignment,entries,entries = result.seed_repository.entries()
tests/test_phase105_7_candidate_execution_orchestration.py,106,test,named_container_assignment,entries,entries = result.execution_catalog.entries()
tests/test_phase105_7_candidate_execution_orchestration.py,168,test,named_container_assignment,repository_result,repository_result = result.execution.execution_result.repository_inference_result
tests/test_phase105_7_candidate_execution_orchestration.py,242,test,named_container_assignment,before_entries,before_entries = data['production_repository'].entries()
tests/test_phase105_9_qualified_applicability_candidate_filtering.py,35,test,rule_function_candidate,_wrap_candidate_with_rule,
tests/test_phase106_4_relevant_scope_prefilter_optimization.py,43,test,registration_call_candidate,catalog.register,catalog.register(entry)
tests/test_phase107_12_explicit_root_source_family_selection.py,235,test,explicit_entry_constructor,ProofRepositoryEntry,"ProofRepositoryEntry(key='phase107.12.foreign.root', step=ProofStep(conclusion='foreign root', premises=(), rule=ProofRule.GIVEN))"
tests/test_phase107_16_multi_family_execution_dispatch.py,37,test,rule_function_candidate,test_phase107_16_second_execution_catalog_preserves_rule_identity,
tests/test_phase107_16_multi_family_execution_dispatch.py,57,test,named_container_assignment,entries,entries = catalog.entries()
tests/test_phase107_16_multi_family_execution_dispatch.py,114,test,named_container_assignment,repository_result,repository_result = result.execution.execution_result.repository_inference_result
tests/test_phase107_16_multi_family_execution_dispatch.py,278,test,named_container_assignment,repository_result,repository_result = execution.execution.execution_result.repository_inference_result
tests/test_phase107_18_multi_family_standard_facade_integration.py,307,test,named_container_assignment,repository_result,repository_result = underlying.execution.execution_result.repository_inference_result
tests/test_phase107_18_multi_family_standard_facade_integration.py,488,test,explicit_entry_constructor,ProofRepositoryEntry,"ProofRepositoryEntry(key='phase107.18.foreign.root', step=ProofStep(conclusion='foreign root', premises=(), rule=ProofRule.GIVEN))"
tests/test_phase107_5_exact_production_application_premise_tuple_recovery.py,49,test,named_container_assignment,repository,repository = build_standard_production_proof_repository()
tests/test_phase107_5_exact_production_application_premise_tuple_recovery.py,105,test,registration_call_candidate,catalog.register,catalog.register(discovery_entry)
tests/test_phase107_5_exact_production_application_premise_tuple_recovery.py,392,test,explicit_entry_constructor,ProofRepositoryEntry,"ProofRepositoryEntry(key='phase107.5.ambiguous.root', step=root_step)"
tests/test_phase107_7_two_premise_execution_seed_adapter.py,222,test,api_or_container_definition,test_phase107_7_seed_adapter_does_not_mutate_standard_repository,
tests/test_phase107_7_two_premise_execution_seed_adapter.py,83,test,named_container_assignment,seed_repository,seed_repository = build_repository_generator_production_application_execution_seed_repository(recovery)
tests/test_phase107_7_two_premise_execution_seed_adapter.py,94,test,named_container_assignment,entries,entries = seed_repository.entries()
tests/test_phase107_7_two_premise_execution_seed_adapter.py,142,test,named_container_assignment,seed_repository,seed_repository = build_repository_generator_production_application_execution_seed_repository(recovery)
tests/test_phase107_7_two_premise_execution_seed_adapter.py,197,test,named_container_assignment,seed_repository,seed_repository = build_repository_generator_production_application_execution_seed_repository(recovery)
tests/test_phase107_7_two_premise_execution_seed_adapter.py,225,test,named_container_assignment,before_entries,before_entries = data['repository'].entries()
tests/test_phase107_7_two_premise_execution_seed_adapter.py,244,test,named_container_assignment,seed_repository,seed_repository = build_repository_generator_production_application_execution_seed_repository(recovery)
tests/test_phase107_7_two_premise_execution_seed_adapter.py,422,test,named_container_assignment,seed_repository,seed_repository = build_repository_generator_production_application_execution_seed_repository(recovery)
tests/test_phase107_7_two_premise_execution_seed_adapter.py,428,test,named_container_assignment,entries,entries = seed_repository.entries()
tests/test_phase107_7_two_premise_execution_seed_adapter.py,343,test,explicit_entry_constructor,ProofRepositoryEntry,"ProofRepositoryEntry(key='phase107.7.ambiguous.root', step=root_step)"
tests/test_phase107_9_two_premise_handoff_bounded_search_integration.py,451,test,api_or_container_definition,test_phase107_9_integration_does_not_mutate_standard_repository,
tests/test_phase107_9_two_premise_handoff_bounded_search_integration.py,273,test,named_container_assignment,repository_result,repository_result = result.execution.execution_result.repository_inference_result
tests/test_phase107_9_two_premise_handoff_bounded_search_integration.py,454,test,named_container_assignment,before_entries,before_entries = data['repository'].entries()
tests/test_phase107_9_two_premise_handoff_bounded_search_integration.py,58,test,registration_call_candidate,execution_catalog.register,execution_catalog.register(execution_entry)
tests/test_phase108_5_minimal_user_facing_executable_target_resolver.py,165,test,rule_function_candidate,test_phase108_5_target_step_matches_representative_rule_and_source_premise,
tests/test_phase108_7_executed_target_final_proof_step_extraction.py,198,test,rule_function_candidate,test_phase108_7_final_proof_step_preserves_target_inference_rule_identity,
tests/test_phase108_7_executed_target_final_proof_step_extraction.py,258,test,api_or_container_definition,test_phase108_7_does_not_return_repository_target_step_identity,
tests/test_phase108_8_minimal_user_facing_result_proof_presentation.py,195,test,rule_function_candidate,test_phase108_8_rule_name_comes_from_final_inference_rule,
tests/test_phase109_22_generic_indexed_sigma_specialization.py,314,test,named_container_assignment,repository,repository = build_standard_production_proof_repository()
tests/test_phase109_22_generic_indexed_sigma_specialization.py,344,test,named_container_assignment,repository,repository = build_standard_production_proof_repository()
tests/test_phase109_24_generic_indexed_sigma_proof_scope_integration.py,315,test,api_or_container_definition,test_phase109_24_standard_repository_roots_remain_unchanged,
tests/test_phase109_24_generic_indexed_sigma_proof_scope_integration.py,198,test,named_container_assignment,repository,repository = build_standard_production_proof_repository()
tests/test_phase109_24_generic_indexed_sigma_proof_scope_integration.py,316,test,named_container_assignment,repository,repository = build_standard_production_proof_repository()
tests/test_phase109_3_recursive_known_group_identity_lookup.py,285,test,api_or_container_definition,test_phase109_3_recursive_lookup_does_not_mutate_repository,
tests/test_phase109_3_recursive_known_group_identity_lookup.py,365,test,api_or_container_definition,test_phase109_3_lookup_rejects_non_repository,
tests/test_phase109_3_recursive_known_group_identity_lookup.py,44,test,named_container_assignment,repository,repository = build_standard_production_proof_repository()
tests/test_phase109_3_recursive_known_group_identity_lookup.py,48,test,named_container_assignment,initial_entries,initial_entries = repository.entries()
tests/test_phase109_3_recursive_known_group_identity_lookup.py,59,test,named_container_assignment,final_entries,final_entries = repository.entries()
tests/test_phase109_3_recursive_known_group_identity_lookup.py,258,test,named_container_assignment,repository,repository = ProofRepository()
tests/test_phase109_3_recursive_known_group_identity_lookup.py,248,test,explicit_entry_constructor,ProofRepositoryEntry,"ProofRepositoryEntry(key='phase109.3.first', step=first_root_step)"
tests/test_phase109_3_recursive_known_group_identity_lookup.py,253,test,explicit_entry_constructor,ProofRepositoryEntry,"ProofRepositoryEntry(key='phase109.3.second', step=second_root_step)"
tests/test_phase109_3_recursive_known_group_identity_lookup.py,258,test,repository_constructor,ProofRepository,ProofRepository()
tests/test_phase109_3_recursive_known_group_identity_lookup.py,260,test,registration_call_candidate,repository.register,repository.register(first_entry)
tests/test_phase109_3_recursive_known_group_identity_lookup.py,263,test,registration_call_candidate,repository.register,repository.register(second_entry)
tests/test_phase110_10_operation_query_proof_replay.py,230,test,api_or_container_definition,test_phase110_10_renderer_starts_from_query_fact_not_repository_root,
tests/test_phase113_sigma_group_query_integration.py,135,test,api_or_container_definition,test_phase113_explicit_empty_repository_does_not_invent_sigma_specialization,
tests/test_phase113_sigma_group_query_integration.py,137,test,repository_constructor,ProofRepository,ProofRepository()
tests/test_phase114_3_nu5_operation_query_handoff.py,136,test,named_container_assignment,repository,repository = build_standard_production_proof_repository()
tests/test_phase115_sigma11_operation_query_handoff.py,196,test,named_container_assignment,repository,repository = build_standard_production_proof_repository()
tests/test_phase123_5a_web_applicability_volume.py,16,test,rule_function_candidate,test_phase123_5a_nu_prime_limits_rendered_sources_and_rule_families,
tests/test_phase129_nu_prime_operation_query_handoff.py,240,test,api_or_container_definition,test_phase129_4_handoff_does_not_mutate_repository,
tests/test_phase129_nu_prime_operation_query_handoff.py,47,test,named_container_assignment,repository,repository = build_standard_production_proof_repository()
tests/test_phase129_nu_prime_operation_query_handoff.py,241,test,named_container_assignment,repository,repository = build_standard_production_proof_repository()
tests/test_phase129_nu_prime_operation_query_handoff.py,335,test,named_container_assignment,repository,repository = build_standard_production_proof_repository()
tests/test_phase129_nu_prime_operation_query_handoff.py,357,test,named_container_assignment,repository,repository = build_standard_production_proof_repository()
tests/test_phase130_foundational_query_semantics.py,39,test,named_container_assignment,repository,repository = build_standard_production_proof_repository()
tests/test_phase130_foundational_query_semantics.py,83,test,named_container_assignment,repository,repository = build_standard_production_proof_repository()
tests/test_phase130_foundational_query_semantics.py,121,test,named_container_assignment,repository,repository = build_standard_production_proof_repository()
tests/test_phase130_k456_specialization.py,387,test,api_or_container_definition,test_phase130_8_repository_roots_remain_unchanged,
tests/test_phase130_k456_specialization.py,22,test,named_container_assignment,repository,repository = build_standard_production_proof_repository()
tests/test_phase130_k456_specialization.py,69,test,named_container_assignment,repository,repository = build_standard_production_proof_repository()
tests/test_phase130_k456_specialization.py,102,test,named_container_assignment,repository,repository = build_standard_production_proof_repository()
tests/test_phase130_k456_specialization.py,138,test,named_container_assignment,repository,repository = build_standard_production_proof_repository()
tests/test_phase130_k456_specialization.py,168,test,named_container_assignment,repository,repository = build_standard_production_proof_repository()
tests/test_phase130_k456_specialization.py,204,test,named_container_assignment,repository,repository = build_standard_production_proof_repository()
tests/test_phase130_k456_specialization.py,231,test,named_container_assignment,repository,repository = build_standard_production_proof_repository()
tests/test_phase130_k456_specialization.py,258,test,named_container_assignment,repository,repository = build_standard_production_proof_repository()
tests/test_phase130_k456_specialization.py,329,test,named_container_assignment,repository,repository = build_standard_production_proof_repository()
tests/test_phase130_k456_specialization.py,388,test,named_container_assignment,repository,repository = build_standard_production_proof_repository()
tests/test_phase130_low_dimensional_standard_query.py,259,test,api_or_container_definition,test_phase130_4_custom_repository_does_not_gain_low_dimensional_fallback,
tests/test_phase130_low_dimensional_standard_query.py,22,test,named_container_assignment,repository,repository = build_standard_production_proof_repository()
tests/test_phase130_low_dimensional_standard_query.py,77,test,named_container_assignment,repository,repository = build_standard_production_proof_repository()
tests/test_phase130_low_dimensional_standard_query.py,136,test,named_container_assignment,repository,repository = build_standard_production_proof_repository()
tests/test_phase130_low_dimensional_standard_query.py,198,test,named_container_assignment,repository,repository = build_standard_production_proof_repository()
tests/test_phase130_low_dimensional_standard_query.py,269,test,named_container_assignment,repository,repository = ProofRepository()
tests/test_phase130_low_dimensional_standard_query.py,299,test,named_container_assignment,repository,repository = build_standard_production_proof_repository()
tests/test_phase130_low_dimensional_standard_query.py,269,test,repository_constructor,ProofRepository,ProofRepository()
tests/test_phase130_low_dimensional_standard_query.py,271,test,registration_call_candidate,repository.register,"repository.register(ProofRepositoryEntry(key='phase130.custom', step=ProofStep(conclusion='custom-root', premises=(), rule=ProofRule.GIVEN)))"
tests/test_phase130_low_dimensional_standard_query.py,272,test,explicit_entry_constructor,ProofRepositoryEntry,"ProofRepositoryEntry(key='phase130.custom', step=ProofStep(conclusion='custom-root', premises=(), rule=ProofRule.GIVEN))"
tests/test_phase130_sigma9_standard_query.py,234,test,api_or_container_definition,test_phase130_11_repository_roots_remain_unchanged,
tests/test_phase130_sigma9_standard_query.py,29,test,named_container_assignment,repository,repository = build_standard_production_proof_repository()
tests/test_phase130_sigma9_standard_query.py,53,test,named_container_assignment,repository,repository = build_standard_production_proof_repository()
tests/test_phase130_sigma9_standard_query.py,100,test,named_container_assignment,repository,repository = build_standard_production_proof_repository()
tests/test_phase130_sigma9_standard_query.py,176,test,named_container_assignment,repository,repository = build_standard_production_proof_repository()
tests/test_phase130_sigma9_standard_query.py,207,test,named_container_assignment,repository,repository = build_standard_production_proof_repository()
tests/test_phase130_sigma9_standard_query.py,235,test,named_container_assignment,repository,repository = build_standard_production_proof_repository()
tests/test_phase130_stable_group_specialization.py,429,test,api_or_container_definition,test_phase130_6_standard_repository_roots_remain_unchanged,
tests/test_phase130_stable_group_specialization.py,33,test,named_container_assignment,repository,repository = build_standard_production_proof_repository()
tests/test_phase130_stable_group_specialization.py,96,test,named_container_assignment,repository,repository = build_standard_production_proof_repository()
tests/test_phase130_stable_group_specialization.py,167,test,named_container_assignment,repository,repository = build_standard_production_proof_repository()
tests/test_phase130_stable_group_specialization.py,230,test,named_container_assignment,repository,repository = build_standard_production_proof_repository()
tests/test_phase130_stable_group_specialization.py,286,test,named_container_assignment,repository,repository = build_standard_production_proof_repository()
tests/test_phase130_stable_group_specialization.py,371,test,named_container_assignment,repository,repository = build_standard_production_proof_repository()
tests/test_phase130_stable_group_specialization.py,397,test,named_container_assignment,repository,repository = build_standard_production_proof_repository()
tests/test_phase130_stable_group_specialization.py,430,test,named_container_assignment,repository,repository = build_standard_production_proof_repository()
tests/test_phase131_3_group_result_proof_replay.py,94,test,explicit_entry_constructor,ProofRepositoryEntry,"ProofRepositoryEntry(key='phase131.fixture.pi16_9', step=root_step, phase='131-3', theorem='Phase 131-3 group-result replay fixture')"
tests/test_phase131_3_group_result_proof_replay.py,154,test,explicit_entry_constructor,ProofRepositoryEntry,"ProofRepositoryEntry(key='phase131.fixture.pi9_2', step=root_step, phase='131-3', theorem='Phase 131-3 zero-group replay fixture')"
tests/test_phase132_4_group_proof_presentation.py,285,test,api_or_container_definition,test_phase132_4_builder_does_not_mutate_replay_or_repository,
tests/test_phase132_4_group_proof_presentation.py,25,test,named_container_assignment,repository,repository = build_standard_production_proof_repository()
tests/test_phase132_4_group_proof_presentation.py,286,test,named_container_assignment,repository,repository = build_standard_production_proof_repository()
tests/test_phase132_4_group_proof_presentation.py,290,test,named_container_assignment,before_entries,before_entries = repository.entries()
tests/test_phase132_5_group_proof_outline_renderer.py,162,test,rule_function_candidate,test_phase132_5_unrenderable_premises_use_rule_name_before_type_name,
tests/test_phase132_5_group_proof_outline_renderer.py,27,test,named_container_assignment,repository,repository = build_standard_production_proof_repository()
tests/test_phase132_5_group_proof_outline_renderer.py,251,test,named_container_assignment,repository,repository = build_standard_production_proof_repository()
tests/test_phase132_5_group_proof_outline_renderer.py,255,test,named_container_assignment,before_entries,before_entries = repository.entries()
tests/test_phase132_6_group_proof_narrative_renderer.py,28,test,named_container_assignment,repository,repository = build_standard_production_proof_repository()
tests/test_phase132_6_group_proof_narrative_renderer.py,143,test,named_container_assignment,direct_facts,direct_facts = tuple((_render_group_proof_narrative_fact(edge.premise_step) for edge in root_edges))
tests/test_phase132_6_group_proof_narrative_renderer.py,332,test,named_container_assignment,repository,repository = build_standard_production_proof_repository()
tests/test_phase132_6_group_proof_narrative_renderer.py,336,test,named_container_assignment,before_entries,before_entries = repository.entries()
tests/test_phase132_8_group_proof_narrative_dedup.py,30,test,named_container_assignment,repository,repository = build_standard_production_proof_repository()
tests/test_phase132_8_group_proof_narrative_dedup.py,331,test,named_container_assignment,repository,repository = data['repository']
tests/test_phase132_8_group_proof_narrative_dedup.py,335,test,named_container_assignment,before_entries,before_entries = repository.entries()
tests/test_phase141_narrative_blocks.py,54,test,rule_function_candidate,test_phase141_pi6_3_root_is_target_without_target_specific_rule,
tests/test_phase141_narrative_blocks.py,73,test,rule_function_candidate,test_phase141_pi8_5_root_uses_same_target_rule,
tests/test_phase143_2_generic_short_exact_sequence.py,150,test,rule_function_candidate,test_phase143_2_short_exact_rule_has_no_pi6_specific_hardcoding,
tests/test_phase143_75aa_toda56_nu4_prop44_specialization_rendering.py,28,test,rule_function_candidate,test_phase143_75aa_does_not_render_rule_name,
tests/test_phase143_75ab3_whitehead_correction_rendering.py,28,test,rule_function_candidate,test_phase143_75ab3_does_not_render_rule_name,
tests/test_phase143_75ac4_hopf_odd_multiple_rendering.py,27,test,rule_function_candidate,test_phase143_75ac4_does_not_render_rule_name,
tests/test_phase143_75ad_double_suspension_rendering.py,24,test,rule_function_candidate,test_phase143_75ad_does_not_render_rule_name,
tests/test_phase143_75m_finite_dimensional_semantic_rendering.py,24,test,named_container_assignment,facts,facts = {}
tests/test_phase143_75m_finite_dimensional_semantic_rendering.py,55,test,named_container_assignment,facts,facts = _target_facts()
tests/test_phase143_75m_finite_dimensional_semantic_rendering.py,44,test,named_container_assignment,facts[name],facts[name] = _render_group_proof_narrative_fact(node.proof_step)
tests/test_phase143_75p_prop44_suspension_injective_semantic_rendering.py,73,test,rule_function_candidate,test_phase143_75p_both_rule_families_use_same_semantic_renderer,
tests/test_phase143_7_narrative_arguments.py,236,test,rule_function_candidate,test_phase143_7_other_group_proofs_build_without_target_specific_rules,
tests/test_phase144_6_r3_production_references.py,97,test,rule_function_candidate,test_phase144_6_r3_reference_section_does_not_parse_internal_rule_names,
tests/test_phase144_6_r3_production_references.py,53,test,named_container_assignment,entries,entries = build_toda_group_proof_narrative_reference_entries(presentation)
tests/test_phase144_6_r3_structured_references.py,14,test,rule_function_candidate,test_phase144_6_r3_inference_rule_preserves_structured_literature_reference,
tests/test_phase144_6_r3_structured_references.py,39,test,rule_function_candidate,test_phase144_6_r3_rule_name_reference_is_inferred_without_structured_reference,
tests/test_phase144_6_r3_structured_references.py,56,test,rule_function_candidate,test_phase144_6_r3_reference_renderer_uses_structured_locator_not_rule_name,
tests/test_phase144_6_r3_structured_references.py,15,test,literature_reference_candidate,LiteratureReference,"LiteratureReference(label='Toda Prop.5.1', author='H. Toda', title='Composition Methods in Homotopy Groups of Spheres', year=1962, locator='Proposition 5.1')"
tests/test_phase144_6_r3_structured_references.py,57,test,literature_reference_candidate,LiteratureReference,"LiteratureReference(label='Toda Prop.5.1', locator='Proposition 5.1')"
tests/test_phase144_6_r5_28_narrative_contribution_ownership_audit.py,42,test,rule_function_candidate,test_phase144_6_r5_28_hypothetical_rule_selects_one_owner_per_missing_fact,
tests/test_phase144_6_r5_43_10_transport_chain_compression_production.py,254,test,rule_function_candidate,test_phase144_6_r5_43_10_renderer_does_not_hard_code_historical_rule_names,
tests/test_phase146_7_generic_argument_purpose_prose.py,44,test,rule_function_candidate,test_phase146_7_rule_is_not_pi6_specific,
tests/test_phase148_rc2_4_repair_r4_2_calculation_premise_semantic_closure.py,339,test,rule_function_candidate,test_phase148_rc2_4_repair_r4_2_closure_has_no_pi6_or_rule_name_hardcoding,
tests/test_phase150_rc4_5_visible_reasons.py,88,test,named_container_assignment,reference_entries,reference_entries = build_toda_group_proof_narrative_reference_entries(presentation)
tests/test_phase150_rc4_5_visible_reasons.py,95,test,named_container_assignment,"(reference_entries, _)","(reference_entries, _) = exclude_toda_group_proof_narrative_root_reference(reference_entries, empty_statement_lines, presentation.root_step)"
tests/test_phase150_rc4_5_visible_reasons.py,133,test,named_container_assignment,reference_entries,reference_entries = build_toda_group_proof_narrative_reference_entries(presentation)
tests/test_phase150_rc4_5_visible_reasons.py,140,test,named_container_assignment,"(reference_entries, _)","(reference_entries, _) = exclude_toda_group_proof_narrative_root_reference(reference_entries, empty_statement_lines, presentation.root_step)"
tests/test_phase150_rc4_5c_2_exactness_to_map_property.py,143,test,rule_function_candidate,test_phase150_rc4_5c_2_reason_builder_has_no_pi6_or_rule_name_special_case,
tests/test_phase150_rc4_5d_3_multiple_relation_to_order.py,78,test,rule_function_candidate,test_phase150_rc4_5d_3_classifier_has_no_target_or_rule_name_special_case,
tests/test_phase150_rc4_5e_2_short_exact_derivation_reason.py,100,test,rule_function_candidate,test_phase150_rc4_5e_2_helper_has_no_target_or_rule_name_special_case,
tests/test_phase150_rc4_5f_2_final_group_structure_reason.py,170,test,rule_function_candidate,test_phase150_rc4_5f_2_classifier_has_no_target_or_rule_name_special_case,
tests/test_phase153_generic_concrete_proof_scope_recovery.py,208,test,api_or_container_definition,test_phase153_generic_concrete_recovery_does_not_mutate_repository_roots,
tests/test_phase153_generic_concrete_proof_scope_recovery.py,99,test,named_container_assignment,repository,repository = build_standard_production_proof_repository()
tests/test_phase153_generic_concrete_proof_scope_recovery.py,163,test,named_container_assignment,repository,repository = build_standard_production_proof_repository()
tests/test_phase153_generic_concrete_proof_scope_recovery.py,209,test,named_container_assignment,repository,repository = build_standard_production_proof_repository()
tests/test_phase153_r10_used_reference_filtering.py,59,test,named_container_assignment,entries,"entries = (TodaGroupProofNarrativeReferenceEntry(number=1, reference=LiteratureReference(label='Toda Lemma 1.1', locator='Lemma 1.1'), proof_steps=(_dummy_step('unused'),)), TodaGroupProofNarrativeReferenceEntry(number=2, reference=Literatu"
tests/test_phase153_r10_used_reference_filtering.py,118,test,named_container_assignment,"(filtered_entries, filtered_lines, filtered_body)","(filtered_entries, filtered_lines, filtered_body) = filter_toda_group_proof_narrative_reference_entries_by_body_usage(entries, statement_lines, 'まず、[R2]を用いる。\nさらに、[R3]を用いる。')"
tests/test_phase153_r10_used_reference_filtering.py,62,test,literature_reference_candidate,LiteratureReference,"LiteratureReference(label='Toda Lemma 1.1', locator='Lemma 1.1')"
tests/test_phase153_r10_used_reference_filtering.py,74,test,literature_reference_candidate,LiteratureReference,"LiteratureReference(label='Toda Proposition 2.2', locator='Proposition 2.2')"
tests/test_phase153_r10_used_reference_filtering.py,86,test,literature_reference_candidate,LiteratureReference,"LiteratureReference(label='Toda Equation (3.3)', locator='(3.3)')"
tests/test_phase153_r10_used_reference_filtering.py,98,test,literature_reference_candidate,LiteratureReference,"LiteratureReference(label='Toda Proposition 4.4', locator='Proposition 4.4')"
tests/test_phase153_r3_3_reference_statement_selection.py,35,test,literature_reference_candidate,LiteratureReference,"LiteratureReference(label='Toda test reference', locator='Proposition X')"
tests/test_phase153_r3_4_reference_statement_rendering_connection.py,113,test,named_container_assignment,entries,entries = build_toda_group_proof_narrative_reference_entries(presentation)
tests/test_phase153_r3_4_reference_statement_rendering_connection.py,59,test,literature_reference_candidate,LiteratureReference,"LiteratureReference(label='Toda test', locator='Proposition X')"
tests/test_phase153_r3_6_unresolved_reference_statement_rendering.py,121,test,named_container_assignment,entries,entries = build_toda_group_proof_narrative_reference_entries(presentation)
tests/test_phase153_r3_9_remaining_reference_renderer_coverage.py,128,test,named_container_assignment,entries,entries = build_toda_group_proof_narrative_reference_entries(presentation)
tests/test_phase153_r5_reference_selection.py,17,test,literature_reference_candidate,LiteratureReference,"LiteratureReference(label='Toda Proposition 5.15', locator='Proposition 5.15')"
tests/test_phase153_r6_aggregate_component_granularity.py,47,test,named_container_assignment,entries,entries = build_toda_group_proof_narrative_reference_entries(presentation)
tests/test_phase153_r6_reference_granularity.py,217,test,named_container_assignment,entries,entries = build_toda_group_proof_narrative_reference_entries(presentation)
tests/test_phase153_r6_reference_granularity.py,266,test,named_container_assignment,entries,entries = build_toda_group_proof_narrative_reference_entries(presentation)
tests/test_phase153_r6_reference_granularity.py,36,test,literature_reference_candidate,LiteratureReference,"LiteratureReference(label='Toda ' + locator, locator=locator)"
tests/test_phase153_r9_reference_reuse_derivation_suppression.py,70,test,named_container_assignment,reference_entries,reference_entries = build_toda_group_proof_narrative_reference_entries(presentation)
tests/test_phase154_r2_fixed1_nu4_decomposition_semantic_prose.py,42,test,rule_function_candidate,test_phase154_r2_fixed1_pi10_4_replaces_raw_nu4_rule_name_with_semantic_prose,
tests/test_phase154_r2_internal_prose_fallback_leakage.py,42,test,rule_function_candidate,test_phase154_r2_pi10_4_suppresses_raw_contribution_rule_name,
tests/test_phase154_r5_fix1_graph_backed_reference_linkage.py,111,test,named_container_assignment,entries,entries = build_toda_group_proof_narrative_reference_entries(presentation)
tests/test_phase154_r5_fix1_repair1_reference_entry_frontier_linkage.py,89,test,named_container_assignment,entries,entries = build_toda_group_proof_narrative_reference_entries(presentation)
tests/test_phase154_r5_fix1_repair1_reference_entry_frontier_linkage.py,100,test,named_container_assignment,"(entries, _)","(entries, _) = exclude_toda_group_proof_narrative_root_reference(entries, statement_lines, presentation.root_step)"
tests/test_phase156_r5_repair11_reference_dependency_pruning.py,89,test,named_container_assignment,entries,entries = build_toda_group_proof_narrative_reference_entries(presentation)
tests/test_phase156_r5_repair12_reference_frontier.py,72,test,named_container_assignment,entries,entries = build_toda_group_proof_narrative_reference_entries(presentation)
tests/test_phase156_r5_repair12_reference_frontier.py,79,test,named_container_assignment,"(entries, _)","(entries, _) = exclude_toda_group_proof_narrative_root_reference(entries, empty_lines, presentation.root_step)"
tests/test_phase156_r5_repair12_reference_frontier.py,95,test,named_container_assignment,"(raw, presentation, semantic_sidecar, blocks, arguments, entries)","(raw, presentation, semantic_sidecar, blocks, arguments, entries) = _data(2)"
tests/test_phase156_r5_repair12_reference_frontier.py,127,test,named_container_assignment,"(raw, presentation, semantic_sidecar, blocks, arguments, entries)","(raw, presentation, semantic_sidecar, blocks, arguments, entries) = _data(2)"
tests/test_phase156_r5_repair12_reference_frontier.py,164,test,named_container_assignment,"(raw, presentation, semantic_sidecar, blocks, arguments, entries)","(raw, presentation, semantic_sidecar, blocks, arguments, entries) = _data(2)"
tests/test_phase156_r5_repair13_root_reference_frontier.py,72,test,named_container_assignment,entries,entries = build_toda_group_proof_narrative_reference_entries(presentation)
tests/test_phase156_r5_repair13_root_reference_frontier.py,79,test,named_container_assignment,"(entries, _)","(entries, _) = exclude_toda_group_proof_narrative_root_reference(entries, empty_lines, presentation.root_step)"
tests/test_phase156_r5_repair13_root_reference_frontier.py,95,test,named_container_assignment,"(raw, presentation, semantic_sidecar, blocks, arguments, entries)","(raw, presentation, semantic_sidecar, blocks, arguments, entries) = _data(2)"
tests/test_phase156_r5_repair13_root_reference_frontier.py,127,test,named_container_assignment,"(raw, presentation, semantic_sidecar, blocks, arguments, entries)","(raw, presentation, semantic_sidecar, blocks, arguments, entries) = _data(2)"
tests/test_phase156_r5_repair13_root_reference_frontier.py,159,test,named_container_assignment,"(raw, presentation, semantic_sidecar, blocks, arguments, entries)","(raw, presentation, semantic_sidecar, blocks, arguments, entries) = _data(2)"
tests/test_phase156_r5_repair2_lemma52_specialization_attribution.py,48,test,rule_function_candidate,test_phase156_r5_repair2_lemma52_rules_have_explicit_lemma52_attribution,
tests/test_phase156_r5_repair4_bridge_reference_inference.py,19,test,rule_function_candidate,test_phase156_r5_repair4_standard_equation_rule_still_infers_reference,
tests/test_phase156_r5_repair4_bridge_reference_inference.py,31,test,rule_function_candidate,test_phase156_r5_repair4_named_rule_still_infers_reference,
tests/test_phase156_r5_repair4_bridge_reference_inference.py,43,test,rule_function_candidate,test_phase156_r5_repair4_eta5_bridge_rule_has_no_fallback_reference,
tests/test_phase156_r5_repair8_reference_owned_ancestor_closure.py,80,test,named_container_assignment,entries,entries = build_toda_group_proof_narrative_reference_entries(presentation)
tests/test_phase156_r5_repair8_reference_owned_ancestor_closure.py,87,test,named_container_assignment,"(entries, _)","(entries, _) = exclude_toda_group_proof_narrative_root_reference(entries, empty_lines, presentation.root_step)"
tests/test_phase156_r5_repair8_reference_owned_ancestor_closure.py,105,test,named_container_assignment,"(presentation, arguments, reasons, entries, rendered)","(presentation, arguments, reasons, entries, rendered) = _data(2)"
tests/test_phase156_r5_repair8_reference_owned_ancestor_closure.py,159,test,named_container_assignment,"(presentation, arguments, reasons, entries, rendered)","(presentation, arguments, reasons, entries, rendered) = _data(2)"
tests/test_phase157_r20_repair53_display_closing_fragment_normalization.py,127,test,rule_function_candidate,test_phase157_r20_repair53_pi6_3_public_narrative_is_unchanged_by_fragment_rule,
tests/test_phase157_r20_repair53_r3_fixed_reference_attribution.py,131,test,named_container_assignment,entries,entries = build_toda_group_proof_narrative_reference_entries(presentation)
tests/test_phase157_r2_literature_statement_boundary.py,315,test,rule_function_candidate,test_phase157_r2_untracked_rule_in_tracked_reference_is_proof_internal,
tests/test_phase157_r2_literature_statement_boundary.py,28,test,literature_reference_candidate,LiteratureReference,"LiteratureReference(label='Toda ' + locator, locator=locator)"
tests/test_phase157_r3_repair3_recursive_internal_recovery.py,40,test,rule_function_candidate,_find_recursive_rule,
tests/test_phase157_r4_r2_boundary_catalog.py,25,test,literature_reference_candidate,LiteratureReference,"LiteratureReference(label='Toda ' + locator, locator=locator)"
tests/test_phase157_r4_r3_reference_selection_integration.py,30,test,literature_reference_candidate,LiteratureReference,"LiteratureReference(label='Toda ' + locator, locator=locator)"
tests/test_phase157_r4_r3_repair1_reference_retention.py,122,test,named_container_assignment,"(restored_entries, restored_lines, restored_body)","(restored_entries, restored_lines, restored_body) = restore_phase157_r4_representative_fixed_reference_entries_after_body_usage((lemma_entry, prop511_entry), {1: ('sigma-triple-prime fixed',), 2: ('pi10_4 fixed',)}, (filtered_prop511_entry,"
tests/test_phase157_r4_r3_repair1_reference_retention.py,228,test,named_container_assignment,"(restored_entries, restored_lines, restored_body)","(restored_entries, restored_lines, restored_body) = restore_phase157_r4_representative_fixed_reference_entries_after_body_usage((unused_entry, retained_entry), {1: ('unused',), 2: ('retained',)}, (filtered_retained_entry,), {1: ('retained',"
tests/test_phase157_r4_r3_repair1_reference_retention.py,30,test,literature_reference_candidate,LiteratureReference,"LiteratureReference(label='Toda ' + locator, locator=locator)"
tests/test_phase157_r5_r10_reference_proof_boundary_qed.py,164,test,rule_function_candidate,test_phase157_r5_r10_separator_parser_recognizes_horizontal_rule,
tests/test_phase157_r5_r3_boundary_catalog_expansion.py,242,test,literature_reference_candidate,LiteratureReference,"LiteratureReference(label='Toda ' + locator, locator=locator)"
tests/test_phase157_r5_r4_generic_reference_selection.py,166,test,named_container_assignment,"(restored_entries, restored_lines, restored_body)","(restored_entries, restored_lines, restored_body) = restore_toda_group_proof_narrative_fixed_reference_entries_after_body_usage((used_entry, retained_entry), {1: ('used fixed',), 2: ('retained fixed',)}, (filtered_retained_entry,), {1: ('re"
tests/test_phase157_r5_r4_generic_reference_selection.py,17,test,literature_reference_candidate,LiteratureReference,"LiteratureReference(label='Toda ' + locator, locator=locator)"
tests/test_phase159_pi4_3_exactness_reason_unification.py,174,test,rule_function_candidate,test_phase159_exactness_to_kernel_builder_has_no_pi4_or_rule_name_special_case,
tests/test_phase159_pi4_3_prop51_direct_delta_provenance.py,104,test,rule_function_candidate,test_phase159_repair1_generic_direct_delta_image_rule_matches,
tests/test_phase159_pi4_3_prop51_direct_delta_provenance.py,130,test,rule_function_candidate,test_phase159_repair1_generic_direct_delta_image_rule_derives_image,
tests/test_phase159_pi4_3_prop51_direct_delta_provenance.py,176,test,rule_function_candidate,test_phase159_repair1_generic_direct_delta_image_rule_rejects_wrong_generator,
tests/test_phase159_pi4_3_repair1c_prop56_direct_prop51_dependency.py,81,test,api_or_container_definition,test_phase159_repair1c_standard_production_repository_builds,
tests/test_phase159_pi4_3_repair1c_prop56_direct_prop51_dependency.py,82,test,named_container_assignment,repository,repository = build_standard_production_proof_repository()
tests/test_phase160_generic_finite_cyclic_transport.py,85,test,rule_function_candidate,test_phase160_r4_generic_rule_matches_pi4_3_canonical_transport,
tests/test_phase160_generic_finite_cyclic_transport.py,235,test,rule_function_candidate,test_phase160_r4_generic_rule_matches_pi16_9_canonical_transport,
tests/test_phase160_remaining_stable_production.py,65,test,rule_function_candidate,_rule_names,
tests/test_phase161_r4_pi4_2_specialization_frontier.py,69,test,named_container_assignment,entries,entries = build_toda_group_proof_narrative_reference_entries(presentation)
tests/test_phase161_r4_pi4_2_specialization_frontier.py,74,test,named_container_assignment,entries,"entries = filter_toda_group_proof_narrative_reference_entries_by_fixed_statement_boundary(entries, presentation.root_step)"
tests/test_phase161_r4_pi4_2_specialization_frontier.py,84,test,named_container_assignment,"(entries, _)","(entries, _) = exclude_toda_group_proof_narrative_root_reference(entries, statement_lines, presentation.root_step)"
tests/test_phase161_r4_pi4_2_specialization_frontier.py,99,test,named_container_assignment,"(presentation, entries)","(presentation, entries) = _phase161_r4_frontier_entries()"
tests/test_phase161_r4_pi4_2_specialization_frontier.py,103,test,named_container_assignment,toda52_entries,toda52_entries = tuple((entry for entry in entries if entry.reference.locator == '(5.2)'))
tests/test_phase161_r4_pi4_2_specialization_frontier.py,122,test,named_container_assignment,"(presentation, entries)","(presentation, entries) = _phase161_r4_frontier_entries()"
tests/test_phase161_r4_r3_fixed_frontier_internal_ancestry.py,51,test,named_container_assignment,entries,entries = build_toda_group_proof_narrative_reference_entries(presentation)
tests/test_phase161_r4_r3_fixed_frontier_internal_ancestry.py,56,test,named_container_assignment,entries,"entries = filter_toda_group_proof_narrative_reference_entries_by_fixed_statement_boundary(entries, presentation.root_step)"
tests/test_phase161_r4_r3_fixed_frontier_internal_ancestry.py,66,test,named_container_assignment,"(entries, _)","(entries, _) = exclude_toda_group_proof_narrative_root_reference(entries, statement_lines, presentation.root_step)"
tests/test_phase161_r4_r3_fixed_frontier_internal_ancestry.py,82,test,named_container_assignment,"(_, presentation, entries)","(_, presentation, entries) = _phase161_r4_r3_pi4_2_data()"
tests/test_phase161_r4_r3_fixed_frontier_internal_ancestry.py,137,test,named_container_assignment,"(raw, presentation, entries)","(raw, presentation, entries) = _phase161_r4_r3_pi4_2_data()"
tests/test_phase161_r4_r4_restore_global_frontier.py,64,test,named_container_assignment,entries,entries = build_toda_group_proof_narrative_reference_entries(presentation)
tests/test_phase161_r4_r4_restore_global_frontier.py,69,test,named_container_assignment,entries,"entries = filter_toda_group_proof_narrative_reference_entries_by_fixed_statement_boundary(entries, presentation.root_step)"
tests/test_phase161_r4_r4_restore_global_frontier.py,79,test,named_container_assignment,"(entries, _)","(entries, _) = exclude_toda_group_proof_narrative_root_reference(entries, statement_lines, presentation.root_step)"
tests/test_phase161_r4_r4_restore_global_frontier.py,93,test,named_container_assignment,entries,entries = build_toda_group_proof_narrative_reference_entries(presentation)
tests/test_phase161_r4_r4_restore_global_frontier.py,102,test,named_container_assignment,"(entries, _)","(entries, _) = exclude_toda_group_proof_narrative_root_reference(entries, statement_lines, presentation.root_step)"
tests/test_phase161_r4_r4_restore_global_frontier.py,122,test,named_container_assignment,entries,entries = _phase161_r4_r4_pi4_2_entries(presentation)
tests/test_phase161_r4_r4_restore_global_frontier.py,196,test,named_container_assignment,entries,entries = _phase161_r4_r4_phase156_frontier_entries(presentation)
tests/test_phase161_r4_r5_repair11_effective_reference_source_component.py,58,test,named_container_assignment,entries,entries = build_toda_group_proof_narrative_reference_entries(presentation)
tests/test_phase161_r4_r5_repair12_fixed_component_source_resolution.py,59,test,named_container_assignment,entries,entries = build_toda_group_proof_narrative_reference_entries(presentation)
tests/test_phase161_r4_r5_repair12_fixed_component_source_resolution.py,109,test,named_container_assignment,entries,entries = build_toda_group_proof_narrative_reference_entries(presentation)
tests/test_phase161_r4_r5_repair13_reference_selection_source_binding.py,59,test,named_container_assignment,entries,entries = build_toda_group_proof_narrative_reference_entries(presentation)
tests/test_phase161_r4_r5_repair13_reference_selection_source_binding.py,62,test,named_container_assignment,entries,"entries = filter_toda_group_proof_narrative_reference_entries_by_fixed_statement_boundary(entries, presentation.root_step)"
tests/test_phase161_r4_r5_repair13_reference_selection_source_binding.py,69,test,named_container_assignment,"(normalized_entries, statement_lines)","(normalized_entries, statement_lines) = _select_toda_group_proof_narrative_reference_entries_and_statement_lines(presentation, entries)"
tests/test_phase161_r4_r5_repair13_reference_selection_source_binding.py,76,test,named_container_assignment,prop51_entries,prop51_entries = tuple((entry for entry in normalized_entries if entry.reference.locator == 'Proposition 5.1'))
tests/test_phase161_r4_r5_repair14_reference_locator_dedup.py,55,test,named_container_assignment,entries,entries = build_toda_group_proof_narrative_reference_entries(presentation)
tests/test_phase161_r4_r5_repair14_reference_locator_dedup.py,59,test,named_container_assignment,prop51_entries,prop51_entries = tuple((entry for entry in entries if entry.reference.locator == 'Proposition 5.1'))
tests/test_phase161_r4_repair1_pi4_2_semantic_frontier.py,67,test,named_container_assignment,entries,entries = build_toda_group_proof_narrative_reference_entries(presentation)
tests/test_phase161_r4_repair1_pi4_2_semantic_frontier.py,72,test,named_container_assignment,entries,"entries = filter_toda_group_proof_narrative_reference_entries_by_fixed_statement_boundary(entries, presentation.root_step)"
tests/test_phase161_r4_repair1_pi4_2_semantic_frontier.py,82,test,named_container_assignment,"(entries, _)","(entries, _) = exclude_toda_group_proof_narrative_root_reference(entries, statement_lines, presentation.root_step)"
tests/test_phase161_r4_repair1_pi4_2_semantic_frontier.py,97,test,named_container_assignment,"(presentation, entries)","(presentation, entries) = _phase161_r4_repair1_entries()"
tests/test_phase161_r4_repair1_pi4_2_semantic_frontier.py,153,test,named_container_assignment,"(presentation, entries)","(presentation, entries) = _phase161_r4_repair1_entries()"
tests/test_phase162_r3_2_reference_display.py,29,test,named_container_assignment,entries,entries = build_validated_proof_reference_entries(presentation)
tests/test_phase162_r3_2_reference_display.py,41,test,named_container_assignment,entries,entries = build_validated_proof_reference_entries(presentation)
tests/test_phase162_r3_narrative_connection.py,67,test,rule_function_candidate,test_r3_rejects_invalid_root_rule,
tests/test_phase162_r3a_presentation_audit.py,47,test,rule_function_candidate,test_phase162_r3a_bridge_target_uses_existing_rule_generator_identity,
tests/test_phase162_r3h_reason_inventory.py,25,test,named_container_assignment,"(entries, report)","(entries, report) = inventory"
tests/test_phase162_r3h_reason_inventory.py,33,test,named_container_assignment,"(entries, report)","(entries, report) = inventory"
tests/test_phase162_r3h_reason_inventory.py,43,test,named_container_assignment,"(entries, _)","(entries, _) = inventory"
tests/test_phase162_r3h_reason_inventory.py,51,test,named_container_assignment,"(entries, _)","(entries, _) = inventory"
tests/test_phase162_r3i_semantic_sidecar_audit.py,28,test,named_container_assignment,"(entries, report)","(entries, report) = audit"
tests/test_phase162_r3i_semantic_sidecar_audit.py,35,test,named_container_assignment,"(entries, report)","(entries, report) = audit"
tests/test_phase162_r3j_inference_rule_audit.py,45,test,rule_function_candidate,test_phase162_r3j_replayed_rule_is_not_counted_as_prose,
tests/test_phase162_r3j_inference_rule_audit.py,28,test,named_container_assignment,"(entries, report)","(entries, report) = audit"
tests/test_phase162_r3j_inference_rule_audit.py,36,test,named_container_assignment,"(entries, report)","(entries, report) = audit"
tests/test_phase162_r3j_inference_rule_audit.py,46,test,named_container_assignment,"(entries, report)","(entries, report) = audit"
tests/test_phase162_r3k_rule_meaning_audit.py,28,test,named_container_assignment,"(entries, groups, report)","(entries, groups, report) = audit"
tests/test_phase162_r3k_rule_meaning_audit.py,35,test,named_container_assignment,"(entries, _, report)","(entries, _, report) = audit"
tests/test_phase162_r3k_rule_meaning_audit.py,43,test,named_container_assignment,"(entries, _, _)","(entries, _, _) = audit"
tests/test_phase162_r3k_rule_meaning_audit.py,74,test,named_container_assignment,"(entries, groups, report)","(entries, groups, report) = audit"
tests/test_phase162_r4_b2_concrete_transport.py,16,test,rule_function_candidate,test_phase162_r4_b2_1stem_concrete_transport_keeps_rule_ancestry,
tests/test_phase162_r4_b2_concrete_transport.py,35,test,api_or_container_definition,test_phase162_r4_b2_does_not_modify_original_repository_root,
tests/test_phase162_r4_b_common_renderer_link.py,32,test,named_container_assignment,facts,facts = extract_suspension_transport_facts(presentation.root_step)
tests/test_phase162_r4_b_transport_facts.py,13,test,named_container_assignment,facts,facts = extract_suspension_transport_facts(presentation.root_step)
tests/test_phase162_r4_b_transport_facts.py,31,test,named_container_assignment,facts,facts = extract_suspension_transport_facts(presentation.root_step)
tests/test_phase162_r4_b_transport_facts.py,44,test,named_container_assignment,facts,facts = extract_suspension_transport_facts(root)
tests/test_phase162_r5_3_reference_application_separation.py,18,test,named_container_assignment,entries,entries = build_validated_proof_reference_entries(presentation)
tests/test_phase27_theorem_connection.py,95,test,api_or_container_definition,test_phase27_6_theorem_repository_materializes_matching_theorem_step,
tests/test_phase27_theorem_connection.py,122,test,rule_function_candidate,test_phase27_6_existing_theorem_rule_accepts_actual_derived_definedness,
tests/test_phase27_theorem_connection.py,182,test,rule_function_candidate,test_phase27_6_theorem_rule_does_not_apply_without_actual_definedness,
tests/test_phase27_theorem_connection.py,624,test,named_container_assignment,zero_facts_before,zero_facts_before = ZERO_COMPOSITION_FACT_REPOSITORY.facts
tests/test_phase27_theorem_connection.py,628,test,named_container_assignment,theorem_entries_before,theorem_entries_before = THEOREM_FACT_REPOSITORY.entries
tests/test_phase30_prop22.py,1571,test,rule_function_candidate,test_phase30_6_right_composition_rule_is_applied_as_single_staged_step,
tests/test_phase30_prop22.py,1797,test,rule_function_candidate,test_phase30_7_right_composition_rule_remains_staged_outside_terminal_rule_set,
tests/test_phase33_barratt_hilton.py,714,test,rule_function_candidate,test_phase33_3_even_sign_rule_rejects_odd_fact,
tests/test_phase33_barratt_hilton.py,741,test,rule_function_candidate,test_phase33_3_odd_sign_rule_rejects_even_fact,
tests/test_phase34_barratt_hilton.py,262,test,rule_function_candidate,test_phase34_2_barratt_hilton_first_theorem_rule_derives_first_formula,
tests/test_phase34_barratt_hilton.py,383,test,rule_function_candidate,test_phase34_2_barratt_hilton_first_theorem_rule_preserves_inference_premises,
tests/test_phase34_barratt_hilton.py,482,test,rule_function_candidate,test_phase34_3_first_rule_ignores_unrelated_available_membership_premise,
tests/test_phase34_barratt_hilton.py,597,test,rule_function_candidate,test_phase34_3_first_rule_rejects_missing_b_membership,
tests/test_phase34_barratt_hilton.py,660,test,rule_function_candidate,test_phase34_3_first_rule_rejects_wrong_a_group_dimension,
tests/test_phase34_barratt_hilton.py,739,test,rule_function_candidate,test_phase34_3_first_rule_rejects_wrong_a_sphere_dimension,
tests/test_phase34_barratt_hilton.py,818,test,rule_function_candidate,test_phase34_3_first_rule_rejects_wrong_b_group_dimension,
tests/test_phase34_barratt_hilton.py,897,test,rule_function_candidate,test_phase34_3_first_rule_rejects_wrong_b_sphere_dimension,
tests/test_phase34_barratt_hilton.py,976,test,rule_function_candidate,test_phase34_3_first_rule_rejects_membership_of_different_element,
tests/test_phase34_barratt_hilton.py,1060,test,rule_function_candidate,test_phase34_4_barratt_hilton_second_theorem_rule_derives_second_formula,
tests/test_phase34_barratt_hilton.py,1178,test,rule_function_candidate,test_phase34_4_second_theorem_rule_reuses_barratt_hilton_membership_premises,
tests/test_phase34_barratt_hilton.py,1277,test,rule_function_candidate,test_phase34_4_first_and_second_theorem_rules_derive_distinct_formulas,
tests/test_phase34_barratt_hilton.py,2364,test,rule_function_candidate,test_phase34_7_first_theorem_rule_does_not_rewrite_smash_product_without_membership_premises,
tests/test_phase34_barratt_hilton.py,2420,test,rule_function_candidate,test_phase34_7_first_theorem_rule_does_not_use_formula_itself_as_applicability_premise,
tests/test_phase35_actual_h_calculation.py,257,test,api_or_container_definition,test_phase35_1_current_generator_repository_does_not_yet_type_iota_1,
tests/test_phase35_actual_h_calculation.py,272,test,api_or_container_definition,test_phase35_1_current_generator_repository_does_not_yet_type_iota_2,
tests/test_phase35_actual_h_calculation.py,287,test,api_or_container_definition,test_phase35_1_current_generator_repository_does_not_yet_type_iota_3,
tests/test_phase35_actual_h_calculation.py,302,test,api_or_container_definition,test_phase35_1_current_generator_repository_does_not_yet_type_eta_2,
tests/test_phase35_actual_h_calculation.py,627,test,rule_function_candidate,test_phase35_3_prop22_left_rule_accepts_two_iota_1_and_eta_2,
tests/test_phase35_actual_h_calculation.py,990,test,rule_function_candidate,test_phase35_4_first_barratt_hilton_rule_accepts_two_iota_1_in_pi_1_s_1,
tests/test_phase35_actual_h_calculation.py,1053,test,rule_function_candidate,test_phase35_4_first_barratt_hilton_rule_derives_concrete_two_iota_1_smash_formula,
tests/test_phase35_actual_h_calculation.py,2369,test,rule_function_candidate,test_phase35_6_toda_2_1_right_multiple_rule_does_not_add_general_left_bilinearity,
tests/test_phase36_actual_h_multiple.py,65,test,rule_function_candidate,test_phase36_1_generic_multiple_rule_accepts_explicit_actual_h_homomorphism,
tests/test_phase36_actual_h_multiple.py,132,test,rule_function_candidate,test_phase36_1_multiple_rule_does_not_accept_actual_h_isomorphism_directly,
tests/test_phase36_actual_h_multiple.py,175,test,rule_function_candidate,test_phase36_2_actual_h_homomorphism_connects_to_generic_multiple_rule,
tests/test_phase38_injective_reflection.py,43,test,api_or_container_definition,test_phase38_1_actual_h_isomorphism_fact_is_available_from_repository,
tests/test_phase38_injective_reflection.py,89,test,rule_function_candidate,test_phase38_1_actual_h_isomorphism_matches_existing_injectivity_rule,
tests/test_phase44_toda_lemma41_case_semantics.py,309,test,rule_function_candidate,test_phase44_2_odd_case_rule_has_only_odd_scalar_premise,
tests/test_phase44_toda_lemma41_case_semantics.py,326,test,rule_function_candidate,test_phase44_2_odd_symbolic_n_matches_rule,
tests/test_phase44_toda_lemma41_case_semantics.py,538,test,rule_function_candidate,test_phase44_2_even_statement_does_not_match_odd_case_rule,
tests/test_phase44_toda_lemma41_case_semantics.py,1203,test,rule_function_candidate,test_phase44_4_rule_has_even_and_nonzero_premises,
tests/test_phase44_toda_lemma41_case_semantics.py,1854,test,rule_function_candidate,test_phase44_5_rule_has_even_and_zero_premises,
tests/test_phase44_toda_lemma41_case_semantics.py,2433,test,rule_function_candidate,test_phase44_6_representative_uses_all_three_case_rules,
tests/test_phase44_toda_lemma41_case_semantics.py,2458,test,rule_function_candidate,test_phase44_6_odd_case_has_exactly_one_applicable_rule,
tests/test_phase44_toda_lemma41_case_semantics.py,2485,test,rule_function_candidate,test_phase44_6_even_nonzero_has_exactly_one_applicable_rule,
tests/test_phase44_toda_lemma41_case_semantics.py,2515,test,rule_function_candidate,test_phase44_6_even_zero_has_exactly_one_applicable_rule,
tests/test_phase44_toda_lemma41_case_semantics.py,3274,test,rule_function_candidate,test_phase44_6c_h_alpha_rule_matches_even_zero_case,
tests/test_phase44_toda_lemma41_case_semantics.py,3373,test,rule_function_candidate,test_phase44_6c_suspension_primary_rule_matches_even_zero_case,
tests/test_phase44_toda_lemma41_case_semantics.py,3695,test,rule_function_candidate,test_phase44_6c_alpha_condition_rules_do_not_match_nonzero_case,
tests/test_phase44_toda_lemma41_case_semantics.py,3726,test,rule_function_candidate,test_phase44_6d_zero_case_bundle_has_three_applicable_rules,
tests/test_phase45_toda_prop42_bridge.py,32,test,rule_function_candidate,test_phase45_6_bridge_rule_requires_toda_prop42_exactness_statement,
tests/test_phase45_toda_prop42_bridge.py,322,test,rule_function_candidate,test_phase45_6_existing_ehp_rule_consumes_generic_exactness,
tests/test_phase45_toda_prop42_bridge.py,344,test,rule_function_candidate,test_phase45_6_existing_ehp_rule_derives_expected_zero_compositions,
tests/test_phase45_toda_prop42_compatibility.py,222,test,api_or_container_definition,test_phase45_1_ehp_segment_is_concrete_repository_backed,
tests/test_phase45_toda_prop42_theorem_semantics.py,178,test,rule_function_candidate,test_phase45_5_e_h_rule_matches_first_prop42_window,
tests/test_phase45_toda_prop42_theorem_semantics.py,214,test,rule_function_candidate,test_phase45_5_e_h_rule_derives_exactness_statement,
tests/test_phase45_toda_prop42_theorem_semantics.py,259,test,rule_function_candidate,test_phase45_5_h_delta_rule_matches_second_prop42_window,
tests/test_phase45_toda_prop42_theorem_semantics.py,295,test,rule_function_candidate,test_phase45_5_h_delta_rule_derives_exactness_statement,
tests/test_phase45_toda_prop42_theorem_semantics.py,340,test,rule_function_candidate,test_phase45_5_delta_e_rule_matches_third_prop42_window,
tests/test_phase45_toda_prop42_theorem_semantics.py,376,test,rule_function_candidate,test_phase45_5_delta_e_rule_derives_exactness_statement,
tests/test_phase45_toda_prop42_theorem_semantics.py,421,test,rule_function_candidate,test_phase45_5_each_window_has_exactly_one_applicable_rule,
tests/test_phase45_toda_prop42_theorem_semantics.py,594,test,rule_function_candidate,test_phase45_5_three_rules_reach_fixed_point_in_one_round,
tests/test_phase45_toda_prop42_theorem_semantics.py,640,test,rule_function_candidate,test_phase45_5_e_h_rule_rejects_wrong_map_pair,
tests/test_phase45_toda_prop42_theorem_semantics.py,686,test,rule_function_candidate,test_phase45_5_e_h_rule_rejects_wrong_target_dimension,
tests/test_phase45_toda_prop42_theorem_semantics.py,735,test,rule_function_candidate,test_phase45_5_h_delta_rule_rejects_wrong_target_shape,
tests/test_phase45_toda_prop42_theorem_semantics.py,784,test,rule_function_candidate,test_phase45_5_delta_e_rule_rejects_wrong_middle_dimension,
tests/test_phase46_toda_45_applicability_compatibility.py,231,test,rule_function_candidate,test_phase46_5_rule_rejects_missing_stable_range_premise,
tests/test_phase46_toda_45_applicability_compatibility.py,251,test,rule_function_candidate,test_phase46_5_rule_rejects_missing_suspension_range_premise,
tests/test_phase46_toda_45_applicability_compatibility.py,271,test,rule_function_candidate,test_phase46_5_rule_rejects_missing_map_premise,
tests/test_phase46_toda_45_applicability_compatibility.py,291,test,rule_function_candidate,test_phase46_5_rule_rejects_stable_range_from_different_n_instance,
tests/test_phase46_toda_45_applicability_compatibility.py,328,test,rule_function_candidate,test_phase46_5_rule_rejects_suspension_range_from_different_m_instance,
tests/test_phase46_toda_45_applicability_compatibility.py,365,test,rule_function_candidate,test_phase46_5_rule_rejects_map_from_different_k_instance,
tests/test_phase46_toda_45_applicability_compatibility.py,479,test,rule_function_candidate,test_phase46_5_generic_isomorphism_rule_does_not_match_toda_theorem,
tests/test_phase46_toda_45_compatibility.py,374,test,rule_function_candidate,test_phase46_1_current_scalar_rules_do_not_encode_stable_range_premises,
tests/test_phase46_toda_45_probe.py,123,test,rule_function_candidate,test_phase46_6_representative_preserves_inference_rule_provenance,
tests/test_phase46_toda_45_theorem_semantics.py,158,test,rule_function_candidate,test_phase46_4_rule_requires_two_range_premises_and_map,
tests/test_phase46_toda_45_theorem_semantics.py,189,test,rule_function_candidate,test_phase46_4_rule_matches_valid_toda_45_instance,
tests/test_phase46_toda_45_theorem_semantics.py,206,test,rule_function_candidate,test_phase46_4_rule_derives_instance_aware_isomorphism,
tests/test_phase46_toda_45_theorem_semantics.py,304,test,rule_function_candidate,test_phase46_4_rule_rejects_wrong_stable_range_premise,
tests/test_phase46_toda_45_theorem_semantics.py,345,test,rule_function_candidate,test_phase46_4_rule_rejects_wrong_m_greater_equal_n_premise,
tests/test_phase46_toda_45_theorem_semantics.py,383,test,rule_function_candidate,test_phase46_4_rule_rejects_wrong_source_group_shape,
tests/test_phase46_toda_45_theorem_semantics.py,433,test,rule_function_candidate,test_phase46_4_rule_rejects_wrong_target_group_shape,
tests/test_phase46_toda_45_theorem_semantics.py,483,test,rule_function_candidate,test_phase46_4_rule_rejects_wrong_exponent,
tests/test_phase46_toda_45_theorem_semantics.py,533,test,rule_function_candidate,test_phase46_4_rule_does_not_evaluate_numeric_inequalities,
tests/test_phase47_toda_prop44_applicability_compatibility.py,384,test,rule_function_candidate,test_phase47_5_rule_rejects_membership_from_different_n_instance,
tests/test_phase47_toda_prop44_applicability_compatibility.py,421,test,rule_function_candidate,test_phase47_5_rule_rejects_hopf_relation_from_different_n_instance,
tests/test_phase47_toda_prop44_applicability_compatibility.py,458,test,rule_function_candidate,test_phase47_5_rule_rejects_map_from_different_n_instance,
tests/test_phase47_toda_prop44_applicability_compatibility.py,495,test,rule_function_candidate,test_phase47_5_rule_rejects_cross_alpha_instance,
tests/test_phase47_toda_prop44_applicability_compatibility.py,710,test,rule_function_candidate,test_phase47_5_generic_isomorphism_rule_does_not_match_prop44_theorem,
tests/test_phase47_toda_prop44_probe.py,146,test,rule_function_candidate,test_phase47_6_representative_preserves_inference_rule_provenance,
tests/test_phase47_toda_prop44_theorem_semantics.py,270,test,rule_function_candidate,test_phase47_4b_rule_requires_membership_hopf_relation_and_map,
tests/test_phase47_toda_prop44_theorem_semantics.py,308,test,rule_function_candidate,test_phase47_4b_rule_matches_positive_hopf_instance,
tests/test_phase47_toda_prop44_theorem_semantics.py,323,test,rule_function_candidate,test_phase47_4b_rule_matches_negative_hopf_instance,
tests/test_phase47_toda_prop44_theorem_semantics.py,338,test,rule_function_candidate,test_phase47_4b_rule_derives_instance_aware_isomorphism,
tests/test_phase47_toda_prop44_theorem_semantics.py,458,test,rule_function_candidate,test_phase47_4b_rule_rejects_missing_membership,
tests/test_phase47_toda_prop44_theorem_semantics.py,478,test,rule_function_candidate,test_phase47_4b_rule_rejects_missing_hopf_relation,
tests/test_phase47_toda_prop44_theorem_semantics.py,498,test,rule_function_candidate,test_phase47_4b_rule_rejects_missing_map,
tests/test_phase47_toda_prop44_theorem_semantics.py,518,test,rule_function_candidate,test_phase47_4b_rule_rejects_wrong_membership_degree,
tests/test_phase47_toda_prop44_theorem_semantics.py,565,test,rule_function_candidate,test_phase47_4b_rule_rejects_different_alpha_in_map,
tests/test_phase47_toda_prop44_theorem_semantics.py,602,test,rule_function_candidate,test_phase47_4b_rule_rejects_hopf_relation_for_different_alpha,
tests/test_phase47_toda_prop44_theorem_semantics.py,639,test,rule_function_candidate,test_phase47_4b_rule_rejects_wrong_hopf_map,
tests/test_phase47_toda_prop44_theorem_semantics.py,685,test,rule_function_candidate,test_phase47_4b_rule_rejects_wrong_hopf_value,
tests/test_phase47_toda_prop44_theorem_semantics.py,732,test,rule_function_candidate,test_phase47_4b_rule_rejects_wrong_target_sphere_dimension,
tests/test_phase47_toda_prop44_theorem_semantics.py,791,test,rule_function_candidate,test_phase47_4b_rule_rejects_reversed_source_summands,
tests/test_phase47_toda_prop44_theorem_semantics.py,856,test,rule_function_candidate,test_phase47_4b_rule_rejects_wrong_formula,
tests/test_phase48_toda_prop44_e_injective_applicability.py,285,test,rule_function_candidate,test_phase48_5_derived_injectivity_preserves_proof_rule,
tests/test_phase48_toda_prop44_e_injective_applicability.py,311,test,rule_function_candidate,test_phase48_5_derived_injectivity_preserves_inference_rule,
tests/test_phase48_toda_prop44_e_injective_applicability.py,786,test,rule_function_candidate,test_phase48_5_generic_isomorphism_to_injective_rule_rejects_prop44_theorem,
tests/test_phase48_toda_prop44_e_injective_theorem.py,376,test,rule_function_candidate,test_phase48_4_rule_requires_isomorphism_and_restriction,
tests/test_phase48_toda_prop44_e_injective_theorem.py,400,test,rule_function_candidate,test_phase48_4_rule_matches_valid_instance,
tests/test_phase48_toda_prop44_e_injective_theorem.py,411,test,rule_function_candidate,test_phase48_4_rule_derives_specific_e_injectivity,
tests/test_phase48_toda_prop44_e_injective_theorem.py,529,test,rule_function_candidate,test_phase48_4_rule_rejects_missing_isomorphism,
tests/test_phase48_toda_prop44_e_injective_theorem.py,546,test,rule_function_candidate,test_phase48_4_rule_rejects_missing_restriction,
tests/test_phase48_toda_prop44_e_injective_theorem.py,563,test,rule_function_candidate,test_phase48_4_rule_rejects_different_decomposition_map_instance,
tests/test_phase48_toda_prop44_e_injective_theorem.py,593,test,rule_function_candidate,test_phase48_4_rule_rejects_cross_n_instance,
tests/test_phase48_toda_prop44_e_injective_theorem.py,625,test,rule_function_candidate,test_phase48_4_rule_rejects_cross_alpha_instance,
tests/test_phase48_toda_prop44_e_injective_theorem.py,657,test,rule_function_candidate,test_phase48_4_rule_rejects_wrong_suspension_source,
tests/test_phase48_toda_prop44_e_injective_theorem.py,699,test,rule_function_candidate,test_phase48_4_rule_rejects_wrong_suspension_target,
tests/test_phase48_toda_prop44_e_injective_theorem.py,748,test,rule_function_candidate,test_phase48_4_generic_isomorphism_rule_does_not_match_specific_toda_isomorphism,
tests/test_phase48_toda_prop44_first_summand_restriction.py,309,test,rule_function_candidate,test_phase48_3_rule_requires_map_and_suspension_map,
tests/test_phase48_toda_prop44_first_summand_restriction.py,333,test,rule_function_candidate,test_phase48_3_rule_matches_valid_instance,
tests/test_phase48_toda_prop44_first_summand_restriction.py,344,test,rule_function_candidate,test_phase48_3_rule_derives_restriction_statement,
tests/test_phase48_toda_prop44_first_summand_restriction.py,465,test,rule_function_candidate,test_phase48_3_rule_rejects_missing_decomposition_map,
tests/test_phase48_toda_prop44_first_summand_restriction.py,482,test,rule_function_candidate,test_phase48_3_rule_rejects_missing_suspension_map,
tests/test_phase48_toda_prop44_first_summand_restriction.py,499,test,rule_function_candidate,test_phase48_3_rule_rejects_wrong_suspension_source,
tests/test_phase48_toda_prop44_first_summand_restriction.py,532,test,rule_function_candidate,test_phase48_3_rule_rejects_wrong_suspension_target,
tests/test_phase48_toda_prop44_first_summand_restriction.py,572,test,rule_function_candidate,test_phase48_3_rule_rejects_reversed_source_summands,
tests/test_phase48_toda_prop44_first_summand_restriction.py,626,test,rule_function_candidate,test_phase48_3_rule_rejects_wrong_formula,
tests/test_phase48_toda_prop44_first_summand_restriction.py,678,test,rule_function_candidate,test_phase48_3_rule_rejects_partial_formula,
tests/test_phase48_toda_prop44_probe.py,339,test,rule_function_candidate,test_phase48_6_injectivity_preserves_rule_provenance,
tests/test_phase49_concrete_pi3_2_compatibility.py,78,test,rule_function_candidate,test_phase49_1_existing_isomorphism_rule_matches_e_isomorphism,
tests/test_phase49_concrete_pi3_2_compatibility.py,97,test,rule_function_candidate,test_phase49_1_existing_isomorphism_rule_derives_e_injectivity,
tests/test_phase49_concrete_pi3_2_compatibility.py,130,test,rule_function_candidate,test_phase49_1_no_isomorphism_to_surjective_rule_exists_yet,
tests/test_phase49_concrete_pi3_2_compatibility.py,137,test,rule_function_candidate,test_phase49_1_no_injective_surjective_to_isomorphism_rule_exists_yet,
tests/test_phase49_delta_hopf_surjectivity.py,184,test,rule_function_candidate,build_phase49_4_rules,
tests/test_phase49_delta_hopf_surjectivity.py,257,test,rule_function_candidate,test_phase49_4_suspension_isomorphism_rule_matches,
tests/test_phase49_delta_hopf_surjectivity.py,306,test,rule_function_candidate,test_phase49_4_delta_zero_rule_matches_valid_instance,
tests/test_phase49_delta_hopf_surjectivity.py,332,test,rule_function_candidate,test_phase49_4_delta_zero_rule_derives_expected_delta_zero,
tests/test_phase49_delta_hopf_surjectivity.py,369,test,rule_function_candidate,test_phase49_4_delta_zero_rule_rejects_wrong_e_instance,
tests/test_phase49_delta_hopf_surjectivity.py,406,test,rule_function_candidate,test_phase49_4_delta_zero_rule_rejects_wrong_map_order,
tests/test_phase49_delta_hopf_surjectivity.py,452,test,rule_function_candidate,test_phase49_4_hopf_surjectivity_rule_matches_valid_instance,
tests/test_phase49_delta_hopf_surjectivity.py,478,test,rule_function_candidate,test_phase49_4_hopf_surjectivity_rule_derives_expected_result,
tests/test_phase49_generator_transport.py,142,test,rule_function_candidate,build_phase49_6_rules,
tests/test_phase49_generator_transport.py,216,test,rule_function_candidate,test_phase49_6_define_eta2_rule_matches_valid_instance,
tests/test_phase49_generator_transport.py,227,test,rule_function_candidate,test_phase49_6_define_eta2_rule_derives_definition,
tests/test_phase49_generator_transport.py,249,test,rule_function_candidate,test_phase49_6_define_eta2_rule_rejects_wrong_source,
tests/test_phase49_generator_transport.py,287,test,rule_function_candidate,test_phase49_6_define_eta2_rule_rejects_wrong_target_generator,
tests/test_phase49_generator_transport.py,328,test,rule_function_candidate,test_phase49_6_eta2_hopf_rule_matches_definition,
tests/test_phase49_generator_transport.py,347,test,rule_function_candidate,test_phase49_6_eta2_hopf_rule_derives_h_eta2_equals_iota3,
tests/test_phase49_generator_transport.py,377,test,rule_function_candidate,test_phase49_6_free_cyclic_rule_matches_valid_instance,
tests/test_phase49_generator_transport.py,410,test,rule_function_candidate,test_phase49_6_free_cyclic_rule_derives_pi_3_2_free_on_eta_2,
tests/test_phase49_hopf_injectivity.py,206,test,rule_function_candidate,test_phase49_3_rule_requires_zero_group_and_toda_exactness,
tests/test_phase49_hopf_injectivity.py,317,test,rule_function_candidate,test_phase49_3_derived_h_injectivity_preserves_proof_rule,
tests/test_phase49_hopf_isomorphism.py,144,test,rule_function_candidate,test_phase49_5_rule_requires_injectivity_and_surjectivity,
tests/test_phase49_hopf_isomorphism.py,253,test,rule_function_candidate,test_phase49_5_derived_isomorphism_preserves_proof_rule,
tests/test_phase49_hopf_isomorphism.py,279,test,rule_function_candidate,test_phase49_5_derived_isomorphism_preserves_inference_rule,
tests/test_phase49_low_dimensional_facts.py,243,test,named_container_assignment,facts,"facts = (pi_2_1_zero_fact(), pi_3_3_free_cyclic_fact(), e_pi_1_1_to_pi_2_2_isomorphism_fact())"
tests/test_phase49_low_dimensional_facts.py,270,test,named_container_assignment,facts,"facts = (pi_2_1_zero_fact(), pi_3_3_free_cyclic_fact(), e_pi_1_1_to_pi_2_2_isomorphism_fact())"
tests/test_phase49_probe.py,355,test,rule_function_candidate,test_phase49_probe_all_derived_steps_preserve_inference_rule,
tests/test_phase50_applicability_provenance.py,341,test,rule_function_candidate,build_phase50_5_rules,
tests/test_phase50_applicability_provenance.py,443,test,rule_function_candidate,test_phase50_5_final_step_preserves_inference_rule,
tests/test_phase50_eta_family_notation.py,247,test,rule_function_candidate,test_phase50_4e_generator_rule_matches,
tests/test_phase50_eta_family_notation.py,273,test,rule_function_candidate,test_phase50_4e_generator_rule_derives_pi4_3_on_eta3,
tests/test_phase50_eta_family_notation.py,310,test,rule_function_candidate,test_phase50_4e_generator_rule_rejects_wrong_order,
tests/test_phase50_eta_family_notation.py,349,test,rule_function_candidate,test_phase50_4e_generator_rule_rejects_wrong_generator,
tests/test_phase50_low_dimensional_delta_facts.py,469,test,named_container_assignment,facts,"facts = (pi_5_5_free_cyclic_fact(), pi_4_5_zero_fact())"
tests/test_phase50_pi3_2_whitehead_square.py,239,test,rule_function_candidate,test_phase50_4a_rule_requires_four_premises,
tests/test_phase50_pi4_3_exactness_bridge.py,258,test,rule_function_candidate,test_phase50_4c_delta_image_rule_matches_valid_instance,
tests/test_phase50_pi4_3_exactness_bridge.py,289,test,rule_function_candidate,test_phase50_4c_delta_image_rule_derives_expected_image,
tests/test_phase50_pi4_3_exactness_bridge.py,345,test,rule_function_candidate,test_phase50_4c_delta_image_rule_rejects_wrong_source_generator,
tests/test_phase50_pi4_3_exactness_bridge.py,395,test,rule_function_candidate,test_phase50_4c_kernel_rule_matches_valid_instance,
tests/test_phase50_pi4_3_exactness_bridge.py,421,test,rule_function_candidate,test_phase50_4c_kernel_rule_derives_expected_kernel,
tests/test_phase50_pi4_3_exactness_bridge.py,472,test,rule_function_candidate,test_phase50_4c_kernel_rule_rejects_wrong_delta_instance,
tests/test_phase50_pi4_3_exactness_bridge.py,512,test,rule_function_candidate,test_phase50_4c_surjectivity_rule_matches_valid_instance,
tests/test_phase50_pi4_3_exactness_bridge.py,536,test,rule_function_candidate,test_phase50_4c_surjectivity_rule_derives_expected_result,
tests/test_phase50_pi4_3_exactness_bridge.py,571,test,rule_function_candidate,test_phase50_4c_surjectivity_rule_rejects_wrong_zero_group,
tests/test_phase50_pi4_3_finite_cyclic.py,192,test,rule_function_candidate,test_phase50_4d_rule_requires_three_premises,
tests/test_phase50_pi4_3_finite_cyclic.py,520,test,rule_function_candidate,test_phase50_4d_derived_step_preserves_inference_rule,
tests/test_phase50_probe.py,465,test,rule_function_candidate,test_phase50_probe_all_derived_steps_preserve_inference_rule,
tests/test_phase50_prop27_theorem_semantics.py,149,test,rule_function_candidate,test_phase50_3_rule_requires_whitehead_product,
tests/test_phase50_prop27_theorem_semantics.py,371,test,rule_function_candidate,test_phase50_3_derived_statement_preserves_inference_rule,
tests/test_phase52_delta_direct_bridge.py,296,test,rule_function_candidate,test_phase52_3_bridge_rule_matches_valid_statements,
tests/test_phase52_delta_direct_bridge.py,322,test,rule_function_candidate,test_phase52_3_bridge_rule_derives_delta_iota5_two_eta2,
tests/test_phase53_finite_cyclic_transport.py,358,test,rule_function_candidate,test_phase53_3_transport_rule_matches_valid_specific_instance,
tests/test_phase53_finite_cyclic_transport.py,371,test,rule_function_candidate,test_phase53_3_transport_rule_derives_transported_finite_cyclic_group,
tests/test_phase55_prop51_integration.py,131,test,rule_function_candidate,test_phase55_5_rule_matches_four_derived_finite_dimensional_results,
tests/test_phase56_pi_i_minus_1_1_zero.py,108,test,rule_function_candidate,test_phase56_2_rule_matches_i_at_least_3,
tests/test_phase56_prop44_composition_compatibility.py,285,test,rule_function_candidate,test_phase56_1_existing_prop44_rule_does_not_directly_match_concrete_n2_data,
tests/test_phase56_prop44_eta2_specialization.py,195,test,rule_function_candidate,test_phase56_3_rule_matches_n2_eta2_specialization,
tests/test_phase56_prop44_second_summand_restriction.py,143,test,rule_function_candidate,test_phase56_4_rule_matches_derived_eta2_specialization,
tests/test_phase56_toda52_composition_isomorphism.py,149,test,rule_function_candidate,test_phase56_5_rule_matches_three_derived_dependencies,
tests/test_phase57_bracket_transformation_chain.py,197,test,rule_function_candidate,test_phase57_5_prop14_rule_matches_lemma52_bracket,
tests/test_phase57_bracket_transformation_chain.py,307,test,rule_function_candidate,test_phase57_5_prop13_rule_matches_prop14_result,
tests/test_phase57_bracket_transformation_chain.py,429,test,rule_function_candidate,test_phase57_5_cor37_rule_matches_prop13_result,
tests/test_phase57_delta_two_eta2_preimage.py,123,test,rule_function_candidate,phase52_rule,
tests/test_phase57_delta_two_eta2_preimage.py,224,test,rule_function_candidate,test_phase57_4_rule_matches_derived_delta_relation,
tests/test_phase57_delta_two_eta2_preimage.py,239,test,rule_function_candidate,test_phase57_4_rule_derives_delta_preimage_statement,
tests/test_phase57_indeterminacy_vanishing.py,271,test,rule_function_candidate,test_phase57_6_eta4_zero_rule_rejects_given_prop51,
tests/test_phase57_lemma45_two_iota3.py,146,test,rule_function_candidate,test_phase57_2_lemma45_rule_matches_alpha_in_pi_i_s3,
tests/test_phase57_lemma45_two_iota3.py,163,test,rule_function_candidate,test_phase57_2_lemma45_rule_derives_two_iota3_alpha_equals_two_alpha,
tests/test_phase57_lemma45_two_iota3.py,241,test,rule_function_candidate,test_phase57_2_lemma45_rule_alone_does_not_derive_zero,
tests/test_phase57_prop26_hopf_bracket.py,313,test,rule_function_candidate,test_phase57_3_rule_matches_prop26_specialization,
tests/test_phase57_prop26_hopf_bracket.py,326,test,rule_function_candidate,test_phase57_3_rule_derives_hopf_bracket_consequence,
tests/test_phase58_double_eta4_bridge.py,359,test,rule_function_candidate,test_phase58_5_bridge_rule_matches_concrete_eta_definitions,
tests/test_phase58_hopf_eta5_bridge.py,300,test,rule_function_candidate,test_phase58_4_bridge_rule_matches_concrete_eta_definitions,
tests/test_phase58_lemma52_specialization.py,320,test,rule_function_candidate,test_phase58_3_eta3_zero_rule_rejects_given_pi4_3_relation,
tests/test_phase58_lemma52_specialization.py,370,test,rule_function_candidate,test_phase58_3_hopf_rule_matches_specialization,
tests/test_phase58_nu_prime_specialization.py,190,test,rule_function_candidate,test_phase58_2_specialization_rule_matches_expected_membership,
tests/test_phase58_nu_prime_specialization.py,205,test,rule_function_candidate,test_phase58_2_specialization_rule_derives_alpha_eta3_i4_instance,
tests/test_phase59_eta4_squared_stable_transport.py,352,test,rule_function_candidate,test_phase59_7_rule_matches_dependencies,
tests/test_phase59_n4_suspension_isomorphism.py,368,test,rule_function_candidate,test_phase59_5_surjectivity_rule_matches_zero_and_exactness,
tests/test_phase59_n4_suspension_isomorphism.py,406,test,rule_function_candidate,test_phase59_5_isomorphism_rule_matches_two_derived_properties,
tests/test_phase59_pi5_3_eta3_squared.py,375,test,rule_function_candidate,test_phase59_4_bridge_rule_matches_eta_definitions,
tests/test_phase59_pi5_3_eta3_squared.py,431,test,rule_function_candidate,test_phase59_4_transport_rule_matches_derived_dependencies,
tests/test_phase59_pi6_4_eta4_squared.py,363,test,rule_function_candidate,test_phase59_6_bridge_rule_matches_eta_definitions,
tests/test_phase59_pi6_4_eta4_squared.py,419,test,rule_function_candidate,test_phase59_6_transport_rule_matches_derived_dependencies,
tests/test_phase59_prop53_integration.py,378,test,rule_function_candidate,test_phase59_8_bridge_rule_matches_definition_and_range,
tests/test_phase59_prop53_integration.py,434,test,rule_function_candidate,test_phase59_8_generator_rule_matches_two_derived_results,
tests/test_phase59_prop53_integration.py,520,test,rule_function_candidate,test_phase59_8_integration_rule_matches_all_cases,
tests/test_phase59_toda52_pi4_2_transport.py,237,test,rule_function_candidate,test_phase59_2_rule_matches_derived_dependencies,
tests/test_phase60_lemma54_integration.py,150,test,rule_function_candidate,test_phase60_9_integration_rule_matches_three_results,
tests/test_phase60_nu4_whitehead_correction.py,368,test,rule_function_candidate,test_phase60_8_whitehead_rule_matches_iota4_square,
tests/test_phase60_nu4_whitehead_correction.py,451,test,rule_function_candidate,test_phase60_8_construction_rule_matches_dependencies,
tests/test_phase60_toda36_specialization.py,393,test,rule_function_candidate,test_phase60_6_eta6_zero_rule_matches_prop51,
tests/test_phase60_toda36_specialization.py,428,test,rule_function_candidate,test_phase60_6_theorem36_rule_matches_required_zero_relations,
tests/test_phase60_toda36_specialization.py,520,test,rule_function_candidate,test_phase60_6_toda54_specialization_rule_matches_symbolic_result,
tests/test_phase60_toda36_specialization.py,572,test,rule_function_candidate,test_phase60_6_final_rule_matches_two_derived_results,
tests/test_phase60_toda48_hopf_parity.py,288,test,rule_function_candidate,test_phase60_7_pi6_5_rule_matches_prop51,
tests/test_phase60_toda48_hopf_parity.py,374,test,rule_function_candidate,test_phase60_7_parity_rule_matches_all_derived_dependencies,
tests/test_phase60_toda54_bracket_inclusion.py,393,test,rule_function_candidate,test_phase60_4_rule_matches_derived_specialization_and_scope,
tests/test_phase60_toda54_indeterminacy.py,395,test,rule_function_candidate,test_phase60_3_indeterminacy_rule_matches_prop53_and_scope,
tests/test_phase60_toda54_indeterminacy.py,483,test,rule_function_candidate,test_phase60_3_transport_rule_matches_phase58_double_relation,
tests/test_phase60_toda54_t0_bridge.py,253,test,rule_function_candidate,test_phase60_5_t_ge_1_rule_matches_derived_dependencies,
tests/test_phase60_toda54_t0_bridge.py,306,test,rule_function_candidate,test_phase60_5_toda32_rule_matches_n_at_least_3,
tests/test_phase60_toda54_t0_bridge.py,394,test,rule_function_candidate,test_phase60_5_t0_rule_matches_indexed_statement_and_toda32,
tests/test_phase61_lemma55_alpha_star_inclusion.py,288,test,rule_function_candidate,test_phase61_3_rule_matches_dependencies,
tests/test_phase61_lemma55_integration.py,188,test,rule_function_candidate,test_phase61_6_rule_matches_dependencies,
tests/test_phase61_lemma55_nu4_composition.py,163,test,rule_function_candidate,test_phase61_5_rule_matches_two_derived_dependencies,
tests/test_phase61_lemma55_nu4_suspension.py,242,test,rule_function_candidate,test_phase61_4_rule_matches_construction_and_positive_t,
tests/test_phase62_nu_family_double_transport.py,176,test,rule_function_candidate,test_phase62_3_rule_matches_dependencies,
tests/test_phase62_toda55_integration.py,204,test,rule_function_candidate,test_phase62_6_rule_matches_dependencies,
tests/test_phase63_nu4_prop44_specialization.py,160,test,rule_function_candidate,test_phase63_2_rule_matches_derived_lemma54,
tests/test_phase63_prop44_decomposition_specialization.py,298,test,rule_function_candidate,test_phase63_3_rule_matches_dependencies,
tests/test_phase63_toda56_integration.py,140,test,rule_function_candidate,test_phase63_6_rule_matches_dependencies,
tests/test_phase63_toda56_semantics.py,101,test,rule_function_candidate,test_phase63_4_rule_matches_derived_prop44_isomorphism,
tests/test_phase65_equation57_injectivity.py,469,test,rule_function_candidate,test_phase65_3_equation57_rule_matches_dependencies,
tests/test_phase65_equation57_injectivity.py,580,test,rule_function_candidate,test_phase65_3_hopf_surjective_rule_matches,
tests/test_phase65_equation57_injectivity.py,618,test,rule_function_candidate,test_phase65_3_delta_zero_rule_matches_exactness,
tests/test_phase65_equation57_injectivity.py,656,test,rule_function_candidate,test_phase65_3_suspension_injective_rule_matches,
tests/test_phase65_n5_quotient_e2_injectivity.py,182,test,rule_function_candidate,test_phase65_6_quotient_rule_matches_toda56,
tests/test_phase65_n5_quotient_e2_injectivity.py,197,test,rule_function_candidate,test_phase65_6_injective_rule_matches_toda56,
tests/test_phase65_nu5_order_pi8_5.py,335,test,rule_function_candidate,test_phase65_7_double_rule_matches,
tests/test_phase65_nu5_order_pi8_5.py,409,test,rule_function_candidate,test_phase65_7_e2_order_rule_matches,
tests/test_phase65_nu5_order_pi8_5.py,447,test,rule_function_candidate,test_phase65_7_nu5_order_rule_matches,
tests/test_phase65_nu5_order_pi8_5.py,522,test,rule_function_candidate,test_phase65_7_pi8_5_rule_matches,
tests/test_phase65_nu5_stable_transport.py,415,test,rule_function_candidate,test_phase65_8_transport_rule_matches,
tests/test_phase65_nu5_stable_transport.py,469,test,rule_function_candidate,test_phase65_8_bridge_rule_matches,
tests/test_phase65_nu5_stable_transport.py,523,test,rule_function_candidate,test_phase65_8_generator_rule_matches,
tests/test_phase65_nu_prime_order_pi6_3.py,449,test,rule_function_candidate,test_phase65_4_eta3_cube_rule_matches,
tests/test_phase65_nu_prime_order_pi6_3.py,487,test,rule_function_candidate,test_phase65_4_nu_prime_order_rule_matches,
tests/test_phase65_nu_prime_order_pi6_3.py,532,test,rule_function_candidate,test_phase65_4_pi6_3_rule_matches_all_dependencies,
tests/test_phase65_pi5_2_eta2_cube.py,246,test,rule_function_candidate,test_phase65_2_rule_matches_two_derived_dependencies,
tests/test_phase65_pi7_4_decomposition.py,237,test,rule_function_candidate,test_phase65_5_rule_matches_dependencies,
tests/test_phase65_prop56_integration.py,302,test,rule_function_candidate,test_phase65_9_rule_matches_all_dependencies,
tests/test_phase66_delta_iota9_nu_expression.py,148,test,rule_function_candidate,test_phase66_3_rule_matches_derived_pi7_4,
tests/test_phase66_delta_iota9_whitehead_square.py,167,test,rule_function_candidate,test_phase66_5_rule_matches_dependencies,
tests/test_phase66_literature_aggregate.py,185,test,rule_function_candidate,test_phase66_7_rule_matches_dependencies,
tests/test_phase66_whitehead_square_nu_expression.py,152,test,rule_function_candidate,test_phase66_4_rule_matches_dependencies,
tests/test_phase67_lemma57_first_branch.py,298,test,rule_function_candidate,test_phase67_3_composition_rule_accepts_inference_hypothesis,
tests/test_phase67_lemma57_first_branch.py,319,test,rule_function_candidate,test_phase67_3_zero_rule_accepts_inference_hypothesis,
tests/test_phase67_lemma57_first_branch.py,368,test,rule_function_candidate,test_phase67_3_composition_rule_rejects_wrong_source_group,
tests/test_phase67_lemma57_first_branch.py,481,test,rule_function_candidate,test_phase67_3_zero_rule_rejects_given_eta4_zero,
tests/test_phase67_lemma57_first_branch.py,519,test,rule_function_candidate,test_phase67_3_zero_rule_rejects_given_composition_relation,
tests/test_phase67_lemma57_first_branch.py,557,test,rule_function_candidate,test_phase67_3_zero_rule_rejects_wrong_eta4_zero,
tests/test_phase67_lemma57_first_branch.py,648,test,rule_function_candidate,test_phase67_3_composition_rule_accepts_concrete_nu_prime_hypothesis,
tests/test_phase67_lemma57_n3_zero_reflection.py,136,test,rule_function_candidate,test_phase67_4_rule_matches_dependencies,
tests/test_phase67_lemma57_n3_zero_reflection.py,425,test,rule_function_candidate,test_phase67_4_rule_accepts_concrete_nu_prime_branch,
tests/test_phase67_lemma57_nu_prime_specialization.py,271,test,rule_function_candidate,test_phase67_5_rule_matches_dependencies,
tests/test_phase67_pi6_2_eta2_nu_prime.py,226,test,rule_function_candidate,test_phase67_6_rule_matches_dependencies,
tests/test_phase68_prop58_integration.py,215,test,rule_function_candidate,test_phase68_11_rule_matches_dependencies,
tests/test_phase69_delta_iota11.py,305,test,rule_function_candidate,test_phase69_3_rule_matches_exact_dependencies,
tests/test_phase70_pi7_2_eta2_nu_prime_eta6.py,287,test,rule_function_candidate,test_phase70_2_rule_matches_dependencies,
tests/test_phase70_prop59_integration.py,256,test,rule_function_candidate,test_phase70_10_rule_matches_dependencies,
tests/test_phase71_toda512_integration.py,214,test,rule_function_candidate,test_phase71_5_rule_matches_three_cases,
tests/test_phase71_toda512_n4_delta_injective.py,324,test,rule_function_candidate,test_phase71_2_rule_matches_dependencies,
tests/test_phase71_toda512_n5_delta_injective.py,300,test,rule_function_candidate,test_phase71_3_rule_matches_dependencies,
tests/test_phase71_toda512_n6_delta_injective.py,245,test,rule_function_candidate,test_phase71_4_rule_matches_dependencies,
tests/test_phase73_513_delta_eta11_squared.py,420,test,rule_function_candidate,test_phase73_6b_rule_matches_dependencies,
tests/test_phase73_513_delta_eta13.py,337,test,rule_function_candidate,test_phase73_6c_rule_matches_dependencies,
tests/test_phase73_513_delta_nu9.py,395,test,rule_function_candidate,test_phase73_6a_rule_matches_dependencies,
tests/test_phase73_pi8_2_eta2_nu_prime_eta6_squared.py,347,test,rule_function_candidate,test_phase73_3_rule_matches_dependencies,
tests/test_phase74_lemma512_applicability_provenance.py,404,test,rule_function_candidate,test_phase74_9_final_rule_matches_exact_dependencies,
tests/test_phase76_delta_e_exactness_bridge.py,273,test,rule_function_candidate,test_phase76_3_exactness_rule_matches_concrete_window,
tests/test_phase76_delta_e_exactness_bridge.py,394,test,rule_function_candidate,test_phase76_3_image_rule_matches_kernel_and_exactness,
tests/test_phase76_delta_e_exactness_bridge.py,535,test,rule_function_candidate,test_phase76_3_exactness_rule_rejects_inference_window,
tests/test_phase76_delta_e_exactness_bridge.py,559,test,rule_function_candidate,test_phase76_3_exactness_rule_rejects_wrong_source_dimension,
tests/test_phase76_delta_e_exactness_bridge.py,591,test,rule_function_candidate,test_phase76_3_exactness_rule_rejects_wrong_middle_group,
tests/test_phase76_delta_e_exactness_bridge.py,623,test,rule_function_candidate,test_phase76_3_exactness_rule_rejects_wrong_target_group,
tests/test_phase76_delta_e_exactness_bridge.py,655,test,rule_function_candidate,test_phase76_3_exactness_rule_rejects_wrong_map_order,
tests/test_phase76_delta_e_exactness_bridge.py,685,test,rule_function_candidate,test_phase76_3_image_rule_rejects_given_kernel,
tests/test_phase76_delta_e_exactness_bridge.py,708,test,rule_function_candidate,test_phase76_3_image_rule_rejects_given_exactness,
tests/test_phase76_delta_e_exactness_bridge.py,731,test,rule_function_candidate,test_phase76_3_image_rule_rejects_wrong_kernel_map,
tests/test_phase76_delta_e_exactness_bridge.py,779,test,rule_function_candidate,test_phase76_3_image_rule_rejects_wrong_exactness_window,
tests/test_phase76_delta_iota17.py,412,test,rule_function_candidate,test_phase76_4_rule_matches_valid_inputs,
tests/test_phase76_sigma8_suspension_kernel.py,434,test,rule_function_candidate,test_phase76_2_rule_matches_valid_phase75_data,
tests/test_phase77_applicability_provenance.py,672,test,rule_function_candidate,test_phase77_6_phase76_specific_rules_are_not_in_ancestry,
tests/test_phase77_applicability_provenance.py,844,test,rule_function_candidate,test_phase77_6_final_rule_rejects_mismatched_beta_instance,
tests/test_phase77_applicability_provenance.py,901,test,rule_function_candidate,test_phase77_6_final_rule_rejects_mismatched_t_instance,
tests/test_phase77_applicability_provenance.py,956,test,rule_function_candidate,test_phase77_6_final_rule_rejects_mismatched_m_instance,
tests/test_phase78_g4_g5_stable_zero_transport.py,593,test,rule_function_candidate,test_phase78_9_g4_rule_rejects_g5_zero,
tests/test_phase78_g4_g5_stable_zero_transport.py,611,test,rule_function_candidate,test_phase78_9_g5_rule_rejects_g4_zero,
tests/test_phase79_cross_phase_repository.py,517,test,api_or_container_definition,test_phase79_7_repository_does_not_replace_original_premise_tuples,
tests/test_phase79_cross_phase_repository.py,40,test,named_container_assignment,repository,repository = ProofRepository()
tests/test_phase79_cross_phase_repository.py,93,test,named_container_assignment,repository,repository = data['repository']
tests/test_phase79_cross_phase_repository.py,127,test,named_container_assignment,repository,repository = data['repository']
tests/test_phase79_cross_phase_repository.py,167,test,named_container_assignment,repository,repository = data['repository']
tests/test_phase79_cross_phase_repository.py,207,test,named_container_assignment,repository,repository = data['repository']
tests/test_phase79_cross_phase_repository.py,247,test,named_container_assignment,repository,repository = data['repository']
tests/test_phase79_cross_phase_repository.py,475,test,named_container_assignment,repository,repository = data['repository']
tests/test_phase79_cross_phase_repository.py,519,test,named_container_assignment,repository,repository = data['repository']
tests/test_phase79_cross_phase_repository.py,40,test,repository_constructor,ProofRepository,ProofRepository()
tests/test_phase79_cross_phase_repository.py,42,test,explicit_entry_constructor,ProofRepositoryEntry,"ProofRepositoryEntry(key='phase76.delta_iota17', step=phase76['final_step'], phase='76', theorem='Toda Equation (5.16)')"
tests/test_phase79_cross_phase_repository.py,51,test,explicit_entry_constructor,ProofRepositoryEntry,"ProofRepositoryEntry(key='phase77.lemma516', step=phase77['final_step'], phase='77', theorem='Toda Lemma 5.16')"
tests/test_phase79_cross_phase_repository.py,60,test,explicit_entry_constructor,ProofRepositoryEntry,"ProofRepositoryEntry(key='phase78.stable_g0_to_g7', step=phase78['aggregate_step'], phase='78', theorem='Stable G_0 through G_7 integration')"
tests/test_phase79_cross_phase_repository.py,76,test,registration_call_candidate,repository.register,repository.register(entry)
tests/test_phase79_repository_regression.py,18,test,statement_class_candidate,RepositoryDuplicateStatement,
tests/test_phase79_repository_regression.py,342,test,api_or_container_definition,test_phase79_8_phase77_applicability_is_unchanged_by_repository_retrieval,
tests/test_phase79_repository_regression.py,403,test,api_or_container_definition,test_phase79_8_phase77_applicability_ignores_repository_metadata,
tests/test_phase79_repository_regression.py,460,test,api_or_container_definition,test_phase79_8_repository_lookups_do_not_create_phase78_graph_nodes,
tests/test_phase79_repository_regression.py,57,test,named_container_assignment,repository,repository = ProofRepository()
tests/test_phase79_repository_regression.py,134,test,named_container_assignment,repository,repository = ProofRepository()
tests/test_phase79_repository_regression.py,180,test,named_container_assignment,repository,repository = ProofRepository()
tests/test_phase79_repository_regression.py,288,test,named_container_assignment,repository,repository = ProofRepository()
tests/test_phase79_repository_regression.py,424,test,named_container_assignment,repository,repository = ProofRepository()
tests/test_phase79_repository_regression.py,463,test,named_container_assignment,repository,repository = data['repository']
tests/test_phase79_repository_regression.py,57,test,repository_constructor,ProofRepository,ProofRepository()
tests/test_phase79_repository_regression.py,97,test,explicit_entry_constructor,ProofRepositoryEntry,"ProofRepositoryEntry(key='phase79.duplicate.first', step=first_step, phase='79')"
tests/test_phase79_repository_regression.py,103,test,explicit_entry_constructor,ProofRepositoryEntry,"ProofRepositoryEntry(key='phase79.duplicate.second', step=second_step, phase='79')"
tests/test_phase79_repository_regression.py,109,test,registration_call_candidate,repository.register,repository.register(first_entry)
tests/test_phase79_repository_regression.py,113,test,registration_call_candidate,repository.register,repository.register(second_entry)
tests/test_phase79_repository_regression.py,134,test,repository_constructor,ProofRepository,ProofRepository()
tests/test_phase79_repository_regression.py,142,test,explicit_entry_constructor,ProofRepositoryEntry,"ProofRepositoryEntry(key='phase79.duplicate.first', step=ProofStep(conclusion=shared_conclusion, premises=(), rule=ProofRule.GIVEN))"
tests/test_phase79_repository_regression.py,151,test,explicit_entry_constructor,ProofRepositoryEntry,"ProofRepositoryEntry(key='phase79.duplicate.second', step=ProofStep(conclusion=shared_conclusion, premises=(), rule=ProofRule.GIVEN))"
tests/test_phase79_repository_regression.py,160,test,registration_call_candidate,repository.register,repository.register(first_entry)
tests/test_phase79_repository_regression.py,164,test,registration_call_candidate,repository.register,repository.register(second_entry)
tests/test_phase79_repository_regression.py,180,test,repository_constructor,ProofRepository,ProofRepository()
tests/test_phase79_repository_regression.py,204,test,explicit_entry_constructor,ProofRepositoryEntry,"ProofRepositoryEntry(key='phase79.duplicate.first', step=ProofStep(conclusion=shared_conclusion, premises=(first_root,), rule=ProofRule.INFERENCE))"
tests/test_phase79_repository_regression.py,215,test,explicit_entry_constructor,ProofRepositoryEntry,"ProofRepositoryEntry(key='phase79.duplicate.second', step=ProofStep(conclusion=shared_conclusion, premises=(second_root,), rule=ProofRule.INFERENCE))"
tests/test_phase79_repository_regression.py,226,test,registration_call_candidate,repository.register,repository.register(first_entry)
tests/test_phase79_repository_regression.py,230,test,registration_call_candidate,repository.register,repository.register(second_entry)
tests/test_phase79_repository_regression.py,288,test,repository_constructor,ProofRepository,ProofRepository()
tests/test_phase79_repository_regression.py,290,test,explicit_entry_constructor,ProofRepositoryEntry,"ProofRepositoryEntry(key='phase77.lemma516', step=original_step, phase='77', theorem='Toda Lemma 5.16')"
tests/test_phase79_repository_regression.py,297,test,explicit_entry_constructor,ProofRepositoryEntry,"ProofRepositoryEntry(key='alias.phase77.lemma516', step=original_step, phase='999', theorem='Unrelated catalog label')"
tests/test_phase79_repository_regression.py,304,test,registration_call_candidate,repository.register,repository.register(first_entry)
tests/test_phase79_repository_regression.py,308,test,registration_call_candidate,repository.register,repository.register(alias_entry)
tests/test_phase79_repository_regression.py,424,test,repository_constructor,ProofRepository,ProofRepository()
tests/test_phase79_repository_regression.py,426,test,explicit_entry_constructor,ProofRepositoryEntry,"ProofRepositoryEntry(key='alias.phase77.lemma516', step=original_step, phase='999', theorem='Unrelated catalog label')"
tests/test_phase79_repository_regression.py,433,test,registration_call_candidate,repository.register,repository.register(alias_entry)
tests/test_phase80_actual_proof_integration.py,101,test,api_or_container_definition,test_phase80_5_repository_contains_only_actual_phase77_direct_premises,
tests/test_phase80_actual_proof_integration.py,164,test,api_or_container_definition,test_phase80_5_repository_assisted_runner_derives_actual_phase77_goal,
tests/test_phase80_actual_proof_integration.py,230,test,api_or_container_definition,test_phase80_5_derived_goal_uses_exact_repository_steps_as_premises,
tests/test_phase80_actual_proof_integration.py,274,test,rule_function_candidate,test_phase80_5_derived_goal_records_existing_phase77_final_rule,
tests/test_phase80_actual_proof_integration.py,329,test,api_or_container_definition,test_phase80_5_inference_result_preserves_initial_repository_step_identity,
tests/test_phase80_actual_proof_integration.py,396,test,api_or_container_definition,test_phase80_5_repository_is_not_mutated_by_actual_inference,
tests/test_phase80_actual_proof_integration.py,39,test,named_container_assignment,repository,repository = ProofRepository()
tests/test_phase80_actual_proof_integration.py,399,test,named_container_assignment,repository,repository = data['repository']
tests/test_phase80_actual_proof_integration.py,403,test,named_container_assignment,before_entries,before_entries = repository.entries()
tests/test_phase80_actual_proof_integration.py,39,test,repository_constructor,ProofRepository,ProofRepository()
tests/test_phase80_actual_proof_integration.py,41,test,explicit_entry_constructor,ProofRepositoryEntry,"ProofRepositoryEntry(key='phase80.phase77.bracket_sum', step=bracket_sum_step, phase='77', theorem='Toda Lemma 5.16 bracket-sum premise')"
tests/test_phase80_actual_proof_integration.py,54,test,explicit_entry_constructor,ProofRepositoryEntry,"ProofRepositoryEntry(key='phase80.phase77.scaled_composition', step=composition_step, phase='77', theorem='Toda Lemma 5.16 scaled-composition premise')"
tests/test_phase80_actual_proof_integration.py,67,test,registration_call_candidate,repository.register,repository.register(bracket_sum_entry)
tests/test_phase80_actual_proof_integration.py,70,test,registration_call_candidate,repository.register,repository.register(composition_entry)
tests/test_phase80_applicability_non_circularity.py,96,test,api_or_container_definition,test_phase80_6_goal_is_absent_from_initial_repository_steps_and_ancestors,
tests/test_phase80_applicability_non_circularity.py,159,test,rule_function_candidate,test_phase80_6_missing_bracket_sum_premise_rejects_final_rule,
tests/test_phase80_applicability_non_circularity.py,176,test,rule_function_candidate,test_phase80_6_missing_composition_premise_rejects_final_rule,
tests/test_phase80_applicability_non_circularity.py,193,test,rule_function_candidate,test_phase80_6_given_bracket_sum_shortcut_rejects_final_rule,
tests/test_phase80_applicability_non_circularity.py,221,test,rule_function_candidate,test_phase80_6_given_composition_shortcut_rejects_final_rule,
tests/test_phase80_applicability_non_circularity.py,249,test,api_or_container_definition,test_phase80_6_repository_metadata_does_not_change_actual_applicability,
tests/test_phase80_applicability_non_circularity.py,382,test,api_or_container_definition,test_phase80_6_repository_assisted_derived_graph_is_acyclic,
tests/test_phase80_applicability_non_circularity.py,252,test,named_container_assignment,repository,repository = ProofRepository()
tests/test_phase80_applicability_non_circularity.py,252,test,repository_constructor,ProofRepository,ProofRepository()
tests/test_phase80_applicability_non_circularity.py,254,test,registration_call_candidate,repository.register,"repository.register(ProofRepositoryEntry(key='alias.phase80.bracket', step=data['bracket_sum_step'], phase='999', theorem='Unrelated bracket metadata'))"
tests/test_phase80_applicability_non_circularity.py,269,test,registration_call_candidate,repository.register,"repository.register(ProofRepositoryEntry(key='alias.phase80.composition', step=data['composition_step'], phase='1000', theorem='Unrelated composition metadata'))"
tests/test_phase80_applicability_non_circularity.py,255,test,explicit_entry_constructor,ProofRepositoryEntry,"ProofRepositoryEntry(key='alias.phase80.bracket', step=data['bracket_sum_step'], phase='999', theorem='Unrelated bracket metadata')"
tests/test_phase80_applicability_non_circularity.py,270,test,explicit_entry_constructor,ProofRepositoryEntry,"ProofRepositoryEntry(key='alias.phase80.composition', step=data['composition_step'], phase='1000', theorem='Unrelated composition metadata')"
tests/test_phase80_goal_detection.py,16,test,statement_class_candidate,Phase80GoalStatement,
tests/test_phase80_goal_detection.py,21,test,statement_class_candidate,Phase80GoalDerivedStatement,
tests/test_phase80_probe.py,43,test,api_or_container_definition,test_phase80_7_probe_reuses_exact_repository_premises,
tests/test_phase80_probe.py,53,test,rule_function_candidate,test_phase80_7_probe_reuses_existing_phase77_rule,
tests/test_phase80_repository_available_steps.py,23,test,statement_class_candidate,Phase80BridgeStatement,
tests/test_phase80_repository_available_steps.py,28,test,statement_class_candidate,Phase80DerivedStatement,
tests/test_phase80_repository_available_steps.py,44,test,api_or_container_definition,test_phase80_2_empty_repository_returns_empty_available_steps,
tests/test_phase80_repository_available_steps.py,55,test,api_or_container_definition,test_phase80_2_repository_entries_preserve_registration_order,
tests/test_phase80_repository_available_steps.py,265,test,api_or_container_definition,test_phase80_2_repository_available_steps_rejects_non_repository,
tests/test_phase80_repository_available_steps.py,45,test,named_container_assignment,repository,repository = ProofRepository()
tests/test_phase80_repository_available_steps.py,56,test,named_container_assignment,repository,repository = ProofRepository()
tests/test_phase80_repository_available_steps.py,86,test,named_container_assignment,repository,repository = ProofRepository()
tests/test_phase80_repository_available_steps.py,123,test,named_container_assignment,repository,repository = ProofRepository()
tests/test_phase80_repository_available_steps.py,157,test,named_container_assignment,repository,repository = ProofRepository()
tests/test_phase80_repository_available_steps.py,204,test,named_container_assignment,repository,repository = ProofRepository()
tests/test_phase80_repository_available_steps.py,45,test,repository_constructor,ProofRepository,ProofRepository()
tests/test_phase80_repository_available_steps.py,56,test,repository_constructor,ProofRepository,ProofRepository()
tests/test_phase80_repository_available_steps.py,58,test,explicit_entry_constructor,ProofRepositoryEntry,"ProofRepositoryEntry(key='phase80.first', step=make_step('A'))"
tests/test_phase80_repository_available_steps.py,65,test,explicit_entry_constructor,ProofRepositoryEntry,"ProofRepositoryEntry(key='phase80.second', step=make_step('B'))"
tests/test_phase80_repository_available_steps.py,72,test,registration_call_candidate,repository.register,repository.register(first_entry)
tests/test_phase80_repository_available_steps.py,75,test,registration_call_candidate,repository.register,repository.register(second_entry)
tests/test_phase80_repository_available_steps.py,86,test,repository_constructor,ProofRepository,ProofRepository()
tests/test_phase80_repository_available_steps.py,95,test,registration_call_candidate,repository.register,"repository.register(ProofRepositoryEntry(key='phase80.first', step=first_step))"
tests/test_phase80_repository_available_steps.py,101,test,registration_call_candidate,repository.register,"repository.register(ProofRepositoryEntry(key='phase80.second', step=second_step))"
tests/test_phase80_repository_available_steps.py,123,test,repository_constructor,ProofRepository,ProofRepository()
tests/test_phase80_repository_available_steps.py,129,test,registration_call_candidate,repository.register,"repository.register(ProofRepositoryEntry(key='phase80.original', step=shared_step, phase='80'))"
tests/test_phase80_repository_available_steps.py,136,test,registration_call_candidate,repository.register,"repository.register(ProofRepositoryEntry(key='phase80.alias', step=shared_step, phase='999'))"
tests/test_phase80_repository_available_steps.py,157,test,repository_constructor,ProofRepository,ProofRepository()
tests/test_phase80_repository_available_steps.py,176,test,registration_call_candidate,repository.register,"repository.register(ProofRepositoryEntry(key='phase80.first', step=first_step))"
tests/test_phase80_repository_available_steps.py,182,test,registration_call_candidate,repository.register,"repository.register(ProofRepositoryEntry(key='phase80.second', step=second_step))"
tests/test_phase80_repository_available_steps.py,204,test,repository_constructor,ProofRepository,ProofRepository()
tests/test_phase80_repository_available_steps.py,210,test,registration_call_candidate,repository.register,"repository.register(ProofRepositoryEntry(key='phase80.source', step=source_step))"
tests/test_phase80_repository_available_steps.py,96,test,explicit_entry_constructor,ProofRepositoryEntry,"ProofRepositoryEntry(key='phase80.first', step=first_step)"
tests/test_phase80_repository_available_steps.py,102,test,explicit_entry_constructor,ProofRepositoryEntry,"ProofRepositoryEntry(key='phase80.second', step=second_step)"
tests/test_phase80_repository_available_steps.py,130,test,explicit_entry_constructor,ProofRepositoryEntry,"ProofRepositoryEntry(key='phase80.original', step=shared_step, phase='80')"
tests/test_phase80_repository_available_steps.py,137,test,explicit_entry_constructor,ProofRepositoryEntry,"ProofRepositoryEntry(key='phase80.alias', step=shared_step, phase='999')"
tests/test_phase80_repository_available_steps.py,177,test,explicit_entry_constructor,ProofRepositoryEntry,"ProofRepositoryEntry(key='phase80.first', step=first_step)"
tests/test_phase80_repository_available_steps.py,183,test,explicit_entry_constructor,ProofRepositoryEntry,"ProofRepositoryEntry(key='phase80.second', step=second_step)"
tests/test_phase80_repository_available_steps.py,211,test,explicit_entry_constructor,ProofRepositoryEntry,"ProofRepositoryEntry(key='phase80.source', step=source_step)"
tests/test_phase80_repository_inference_runner.py,23,test,statement_class_candidate,Phase80RunnerSourceStatement,
tests/test_phase80_repository_inference_runner.py,28,test,statement_class_candidate,Phase80RunnerGoalStatement,
tests/test_phase80_repository_inference_runner.py,44,test,rule_function_candidate,make_rule,
tests/test_phase80_repository_inference_runner.py,68,test,api_or_container_definition,test_phase80_4_derives_goal_from_repository,
tests/test_phase80_repository_inference_runner.py,137,test,api_or_container_definition,test_phase80_4_preserves_repository_step_identity_in_inference_result,
tests/test_phase80_repository_inference_runner.py,196,test,api_or_container_definition,test_phase80_4_existing_repository_goal_is_detected_without_new_inference,
tests/test_phase80_repository_inference_runner.py,264,test,api_or_container_definition,test_phase80_4_does_not_register_derived_goal_back_into_repository,
tests/test_phase80_repository_inference_runner.py,297,test,api_or_container_definition,test_phase80_4_rejects_non_repository_via_existing_bridge_validation,
tests/test_phase80_repository_inference_runner.py,314,test,rule_function_candidate,test_phase80_4_rejects_invalid_inference_rules_via_existing_runner_validation,
tests/test_phase80_repository_inference_runner.py,69,test,named_container_assignment,repository,repository = ProofRepository()
tests/test_phase80_repository_inference_runner.py,105,test,named_container_assignment,repository,repository = ProofRepository()
tests/test_phase80_repository_inference_runner.py,138,test,named_container_assignment,repository,repository = ProofRepository()
tests/test_phase80_repository_inference_runner.py,168,test,named_container_assignment,repository,repository = ProofRepository()
tests/test_phase80_repository_inference_runner.py,197,test,named_container_assignment,repository,repository = ProofRepository()
tests/test_phase80_repository_inference_runner.py,235,test,named_container_assignment,repository,repository = ProofRepository()
tests/test_phase80_repository_inference_runner.py,265,test,named_container_assignment,repository,repository = ProofRepository()
tests/test_phase80_repository_inference_runner.py,278,test,named_container_assignment,before_entries,before_entries = repository.entries()
tests/test_phase80_repository_inference_runner.py,315,test,named_container_assignment,repository,repository = ProofRepository()
tests/test_phase80_repository_inference_runner.py,69,test,repository_constructor,ProofRepository,ProofRepository()
tests/test_phase80_repository_inference_runner.py,75,test,registration_call_candidate,repository.register,"repository.register(ProofRepositoryEntry(key='phase80.source', step=source_step))"
tests/test_phase80_repository_inference_runner.py,105,test,repository_constructor,ProofRepository,ProofRepository()
tests/test_phase80_repository_inference_runner.py,111,test,registration_call_candidate,repository.register,"repository.register(ProofRepositoryEntry(key='phase80.source', step=source_step))"
tests/test_phase80_repository_inference_runner.py,138,test,repository_constructor,ProofRepository,ProofRepository()
tests/test_phase80_repository_inference_runner.py,144,test,registration_call_candidate,repository.register,"repository.register(ProofRepositoryEntry(key='phase80.source', step=source_step))"
tests/test_phase80_repository_inference_runner.py,168,test,repository_constructor,ProofRepository,ProofRepository()
tests/test_phase80_repository_inference_runner.py,170,test,registration_call_candidate,repository.register,"repository.register(ProofRepositoryEntry(key='phase80.source', step=make_source_step('A')))"
tests/test_phase80_repository_inference_runner.py,197,test,repository_constructor,ProofRepository,ProofRepository()
tests/test_phase80_repository_inference_runner.py,207,test,registration_call_candidate,repository.register,"repository.register(ProofRepositoryEntry(key='phase80.goal', step=existing_goal_step))"
tests/test_phase80_repository_inference_runner.py,235,test,repository_constructor,ProofRepository,ProofRepository()
tests/test_phase80_repository_inference_runner.py,237,test,registration_call_candidate,repository.register,"repository.register(ProofRepositoryEntry(key='phase80.source', step=make_source_step('A')))"
tests/test_phase80_repository_inference_runner.py,265,test,repository_constructor,ProofRepository,ProofRepository()
tests/test_phase80_repository_inference_runner.py,267,test,explicit_entry_constructor,ProofRepositoryEntry,"ProofRepositoryEntry(key='phase80.source', step=make_source_step('A'))"
tests/test_phase80_repository_inference_runner.py,274,test,registration_call_candidate,repository.register,repository.register(source_entry)
tests/test_phase80_repository_inference_runner.py,315,test,repository_constructor,ProofRepository,ProofRepository()
tests/test_phase80_repository_inference_runner.py,76,test,explicit_entry_constructor,ProofRepositoryEntry,"ProofRepositoryEntry(key='phase80.source', step=source_step)"
tests/test_phase80_repository_inference_runner.py,112,test,explicit_entry_constructor,ProofRepositoryEntry,"ProofRepositoryEntry(key='phase80.source', step=source_step)"
tests/test_phase80_repository_inference_runner.py,145,test,explicit_entry_constructor,ProofRepositoryEntry,"ProofRepositoryEntry(key='phase80.source', step=source_step)"
tests/test_phase80_repository_inference_runner.py,171,test,explicit_entry_constructor,ProofRepositoryEntry,"ProofRepositoryEntry(key='phase80.source', step=make_source_step('A'))"
tests/test_phase80_repository_inference_runner.py,208,test,explicit_entry_constructor,ProofRepositoryEntry,"ProofRepositoryEntry(key='phase80.goal', step=existing_goal_step)"
tests/test_phase80_repository_inference_runner.py,238,test,explicit_entry_constructor,ProofRepositoryEntry,"ProofRepositoryEntry(key='phase80.source', step=make_source_step('A'))"
tests/test_phase81_actual_theorem_integration.py,213,test,rule_function_candidate,test_phase81_5_catalog_selects_actual_phase77_final_rule,
tests/test_phase81_actual_theorem_integration.py,282,test,rule_function_candidate,test_phase81_5_final_step_records_automatically_selected_rule,
tests/test_phase81_actual_theorem_integration.py,297,test,api_or_container_definition,test_phase81_5_final_step_uses_exact_repository_premises,
tests/test_phase81_actual_theorem_integration.py,378,test,api_or_container_definition,test_phase81_5_repository_remains_unchanged,
tests/test_phase81_actual_theorem_integration.py,395,test,api_or_container_definition,test_phase81_5_final_goal_is_not_registered_back_into_repository,
tests/test_phase81_actual_theorem_integration.py,137,test,named_container_assignment,repository_entries_before,repository_entries_before = phase80['repository'].entries()
tests/test_phase81_actual_theorem_integration.py,381,test,named_container_assignment,repository,repository = data['phase80']['repository']
tests/test_phase81_actual_theorem_integration.py,398,test,named_container_assignment,repository,repository = data['phase80']['repository']
tests/test_phase81_actual_theorem_integration.py,125,test,registration_call_candidate,catalog.register,catalog.register(catalog_entry)
tests/test_phase81_probe.py,30,test,rule_function_candidate,test_phase81_probe_uses_automatically_selected_actual_rule,
tests/test_phase81_probe.py,47,test,rule_function_candidate,test_phase81_probe_excludes_unsafe_and_unrelated_rules,
tests/test_phase81_probe.py,114,test,api_or_container_definition,test_phase81_probe_preserves_exact_repository_premises,
tests/test_phase81_repository_rule_selection.py,24,test,statement_class_candidate,SeedStatement,
tests/test_phase81_repository_rule_selection.py,29,test,statement_class_candidate,GoalStatement,
tests/test_phase81_repository_rule_selection.py,34,test,statement_class_candidate,UnrelatedStatement,
tests/test_phase81_repository_rule_selection.py,50,test,rule_function_candidate,make_goal_rule,
tests/test_phase81_repository_rule_selection.py,78,test,rule_function_candidate,make_unrelated_rule,
tests/test_phase81_repository_rule_selection.py,106,test,api_or_container_definition,make_repository,
tests/test_phase81_repository_rule_selection.py,123,test,rule_function_candidate,test_catalog_repository_inference_derives_goal_without_explicit_rule,
tests/test_phase81_repository_rule_selection.py,171,test,rule_function_candidate,test_catalog_repository_inference_uses_selected_rule,
tests/test_phase81_repository_rule_selection.py,212,test,api_or_container_definition,test_catalog_repository_inference_preserves_repository_premise_identity,
tests/test_phase81_repository_rule_selection.py,260,test,api_or_container_definition,test_catalog_repository_inference_reaches_fixed_point,
tests/test_phase81_repository_rule_selection.py,296,test,rule_function_candidate,test_catalog_repository_inference_ignores_unrelated_rule,
tests/test_phase81_repository_rule_selection.py,356,test,rule_function_candidate,test_catalog_repository_inference_excludes_unsafe_matching_rule,
tests/test_phase81_repository_rule_selection.py,400,test,rule_function_candidate,test_catalog_repository_inference_returns_no_goal_when_no_compatible_rule,
tests/test_phase81_repository_rule_selection.py,434,test,rule_function_candidate,test_catalog_repository_inference_deduplicates_rule_alias_before_execution,
tests/test_phase81_repository_rule_selection.py,496,test,api_or_container_definition,test_catalog_repository_inference_does_not_mutate_repository,
tests/test_phase81_repository_rule_selection.py,109,test,named_container_assignment,repository,repository = ProofRepository()
tests/test_phase81_repository_rule_selection.py,126,test,named_container_assignment,repository,repository = make_repository(seed_step)
tests/test_phase81_repository_rule_selection.py,174,test,named_container_assignment,repository,repository = make_repository(seed_step)
tests/test_phase81_repository_rule_selection.py,215,test,named_container_assignment,repository,repository = make_repository(seed_step)
tests/test_phase81_repository_rule_selection.py,263,test,named_container_assignment,repository,repository = make_repository(seed_step)
tests/test_phase81_repository_rule_selection.py,299,test,named_container_assignment,repository,repository = make_repository(seed_step)
tests/test_phase81_repository_rule_selection.py,359,test,named_container_assignment,repository,repository = make_repository(seed_step)
tests/test_phase81_repository_rule_selection.py,403,test,named_container_assignment,repository,repository = make_repository(seed_step)
tests/test_phase81_repository_rule_selection.py,437,test,named_container_assignment,repository,repository = make_repository(seed_step)
tests/test_phase81_repository_rule_selection.py,499,test,named_container_assignment,repository,repository = make_repository(seed_step)
tests/test_phase81_repository_rule_selection.py,503,test,named_container_assignment,entries_before,entries_before = repository.entries()
tests/test_phase81_repository_rule_selection.py,109,test,repository_constructor,ProofRepository,ProofRepository()
tests/test_phase81_repository_rule_selection.py,111,test,registration_call_candidate,repository.register,"repository.register(ProofRepositoryEntry(key='phase81.seed', step=seed_step, phase='81', theorem='synthetic'))"
tests/test_phase81_repository_rule_selection.py,134,test,registration_call_candidate,catalog.register,"catalog.register(InferenceRuleCatalogEntry(key='phase81.goal', rule=goal_rule, conclusion_type=GoalStatement, fixed_point_safe=True))"
tests/test_phase81_repository_rule_selection.py,182,test,registration_call_candidate,catalog.register,"catalog.register(InferenceRuleCatalogEntry(key='phase81.goal', rule=goal_rule, conclusion_type=GoalStatement, fixed_point_safe=True))"
tests/test_phase81_repository_rule_selection.py,223,test,registration_call_candidate,catalog.register,"catalog.register(InferenceRuleCatalogEntry(key='phase81.goal', rule=goal_rule, conclusion_type=GoalStatement, fixed_point_safe=True))"
tests/test_phase81_repository_rule_selection.py,269,test,registration_call_candidate,catalog.register,"catalog.register(InferenceRuleCatalogEntry(key='phase81.goal', rule=make_goal_rule(), conclusion_type=GoalStatement, fixed_point_safe=True))"
tests/test_phase81_repository_rule_selection.py,311,test,registration_call_candidate,catalog.register,"catalog.register(InferenceRuleCatalogEntry(key='phase81.unrelated', rule=unrelated_rule, conclusion_type=UnrelatedStatement, fixed_point_safe=True))"
tests/test_phase81_repository_rule_selection.py,320,test,registration_call_candidate,catalog.register,"catalog.register(InferenceRuleCatalogEntry(key='phase81.goal', rule=goal_rule, conclusion_type=GoalStatement, fixed_point_safe=True))"
tests/test_phase81_repository_rule_selection.py,369,test,registration_call_candidate,catalog.register,"catalog.register(InferenceRuleCatalogEntry(key='phase81.unsafe', rule=unsafe_rule, conclusion_type=GoalStatement, fixed_point_safe=False))"
tests/test_phase81_repository_rule_selection.py,409,test,registration_call_candidate,catalog.register,"catalog.register(InferenceRuleCatalogEntry(key='phase81.unrelated', rule=make_unrelated_rule(), conclusion_type=UnrelatedStatement, fixed_point_safe=True))"
tests/test_phase81_repository_rule_selection.py,445,test,registration_call_candidate,catalog.register,"catalog.register(InferenceRuleCatalogEntry(key='phase81.goal', rule=goal_rule, conclusion_type=GoalStatement, fixed_point_safe=True))"
tests/test_phase81_repository_rule_selection.py,454,test,registration_call_candidate,catalog.register,"catalog.register(InferenceRuleCatalogEntry(key='phase81.goal.alias', rule=goal_rule, conclusion_type=GoalStatement, fixed_point_safe=True))"
tests/test_phase81_repository_rule_selection.py,509,test,registration_call_candidate,catalog.register,"catalog.register(InferenceRuleCatalogEntry(key='phase81.goal', rule=make_goal_rule(), conclusion_type=GoalStatement, fixed_point_safe=True))"
tests/test_phase81_repository_rule_selection.py,112,test,explicit_entry_constructor,ProofRepositoryEntry,"ProofRepositoryEntry(key='phase81.seed', step=seed_step, phase='81', theorem='synthetic')"
tests/test_phase81_rule_selection_regression.py,29,test,statement_class_candidate,MissingPremiseStatement,
tests/test_phase81_rule_selection_regression.py,34,test,statement_class_candidate,UnrelatedConclusionStatement,
tests/test_phase81_rule_selection_regression.py,536,test,rule_function_candidate,test_phase81_6_rule_alias_is_deduplicated_before_execution,
tests/test_phase81_rule_selection_regression.py,620,test,rule_function_candidate,test_phase81_6_correct_actual_rule_derives_goal_under_ambiguity,
tests/test_phase81_rule_selection_regression.py,649,test,rule_function_candidate,test_phase81_6_only_correct_rule_produces_accepted_goal,
tests/test_phase81_rule_selection_regression.py,750,test,api_or_container_definition,test_phase81_6_repository_remains_unchanged,
tests/test_phase81_rule_selection_regression.py,152,test,named_container_assignment,repository,repository = phase80['repository']
tests/test_phase81_rule_selection_regression.py,375,test,named_container_assignment,compatible_entries,"compatible_entries = find_goal_compatible_rule_entries(catalog, goal)"
tests/test_phase81_rule_selection_regression.py,778,test,named_container_assignment,repository,repository = ProofRepository()
tests/test_phase81_rule_selection_regression.py,779,test,repository_constructor,ProofRepository,ProofRepository()
tests/test_phase81_rule_selection_regression.py,782,test,registration_call_candidate,repository.register,"repository.register(ProofRepositoryEntry(key='phase81.given_goal_seed', step=given_goal_step, phase='81', theorem='seed-goal-regression'))"
tests/test_phase81_rule_selection_regression.py,371,test,registration_call_candidate,catalog.register,catalog.register(entry)
tests/test_phase81_rule_selection_regression.py,783,test,explicit_entry_constructor,ProofRepositoryEntry,"ProofRepositoryEntry(key='phase81.given_goal_seed', step=given_goal_step, phase='81', theorem='seed-goal-regression')"
tests/test_phase82_actual_theorem_integration.py,140,test,api_or_container_definition,_build_repository,
tests/test_phase82_actual_theorem_integration.py,272,test,api_or_container_definition,test_phase82_5_actual_goal_is_absent_from_initial_repository,
tests/test_phase82_actual_theorem_integration.py,286,test,api_or_container_definition,test_phase82_5_intermediate_is_absent_from_initial_repository,
tests/test_phase82_actual_theorem_integration.py,368,test,rule_function_candidate,test_phase82_5_intermediate_reuses_exact_existing_rule,
tests/test_phase82_actual_theorem_integration.py,383,test,rule_function_candidate,test_phase82_5_final_reuses_exact_existing_rule,
tests/test_phase82_actual_theorem_integration.py,501,test,api_or_container_definition,test_phase82_5_final_reaches_all_actual_repository_seeds,
tests/test_phase82_actual_theorem_integration.py,592,test,api_or_container_definition,test_phase82_5_repository_remains_unchanged,
tests/test_phase82_actual_theorem_integration.py,145,test,named_container_assignment,repository,repository = ProofRepository()
tests/test_phase82_actual_theorem_integration.py,646,test,named_container_assignment,repository,"repository = _build_repository(_given_replacement(phase77['bracket_sum_step']), phase77['suspension_bridge_step'], phase77['sigma_definition_step'])"
tests/test_phase82_actual_theorem_integration.py,693,test,named_container_assignment,repository,"repository = _build_repository(phase77['bracket_sum_step'], _given_replacement(phase77['suspension_bridge_step']), phase77['sigma_definition_step'])"
tests/test_phase82_actual_theorem_integration.py,740,test,named_container_assignment,repository,"repository = _build_repository(phase77['bracket_sum_step'], phase77['suspension_bridge_step'], _given_replacement(phase77['sigma_definition_step']))"
tests/test_phase82_actual_theorem_integration.py,145,test,repository_constructor,ProofRepository,ProofRepository()
tests/test_phase82_actual_theorem_integration.py,147,test,registration_call_candidate,repository.register,"repository.register(ProofRepositoryEntry(key='phase82.actual.bracket_sum', step=bracket_sum_step, phase='82', theorem='Toda Lemma 5.16 actual two-step integration'))"
tests/test_phase82_actual_theorem_integration.py,162,test,registration_call_candidate,repository.register,"repository.register(ProofRepositoryEntry(key='phase82.actual.suspension_bridge', step=suspension_bridge_step, phase='82', theorem='Toda Lemma 5.16 actual two-step integration'))"
tests/test_phase82_actual_theorem_integration.py,177,test,registration_call_candidate,repository.register,"repository.register(ProofRepositoryEntry(key='phase82.actual.sigma_definition', step=sigma_definition_step, phase='82', theorem='Toda Lemma 5.16 actual two-step integration'))"
tests/test_phase82_actual_theorem_integration.py,148,test,explicit_entry_constructor,ProofRepositoryEntry,"ProofRepositoryEntry(key='phase82.actual.bracket_sum', step=bracket_sum_step, phase='82', theorem='Toda Lemma 5.16 actual two-step integration')"
tests/test_phase82_actual_theorem_integration.py,163,test,explicit_entry_constructor,ProofRepositoryEntry,"ProofRepositoryEntry(key='phase82.actual.suspension_bridge', step=suspension_bridge_step, phase='82', theorem='Toda Lemma 5.16 actual two-step integration')"
tests/test_phase82_actual_theorem_integration.py,178,test,explicit_entry_constructor,ProofRepositoryEntry,"ProofRepositoryEntry(key='phase82.actual.sigma_definition', step=sigma_definition_step, phase='82', theorem='Toda Lemma 5.16 actual two-step integration')"
tests/test_phase82_missing_premise_detection.py,143,test,rule_function_candidate,test_phase82_2_goal_selects_one_actual_final_rule,
tests/test_phase82_missing_premise_detection.py,233,test,rule_function_candidate,test_phase82_2_missing_pattern_is_exact_final_rule_pattern,
tests/test_phase82_missing_premise_detection.py,284,test,rule_function_candidate,test_phase82_2_future_producer_premises_do_not_satisfy_final_rule,
tests/test_phase82_missing_premise_detection.py,42,test,named_container_assignment,repository,repository = ProofRepository()
tests/test_phase82_missing_premise_detection.py,42,test,repository_constructor,ProofRepository,ProofRepository()
tests/test_phase82_missing_premise_detection.py,44,test,registration_call_candidate,repository.register,"repository.register(ProofRepositoryEntry(key='phase82.bracket_sum', step=phase77['bracket_sum_step'], phase='82', theorem='Toda Lemma 5.16 missing-premise detection'))"
tests/test_phase82_missing_premise_detection.py,61,test,registration_call_candidate,repository.register,"repository.register(ProofRepositoryEntry(key='phase82.suspension_bridge', step=phase77['suspension_bridge_step'], phase='82', theorem='Toda Lemma 5.16 missing-premise detection'))"
tests/test_phase82_missing_premise_detection.py,78,test,registration_call_candidate,repository.register,"repository.register(ProofRepositoryEntry(key='phase82.sigma_definition', step=phase77['sigma_definition_step'], phase='82', theorem='Toda Lemma 5.16 missing-premise detection'))"
tests/test_phase82_missing_premise_detection.py,97,test,registration_call_candidate,catalog.register,"catalog.register(InferenceRuleCatalogEntry(key='phase82.toda_lemma516_final', rule=final_rule, conclusion_type=type(goal), fixed_point_safe=True))"
tests/test_phase82_missing_premise_detection.py,45,test,explicit_entry_constructor,ProofRepositoryEntry,"ProofRepositoryEntry(key='phase82.bracket_sum', step=phase77['bracket_sum_step'], phase='82', theorem='Toda Lemma 5.16 missing-premise detection')"
tests/test_phase82_missing_premise_detection.py,62,test,explicit_entry_constructor,ProofRepositoryEntry,"ProofRepositoryEntry(key='phase82.suspension_bridge', step=phase77['suspension_bridge_step'], phase='82', theorem='Toda Lemma 5.16 missing-premise detection')"
tests/test_phase82_missing_premise_detection.py,79,test,explicit_entry_constructor,ProofRepositoryEntry,"ProofRepositoryEntry(key='phase82.sigma_definition', step=phase77['sigma_definition_step'], phase='82', theorem='Toda Lemma 5.16 missing-premise detection')"
tests/test_phase82_premise_rule_lookup.py,201,test,rule_function_candidate,test_phase82_3_actual_producer_is_existing_phase77_rule,
tests/test_phase82_premise_rule_lookup.py,255,test,rule_function_candidate,test_phase82_3_deduplicates_producer_rules_by_identity,
tests/test_phase82_premise_rule_lookup.py,296,test,rule_function_candidate,test_phase82_3_final_rule_is_not_selected_as_producer,
tests/test_phase82_premise_rule_lookup.py,339,test,rule_function_candidate,test_phase82_3_lookup_does_not_execute_producer_rule,
tests/test_phase82_premise_rule_lookup.py,137,test,named_container_assignment,producer_entries,"producer_entries = find_premise_producer_rule_entries(catalog, missing_pattern)"
tests/test_phase82_premise_rule_lookup.py,219,test,named_container_assignment,entries,entries = data['producer_entries']
tests/test_phase82_premise_rule_lookup.py,241,test,named_container_assignment,entries,entries = data['producer_entries']
tests/test_phase82_premise_rule_lookup.py,133,test,registration_call_candidate,catalog.register,catalog.register(entry)
tests/test_phase82_probe.py,78,test,api_or_container_definition,test_phase82_probe_does_not_mutate_repository,
tests/test_phase82_search_safety_regression.py,21,test,rule_function_candidate,_register_rule,
tests/test_phase82_search_safety_regression.py,85,test,api_or_container_definition,_build_repository,
tests/test_phase82_search_safety_regression.py,422,test,rule_function_candidate,test_phase82_6_same_rule_alias_is_not_ambiguity,
tests/test_phase82_search_safety_regression.py,659,test,rule_function_candidate,test_phase82_6_depth_two_rule_in_catalog_is_not_followed,
tests/test_phase82_search_safety_regression.py,786,test,api_or_container_definition,test_phase82_6_repository_is_unchanged_after_failed_search,
tests/test_phase82_search_safety_regression.py,88,test,named_container_assignment,repository,repository = ProofRepository()
tests/test_phase82_search_safety_regression.py,529,test,named_container_assignment,repository,"repository = _build_repository((phase77['bracket_sum_step'], phase77['composition_step'], phase77['suspension_bridge_step'], phase77['sigma_definition_step']))"
tests/test_phase82_search_safety_regression.py,591,test,named_container_assignment,repository,repository = ProofRepository()
tests/test_phase82_search_safety_regression.py,624,test,named_container_assignment,repository,"repository = _build_repository((phase77['bracket_sum_step'], phase77['suspension_bridge_step']))"
tests/test_phase82_search_safety_regression.py,666,test,named_container_assignment,repository,"repository = _build_repository((phase77['bracket_sum_step'], phase77['suspension_bridge_step']))"
tests/test_phase82_search_safety_regression.py,732,test,named_container_assignment,repository,"repository = _build_repository((phase77['bracket_sum_step'], phase77['suspension_bridge_step']))"
tests/test_phase82_search_safety_regression.py,28,test,registration_call_candidate,catalog.register,"catalog.register(InferenceRuleCatalogEntry(key=key, rule=rule, conclusion_type=conclusion_type, fixed_point_safe=fixed_point_safe))"
tests/test_phase82_search_safety_regression.py,88,test,repository_constructor,ProofRepository,ProofRepository()
tests/test_phase82_search_safety_regression.py,591,test,repository_constructor,ProofRepository,ProofRepository()
tests/test_phase82_search_safety_regression.py,93,test,registration_call_candidate,repository.register,"repository.register(ProofRepositoryEntry(key=f'phase82.safety.seed.{index}', step=step, phase='82', theorem='Phase 82 search-safety regression'))"
tests/test_phase82_search_safety_regression.py,94,test,explicit_entry_constructor,ProofRepositoryEntry,"ProofRepositoryEntry(key=f'phase82.safety.seed.{index}', step=step, phase='82', theorem='Phase 82 search-safety regression')"
tests/test_phase82_two_step_forward_execution.py,158,test,rule_function_candidate,test_phase82_4_intermediate_reuses_existing_producer_rule,
tests/test_phase82_two_step_forward_execution.py,256,test,rule_function_candidate,test_phase82_4_final_reuses_existing_final_rule,
tests/test_phase82_two_step_forward_execution.py,282,test,api_or_container_definition,test_phase82_4_final_uses_repository_bracket_sum,
tests/test_phase82_two_step_forward_execution.py,318,test,api_or_container_definition,test_phase82_4_repository_is_not_mutated,
tests/test_phase82_two_step_forward_execution.py,27,test,named_container_assignment,repository,repository = phase82_2['repository']
tests/test_phase83_actual_theorem_integration.py,28,test,rule_function_candidate,_register_rule,
tests/test_phase83_actual_theorem_integration.py,324,test,api_or_container_definition,test_phase83_5_actual_producers_use_only_repository_steps,
tests/test_phase83_actual_theorem_integration.py,351,test,rule_function_candidate,test_phase83_5_actual_producer_rule_identity_is_preserved,
tests/test_phase83_actual_theorem_integration.py,411,test,rule_function_candidate,test_phase83_5_final_rule_identity_is_preserved,
tests/test_phase83_actual_theorem_integration.py,472,test,api_or_container_definition,test_phase83_5_repository_remains_unchanged,
tests/test_phase83_actual_theorem_integration.py,114,test,named_container_assignment,repository,repository = ProofRepository()
tests/test_phase83_actual_theorem_integration.py,490,test,named_container_assignment,repository_steps,repository_steps = repository_available_steps(data['repository'])
tests/test_phase83_actual_theorem_integration.py,34,test,registration_call_candidate,catalog.register,"catalog.register(InferenceRuleCatalogEntry(key=key, rule=rule, conclusion_type=conclusion_type, fixed_point_safe=True))"
tests/test_phase83_actual_theorem_integration.py,114,test,repository_constructor,ProofRepository,ProofRepository()
tests/test_phase83_actual_theorem_integration.py,116,test,registration_call_candidate,repository.register,"repository.register(ProofRepositoryEntry(key='phase83.actual.theorem36-bridge', step=bridge_step, phase='83', theorem='Toda Lemma 5.16 actual multiple-producer integration'))"
tests/test_phase83_actual_theorem_integration.py,128,test,registration_call_candidate,repository.register,"repository.register(ProofRepositoryEntry(key='phase83.actual.typed-setup', step=setup_step, phase='83', theorem='Toda Lemma 5.16 actual multiple-producer integration'))"
tests/test_phase83_actual_theorem_integration.py,117,test,explicit_entry_constructor,ProofRepositoryEntry,"ProofRepositoryEntry(key='phase83.actual.theorem36-bridge', step=bridge_step, phase='83', theorem='Toda Lemma 5.16 actual multiple-producer integration')"
tests/test_phase83_actual_theorem_integration.py,129,test,explicit_entry_constructor,ProofRepositoryEntry,"ProofRepositoryEntry(key='phase83.actual.typed-setup', step=setup_step, phase='83', theorem='Toda Lemma 5.16 actual multiple-producer integration')"
tests/test_phase83_all_missing_premises_uniquely_producible.py,23,test,rule_function_candidate,_register_rule,
tests/test_phase83_all_missing_premises_uniquely_producible.py,243,test,rule_function_candidate,test_phase83_3_same_rule_alias_remains_unique,
tests/test_phase83_all_missing_premises_uniquely_producible.py,29,test,registration_call_candidate,catalog.register,"catalog.register(InferenceRuleCatalogEntry(key=key, rule=rule, conclusion_type=conclusion_type, fixed_point_safe=True))"
tests/test_phase83_missing_premise_producer_lookup.py,23,test,rule_function_candidate,_register_rule,
tests/test_phase83_missing_premise_producer_lookup.py,164,test,rule_function_candidate,test_phase83_2_preserves_exact_final_rule_and_patterns,
tests/test_phase83_missing_premise_producer_lookup.py,315,test,rule_function_candidate,test_phase83_2_invalid_rule_catalog_is_rejected,
tests/test_phase83_missing_premise_producer_lookup.py,29,test,registration_call_candidate,catalog.register,"catalog.register(InferenceRuleCatalogEntry(key=key, rule=rule, conclusion_type=conclusion_type, fixed_point_safe=True))"
tests/test_phase83_multiple_one_level_producer_execution.py,26,test,statement_class_candidate,Phase83ProducerSeedStatement,
tests/test_phase83_multiple_one_level_producer_execution.py,31,test,statement_class_candidate,Phase83ProducerAStatement,
tests/test_phase83_multiple_one_level_producer_execution.py,36,test,statement_class_candidate,Phase83ProducerBStatement,
tests/test_phase83_multiple_one_level_producer_execution.py,41,test,statement_class_candidate,Phase83ProducerGoalStatement,
tests/test_phase83_multiple_one_level_producer_execution.py,45,test,rule_function_candidate,_register_rule,
tests/test_phase83_multiple_one_level_producer_execution.py,73,test,api_or_container_definition,_repository_with_steps,
tests/test_phase83_multiple_one_level_producer_execution.py,99,test,rule_function_candidate,_producer_a_rule,
tests/test_phase83_multiple_one_level_producer_execution.py,125,test,rule_function_candidate,_producer_b_rule,
tests/test_phase83_multiple_one_level_producer_execution.py,151,test,rule_function_candidate,_depth_two_producer_b_rule,
tests/test_phase83_multiple_one_level_producer_execution.py,177,test,rule_function_candidate,_final_rule,
tests/test_phase83_multiple_one_level_producer_execution.py,369,test,api_or_container_definition,test_phase83_4_producers_use_only_repository_seeds,
tests/test_phase83_multiple_one_level_producer_execution.py,395,test,rule_function_candidate,test_phase83_4_final_rule_retries_after_both_producers,
tests/test_phase83_multiple_one_level_producer_execution.py,433,test,api_or_container_definition,test_phase83_4_repository_remains_unchanged,
tests/test_phase83_multiple_one_level_producer_execution.py,76,test,named_container_assignment,repository,repository = ProofRepository()
tests/test_phase83_multiple_one_level_producer_execution.py,254,test,named_container_assignment,repository,"repository = _repository_with_steps((seed_a, seed_b))"
tests/test_phase83_multiple_one_level_producer_execution.py,51,test,registration_call_candidate,catalog.register,"catalog.register(InferenceRuleCatalogEntry(key=key, rule=rule, conclusion_type=conclusion_type, fixed_point_safe=True))"
tests/test_phase83_multiple_one_level_producer_execution.py,76,test,repository_constructor,ProofRepository,ProofRepository()
tests/test_phase83_multiple_one_level_producer_execution.py,81,test,registration_call_candidate,repository.register,"repository.register(ProofRepositoryEntry(key=f'phase83.multiple.seed.{index}', step=step, phase='83', theorem='multiple one-level producer execution'))"
tests/test_phase83_multiple_one_level_producer_execution.py,82,test,explicit_entry_constructor,ProofRepositoryEntry,"ProofRepositoryEntry(key=f'phase83.multiple.seed.{index}', step=step, phase='83', theorem='multiple one-level producer execution')"
tests/test_phase83_multiple_producer_safety_regression.py,28,test,rule_function_candidate,_register_rule,
tests/test_phase83_multiple_producer_safety_regression.py,47,test,api_or_container_definition,_build_repository,
tests/test_phase83_multiple_producer_safety_regression.py,283,test,rule_function_candidate,test_phase83_6_same_rule_alias_is_not_ambiguity,
tests/test_phase83_multiple_producer_safety_regression.py,485,test,rule_function_candidate,test_phase83_6_duplicate_final_rules_do_not_duplicate_conclusions,
tests/test_phase83_multiple_producer_safety_regression.py,532,test,api_or_container_definition,test_phase83_6_repository_is_unchanged_after_failed_search,
tests/test_phase83_multiple_producer_safety_regression.py,54,test,named_container_assignment,repository,repository = ProofRepository()
tests/test_phase83_multiple_producer_safety_regression.py,183,test,named_container_assignment,repository,repository = _build_repository(data)
tests/test_phase83_multiple_producer_safety_regression.py,216,test,named_container_assignment,repository,repository = _build_repository(data)
tests/test_phase83_multiple_producer_safety_regression.py,242,test,named_container_assignment,repository,repository = _build_repository(data)
tests/test_phase83_multiple_producer_safety_regression.py,285,test,named_container_assignment,repository,repository = _build_repository(data)
tests/test_phase83_multiple_producer_safety_regression.py,318,test,named_container_assignment,repository,"repository = _build_repository(data, include_first=True)"
tests/test_phase83_multiple_producer_safety_regression.py,353,test,named_container_assignment,repository,"repository = _build_repository(data, include_setup=False)"
tests/test_phase83_multiple_producer_safety_regression.py,386,test,named_container_assignment,repository,repository = _build_repository(data)
tests/test_phase83_multiple_producer_safety_regression.py,435,test,named_container_assignment,repository,repository = _build_repository(data)
tests/test_phase83_multiple_producer_safety_regression.py,487,test,named_container_assignment,repository,repository = _build_repository(data)
tests/test_phase83_multiple_producer_safety_regression.py,534,test,named_container_assignment,repository,repository = _build_repository(data)
tests/test_phase83_multiple_producer_safety_regression.py,35,test,registration_call_candidate,catalog.register,"catalog.register(InferenceRuleCatalogEntry(key=key, rule=rule, conclusion_type=conclusion_type, fixed_point_safe=fixed_point_safe))"
tests/test_phase83_multiple_producer_safety_regression.py,54,test,repository_constructor,ProofRepository,ProofRepository()
tests/test_phase83_multiple_producer_safety_regression.py,82,test,registration_call_candidate,repository.register,"repository.register(ProofRepositoryEntry(key=f'phase83.safety.seed.{index}', step=step, phase='83', theorem='multiple-producer safety regression'))"
tests/test_phase83_multiple_producer_safety_regression.py,83,test,explicit_entry_constructor,ProofRepositoryEntry,"ProofRepositoryEntry(key=f'phase83.safety.seed.{index}', step=step, phase='83', theorem='multiple-producer safety regression')"
tests/test_phase83_probe.py,72,test,rule_function_candidate,test_phase83_probe_reuses_all_actual_rules,
tests/test_phase84_actual_theorem_integration.py,202,test,rule_function_candidate,test_phase84_6_bracket_sum_preserves_rule_identity,
tests/test_phase84_actual_theorem_integration.py,268,test,rule_function_candidate,test_phase84_6_composition_preserves_rule_identity,
tests/test_phase84_actual_theorem_integration.py,360,test,rule_function_candidate,test_phase84_6_final_preserves_rule_identity,
tests/test_phase84_actual_theorem_integration.py,415,test,api_or_container_definition,test_phase84_6_final_reaches_all_initial_repository_steps,
tests/test_phase84_actual_theorem_integration.py,431,test,api_or_container_definition,test_phase84_6_repository_remains_unchanged,
tests/test_phase84_actual_theorem_integration.py,449,test,named_container_assignment,repository_steps,repository_steps = repository_available_steps(data['repository'])
tests/test_phase84_bounded_depth_two_execution.py,25,test,statement_class_candidate,Phase84ExecutionSeedAStatement,
tests/test_phase84_bounded_depth_two_execution.py,30,test,statement_class_candidate,Phase84ExecutionSeedBStatement,
tests/test_phase84_bounded_depth_two_execution.py,35,test,statement_class_candidate,Phase84ExecutionSharedStatement,
tests/test_phase84_bounded_depth_two_execution.py,40,test,statement_class_candidate,Phase84ExecutionIntermediateStatement,
tests/test_phase84_bounded_depth_two_execution.py,45,test,statement_class_candidate,Phase84ExecutionGoalStatement,
tests/test_phase84_bounded_depth_two_execution.py,49,test,rule_function_candidate,_shared_producer_rule,
tests/test_phase84_bounded_depth_two_execution.py,73,test,rule_function_candidate,_intermediate_producer_rule,
tests/test_phase84_bounded_depth_two_execution.py,110,test,rule_function_candidate,_final_rule,
tests/test_phase84_bounded_depth_two_execution.py,140,test,rule_function_candidate,_register_rule,
tests/test_phase84_bounded_depth_two_execution.py,375,test,rule_function_candidate,test_phase84_5_final_preserves_rule_identity,
tests/test_phase84_bounded_depth_two_execution.py,428,test,api_or_container_definition,test_phase84_5_repository_remains_unchanged,
tests/test_phase84_bounded_depth_two_execution.py,178,test,named_container_assignment,repository,repository = ProofRepository()
tests/test_phase84_bounded_depth_two_execution.py,446,test,named_container_assignment,repository_steps,repository_steps = repository_available_steps(data['repository'])
tests/test_phase84_bounded_depth_two_execution.py,146,test,registration_call_candidate,catalog.register,"catalog.register(InferenceRuleCatalogEntry(key=key, rule=rule, conclusion_type=conclusion_type, fixed_point_safe=True))"
tests/test_phase84_bounded_depth_two_execution.py,178,test,repository_constructor,ProofRepository,ProofRepository()
tests/test_phase84_bounded_depth_two_execution.py,190,test,registration_call_candidate,repository.register,"repository.register(ProofRepositoryEntry(key=key, step=step, phase='84', theorem='bounded depth-two execution'))"
tests/test_phase84_bounded_depth_two_execution.py,191,test,explicit_entry_constructor,ProofRepositoryEntry,"ProofRepositoryEntry(key=key, step=step, phase='84', theorem='bounded depth-two execution')"
tests/test_phase84_bounded_search_representation.py,16,test,statement_class_candidate,Phase84SeedStatement,
tests/test_phase84_bounded_search_representation.py,20,test,statement_class_candidate,Phase84SharedStatement,
tests/test_phase84_bounded_search_representation.py,24,test,statement_class_candidate,Phase84IntermediateStatement,
tests/test_phase84_bounded_search_representation.py,28,test,statement_class_candidate,Phase84GoalStatement,
tests/test_phase84_bounded_search_representation.py,32,test,rule_function_candidate,_phase84_rule,
tests/test_phase84_bounded_search_representation.py,361,test,rule_function_candidate,test_phase84_2_representation_does_not_execute_rules,
tests/test_phase84_depth_two_safety_regression.py,28,test,statement_class_candidate,Phase84SafetyAStatement,
tests/test_phase84_depth_two_safety_regression.py,33,test,statement_class_candidate,Phase84SafetyBStatement,
tests/test_phase84_depth_two_safety_regression.py,38,test,statement_class_candidate,Phase84SafetyCStatement,
tests/test_phase84_depth_two_safety_regression.py,43,test,statement_class_candidate,Phase84SafetyGoalStatement,
tests/test_phase84_depth_two_safety_regression.py,47,test,rule_function_candidate,_register_rule,
tests/test_phase84_depth_two_safety_regression.py,112,test,rule_function_candidate,_single_premise_rule,
tests/test_phase84_depth_two_safety_regression.py,131,test,api_or_container_definition,_empty_safety_repository,
tests/test_phase84_depth_two_safety_regression.py,238,test,rule_function_candidate,test_phase84_7_distinct_final_rule_ambiguity_stops,
tests/test_phase84_depth_two_safety_regression.py,602,test,api_or_container_definition,test_phase84_7_failed_searches_do_not_mutate_repository,
tests/test_phase84_depth_two_safety_regression.py,397,test,named_container_assignment,repository,repository = _empty_safety_repository()
tests/test_phase84_depth_two_safety_regression.py,465,test,named_container_assignment,repository,repository = _empty_safety_repository()
tests/test_phase84_depth_two_safety_regression.py,54,test,registration_call_candidate,catalog.register,"catalog.register(InferenceRuleCatalogEntry(key=key, rule=rule, conclusion_type=conclusion_type, fixed_point_safe=fixed_point_safe))"
tests/test_phase84_depth_two_safety_regression.py,132,test,repository_constructor,ProofRepository,ProofRepository()
tests/test_phase84_probe.py,78,test,rule_function_candidate,test_phase84_probe_reuses_actual_rules,
tests/test_phase84_producer_premise_availability.py,29,test,rule_function_candidate,_register_rule,
tests/test_phase84_producer_premise_availability.py,185,test,rule_function_candidate,test_phase84_3_final_rule_has_two_missing_premises,
tests/test_phase84_producer_premise_availability.py,329,test,api_or_container_definition,test_phase84_3_analysis_uses_only_initial_repository_steps,
tests/test_phase84_producer_premise_availability.py,363,test,api_or_container_definition,test_phase84_3_analysis_does_not_mutate_repository,
tests/test_phase84_producer_premise_availability.py,78,test,named_container_assignment,repository,repository = ProofRepository()
tests/test_phase84_producer_premise_availability.py,35,test,registration_call_candidate,catalog.register,"catalog.register(InferenceRuleCatalogEntry(key=key, rule=rule, conclusion_type=conclusion_type, fixed_point_safe=True))"
tests/test_phase84_producer_premise_availability.py,78,test,repository_constructor,ProofRepository,ProofRepository()
tests/test_phase84_producer_premise_availability.py,98,test,registration_call_candidate,repository.register,"repository.register(ProofRepositoryEntry(key=key, step=step, phase='84', theorem='Toda Lemma 5.16 producer premise availability'))"
tests/test_phase84_producer_premise_availability.py,99,test,explicit_entry_constructor,ProofRepositoryEntry,"ProofRepositoryEntry(key=key, step=step, phase='84', theorem='Toda Lemma 5.16 producer premise availability')"
tests/test_phase84_unique_depth_two_producer_chain.py,66,test,rule_function_candidate,test_phase84_4_selects_actual_final_rule,
tests/test_phase84_unique_depth_two_producer_chain.py,252,test,api_or_container_definition,test_phase84_4_selection_does_not_mutate_repository,
tests/test_phase85_actual_theorem_integration.py,196,test,rule_function_candidate,test_phase85_8_integrated_search_selects_actual_rules,
tests/test_phase85_actual_theorem_integration.py,363,test,api_or_container_definition,test_phase85_8_final_reaches_all_initial_repository_steps,
tests/test_phase85_actual_theorem_integration.py,381,test,api_or_container_definition,test_phase85_8_repository_remains_unchanged,
tests/test_phase85_actual_theorem_integration.py,56,test,named_container_assignment,repository,repository = phase84_3['repository']
tests/test_phase85_actual_theorem_integration.py,83,test,named_container_assignment,repository_result,repository_result = result.repository_inference_result
tests/test_phase85_actual_theorem_integration.py,396,test,named_container_assignment,repository_steps,repository_steps = repository_available_steps(data['repository'])
tests/test_phase85_bounded_search_diagnostic_representation.py,22,test,statement_class_candidate,Phase85DiagnosticPremiseStatement,
tests/test_phase85_bounded_search_diagnostic_representation.py,27,test,statement_class_candidate,Phase85DiagnosticConclusionStatement,
tests/test_phase85_bounded_search_diagnostic_representation.py,31,test,rule_function_candidate,_requesting_rule,
tests/test_phase85_bounded_search_diagnostic_representation.py,50,test,rule_function_candidate,_producer_rule,
tests/test_phase85_direct_producer_failure_classification.py,20,test,rule_function_candidate,_register_rule,
tests/test_phase85_direct_producer_failure_classification.py,80,test,rule_function_candidate,test_phase85_3_classifies_missing_final_rule,
tests/test_phase85_direct_producer_failure_classification.py,101,test,rule_function_candidate,test_phase85_3_classifies_ambiguous_final_rule,
tests/test_phase85_direct_producer_failure_classification.py,219,test,rule_function_candidate,test_phase85_3_deduplicates_unsafe_rule_aliases,
tests/test_phase85_direct_producer_failure_classification.py,363,test,api_or_container_definition,test_phase85_3_diagnostic_does_not_mutate_repository,
tests/test_phase85_direct_producer_failure_classification.py,27,test,registration_call_candidate,catalog.register,"catalog.register(InferenceRuleCatalogEntry(key=key, rule=rule, conclusion_type=conclusion_type, fixed_point_safe=fixed_point_safe))"
tests/test_phase85_execution_diagnostic_report_integration.py,161,test,rule_function_candidate,test_phase85_6_integrates_final_rule_execution_failure,
tests/test_phase85_execution_diagnostic_report_integration.py,231,test,api_or_container_definition,test_phase85_6_report_building_does_not_mutate_repository,
tests/test_phase85_execution_diagnostic_report_integration.py,65,test,named_container_assignment,repository,repository = ProofRepository()
tests/test_phase85_execution_diagnostic_report_integration.py,65,test,repository_constructor,ProofRepository,ProofRepository()
tests/test_phase85_execution_diagnostic_report_integration.py,67,test,registration_call_candidate,repository.register,"repository.register(ProofRepositoryEntry(key='phase85.report.goal', step=goal_step, phase='85', theorem='execution diagnostic report integration'))"
tests/test_phase85_execution_diagnostic_report_integration.py,68,test,explicit_entry_constructor,ProofRepositoryEntry,"ProofRepositoryEntry(key='phase85.report.goal', step=goal_step, phase='85', theorem='execution diagnostic report integration')"
tests/test_phase85_execution_failure_diagnostics.py,26,test,statement_class_candidate,Phase85ExecutionSeedStatement,
tests/test_phase85_execution_failure_diagnostics.py,31,test,statement_class_candidate,Phase85ExecutionPremiseStatement,
tests/test_phase85_execution_failure_diagnostics.py,36,test,statement_class_candidate,Phase85ExecutionWrongStatement,
tests/test_phase85_execution_failure_diagnostics.py,41,test,statement_class_candidate,Phase85ExecutionGoalStatement,
tests/test_phase85_execution_failure_diagnostics.py,45,test,api_or_container_definition,_repository,
tests/test_phase85_execution_failure_diagnostics.py,70,test,rule_function_candidate,_producer_rule,
tests/test_phase85_execution_failure_diagnostics.py,108,test,rule_function_candidate,_final_rule,
tests/test_phase85_execution_failure_diagnostics.py,295,test,rule_function_candidate,test_phase85_5_classifies_final_rule_not_applicable,
tests/test_phase85_execution_failure_diagnostics.py,364,test,api_or_container_definition,test_phase85_5_diagnostic_does_not_mutate_repository,
tests/test_phase85_execution_failure_diagnostics.py,54,test,named_container_assignment,repository,repository = ProofRepository()
tests/test_phase85_execution_failure_diagnostics.py,184,test,named_container_assignment,repository,repository = _repository()
tests/test_phase85_execution_failure_diagnostics.py,54,test,repository_constructor,ProofRepository,ProofRepository()
tests/test_phase85_execution_failure_diagnostics.py,56,test,registration_call_candidate,repository.register,"repository.register(ProofRepositoryEntry(key='phase85.execution.seed', step=seed_step, phase='85', theorem='execution failure diagnostics'))"
tests/test_phase85_execution_failure_diagnostics.py,152,test,registration_call_candidate,catalog.register,"catalog.register(InferenceRuleCatalogEntry(key='phase85.execution.producer', rule=producer_rule, conclusion_type=Phase85ExecutionPremiseStatement, fixed_point_safe=True))"
tests/test_phase85_execution_failure_diagnostics.py,163,test,registration_call_candidate,catalog.register,"catalog.register(InferenceRuleCatalogEntry(key='phase85.execution.final', rule=final_rule, conclusion_type=Phase85ExecutionGoalStatement, fixed_point_safe=True))"
tests/test_phase85_execution_failure_diagnostics.py,57,test,explicit_entry_constructor,ProofRepositoryEntry,"ProofRepositoryEntry(key='phase85.execution.seed', step=seed_step, phase='85', theorem='execution failure diagnostics')"
tests/test_phase85_integrated_bounded_search_execution.py,71,test,rule_function_candidate,test_phase85_7_executes_report_selected_rules,
tests/test_phase85_integrated_bounded_search_execution.py,263,test,api_or_container_definition,test_phase85_7_does_not_mutate_repository,
tests/test_phase85_integrated_bounded_search_execution.py,135,test,named_container_assignment,repository,repository = ProofRepository()
tests/test_phase85_integrated_bounded_search_execution.py,135,test,repository_constructor,ProofRepository,ProofRepository()
tests/test_phase85_integrated_bounded_search_execution.py,137,test,registration_call_candidate,repository.register,"repository.register(ProofRepositoryEntry(key='phase85.execution.existing_goal', step=goal_step, phase='85', theorem='integrated bounded search execution'))"
tests/test_phase85_integrated_bounded_search_execution.py,138,test,explicit_entry_constructor,ProofRepositoryEntry,"ProofRepositoryEntry(key='phase85.execution.existing_goal', step=goal_step, phase='85', theorem='integrated bounded search execution')"
tests/test_phase85_nested_producer_cycle_depth_classification.py,25,test,statement_class_candidate,Phase85NestedAStatement,
tests/test_phase85_nested_producer_cycle_depth_classification.py,30,test,statement_class_candidate,Phase85NestedBStatement,
tests/test_phase85_nested_producer_cycle_depth_classification.py,35,test,statement_class_candidate,Phase85NestedCStatement,
tests/test_phase85_nested_producer_cycle_depth_classification.py,40,test,statement_class_candidate,Phase85NestedGoalStatement,
tests/test_phase85_nested_producer_cycle_depth_classification.py,44,test,rule_function_candidate,_single_premise_rule,
tests/test_phase85_nested_producer_cycle_depth_classification.py,63,test,rule_function_candidate,_no_premise_rule,
tests/test_phase85_nested_producer_cycle_depth_classification.py,76,test,rule_function_candidate,_register_rule,
tests/test_phase85_nested_producer_cycle_depth_classification.py,93,test,rule_function_candidate,_base_rules,
tests/test_phase85_nested_producer_cycle_depth_classification.py,481,test,api_or_container_definition,test_phase85_4_diagnostic_does_not_mutate_repository,
tests/test_phase85_nested_producer_cycle_depth_classification.py,483,test,named_container_assignment,repository,repository = ProofRepository()
tests/test_phase85_nested_producer_cycle_depth_classification.py,83,test,registration_call_candidate,catalog.register,"catalog.register(InferenceRuleCatalogEntry(key=key, rule=rule, conclusion_type=conclusion_type, fixed_point_safe=fixed_point_safe))"
tests/test_phase85_nested_producer_cycle_depth_classification.py,483,test,repository_constructor,ProofRepository,ProofRepository()
tests/test_phase85_nested_producer_cycle_depth_classification.py,194,test,repository_constructor,ProofRepository,ProofRepository()
tests/test_phase85_probe.py,81,test,rule_function_candidate,test_phase85_probe_preserves_actual_rule_identity,
tests/test_phase86_depth_four_bounded_search.py,26,test,statement_class_candidate,Phase86DepthFourAStatement,
tests/test_phase86_depth_four_bounded_search.py,31,test,statement_class_candidate,Phase86DepthFourBStatement,
tests/test_phase86_depth_four_bounded_search.py,36,test,statement_class_candidate,Phase86DepthFourCStatement,
tests/test_phase86_depth_four_bounded_search.py,41,test,statement_class_candidate,Phase86DepthFourDStatement,
tests/test_phase86_depth_four_bounded_search.py,46,test,statement_class_candidate,Phase86DepthFourGoalStatement,
tests/test_phase86_depth_four_bounded_search.py,50,test,rule_function_candidate,_single_premise_rule,
tests/test_phase86_depth_four_bounded_search.py,69,test,rule_function_candidate,_no_premise_rule,
tests/test_phase86_depth_four_bounded_search.py,82,test,rule_function_candidate,_register_rule,
tests/test_phase86_depth_four_bounded_search.py,354,test,api_or_container_definition,test_phase86_4_3_selection_preserves_repository,
tests/test_phase86_depth_four_bounded_search.py,407,test,api_or_container_definition,test_phase86_4_4_diagnostics_preserve_repository,
tests/test_phase86_depth_four_bounded_search.py,528,test,api_or_container_definition,test_phase86_4_4_report_preserves_repository,
tests/test_phase86_depth_four_bounded_search.py,756,test,api_or_container_definition,test_phase86_4_5_max_depth_four_execution_preserves_repository,
tests/test_phase86_depth_four_bounded_search.py,100,test,named_container_assignment,repository,repository = ProofRepository()
tests/test_phase86_depth_four_bounded_search.py,611,test,named_container_assignment,repository_result,repository_result = result.repository_inference_result
tests/test_phase86_depth_four_bounded_search.py,88,test,registration_call_candidate,catalog.register,"catalog.register(InferenceRuleCatalogEntry(key=key, rule=rule, conclusion_type=conclusion_type, fixed_point_safe=True))"
tests/test_phase86_depth_four_bounded_search.py,100,test,repository_constructor,ProofRepository,ProofRepository()
tests/test_phase86_depth_three_bounded_search.py,25,test,statement_class_candidate,Phase86DepthThreeAStatement,
tests/test_phase86_depth_three_bounded_search.py,30,test,statement_class_candidate,Phase86DepthThreeBStatement,
tests/test_phase86_depth_three_bounded_search.py,35,test,statement_class_candidate,Phase86DepthThreeCStatement,
tests/test_phase86_depth_three_bounded_search.py,40,test,statement_class_candidate,Phase86DepthThreeDStatement,
tests/test_phase86_depth_three_bounded_search.py,45,test,statement_class_candidate,Phase86DepthThreeGoalStatement,
tests/test_phase86_depth_three_bounded_search.py,49,test,rule_function_candidate,_single_premise_rule,
tests/test_phase86_depth_three_bounded_search.py,68,test,rule_function_candidate,_no_premise_rule,
tests/test_phase86_depth_three_bounded_search.py,81,test,rule_function_candidate,_register_rule,
tests/test_phase86_depth_three_bounded_search.py,228,test,api_or_container_definition,test_phase86_3_1_max_depth_two_preserves_repository,
tests/test_phase86_depth_three_bounded_search.py,322,test,api_or_container_definition,test_phase86_3_2_selection_preserves_repository,
tests/test_phase86_depth_three_bounded_search.py,643,test,api_or_container_definition,test_phase86_3_3_diagnostics_preserve_repository,
tests/test_phase86_depth_three_bounded_search.py,797,test,api_or_container_definition,test_phase86_3_4_max_depth_three_report_preserves_repository,
tests/test_phase86_depth_three_bounded_search.py,972,test,api_or_container_definition,test_phase86_3_5_max_depth_three_execution_preserves_repository,
tests/test_phase86_depth_three_bounded_search.py,99,test,named_container_assignment,repository,repository = ProofRepository()
tests/test_phase86_depth_three_bounded_search.py,354,test,named_container_assignment,repository,repository = ProofRepository()
tests/test_phase86_depth_three_bounded_search.py,431,test,named_container_assignment,repository,repository = ProofRepository()
tests/test_phase86_depth_three_bounded_search.py,879,test,named_container_assignment,repository_result,repository_result = result.repository_inference_result
tests/test_phase86_depth_three_bounded_search.py,87,test,registration_call_candidate,catalog.register,"catalog.register(InferenceRuleCatalogEntry(key=key, rule=rule, conclusion_type=conclusion_type, fixed_point_safe=True))"
tests/test_phase86_depth_three_bounded_search.py,99,test,repository_constructor,ProofRepository,ProofRepository()
tests/test_phase86_depth_three_bounded_search.py,354,test,repository_constructor,ProofRepository,ProofRepository()
tests/test_phase86_depth_three_bounded_search.py,431,test,repository_constructor,ProofRepository,ProofRepository()
tests/test_phase86_explicit_max_depth_parameterization.py,22,test,rule_function_candidate,_producer_rule_sequence,
tests/test_phase86_explicit_max_depth_parameterization.py,42,test,rule_function_candidate,_dependency_rule_sequence,
tests/test_phase86_explicit_max_depth_parameterization.py,430,test,api_or_container_definition,test_phase86_2_explicit_execution_preserves_repository_non_mutation,
tests/test_phase86_explicit_max_depth_parameterization.py,367,test,named_container_assignment,default_repository_result,default_repository_result = default_result.repository_inference_result
tests/test_phase86_explicit_max_depth_parameterization.py,370,test,named_container_assignment,explicit_repository_result,explicit_repository_result = explicit_result.repository_inference_result
tests/test_phase86_explicit_max_depth_parameterization.py,199,test,repository_constructor,ProofRepository,ProofRepository()
tests/test_phase86_explicit_max_depth_parameterization.py,207,test,repository_constructor,ProofRepository,ProofRepository()
tests/test_phase86_probe.py,146,test,api_or_container_definition,test_phase86_probe_preserves_repository_non_mutation,
tests/test_phase87_minimal_retry_policy_representation.py,30,test,statement_class_candidate,Phase87RetrySeedStatement,
tests/test_phase87_minimal_retry_policy_representation.py,35,test,statement_class_candidate,Phase87RetryPremiseStatement,
tests/test_phase87_minimal_retry_policy_representation.py,40,test,statement_class_candidate,Phase87RetryGoalStatement,
tests/test_phase87_minimal_retry_policy_representation.py,44,test,rule_function_candidate,_producer_rule,
tests/test_phase87_minimal_retry_policy_representation.py,71,test,rule_function_candidate,_final_rule,
tests/test_phase87_minimal_retry_policy_representation.py,87,test,rule_function_candidate,_register_rule,
tests/test_phase87_minimal_retry_policy_representation.py,310,test,api_or_container_definition,test_phase87_2_fixture_and_search_do_not_mutate_repository,
tests/test_phase87_minimal_retry_policy_representation.py,111,test,named_container_assignment,repository,repository = ProofRepository()
tests/test_phase87_minimal_retry_policy_representation.py,93,test,registration_call_candidate,catalog.register,"catalog.register(InferenceRuleCatalogEntry(key=key, rule=rule, conclusion_type=conclusion_type, fixed_point_safe=True))"
tests/test_phase87_minimal_retry_policy_representation.py,111,test,repository_constructor,ProofRepository,ProofRepository()
tests/test_phase87_minimal_retry_policy_representation.py,113,test,registration_call_candidate,repository.register,"repository.register(ProofRepositoryEntry(key='phase87.retry.seed', step=seed_step, phase='87', theorem='minimal producer retry policy'))"
tests/test_phase87_minimal_retry_policy_representation.py,114,test,explicit_entry_constructor,ProofRepositoryEntry,"ProofRepositoryEntry(key='phase87.retry.seed', step=seed_step, phase='87', theorem='minimal producer retry policy')"
tests/test_phase87_probe.py,85,test,api_or_container_definition,test_phase87_probe_preserves_repository,
tests/test_phase87_retry_diagnostics_report.py,152,test,api_or_container_definition,test_phase87_4_retry_diagnostics_and_report_preserve_repository,
tests/test_phase87_selected_path_execution_retry_provenance.py,190,test,api_or_container_definition,test_phase87_5_retry_execution_preserves_repository,
tests/test_phase87_selected_path_execution_retry_provenance.py,108,test,named_container_assignment,repository_result,repository_result = result.repository_inference_result
tests/test_phase87_selected_path_execution_retry_provenance.py,159,test,named_container_assignment,repository_result,repository_result = result.repository_inference_result
tests/test_phase87_selection_side_finite_retry.py,24,test,statement_class_candidate,Phase87SelectionAStatement,
tests/test_phase87_selection_side_finite_retry.py,29,test,statement_class_candidate,Phase87SelectionBStatement,
tests/test_phase87_selection_side_finite_retry.py,34,test,statement_class_candidate,Phase87SelectionCStatement,
tests/test_phase87_selection_side_finite_retry.py,39,test,statement_class_candidate,Phase87SelectionGoalStatement,
tests/test_phase87_selection_side_finite_retry.py,43,test,rule_function_candidate,_single_premise_rule,
tests/test_phase87_selection_side_finite_retry.py,63,test,rule_function_candidate,_no_premise_rule,
tests/test_phase87_selection_side_finite_retry.py,77,test,rule_function_candidate,_register_rule,
tests/test_phase87_selection_side_finite_retry.py,344,test,api_or_container_definition,test_phase87_3_retry_selection_preserves_repository,
tests/test_phase87_selection_side_finite_retry.py,95,test,named_container_assignment,repository,repository = ProofRepository()
tests/test_phase87_selection_side_finite_retry.py,83,test,registration_call_candidate,catalog.register,"catalog.register(InferenceRuleCatalogEntry(key=key, rule=rule, conclusion_type=conclusion_type, fixed_point_safe=True))"
tests/test_phase87_selection_side_finite_retry.py,95,test,repository_constructor,ProofRepository,ProofRepository()
tests/test_phase88_concrete_goal_end_to_end.py,328,test,rule_function_candidate,test_phase88_17_execution_provenance_uses_selected_iota17_rule,
tests/test_phase88_concrete_goal_end_to_end.py,371,test,rule_function_candidate,test_phase88_17_unrelated_collision_rules_are_not_selected,
tests/test_phase88_concrete_goal_end_to_end.py,396,test,api_or_container_definition,test_phase88_17_execution_does_not_mutate_repository,
tests/test_phase88_concrete_goal_end_to_end.py,103,test,named_container_assignment,repository,repository = ProofRepository()
tests/test_phase88_concrete_goal_end_to_end.py,99,test,registration_call_candidate,catalog.register,catalog.register(final_entry)
tests/test_phase88_concrete_goal_end_to_end.py,103,test,repository_constructor,ProofRepository,ProofRepository()
tests/test_phase88_concrete_goal_end_to_end.py,85,test,registration_call_candidate,catalog.register,catalog.register(entry)
tests/test_phase88_concrete_goal_end_to_end.py,110,test,registration_call_candidate,repository.register,"repository.register(ProofRepositoryEntry(key=f'phase88.end-to-end.seed-{index}', step=step))"
tests/test_phase88_concrete_goal_end_to_end.py,111,test,explicit_entry_constructor,ProofRepositoryEntry,"ProofRepositoryEntry(key=f'phase88.end-to-end.seed-{index}', step=step)"
tests/test_phase88_concrete_missing_premise_representation.py,25,test,statement_class_candidate,Phase88KnownStatement,
tests/test_phase88_concrete_missing_premise_representation.py,30,test,statement_class_candidate,Phase88MissingStatement,
tests/test_phase88_concrete_missing_premise_representation.py,85,test,registration_call_candidate,catalog.register,"catalog.register(InferenceRuleCatalogEntry(key='phase88.concrete-missing.producer', rule=producer_rule, conclusion_type=Phase88MissingStatement, fixed_point_safe=True))"
tests/test_phase88_goal_side_compatibility.py,22,test,statement_class_candidate,Phase88GoalCompatibilityStatement,
tests/test_phase88_goal_side_compatibility.py,220,test,rule_function_candidate,test_phase88_7_actual_goals_select_one_matching_rule_each,
tests/test_phase88_goal_side_compatibility.py,31,test,named_container_assignment,entries,entries = []
tests/test_phase88_goal_side_compatibility.py,189,test,named_container_assignment,selected_entries,"selected_entries = tuple((find_goal_compatible_rule_entries(data['catalog'], goal) for goal in data['goals']))"
tests/test_phase88_goal_side_compatibility.py,128,test,registration_call_candidate,catalog.register,"catalog.register(InferenceRuleCatalogEntry(key='phase88.invalid-result', rule=InferenceRule(name='phase88 invalid result rule'), conclusion_type=Phase88GoalCompatibilityStatement, fixed_point_safe=True, goal_compatibility=lambda goal: 'yes'"
tests/test_phase88_goal_side_compatibility.py,64,test,registration_call_candidate,catalog.register,catalog.register(entry)
tests/test_phase88_producer_goal_compatibility_filtering.py,101,test,rule_function_candidate,test_phase88_11_each_actual_requested_statement_selects_one_rule,
tests/test_phase88_producer_goal_compatibility_filtering.py,128,test,rule_function_candidate,test_phase88_11_rule_entry_lookup_filters_by_requested_statement,
tests/test_phase88_producer_goal_compatibility_filtering.py,235,test,registration_call_candidate,catalog.register,"catalog.register(InferenceRuleCatalogEntry(key='phase88.no-filter', rule=always_available_rule, conclusion_type=TodaDeltaImageUpToSignStatement, fixed_point_safe=True))"
tests/test_phase88_realistic_catalog_collision_observability.py,197,test,rule_function_candidate,test_phase88_4_catalog_preserves_three_distinct_rule_identities,
tests/test_phase88_realistic_catalog_collision_observability.py,244,test,rule_function_candidate,test_phase88_4_same_rule_alias_does_not_add_producer_candidate,
tests/test_phase88_realistic_catalog_collision_observability.py,56,test,named_container_assignment,catalog_entries,"catalog_entries = (InferenceRuleCatalogEntry(key='phase88.realistic.delta-iota5', rule=iota5_rule, conclusion_type=TodaDeltaImageUpToSignStatement, fixed_point_safe=True), InferenceRuleCatalogEntry(key='phase88.realistic.delta-iota9', rule="
tests/test_phase88_realistic_catalog_collision_observability.py,98,test,registration_call_candidate,alias_catalog.register,alias_catalog.register(alias_entry)
tests/test_phase88_realistic_catalog_collision_observability.py,87,test,registration_call_candidate,catalog.register,catalog.register(entry)
tests/test_phase88_realistic_catalog_collision_observability.py,88,test,registration_call_candidate,alias_catalog.register,alias_catalog.register(entry)
tests/test_phase88_selected_node_concrete_execution_validation.py,29,test,statement_class_candidate,Phase88KnownStatement,
tests/test_phase88_selected_node_concrete_execution_validation.py,34,test,statement_class_candidate,Phase88TargetStatement,
tests/test_phase88_selected_node_concrete_execution_validation.py,39,test,statement_class_candidate,Phase88GoalStatement,
tests/test_phase88_selected_node_concrete_execution_validation.py,95,test,named_container_assignment,repository,repository = ProofRepository()
tests/test_phase88_selected_node_concrete_execution_validation.py,95,test,repository_constructor,ProofRepository,ProofRepository()
tests/test_phase88_selected_node_concrete_execution_validation.py,96,test,registration_call_candidate,repository.register,"repository.register(ProofRepositoryEntry(key='phase88.known', step=known_step))"
tests/test_phase88_selected_node_concrete_execution_validation.py,113,test,registration_call_candidate,catalog.register,"catalog.register(InferenceRuleCatalogEntry(key='phase88.final', rule=final_rule, conclusion_type=Phase88GoalStatement, fixed_point_safe=True, goal_compatibility=lambda candidate_goal: candidate_goal == goal))"
tests/test_phase88_selected_node_concrete_execution_validation.py,125,test,registration_call_candidate,catalog.register,"catalog.register(InferenceRuleCatalogEntry(key='phase88.producer', rule=producer_rule, conclusion_type=Phase88TargetStatement, fixed_point_safe=True, goal_compatibility=lambda candidate_goal: candidate_goal == requested_statement))"
tests/test_phase88_selected_node_concrete_execution_validation.py,97,test,explicit_entry_constructor,ProofRepositoryEntry,"ProofRepositoryEntry(key='phase88.known', step=known_step)"
tests/test_phase88_unsafe_producer_diagnostic_compatibility.py,55,test,rule_function_candidate,_target_rule,
tests/test_phase88_unsafe_producer_diagnostic_compatibility.py,44,test,registration_call_candidate,catalog.register,"catalog.register(InferenceRuleCatalogEntry(key=key, rule=rule, conclusion_type=conclusion_type, fixed_point_safe=fixed_point_safe, goal_compatibility=goal_compatibility))"
tests/test_phase88_unsafe_producer_diagnostic_compatibility.py,145,test,repository_constructor,ProofRepository,ProofRepository()
tests/test_phase88_unsafe_producer_diagnostic_compatibility.py,245,test,repository_constructor,ProofRepository,ProofRepository()
tests/test_phase90_actual_known_group_lookup.py,421,test,api_or_container_definition,test_phase90_3_3_lookup_does_not_mutate_repository,
tests/test_phase90_actual_known_group_lookup.py,49,test,named_container_assignment,repository,repository = ProofRepository()
tests/test_phase90_actual_known_group_lookup.py,102,test,named_container_assignment,initial_entries,initial_entries = repository.entries()
tests/test_phase90_actual_known_group_lookup.py,123,test,named_container_assignment,final_entries,final_entries = repository.entries()
tests/test_phase90_actual_known_group_lookup.py,49,test,repository_constructor,ProofRepository,ProofRepository()
tests/test_phase90_actual_known_group_lookup.py,51,test,explicit_entry_constructor,ProofRepositoryEntry,"ProofRepositoryEntry(key='phase90.actual.pi7_4', step=pi7_4_step, phase='65', theorem='Toda Proposition 5.6 pi_7^4 decomposition')"
tests/test_phase90_actual_known_group_lookup.py,60,test,explicit_entry_constructor,ProofRepositoryEntry,"ProofRepositoryEntry(key='phase90.actual.pi10_4', step=pi10_4_step, phase='73', theorem='Toda Proposition 5.11 pi_10^4')"
tests/test_phase90_actual_known_group_lookup.py,69,test,explicit_entry_constructor,ProofRepositoryEntry,"ProofRepositoryEntry(key='phase90.actual.pi9_2', step=pi9_2_step, phase='75', theorem='Toda Proposition 5.15 pi_9^2')"
tests/test_phase90_actual_known_group_lookup.py,79,test,registration_call_candidate,repository.register,repository.register(pi7_4_entry)
tests/test_phase90_actual_known_group_lookup.py,82,test,registration_call_candidate,repository.register,repository.register(pi10_4_entry)
tests/test_phase90_actual_known_group_lookup.py,85,test,registration_call_candidate,repository.register,repository.register(pi9_2_entry)
tests/test_phase90_known_group_lookup.py,465,test,api_or_container_definition,test_phase90_3_2_lookup_rejects_non_repository,
tests/test_phase90_known_group_lookup.py,251,test,named_container_assignment,repository,repository = ProofRepository()
tests/test_phase90_known_group_lookup.py,267,test,named_container_assignment,repository,repository = ProofRepository()
tests/test_phase90_known_group_lookup.py,317,test,named_container_assignment,repository,repository = ProofRepository()
tests/test_phase90_known_group_lookup.py,363,test,named_container_assignment,repository,repository = ProofRepository()
tests/test_phase90_known_group_lookup.py,394,test,named_container_assignment,repository,repository = ProofRepository()
tests/test_phase90_known_group_lookup.py,482,test,named_container_assignment,repository,repository = ProofRepository()
tests/test_phase90_known_group_lookup.py,54,test,explicit_entry_constructor,ProofRepositoryEntry,"ProofRepositoryEntry(key=key, step=ProofStep(conclusion=conclusion, premises=(), rule=rule))"
tests/test_phase90_known_group_lookup.py,251,test,repository_constructor,ProofRepository,ProofRepository()
tests/test_phase90_known_group_lookup.py,267,test,repository_constructor,ProofRepository,ProofRepository()
tests/test_phase90_known_group_lookup.py,297,test,registration_call_candidate,repository.register,repository.register(given_entry)
tests/test_phase90_known_group_lookup.py,300,test,registration_call_candidate,repository.register,repository.register(inference_entry)
tests/test_phase90_known_group_lookup.py,317,test,repository_constructor,ProofRepository,ProofRepository()
tests/test_phase90_known_group_lookup.py,343,test,registration_call_candidate,repository.register,repository.register(first_entry)
tests/test_phase90_known_group_lookup.py,346,test,registration_call_candidate,repository.register,repository.register(second_entry)
tests/test_phase90_known_group_lookup.py,363,test,repository_constructor,ProofRepository,ProofRepository()
tests/test_phase90_known_group_lookup.py,378,test,registration_call_candidate,repository.register,repository.register(zero_entry)
tests/test_phase90_known_group_lookup.py,394,test,repository_constructor,ProofRepository,ProofRepository()
tests/test_phase90_known_group_lookup.py,444,test,registration_call_candidate,repository.register,repository.register(wrong_target_entry)
tests/test_phase90_known_group_lookup.py,447,test,registration_call_candidate,repository.register,repository.register(matching_entry)
tests/test_phase90_known_group_lookup.py,450,test,registration_call_candidate,repository.register,repository.register(non_group_relation_entry)
tests/test_phase90_known_group_lookup.py,482,test,repository_constructor,ProofRepository,ProofRepository()
tests/test_phase91_actual_group_normalization.py,382,test,api_or_container_definition,test_phase91_3_normalization_does_not_mutate_repository,
tests/test_phase91_actual_group_normalization.py,26,test,named_container_assignment,repository,repository = phase90['repository']
tests/test_phase91_actual_group_normalization.py,30,test,named_container_assignment,initial_entries,initial_entries = repository.entries()
tests/test_phase91_actual_group_normalization.py,59,test,named_container_assignment,final_entries,final_entries = repository.entries()
tests/test_phase91_minimal_group_result.py,74,test,explicit_entry_constructor,ProofRepositoryEntry,"ProofRepositoryEntry(key='phase91.fixture.pi7_4', step=proof_step, phase='91-2', theorem='Phase 91-2 fixture')"
tests/test_phase91_minimal_group_result.py,176,test,explicit_entry_constructor,ProofRepositoryEntry,"ProofRepositoryEntry(key='phase91.fixture.pi9_2', step=proof_step, phase='91-2', theorem='Phase 91-2 zero fixture')"
tests/test_phase92_actual_ehp_extraction.py,37,test,explicit_entry_constructor,ProofRepositoryEntry,"ProofRepositoryEntry(key='phase92.actual.pi9_5', step=phase68['final_step'], phase='68', theorem='Toda Proposition 5.8 pi_9^5')"
tests/test_phase92_ehp_group_enrichment.py,363,test,api_or_container_definition,test_phase92_4_enrichment_does_not_mutate_repository,
tests/test_phase92_ehp_group_enrichment.py,42,test,named_container_assignment,repository,repository = ProofRepository()
tests/test_phase92_ehp_group_enrichment.py,78,test,named_container_assignment,initial_entries,initial_entries = repository.entries()
tests/test_phase92_ehp_group_enrichment.py,91,test,named_container_assignment,final_entries,final_entries = repository.entries()
tests/test_phase92_ehp_group_enrichment.py,42,test,repository_constructor,ProofRepository,ProofRepository()
tests/test_phase92_ehp_group_enrichment.py,44,test,explicit_entry_constructor,ProofRepositoryEntry,"ProofRepositoryEntry(key='phase92.actual.pi8_4', step=phase68['pi8_4_step'], phase='68', theorem='Toda Proposition 5.8 pi_8^4')"
tests/test_phase92_ehp_group_enrichment.py,68,test,registration_call_candidate,repository.register,repository.register(pi8_4_entry)
tests/test_phase92_ehp_group_enrichment.py,71,test,registration_call_candidate,repository.register,repository.register(pi9_5_entry)
tests/test_phase92_ehp_group_enrichment.py,74,test,registration_call_candidate,repository.register,repository.register(pi7_4_entry)
tests/test_phase93_actual_dependency_extraction.py,63,test,explicit_entry_constructor,ProofRepositoryEntry,"ProofRepositoryEntry(key=key, step=root_step, phase='93', theorem=None)"
tests/test_phase93_dependency_role_classification.py,490,test,literature_reference_candidate,LiteratureReference,LiteratureReference(label='test reference')
tests/test_phase95_actual_representative_top_level_capability.py,689,test,api_or_container_definition,test_phase95_20_actual_representative_queries_do_not_mutate_repository,
tests/test_phase95_actual_representative_top_level_capability.py,39,test,named_container_assignment,repository,repository = ProofRepository()
tests/test_phase95_actual_representative_top_level_capability.py,87,test,named_container_assignment,initial_entries,initial_entries = repository.entries()
tests/test_phase95_actual_representative_top_level_capability.py,126,test,named_container_assignment,final_entries,final_entries = repository.entries()
tests/test_phase95_actual_representative_top_level_capability.py,39,test,repository_constructor,ProofRepository,ProofRepository()
tests/test_phase95_actual_representative_top_level_capability.py,41,test,explicit_entry_constructor,ProofRepositoryEntry,"ProofRepositoryEntry(key='phase95.actual.prop56', step=phase65['integration_step'], phase='65', theorem='Toda Proposition 5.6')"
tests/test_phase95_actual_representative_top_level_capability.py,50,test,explicit_entry_constructor,ProofRepositoryEntry,"ProofRepositoryEntry(key='phase95.actual.prop58', step=phase68['integration_step'], phase='68', theorem='Toda Proposition 5.8')"
tests/test_phase95_actual_representative_top_level_capability.py,59,test,explicit_entry_constructor,ProofRepositoryEntry,"ProofRepositoryEntry(key='phase95.actual.prop511', step=phase73['final_step'], phase='73', theorem='Toda Proposition 5.11')"
tests/test_phase95_actual_representative_top_level_capability.py,68,test,explicit_entry_constructor,ProofRepositoryEntry,"ProofRepositoryEntry(key='phase95.actual.prop515', step=phase75['aggregate_step'], phase='75', theorem='Toda Proposition 5.15')"
tests/test_phase95_actual_representative_top_level_capability.py,284,test,explicit_entry_constructor,ProofRepositoryEntry,"ProofRepositoryEntry(key='phase155.pi9_5.aggregate', step=ProofStep(conclusion='synthetic aggregate', premises=(), rule=ProofRule.GIVEN), phase='68', theorem='Toda Proposition 5.8')"
tests/test_phase95_actual_representative_top_level_capability.py,370,test,explicit_entry_constructor,ProofRepositoryEntry,"ProofRepositoryEntry(key='phase155.pi10_4.aggregate', step=ProofStep(conclusion='synthetic aggregate', premises=(), rule=ProofRule.GIVEN), phase='73', theorem='Toda Proposition 5.11')"
tests/test_phase95_actual_representative_top_level_capability.py,83,test,registration_call_candidate,repository.register,repository.register(entry)
tests/test_phase95_calculation_candidate_aggregate_provenance.py,27,test,explicit_entry_constructor,ProofRepositoryEntry,"ProofRepositoryEntry(key='phase95.prop56', step=data['integration_step'], phase='65', theorem='Toda Proposition 5.6')"
tests/test_phase95_calculation_goal_candidate.py,236,test,api_or_container_definition,test_phase95_8_source_rejects_non_repository_entry,
tests/test_phase95_calculation_goal_candidate.py,53,test,explicit_entry_constructor,ProofRepositoryEntry,"ProofRepositoryEntry(key='phase95.aggregate', step=ProofStep(conclusion=conclusion, premises=(), rule=ProofRule.GIVEN), phase='95', theorem='aggregate fixture')"
tests/test_phase95_concrete_aggregate_branch_extraction.py,423,test,api_or_container_definition,test_phase95_9_rejects_non_repository_entry,
tests/test_phase95_concrete_aggregate_branch_extraction.py,33,test,explicit_entry_constructor,ProofRepositoryEntry,"ProofRepositoryEntry(key=key, step=step, phase=phase, theorem=theorem)"
tests/test_phase95_existing_branch_proof_step_recovery.py,41,test,explicit_entry_constructor,ProofRepositoryEntry,"ProofRepositoryEntry(key=key, step=step, phase=phase, theorem=theorem)"
tests/test_phase95_known_result_orchestration.py,279,test,api_or_container_definition,test_phase95_3_orchestration_does_not_mutate_repository,
tests/test_phase95_known_result_orchestration.py,318,test,api_or_container_definition,test_phase95_3_rejects_non_repository_via_existing_lookup_validation,
tests/test_phase95_known_result_orchestration.py,28,test,named_container_assignment,repository,repository = ProofRepository()
tests/test_phase95_known_result_orchestration.py,34,test,named_container_assignment,initial_entries,initial_entries = repository.entries()
tests/test_phase95_known_result_orchestration.py,62,test,named_container_assignment,repository,repository = ProofRepository()
tests/test_phase95_known_result_orchestration.py,120,test,named_container_assignment,repository,repository = ProofRepository()
tests/test_phase95_known_result_orchestration.py,160,test,named_container_assignment,repository,repository = ProofRepository()
tests/test_phase95_known_result_orchestration.py,219,test,named_container_assignment,repository,repository = ProofRepository()
tests/test_phase95_known_result_orchestration.py,282,test,named_container_assignment,repository,repository = ProofRepository()
tests/test_phase95_known_result_orchestration.py,289,test,named_container_assignment,initial_entries,initial_entries = repository.entries()
tests/test_phase95_known_result_orchestration.py,301,test,named_container_assignment,final_entries,final_entries = repository.entries()
tests/test_phase95_known_result_orchestration.py,338,test,named_container_assignment,repository,repository = ProofRepository()
tests/test_phase95_known_result_orchestration.py,28,test,repository_constructor,ProofRepository,ProofRepository()
tests/test_phase95_known_result_orchestration.py,62,test,repository_constructor,ProofRepository,ProofRepository()
tests/test_phase95_known_result_orchestration.py,63,test,registration_call_candidate,repository.register,repository.register(data['entry'])
tests/test_phase95_known_result_orchestration.py,120,test,repository_constructor,ProofRepository,ProofRepository()
tests/test_phase95_known_result_orchestration.py,121,test,registration_call_candidate,repository.register,repository.register(data['entry'])
tests/test_phase95_known_result_orchestration.py,160,test,repository_constructor,ProofRepository,ProofRepository()
tests/test_phase95_known_result_orchestration.py,191,test,registration_call_candidate,repository.register,repository.register(first_entry)
tests/test_phase95_known_result_orchestration.py,194,test,registration_call_candidate,repository.register,repository.register(second_entry)
tests/test_phase95_known_result_orchestration.py,219,test,repository_constructor,ProofRepository,ProofRepository()
tests/test_phase95_known_result_orchestration.py,248,test,registration_call_candidate,repository.register,repository.register(first_entry)
tests/test_phase95_known_result_orchestration.py,251,test,registration_call_candidate,repository.register,repository.register(second_entry)
tests/test_phase95_known_result_orchestration.py,282,test,repository_constructor,ProofRepository,ProofRepository()
tests/test_phase95_known_result_orchestration.py,283,test,registration_call_candidate,repository.register,repository.register(data['entry'])
tests/test_phase95_known_result_orchestration.py,338,test,repository_constructor,ProofRepository,ProofRepository()
tests/test_phase95_recovered_branch_normalization.py,38,test,explicit_entry_constructor,ProofRepositoryEntry,"ProofRepositoryEntry(key=key, step=step, phase=phase, theorem=theorem)"
tests/test_phase95_repository_wide_goal_candidate_discovery.py,42,test,api_or_container_definition,test_phase95_10_empty_repository_returns_no_candidates,
tests/test_phase95_repository_wide_goal_candidate_discovery.py,67,test,api_or_container_definition,test_phase95_10_discovers_single_candidate_from_repository,
tests/test_phase95_repository_wide_goal_candidate_discovery.py,184,test,api_or_container_definition,test_phase95_10_preserves_repository_registration_order_for_multiple_candidates,
tests/test_phase95_repository_wide_goal_candidate_discovery.py,317,test,api_or_container_definition,test_phase95_10_ignores_unrelated_repository_entries,
tests/test_phase95_repository_wide_goal_candidate_discovery.py,449,test,api_or_container_definition,test_phase95_10_does_not_mutate_repository,
tests/test_phase95_repository_wide_goal_candidate_discovery.py,489,test,api_or_container_definition,test_phase95_10_rejects_non_repository,
tests/test_phase95_repository_wide_goal_candidate_discovery.py,43,test,named_container_assignment,repository,repository = ProofRepository()
tests/test_phase95_repository_wide_goal_candidate_discovery.py,69,test,named_container_assignment,repository,repository = ProofRepository()
tests/test_phase95_repository_wide_goal_candidate_discovery.py,123,test,named_container_assignment,repository,repository = ProofRepository()
tests/test_phase95_repository_wide_goal_candidate_discovery.py,188,test,named_container_assignment,repository,repository = ProofRepository()
tests/test_phase95_repository_wide_goal_candidate_discovery.py,255,test,named_container_assignment,repository,repository = ProofRepository()
tests/test_phase95_repository_wide_goal_candidate_discovery.py,320,test,named_container_assignment,repository,repository = ProofRepository()
tests/test_phase95_repository_wide_goal_candidate_discovery.py,373,test,named_container_assignment,repository,repository = ProofRepository()
tests/test_phase95_repository_wide_goal_candidate_discovery.py,414,test,named_container_assignment,repository,repository = ProofRepository()
tests/test_phase95_repository_wide_goal_candidate_discovery.py,451,test,named_container_assignment,repository,repository = ProofRepository()
tests/test_phase95_repository_wide_goal_candidate_discovery.py,507,test,named_container_assignment,repository,repository = ProofRepository()
tests/test_phase95_repository_wide_goal_candidate_discovery.py,34,test,explicit_entry_constructor,ProofRepositoryEntry,"ProofRepositoryEntry(key=key, step=step, phase=phase, theorem=theorem)"
tests/test_phase95_repository_wide_goal_candidate_discovery.py,43,test,repository_constructor,ProofRepository,ProofRepository()
tests/test_phase95_repository_wide_goal_candidate_discovery.py,69,test,repository_constructor,ProofRepository,ProofRepository()
tests/test_phase95_repository_wide_goal_candidate_discovery.py,80,test,registration_call_candidate,repository.register,repository.register(entry)
tests/test_phase95_repository_wide_goal_candidate_discovery.py,123,test,repository_constructor,ProofRepository,ProofRepository()
tests/test_phase95_repository_wide_goal_candidate_discovery.py,143,test,registration_call_candidate,repository.register,repository.register(phase65_entry)
tests/test_phase95_repository_wide_goal_candidate_discovery.py,146,test,registration_call_candidate,repository.register,repository.register(phase68_entry)
tests/test_phase95_repository_wide_goal_candidate_discovery.py,188,test,repository_constructor,ProofRepository,ProofRepository()
tests/test_phase95_repository_wide_goal_candidate_discovery.py,212,test,registration_call_candidate,repository.register,repository.register(first_entry)
tests/test_phase95_repository_wide_goal_candidate_discovery.py,215,test,registration_call_candidate,repository.register,repository.register(second_entry)
tests/test_phase95_repository_wide_goal_candidate_discovery.py,255,test,repository_constructor,ProofRepository,ProofRepository()
tests/test_phase95_repository_wide_goal_candidate_discovery.py,279,test,registration_call_candidate,repository.register,repository.register(first_entry)
tests/test_phase95_repository_wide_goal_candidate_discovery.py,282,test,registration_call_candidate,repository.register,repository.register(second_entry)
tests/test_phase95_repository_wide_goal_candidate_discovery.py,320,test,repository_constructor,ProofRepository,ProofRepository()
tests/test_phase95_repository_wide_goal_candidate_discovery.py,343,test,registration_call_candidate,repository.register,repository.register(unrelated_entry)
tests/test_phase95_repository_wide_goal_candidate_discovery.py,346,test,registration_call_candidate,repository.register,repository.register(aggregate_entry)
tests/test_phase95_repository_wide_goal_candidate_discovery.py,373,test,repository_constructor,ProofRepository,ProofRepository()
tests/test_phase95_repository_wide_goal_candidate_discovery.py,384,test,registration_call_candidate,repository.register,repository.register(entry)
tests/test_phase95_repository_wide_goal_candidate_discovery.py,414,test,repository_constructor,ProofRepository,ProofRepository()
tests/test_phase95_repository_wide_goal_candidate_discovery.py,425,test,registration_call_candidate,repository.register,repository.register(entry)
tests/test_phase95_repository_wide_goal_candidate_discovery.py,451,test,repository_constructor,ProofRepository,ProofRepository()
tests/test_phase95_repository_wide_goal_candidate_discovery.py,462,test,registration_call_candidate,repository.register,repository.register(entry)
tests/test_phase95_repository_wide_goal_candidate_discovery.py,507,test,repository_constructor,ProofRepository,ProofRepository()
tests/test_phase95_top_level_calculation_orchestration.py,570,test,api_or_container_definition,test_phase95_18_does_not_mutate_repository,
tests/test_phase95_top_level_calculation_orchestration.py,38,test,named_container_assignment,repository,repository = ProofRepository()
tests/test_phase95_top_level_calculation_orchestration.py,57,test,named_container_assignment,repository,repository = ProofRepository()
tests/test_phase95_top_level_calculation_orchestration.py,113,test,named_container_assignment,repository,repository = ProofRepository()
tests/test_phase95_top_level_calculation_orchestration.py,187,test,named_container_assignment,repository,repository = ProofRepository()
tests/test_phase95_top_level_calculation_orchestration.py,253,test,named_container_assignment,repository,repository = ProofRepository()
tests/test_phase95_top_level_calculation_orchestration.py,314,test,named_container_assignment,repository,repository = ProofRepository()
tests/test_phase95_top_level_calculation_orchestration.py,413,test,named_container_assignment,repository,repository = ProofRepository()
tests/test_phase95_top_level_calculation_orchestration.py,572,test,named_container_assignment,repository,repository = ProofRepository()
tests/test_phase95_top_level_calculation_orchestration.py,29,test,explicit_entry_constructor,ProofRepositoryEntry,"ProofRepositoryEntry(key=key, step=step, phase=phase, theorem=theorem)"
tests/test_phase95_top_level_calculation_orchestration.py,38,test,repository_constructor,ProofRepository,ProofRepository()
tests/test_phase95_top_level_calculation_orchestration.py,57,test,repository_constructor,ProofRepository,ProofRepository()
tests/test_phase95_top_level_calculation_orchestration.py,77,test,registration_call_candidate,repository.register,repository.register(aggregate_entry)
tests/test_phase95_top_level_calculation_orchestration.py,80,test,registration_call_candidate,repository.register,repository.register(direct_entry)
tests/test_phase95_top_level_calculation_orchestration.py,113,test,repository_constructor,ProofRepository,ProofRepository()
tests/test_phase95_top_level_calculation_orchestration.py,142,test,registration_call_candidate,repository.register,repository.register(aggregate_entry)
tests/test_phase95_top_level_calculation_orchestration.py,145,test,registration_call_candidate,repository.register,repository.register(first_direct)
tests/test_phase95_top_level_calculation_orchestration.py,148,test,registration_call_candidate,repository.register,repository.register(second_direct)
tests/test_phase95_top_level_calculation_orchestration.py,187,test,repository_constructor,ProofRepository,ProofRepository()
tests/test_phase95_top_level_calculation_orchestration.py,198,test,registration_call_candidate,repository.register,repository.register(aggregate_entry)
tests/test_phase95_top_level_calculation_orchestration.py,253,test,repository_constructor,ProofRepository,ProofRepository()
tests/test_phase95_top_level_calculation_orchestration.py,264,test,registration_call_candidate,repository.register,repository.register(aggregate_entry)
tests/test_phase95_top_level_calculation_orchestration.py,314,test,repository_constructor,ProofRepository,ProofRepository()
tests/test_phase95_top_level_calculation_orchestration.py,325,test,registration_call_candidate,repository.register,repository.register(aggregate_entry)
tests/test_phase95_top_level_calculation_orchestration.py,413,test,repository_constructor,ProofRepository,ProofRepository()
tests/test_phase95_top_level_calculation_orchestration.py,414,test,registration_call_candidate,repository.register,repository.register(first_entry)
tests/test_phase95_top_level_calculation_orchestration.py,417,test,registration_call_candidate,repository.register,repository.register(second_entry)
tests/test_phase95_top_level_calculation_orchestration.py,572,test,repository_constructor,ProofRepository,ProofRepository()
tests/test_phase95_top_level_calculation_orchestration.py,583,test,registration_call_candidate,repository.register,repository.register(aggregate_entry)
tests/test_phase96_actual_pi9_5_end_to_end_presentation.py,422,test,api_or_container_definition,test_phase96_7_actual_pi9_5_presentation_does_not_mutate_repository,
tests/test_phase96_actual_pi9_5_end_to_end_presentation.py,473,test,api_or_container_definition,test_phase96_7_builder_rejects_non_tuple_repository_entries,
tests/test_phase96_full_proof_report_renderer.py,388,test,api_or_container_definition,test_phase96_11_full_report_renderer_is_deterministic_and_repository_non_mutating,
tests/test_phase96_full_proof_report_renderer.py,156,test,named_container_assignment,repository_source,repository_source = goal_source.source_entry
tests/test_phase96_full_proof_report_renderer.py,348,test,named_container_assignment,repository_entries,repository_entries = data['repository'].entries()
tests/test_phase96_human_readable_renderer.py,349,test,api_or_container_definition,test_phase96_9_renderer_is_pure_and_does_not_mutate_repository,
tests/test_phase96_human_readable_renderer.py,246,test,named_container_assignment,repository_source,repository_source = goal_source.source_entry
tests/test_phase96_proof_step_mathematical_narrative.py,375,test,api_or_container_definition,test_phase96_10_narrative_is_pure_and_repository_non_mutating,
tests/test_phase96_proof_step_source_presentation.py,304,test,api_or_container_definition,test_phase96_5_repository_entry_presentation_preserves_metadata_and_identity,
tests/test_phase96_proof_step_source_presentation.py,346,test,api_or_container_definition,test_phase96_5_step_presentation_preserves_all_matching_repository_entries_without_selection,
tests/test_phase96_proof_step_source_presentation.py,387,test,api_or_container_definition,test_phase96_5_step_presentation_does_not_match_repository_by_structural_equality,
tests/test_phase96_proof_step_source_presentation.py,712,test,api_or_container_definition,test_phase96_5_repository_builder_rejects_non_entry,
tests/test_phase96_proof_step_source_presentation.py,748,test,api_or_container_definition,test_phase96_5_step_presentation_rejects_repository_entry_for_other_step,
tests/test_phase96_proof_step_source_presentation.py,176,test,literature_reference_candidate,LiteratureReference,"LiteratureReference(label='Toda', author='H. Toda', title='Composition Methods', year=1962, locator='Chapter V')"
tests/test_phase96_proof_step_source_presentation.py,214,test,literature_reference_candidate,LiteratureReference,LiteratureReference(label='Toda relation')
tests/test_phase96_proof_step_source_presentation.py,311,test,explicit_entry_constructor,ProofRepositoryEntry,"ProofRepositoryEntry(key='phase96.test', step=step, phase='96', theorem='Test Theorem')"
tests/test_phase96_proof_step_source_presentation.py,353,test,explicit_entry_constructor,ProofRepositoryEntry,"ProofRepositoryEntry(key='phase96.first', step=step, phase='96', theorem='First label')"
tests/test_phase96_proof_step_source_presentation.py,359,test,explicit_entry_constructor,ProofRepositoryEntry,"ProofRepositoryEntry(key='phase96.second', step=step, phase='96', theorem='Second label')"
tests/test_phase96_proof_step_source_presentation.py,400,test,explicit_entry_constructor,ProofRepositoryEntry,"ProofRepositoryEntry(key='phase96.equal', step=equal_but_distinct_step, theorem='Equal but distinct')"
tests/test_phase96_proof_step_source_presentation.py,447,test,explicit_entry_constructor,ProofRepositoryEntry,"ProofRepositoryEntry(key='phase155.phase96.aggregate', step=ProofStep(conclusion='synthetic aggregate', premises=(), rule=ProofRule.GIVEN), phase='68', theorem='Toda Proposition 5.8')"
tests/test_phase96_proof_step_source_presentation.py,539,test,explicit_entry_constructor,ProofRepositoryEntry,"ProofRepositoryEntry(key='phase155.phase96.distinct.aggregate', step=ProofStep(conclusion='synthetic aggregate', premises=(), rule=ProofRule.GIVEN), phase='68', theorem='Toda Proposition 5.8')"
tests/test_phase96_proof_step_source_presentation.py,636,test,explicit_entry_constructor,ProofRepositoryEntry,"ProofRepositoryEntry(key='phase155.phase96.internal.result', step=root)"
tests/test_phase96_proof_step_source_presentation.py,646,test,explicit_entry_constructor,ProofRepositoryEntry,"ProofRepositoryEntry(key='phase155.phase96.internal.aggregate', step=ProofStep(conclusion='aggregate source', premises=(), rule=ProofRule.GIVEN), phase='68', theorem='Toda Proposition 5.8')"
tests/test_phase96_proof_step_source_presentation.py,761,test,explicit_entry_constructor,ProofRepositoryEntry,"ProofRepositoryEntry(key='phase96.other', step=other_step)"
tests/test_phase96_recursive_readable_proof_flow.py,504,test,api_or_container_definition,test_phase96_6_repository_metadata_can_be_attached_without_changing_flow_order,
tests/test_phase96_recursive_readable_proof_flow.py,601,test,api_or_container_definition,test_phase96_6_builder_rejects_non_tuple_repository_entries,
tests/test_phase96_representative_targets_end_to_end_presentation.py,587,test,api_or_container_definition,test_phase96_8_expansion_does_not_mutate_repository,
tests/test_phase96_representative_targets_end_to_end_presentation.py,28,test,named_container_assignment,repository_entries,repository_entries = data['repository'].entries()
tests/test_phase97_actual_representative_targets_top_level_api.py,457,test,api_or_container_definition,test_phase97_5_top_level_validation_does_not_mutate_repository,
tests/test_phase97_actual_representative_targets_top_level_api.py,32,test,named_container_assignment,repository,repository = data['repository']
tests/test_phase97_minimal_top_level_result_representation.py,203,test,named_container_assignment,repository_entries,repository_entries = data['repository'].entries()
tests/test_phase97_not_found_multiple_results_top_level_handling.py,332,test,api_or_container_definition,test_phase97_4_general_top_level_api_does_not_mutate_repository,
tests/test_phase97_not_found_multiple_results_top_level_handling.py,24,test,named_container_assignment,repository,repository = ProofRepository()
tests/test_phase97_not_found_multiple_results_top_level_handling.py,101,test,named_container_assignment,repository,repository = ProofRepository()
tests/test_phase97_not_found_multiple_results_top_level_handling.py,335,test,named_container_assignment,repository,repository = data['repository']
tests/test_phase97_not_found_multiple_results_top_level_handling.py,24,test,repository_constructor,ProofRepository,ProofRepository()
tests/test_phase97_not_found_multiple_results_top_level_handling.py,101,test,repository_constructor,ProofRepository,ProofRepository()
tests/test_phase97_not_found_multiple_results_top_level_handling.py,103,test,explicit_entry_constructor,ProofRepositoryEntry,"ProofRepositoryEntry(key='phase97.direct.first', step=data['pi7_4_step'], phase='65', theorem='Toda Proposition 5.6 first')"
tests/test_phase97_not_found_multiple_results_top_level_handling.py,112,test,explicit_entry_constructor,ProofRepositoryEntry,"ProofRepositoryEntry(key='phase97.direct.second', step=data['pi7_4_step'], phase='65', theorem='Toda Proposition 5.6 second')"
tests/test_phase97_not_found_multiple_results_top_level_handling.py,121,test,registration_call_candidate,repository.register,repository.register(first_entry)
tests/test_phase97_not_found_multiple_results_top_level_handling.py,124,test,registration_call_candidate,repository.register,repository.register(second_entry)
tests/test_phase97_not_found_multiple_results_top_level_handling.py,292,test,repository_constructor,ProofRepository,ProofRepository()
tests/test_phase97_single_found_calculation_to_report_api.py,272,test,api_or_container_definition,test_phase97_3_found_api_does_not_mutate_repository,
tests/test_phase97_single_found_calculation_to_report_api.py,209,test,named_container_assignment,repository,repository = ProofRepository()
tests/test_phase97_single_found_calculation_to_report_api.py,275,test,named_container_assignment,repository,repository = data['repository']
tests/test_phase97_single_found_calculation_to_report_api.py,302,test,named_container_assignment,repository,repository = ProofRepository()
tests/test_phase97_single_found_calculation_to_report_api.py,323,test,named_container_assignment,repository,repository = ProofRepository()
tests/test_phase97_single_found_calculation_to_report_api.py,209,test,repository_constructor,ProofRepository,ProofRepository()
tests/test_phase97_single_found_calculation_to_report_api.py,211,test,explicit_entry_constructor,ProofRepositoryEntry,"ProofRepositoryEntry(key='phase97.direct.pi7_4', step=data['pi7_4_step'], phase='65', theorem='Toda Proposition 5.6 direct')"
tests/test_phase97_single_found_calculation_to_report_api.py,222,test,registration_call_candidate,repository.register,repository.register(direct_entry)
tests/test_phase97_single_found_calculation_to_report_api.py,302,test,repository_constructor,ProofRepository,ProofRepository()
tests/test_phase97_single_found_calculation_to_report_api.py,323,test,repository_constructor,ProofRepository,ProofRepository()
tests/test_phase97_single_found_calculation_to_report_api.py,325,test,explicit_entry_constructor,ProofRepositoryEntry,"ProofRepositoryEntry(key='phase97.direct.first', step=data['pi7_4_step'], phase='65', theorem='Toda Proposition 5.6 first')"
tests/test_phase97_single_found_calculation_to_report_api.py,334,test,explicit_entry_constructor,ProofRepositoryEntry,"ProofRepositoryEntry(key='phase97.direct.second', step=data['pi7_4_step'], phase='65', theorem='Toda Proposition 5.6 second')"
tests/test_phase97_single_found_calculation_to_report_api.py,343,test,registration_call_candidate,repository.register,repository.register(first_entry)
tests/test_phase97_single_found_calculation_to_report_api.py,346,test,registration_call_candidate,repository.register,repository.register(second_entry)
tests/test_phase97_single_found_calculation_to_report_api.py,147,test,repository_constructor,ProofRepository,ProofRepository()
tests/test_phase98_actual_use_facade_validation.py,494,test,api_or_container_definition,test_phase98_3_facade_validation_does_not_mutate_repository,
tests/test_phase98_actual_use_facade_validation.py,50,test,named_container_assignment,repository,repository = data['repository']
tests/test_phase98_actual_use_facade_validation.py,339,test,named_container_assignment,repository,repository = object()
tests/test_phase98_minimal_facade_api.py,181,test,api_or_container_definition,test_phase98_2_facade_does_not_mutate_repository,
tests/test_phase98_minimal_facade_api.py,78,test,named_container_assignment,repository,repository = ProofRepository()
tests/test_phase98_minimal_facade_api.py,101,test,named_container_assignment,repository,repository = ProofRepository()
tests/test_phase98_minimal_facade_api.py,184,test,named_container_assignment,repository,repository = data['repository']
tests/test_phase98_minimal_facade_api.py,209,test,named_container_assignment,repository,repository = ProofRepository()
tests/test_phase98_minimal_facade_api.py,223,test,named_container_assignment,repository,repository = ProofRepository()
tests/test_phase98_minimal_facade_api.py,247,test,named_container_assignment,repository,repository = ProofRepository()
tests/test_phase98_minimal_facade_api.py,78,test,repository_constructor,ProofRepository,ProofRepository()
tests/test_phase98_minimal_facade_api.py,101,test,repository_constructor,ProofRepository,ProofRepository()
tests/test_phase98_minimal_facade_api.py,103,test,explicit_entry_constructor,ProofRepositoryEntry,"ProofRepositoryEntry(key='phase98.facade.first', step=data['pi7_4_step'], phase='65', theorem='Toda Proposition 5.6 first')"
tests/test_phase98_minimal_facade_api.py,112,test,explicit_entry_constructor,ProofRepositoryEntry,"ProofRepositoryEntry(key='phase98.facade.second', step=data['pi7_4_step'], phase='65', theorem='Toda Proposition 5.6 second')"
tests/test_phase98_minimal_facade_api.py,121,test,registration_call_candidate,repository.register,repository.register(first_entry)
tests/test_phase98_minimal_facade_api.py,124,test,registration_call_candidate,repository.register,repository.register(second_entry)
tests/test_phase98_minimal_facade_api.py,209,test,repository_constructor,ProofRepository,ProofRepository()
tests/test_phase98_minimal_facade_api.py,223,test,repository_constructor,ProofRepository,ProofRepository()
tests/test_phase98_minimal_facade_api.py,247,test,repository_constructor,ProofRepository,ProofRepository()
tests/test_phase98_reports_access.py,176,test,api_or_container_definition,test_phase98_5_reports_access_does_not_mutate_repository,
tests/test_phase98_reports_access.py,20,test,named_container_assignment,repository,repository = ProofRepository()
tests/test_phase98_reports_access.py,67,test,named_container_assignment,repository,repository = ProofRepository()
tests/test_phase98_reports_access.py,179,test,named_container_assignment,repository,repository = data['repository']
tests/test_phase98_reports_access.py,20,test,repository_constructor,ProofRepository,ProofRepository()
tests/test_phase98_reports_access.py,67,test,repository_constructor,ProofRepository,ProofRepository()
tests/test_phase98_reports_access.py,69,test,explicit_entry_constructor,ProofRepositoryEntry,"ProofRepositoryEntry(key='phase98.reports.first', step=data['pi7_4_step'], phase='65', theorem='Toda Proposition 5.6 first')"
tests/test_phase98_reports_access.py,78,test,explicit_entry_constructor,ProofRepositoryEntry,"ProofRepositoryEntry(key='phase98.reports.second', step=data['pi7_4_step'], phase='65', theorem='Toda Proposition 5.6 second')"
tests/test_phase98_reports_access.py,87,test,registration_call_candidate,repository.register,repository.register(first_entry)
tests/test_phase98_reports_access.py,90,test,registration_call_candidate,repository.register,repository.register(second_entry)
tests/test_phase98_representative_convenience_validation.py,248,test,api_or_container_definition,test_phase98_6_shortest_path_does_not_mutate_repository,
tests/test_phase98_representative_convenience_validation.py,46,test,named_container_assignment,repository,repository = data['repository']
tests/test_phase98_single_found_report_property.py,191,test,api_or_container_definition,test_phase98_4_report_property_does_not_mutate_repository,
tests/test_phase98_single_found_report_property.py,96,test,named_container_assignment,repository,repository = ProofRepository()
tests/test_phase98_single_found_report_property.py,123,test,named_container_assignment,repository,repository = ProofRepository()
tests/test_phase98_single_found_report_property.py,194,test,named_container_assignment,repository,repository = data['repository']
tests/test_phase98_single_found_report_property.py,96,test,repository_constructor,ProofRepository,ProofRepository()
tests/test_phase98_single_found_report_property.py,123,test,repository_constructor,ProofRepository,ProofRepository()
tests/test_phase98_single_found_report_property.py,125,test,explicit_entry_constructor,ProofRepositoryEntry,"ProofRepositoryEntry(key='phase98.report.first', step=data['pi7_4_step'], phase='65', theorem='Toda Proposition 5.6 first')"
tests/test_phase98_single_found_report_property.py,134,test,explicit_entry_constructor,ProofRepositoryEntry,"ProofRepositoryEntry(key='phase98.report.second', step=data['pi7_4_step'], phase='65', theorem='Toda Proposition 5.6 second')"
tests/test_phase98_single_found_report_property.py,143,test,registration_call_candidate,repository.register,repository.register(first_entry)
tests/test_phase98_single_found_report_property.py,146,test,registration_call_candidate,repository.register,repository.register(second_entry)
tests/test_phase99_actual_element_exploration_facade.py,419,test,api_or_container_definition,test_phase99_24_facade_does_not_mutate_actual_repository,
tests/test_phase99_actual_element_exploration_facade.py,36,test,named_container_assignment,repository,repository = ProofRepository()
tests/test_phase99_actual_element_exploration_facade.py,36,test,repository_constructor,ProofRepository,ProofRepository()
tests/test_phase99_actual_element_exploration_facade.py,38,test,explicit_entry_constructor,ProofRepositoryEntry,"ProofRepositoryEntry(key='phase67.pi6_2_eta2_nu_prime', step=phase67['final_step'], phase='67', theorem='Toda Lemma 5.7')"
tests/test_phase99_actual_element_exploration_facade.py,50,test,explicit_entry_constructor,ProofRepositoryEntry,"ProofRepositoryEntry(key='phase68.pi7_3_nu_prime_eta6', step=phase68['final_step'], phase='68', theorem='Toda Proposition 5.8')"
tests/test_phase99_actual_element_exploration_facade.py,62,test,registration_call_candidate,repository.register,repository.register(phase67_entry)
tests/test_phase99_actual_element_exploration_facade.py,66,test,registration_call_candidate,repository.register,repository.register(phase68_entry)
tests/test_phase99_actual_repository_element_lookup_validation.py,28,test,api_or_container_definition,build_phase99_5_actual_repository,
tests/test_phase99_actual_repository_element_lookup_validation.py,97,test,api_or_container_definition,test_phase99_5_actual_repository_contains_four_representative_entries,
tests/test_phase99_actual_repository_element_lookup_validation.py,118,test,api_or_container_definition,test_phase99_5_actual_repository_nu_prime_lookup_returns_all_representatives,
tests/test_phase99_actual_repository_element_lookup_validation.py,149,test,api_or_container_definition,test_phase99_5_actual_lookup_finds_nested_theorem_fact_nu_prime,
tests/test_phase99_actual_repository_element_lookup_validation.py,313,test,api_or_container_definition,test_phase99_5_actual_lookup_preserves_repository_and_step_identity,
tests/test_phase99_actual_repository_element_lookup_validation.py,72,test,named_container_assignment,repository,repository = ProofRepository()
tests/test_phase99_actual_repository_element_lookup_validation.py,316,test,named_container_assignment,entries_before,entries_before = data['repository'].entries()
tests/test_phase99_actual_repository_element_lookup_validation.py,38,test,explicit_entry_constructor,ProofRepositoryEntry,"ProofRepositoryEntry(key='phase24.epsilon3_toda_membership', step=theorem_step, phase='24', theorem='Toda bracket membership fact')"
tests/test_phase99_actual_repository_element_lookup_validation.py,45,test,explicit_entry_constructor,ProofRepositoryEntry,"ProofRepositoryEntry(key='phase67.pi6_2_eta2_nu_prime', step=phase67['final_step'], phase='67', theorem='Toda Lemma 5.7')"
tests/test_phase99_actual_repository_element_lookup_validation.py,54,test,explicit_entry_constructor,ProofRepositoryEntry,"ProofRepositoryEntry(key='phase68.pi7_3_nu_prime_eta6', step=phase68['final_step'], phase='68', theorem='Toda Proposition 5.8')"
tests/test_phase99_actual_repository_element_lookup_validation.py,63,test,explicit_entry_constructor,ProofRepositoryEntry,"ProofRepositoryEntry(key='phase70.pi8_3_nu_prime_eta6_squared', step=phase70['final_step'], phase='70', theorem='Toda Proposition 5.9')"
tests/test_phase99_actual_repository_element_lookup_validation.py,72,test,repository_constructor,ProofRepository,ProofRepository()
tests/test_phase99_actual_repository_element_lookup_validation.py,80,test,registration_call_candidate,repository.register,repository.register(entry)
tests/test_phase99_element_centered_exploration.py,109,test,api_or_container_definition,test_phase99_15_actual_repository_aggregates_all_occurrences,
tests/test_phase99_element_centered_exploration.py,140,test,api_or_container_definition,test_phase99_15_actual_repository_aggregates_toda_bracket_occurrences,
tests/test_phase99_element_centered_exploration.py,170,test,api_or_container_definition,test_phase99_15_actual_repository_aggregates_group_generator_occurrences,
tests/test_phase99_element_centered_exploration.py,199,test,api_or_container_definition,test_phase99_15_actual_repository_aggregates_composition_sides,
tests/test_phase99_element_centered_exploration.py,430,test,api_or_container_definition,test_phase99_15_builder_rejects_non_repository,
tests/test_phase99_element_centered_exploration.py,238,test,named_container_assignment,repository,repository = ProofRepository()
tests/test_phase99_element_centered_exploration.py,238,test,repository_constructor,ProofRepository,ProofRepository()
tests/test_phase99_element_centered_exploration.py,240,test,explicit_entry_constructor,ProofRepositoryEntry,"ProofRepositoryEntry(key='phase65.equation57', step=phase65['equation57_step'], phase='65', theorem='Toda Equation (5.7)')"
tests/test_phase99_element_centered_exploration.py,249,test,registration_call_candidate,repository.register,repository.register(entry)
tests/test_phase99_element_centered_exploration.py,451,test,repository_constructor,ProofRepository,ProofRepository()
tests/test_phase99_element_exploration_facade.py,199,test,api_or_container_definition,test_phase99_23_facade_does_not_mutate_repository,
tests/test_phase99_element_exploration_facade.py,226,test,api_or_container_definition,test_phase99_23_facade_reuses_repository_validation,
tests/test_phase99_element_exploration_facade.py,129,test,named_container_assignment,repository,repository = ProofRepository()
tests/test_phase99_element_exploration_facade.py,202,test,named_container_assignment,repository,repository = data['repository']
tests/test_phase99_element_exploration_facade.py,129,test,repository_constructor,ProofRepository,ProofRepository()
tests/test_phase99_element_exploration_facade.py,131,test,explicit_entry_constructor,ProofRepositoryEntry,"ProofRepositoryEntry(key='phase99.facade.equation57', step=phase65['equation57_step'], phase='65', theorem='Toda Equation (5.7)')"
tests/test_phase99_element_exploration_facade.py,140,test,registration_call_candidate,repository.register,repository.register(entry)
tests/test_phase99_element_exploration_facade.py,296,test,repository_constructor,ProofRepository,ProofRepository()
tests/test_phase99_element_exploration_facade.py,304,test,repository_constructor,ProofRepository,ProofRepository()
tests/test_phase99_element_exploration_facade.py,241,test,repository_constructor,ProofRepository,ProofRepository()
tests/test_phase99_exploration_markdown_renderer.py,298,test,api_or_container_definition,test_phase99_21_renderer_does_not_mutate_repository,
tests/test_phase99_exploration_markdown_renderer.py,195,test,named_container_assignment,repository,repository = ProofRepository()
tests/test_phase99_exploration_markdown_renderer.py,303,test,named_container_assignment,repository,repository = actual['data']['repository']
tests/test_phase99_exploration_markdown_renderer.py,195,test,repository_constructor,ProofRepository,ProofRepository()
tests/test_phase99_exploration_markdown_renderer.py,197,test,explicit_entry_constructor,ProofRepositoryEntry,"ProofRepositoryEntry(key='phase65.equation57', step=phase65['equation57_step'], phase='65', theorem='Toda Equation (5.7)')"
tests/test_phase99_exploration_markdown_renderer.py,206,test,registration_call_candidate,repository.register,repository.register(entry)
tests/test_phase99_facade_boundary_regression.py,268,test,api_or_container_definition,test_phase99_26_unknown_generator_does_not_mutate_repository,
tests/test_phase99_facade_boundary_regression.py,292,test,api_or_container_definition,test_phase99_26_single_repository_returns_exactly_one_occurrence,
tests/test_phase99_facade_boundary_regression.py,326,test,api_or_container_definition,test_phase99_26_single_repository_preserves_composition_right_role,
tests/test_phase99_facade_boundary_regression.py,438,test,api_or_container_definition,test_phase99_26_repository_registration_order_is_preserved,
tests/test_phase99_facade_boundary_regression.py,471,test,api_or_container_definition,test_phase99_26_presentation_preserves_repository_order,
tests/test_phase99_facade_boundary_regression.py,507,test,api_or_container_definition,test_phase99_26_markdown_preserves_repository_order,
tests/test_phase99_facade_boundary_regression.py,549,test,api_or_container_definition,test_phase99_26_facade_does_not_mutate_ordered_repository,
tests/test_phase99_facade_boundary_regression.py,71,test,named_container_assignment,ordered_repository,ordered_repository = ProofRepository()
tests/test_phase99_facade_boundary_regression.py,83,test,named_container_assignment,single_repository,single_repository = ProofRepository()
tests/test_phase99_facade_boundary_regression.py,134,test,named_container_assignment,repeated_repository,repeated_repository = ProofRepository()
tests/test_phase99_facade_boundary_regression.py,271,test,named_container_assignment,repository,repository = data['ordered_repository']
tests/test_phase99_facade_boundary_regression.py,552,test,named_container_assignment,repository,repository = data['ordered_repository']
tests/test_phase99_facade_boundary_regression.py,47,test,explicit_entry_constructor,ProofRepositoryEntry,"ProofRepositoryEntry(key='phase67.pi6_2_eta2_nu_prime', step=phase67['final_step'], phase='67', theorem='Toda Lemma 5.7')"
tests/test_phase99_facade_boundary_regression.py,59,test,explicit_entry_constructor,ProofRepositoryEntry,"ProofRepositoryEntry(key='phase68.pi7_3_nu_prime_eta6', step=phase68['final_step'], phase='68', theorem='Toda Proposition 5.8')"
tests/test_phase99_facade_boundary_regression.py,72,test,repository_constructor,ProofRepository,ProofRepository()
tests/test_phase99_facade_boundary_regression.py,75,test,registration_call_candidate,ordered_repository.register,ordered_repository.register(phase68_entry)
tests/test_phase99_facade_boundary_regression.py,79,test,registration_call_candidate,ordered_repository.register,ordered_repository.register(phase67_entry)
tests/test_phase99_facade_boundary_regression.py,84,test,repository_constructor,ProofRepository,ProofRepository()
tests/test_phase99_facade_boundary_regression.py,87,test,registration_call_candidate,single_repository.register,single_repository.register(phase67_entry)
tests/test_phase99_facade_boundary_regression.py,121,test,explicit_entry_constructor,ProofRepositoryEntry,"ProofRepositoryEntry(key='phase99_26.same_entry_multiple_occurrence', step=repeated_step, phase='99-26', theorem='Phase 99-26 boundary fixture')"
tests/test_phase99_facade_boundary_regression.py,135,test,repository_constructor,ProofRepository,ProofRepository()
tests/test_phase99_facade_boundary_regression.py,138,test,registration_call_candidate,repeated_repository.register,repeated_repository.register(repeated_entry)
tests/test_phase99_grouped_presentation_views.py,150,test,named_container_assignment,repository,repository = ProofRepository()
tests/test_phase99_grouped_presentation_views.py,150,test,repository_constructor,ProofRepository,ProofRepository()
tests/test_phase99_grouped_presentation_views.py,152,test,explicit_entry_constructor,ProofRepositoryEntry,"ProofRepositoryEntry(key='phase65.equation57', step=phase65['equation57_step'], phase='65', theorem='Toda Equation (5.7)')"
tests/test_phase99_grouped_presentation_views.py,161,test,registration_call_candidate,repository.register,repository.register(entry)
tests/test_phase99_repository_conclusion_element_lookup.py,47,test,api_or_container_definition,test_phase99_4_empty_repository_returns_empty_tuple,
tests/test_phase99_repository_conclusion_element_lookup.py,327,test,api_or_container_definition,test_phase99_4_preserves_multiple_repository_entries_for_same_matching_step,
tests/test_phase99_repository_conclusion_element_lookup.py,378,test,api_or_container_definition,test_phase99_4_rejects_non_repository,
tests/test_phase99_repository_conclusion_element_lookup.py,409,test,api_or_container_definition,test_phase99_4_lookup_does_not_mutate_repository_or_conclusion,
tests/test_phase99_repository_conclusion_element_lookup.py,48,test,named_container_assignment,repository,repository = ProofRepository()
tests/test_phase99_repository_conclusion_element_lookup.py,64,test,named_container_assignment,repository,repository = ProofRepository()
tests/test_phase99_repository_conclusion_element_lookup.py,127,test,named_container_assignment,repository,repository = ProofRepository()
tests/test_phase99_repository_conclusion_element_lookup.py,158,test,named_container_assignment,repository,repository = ProofRepository()
tests/test_phase99_repository_conclusion_element_lookup.py,224,test,named_container_assignment,repository,repository = ProofRepository()
tests/test_phase99_repository_conclusion_element_lookup.py,281,test,named_container_assignment,repository,repository = ProofRepository()
tests/test_phase99_repository_conclusion_element_lookup.py,328,test,named_container_assignment,repository,repository = ProofRepository()
tests/test_phase99_repository_conclusion_element_lookup.py,395,test,named_container_assignment,repository,repository = ProofRepository()
tests/test_phase99_repository_conclusion_element_lookup.py,410,test,named_container_assignment,repository,repository = ProofRepository()
tests/test_phase99_repository_conclusion_element_lookup.py,434,test,named_container_assignment,entries_before,entries_before = repository.entries()
tests/test_phase99_repository_conclusion_element_lookup.py,33,test,explicit_entry_constructor,ProofRepositoryEntry,"ProofRepositoryEntry(key=key, step=ProofStep(conclusion=conclusion, premises=premises, rule=ProofRule.INFERENCE if premises else ProofRule.GIVEN))"
tests/test_phase99_repository_conclusion_element_lookup.py,48,test,repository_constructor,ProofRepository,ProofRepository()
tests/test_phase99_repository_conclusion_element_lookup.py,64,test,repository_constructor,ProofRepository,ProofRepository()
tests/test_phase99_repository_conclusion_element_lookup.py,103,test,registration_call_candidate,repository.register,repository.register(typed_entry)
tests/test_phase99_repository_conclusion_element_lookup.py,106,test,registration_call_candidate,repository.register,repository.register(unrelated_entry)
tests/test_phase99_repository_conclusion_element_lookup.py,109,test,registration_call_candidate,repository.register,repository.register(untyped_entry)
tests/test_phase99_repository_conclusion_element_lookup.py,127,test,repository_constructor,ProofRepository,ProofRepository()
tests/test_phase99_repository_conclusion_element_lookup.py,140,test,registration_call_candidate,repository.register,repository.register(plain_nu_entry)
tests/test_phase99_repository_conclusion_element_lookup.py,158,test,repository_constructor,ProofRepository,ProofRepository()
tests/test_phase99_repository_conclusion_element_lookup.py,207,test,registration_call_candidate,repository.register,repository.register(entry)
tests/test_phase99_repository_conclusion_element_lookup.py,224,test,repository_constructor,ProofRepository,ProofRepository()
tests/test_phase99_repository_conclusion_element_lookup.py,264,test,registration_call_candidate,repository.register,repository.register(entry)
tests/test_phase99_repository_conclusion_element_lookup.py,281,test,repository_constructor,ProofRepository,ProofRepository()
tests/test_phase99_repository_conclusion_element_lookup.py,313,test,registration_call_candidate,repository.register,repository.register(final_entry)
tests/test_phase99_repository_conclusion_element_lookup.py,328,test,repository_constructor,ProofRepository,ProofRepository()
tests/test_phase99_repository_conclusion_element_lookup.py,345,test,explicit_entry_constructor,ProofRepositoryEntry,"ProofRepositoryEntry(key='phase99.first', step=step)"
tests/test_phase99_repository_conclusion_element_lookup.py,350,test,explicit_entry_constructor,ProofRepositoryEntry,"ProofRepositoryEntry(key='phase99.second', step=step)"
tests/test_phase99_repository_conclusion_element_lookup.py,355,test,registration_call_candidate,repository.register,repository.register(first_entry)
tests/test_phase99_repository_conclusion_element_lookup.py,358,test,registration_call_candidate,repository.register,repository.register(second_entry)
tests/test_phase99_repository_conclusion_element_lookup.py,395,test,repository_constructor,ProofRepository,ProofRepository()
tests/test_phase99_repository_conclusion_element_lookup.py,410,test,repository_constructor,ProofRepository,ProofRepository()
tests/test_phase99_repository_conclusion_element_lookup.py,430,test,registration_call_candidate,repository.register,repository.register(entry)
tests/test_phase99_repository_generator_occurrence_result.py,159,test,api_or_container_definition,test_phase99_8_empty_repository_returns_no_occurrences,
tests/test_phase99_repository_generator_occurrence_result.py,312,test,api_or_container_definition,test_phase99_8_occurrences_preserve_repository_registration_order,
tests/test_phase99_repository_generator_occurrence_result.py,433,test,api_or_container_definition,test_phase99_8_actual_repository_occurrence_paths_are_representative,
tests/test_phase99_repository_generator_occurrence_result.py,497,test,api_or_container_definition,test_phase99_8_occurrence_lookup_rejects_non_repository,
tests/test_phase99_repository_generator_occurrence_result.py,160,test,named_container_assignment,repository,repository = ProofRepository()
tests/test_phase99_repository_generator_occurrence_result.py,176,test,named_container_assignment,repository,repository = ProofRepository()
tests/test_phase99_repository_generator_occurrence_result.py,229,test,named_container_assignment,repository,repository = ProofRepository()
tests/test_phase99_repository_generator_occurrence_result.py,313,test,named_container_assignment,repository,repository = ProofRepository()
tests/test_phase99_repository_generator_occurrence_result.py,385,test,named_container_assignment,repository,repository = ProofRepository()
tests/test_phase99_repository_generator_occurrence_result.py,514,test,named_container_assignment,repository,repository = ProofRepository()
tests/test_phase99_repository_generator_occurrence_result.py,30,test,explicit_entry_constructor,ProofRepositoryEntry,"ProofRepositoryEntry(key=key, step=ProofStep(conclusion=conclusion, premises=(), rule=ProofRule.GIVEN))"
tests/test_phase99_repository_generator_occurrence_result.py,160,test,repository_constructor,ProofRepository,ProofRepository()
tests/test_phase99_repository_generator_occurrence_result.py,176,test,repository_constructor,ProofRepository,ProofRepository()
tests/test_phase99_repository_generator_occurrence_result.py,196,test,registration_call_candidate,repository.register,repository.register(entry)
tests/test_phase99_repository_generator_occurrence_result.py,229,test,repository_constructor,ProofRepository,ProofRepository()
tests/test_phase99_repository_generator_occurrence_result.py,263,test,registration_call_candidate,repository.register,repository.register(entry)
tests/test_phase99_repository_generator_occurrence_result.py,313,test,repository_constructor,ProofRepository,ProofRepository()
tests/test_phase99_repository_generator_occurrence_result.py,355,test,registration_call_candidate,repository.register,repository.register(first_entry)
tests/test_phase99_repository_generator_occurrence_result.py,358,test,registration_call_candidate,repository.register,repository.register(unrelated_entry)
tests/test_phase99_repository_generator_occurrence_result.py,361,test,registration_call_candidate,repository.register,repository.register(second_entry)
tests/test_phase99_repository_generator_occurrence_result.py,385,test,repository_constructor,ProofRepository,ProofRepository()
tests/test_phase99_repository_generator_occurrence_result.py,411,test,registration_call_candidate,repository.register,repository.register(entry)
tests/test_phase99_repository_generator_occurrence_result.py,514,test,repository_constructor,ProofRepository,ProofRepository()
tests/test_phase99_repository_occurrence_role_integration.py,142,test,api_or_container_definition,test_phase99_11_actual_repository_occurrences_include_semantic_roles,
tests/test_phase99_repository_occurrence_role_integration.py,200,test,api_or_container_definition,test_phase99_11_actual_repository_occurrences_preserve_paths_and_roles_together,
tests/test_phase99_repository_occurrence_role_integration.py,307,test,api_or_container_definition,test_phase99_11_map_input_roles_integrate_through_repository_lookup,
tests/test_phase99_repository_occurrence_role_integration.py,352,test,api_or_container_definition,test_phase99_11_plain_nu_still_does_not_match_nu_prime_repository_occurrences,
tests/test_phase99_repository_occurrence_role_integration.py,310,test,named_container_assignment,repository,repository = ProofRepository()
tests/test_phase99_repository_occurrence_role_integration.py,310,test,repository_constructor,ProofRepository,ProofRepository()
tests/test_phase99_repository_occurrence_role_integration.py,312,test,explicit_entry_constructor,ProofRepositoryEntry,"ProofRepositoryEntry(key='phase65.equation57', step=phase65['equation57_step'], phase='65', theorem='Toda Equation (5.7)')"
tests/test_phase99_repository_occurrence_role_integration.py,321,test,registration_call_candidate,repository.register,repository.register(entry)
tests/test_phase99_role_filtered_repository_lookup.py,66,test,api_or_container_definition,test_phase99_13_group_generator_filter_preserves_repository_order,
tests/test_phase99_role_filtered_repository_lookup.py,144,test,api_or_container_definition,test_phase99_13_map_input_filter_works_through_repository_lookup,
tests/test_phase99_role_filtered_repository_lookup.py,277,test,api_or_container_definition,test_phase99_13_rejects_non_repository,
tests/test_phase99_role_filtered_repository_lookup.py,147,test,named_container_assignment,repository,repository = ProofRepository()
tests/test_phase99_role_filtered_repository_lookup.py,147,test,repository_constructor,ProofRepository,ProofRepository()
tests/test_phase99_role_filtered_repository_lookup.py,149,test,explicit_entry_constructor,ProofRepositoryEntry,"ProofRepositoryEntry(key='phase65.equation57', step=phase65['equation57_step'], phase='65', theorem='Toda Equation (5.7)')"
tests/test_phase99_role_filtered_repository_lookup.py,158,test,registration_call_candidate,repository.register,repository.register(entry)
tests/test_phase99_role_filtered_repository_lookup.py,299,test,repository_constructor,ProofRepository,ProofRepository()
tests/test_phase99_role_filtered_repository_lookup.py,313,test,repository_constructor,ProofRepository,ProofRepository()
tests/test_phase99_semantic_occurrence_roles.py,353,test,api_or_container_definition,test_phase99_10_actual_theorem_fact_is_toda_bracket_second,
tests/test_proof.py,313,test,api_or_container_definition,test_relation_repository_to_proof_step,
tests/test_proof.py,711,test,api_or_container_definition,make_sphere_repository,
tests/test_proof.py,1317,test,rule_function_candidate,test_inference_rule,
tests/test_proof.py,1346,test,rule_function_candidate,test_relation_inference_proof_step_with_inference_rule,
tests/test_proof.py,1388,test,rule_function_candidate,test_relation_inference_proof_with_inference_rule,
tests/test_proof.py,1426,test,rule_function_candidate,test_relation_inference_without_inference_rule_is_backward_compatible,
tests/test_proof.py,1451,test,rule_function_candidate,test_relation_inference_rejects_invalid_inference_rule,
tests/test_proof.py,1473,test,rule_function_candidate,test_multiple_relation_inference_with_inference_rule,
tests/test_proof.py,321,test,named_container_assignment,repository,repository = RelationRepository([relation])
tests/test_proof.py,148,test,literature_reference_candidate,LiteratureReference,"LiteratureReference(label='Toda', author='H. Toda', title='Composition Methods in Homotopy Groups of Spheres', year=1962, locator='known composition relation')"
tests/test_proof.py,229,test,literature_reference_candidate,LiteratureReference,"LiteratureReference(label='Toda', author='H. Toda', title='Composition Methods in Homotopy Groups of Spheres', year=1962)"
tests/test_proof.py,992,test,literature_reference_candidate,LiteratureReference,"LiteratureReference(label='Toda', author='H. Toda', title='Composition Methods in Homotopy Groups of Spheres', year=1962, locator='Proposition X')"
tests/test_proof.py,1033,test,literature_reference_candidate,LiteratureReference,"LiteratureReference(label='Toda', author='H. Toda', title='Composition Methods in Homotopy Groups of Spheres', year=1962)"
tests/test_proof_repository.py,16,test,statement_class_candidate,BaseStatement,
tests/test_proof_repository.py,21,test,statement_class_candidate,ChildStatement,
tests/test_proof_repository.py,39,test,api_or_container_definition,test_repository_entry_accepts_minimum_valid_data,
tests/test_proof_repository.py,57,test,api_or_container_definition,test_repository_entry_rejects_empty_key,
tests/test_proof_repository.py,74,test,api_or_container_definition,test_repository_entry_rejects_non_string_key,
tests/test_proof_repository.py,91,test,api_or_container_definition,test_repository_entry_rejects_non_proof_step,
tests/test_proof_repository.py,104,test,api_or_container_definition,test_repository_entry_rejects_non_string_phase,
tests/test_proof_repository.py,122,test,api_or_container_definition,test_repository_entry_rejects_non_string_theorem,
tests/test_proof_repository.py,140,test,api_or_container_definition,test_repository_register_and_get_preserve_entry_and_step_identity,
tests/test_proof_repository.py,166,test,api_or_container_definition,test_repository_get_raises_key_error_for_missing_key,
tests/test_proof_repository.py,177,test,api_or_container_definition,test_repository_register_rejects_non_entry,
tests/test_proof_repository.py,189,test,api_or_container_definition,test_repository_register_rejects_duplicate_key,
tests/test_proof_repository.py,221,test,api_or_container_definition,test_repository_allows_same_conclusion_with_different_keys,
tests/test_proof_repository.py,257,test,api_or_container_definition,test_repository_allows_same_step_with_different_keys,
tests/test_proof_repository.py,141,test,named_container_assignment,repository,repository = ProofRepository()
tests/test_proof_repository.py,167,test,named_container_assignment,repository,repository = ProofRepository()
tests/test_proof_repository.py,178,test,named_container_assignment,repository,repository = ProofRepository()
tests/test_proof_repository.py,190,test,named_container_assignment,repository,repository = ProofRepository()
tests/test_proof_repository.py,222,test,named_container_assignment,repository,repository = ProofRepository()
tests/test_proof_repository.py,258,test,named_container_assignment,repository,repository = ProofRepository()
tests/test_proof_repository.py,295,test,named_container_assignment,repository,repository = ProofRepository()
tests/test_proof_repository.py,308,test,named_container_assignment,repository,repository = ProofRepository()
tests/test_proof_repository.py,345,test,named_container_assignment,repository,repository = ProofRepository()
tests/test_proof_repository.py,357,test,named_container_assignment,repository,repository = ProofRepository()
tests/test_proof_repository.py,408,test,named_container_assignment,repository,repository = ProofRepository()
tests/test_proof_repository.py,460,test,named_container_assignment,repository,repository = ProofRepository()
tests/test_proof_repository.py,503,test,named_container_assignment,repository,repository = ProofRepository()
tests/test_proof_repository.py,527,test,named_container_assignment,repository,repository = ProofRepository()
tests/test_proof_repository.py,544,test,named_container_assignment,repository,repository = ProofRepository()
tests/test_proof_repository.py,46,test,explicit_entry_constructor,ProofRepositoryEntry,"ProofRepositoryEntry(key='phase79.a', step=step)"
tests/test_proof_repository.py,141,test,repository_constructor,ProofRepository,ProofRepository()
tests/test_proof_repository.py,147,test,explicit_entry_constructor,ProofRepositoryEntry,"ProofRepositoryEntry(key='phase79.a', step=step, phase='79', theorem='Repository test theorem')"
tests/test_proof_repository.py,154,test,registration_call_candidate,repository.register,repository.register(entry)
tests/test_proof_repository.py,167,test,repository_constructor,ProofRepository,ProofRepository()
tests/test_proof_repository.py,178,test,repository_constructor,ProofRepository,ProofRepository()
tests/test_proof_repository.py,190,test,repository_constructor,ProofRepository,ProofRepository()
tests/test_proof_repository.py,202,test,registration_call_candidate,repository.register,"repository.register(ProofRepositoryEntry(key='phase79.same', step=first_step))"
tests/test_proof_repository.py,222,test,repository_constructor,ProofRepository,ProofRepository()
tests/test_proof_repository.py,226,test,explicit_entry_constructor,ProofRepositoryEntry,"ProofRepositoryEntry(key='phase79.first', step=make_step(conclusion))"
tests/test_proof_repository.py,232,test,explicit_entry_constructor,ProofRepositoryEntry,"ProofRepositoryEntry(key='phase79.second', step=make_step(conclusion))"
tests/test_proof_repository.py,239,test,registration_call_candidate,repository.register,repository.register(first_entry)
tests/test_proof_repository.py,242,test,registration_call_candidate,repository.register,repository.register(second_entry)
tests/test_proof_repository.py,258,test,repository_constructor,ProofRepository,ProofRepository()
tests/test_proof_repository.py,264,test,explicit_entry_constructor,ProofRepositoryEntry,"ProofRepositoryEntry(key='phase79.first', step=step)"
tests/test_proof_repository.py,268,test,explicit_entry_constructor,ProofRepositoryEntry,"ProofRepositoryEntry(key='phase79.second', step=step)"
tests/test_proof_repository.py,273,test,registration_call_candidate,repository.register,repository.register(first_entry)
tests/test_proof_repository.py,276,test,registration_call_candidate,repository.register,repository.register(second_entry)
tests/test_proof_repository.py,295,test,repository_constructor,ProofRepository,ProofRepository()
tests/test_proof_repository.py,308,test,repository_constructor,ProofRepository,ProofRepository()
tests/test_proof_repository.py,309,test,explicit_entry_constructor,ProofRepositoryEntry,"ProofRepositoryEntry(key='phase79.child', step=make_step(ChildStatement(value='child')))"
tests/test_proof_repository.py,317,test,explicit_entry_constructor,ProofRepositoryEntry,"ProofRepositoryEntry(key='phase79.base', step=make_step(BaseStatement(value='base')))"
tests/test_proof_repository.py,326,test,registration_call_candidate,repository.register,repository.register(child_entry)
tests/test_proof_repository.py,329,test,registration_call_candidate,repository.register,repository.register(base_entry)
tests/test_proof_repository.py,345,test,repository_constructor,ProofRepository,ProofRepository()
tests/test_proof_repository.py,357,test,repository_constructor,ProofRepository,ProofRepository()
tests/test_proof_repository.py,358,test,explicit_entry_constructor,ProofRepositoryEntry,"ProofRepositoryEntry(key='phase78.first', step=make_step(BaseStatement(value='A')), phase='78')"
tests/test_proof_repository.py,367,test,explicit_entry_constructor,ProofRepositoryEntry,"ProofRepositoryEntry(key='phase78_11.other', step=make_step(BaseStatement(value='B')), phase='78-11')"
tests/test_proof_repository.py,376,test,explicit_entry_constructor,ProofRepositoryEntry,"ProofRepositoryEntry(key='phase78.second', step=make_step(BaseStatement(value='C')), phase='78')"
tests/test_proof_repository.py,386,test,registration_call_candidate,repository.register,repository.register(first_entry)
tests/test_proof_repository.py,389,test,registration_call_candidate,repository.register,repository.register(other_entry)
tests/test_proof_repository.py,392,test,registration_call_candidate,repository.register,repository.register(second_entry)
tests/test_proof_repository.py,408,test,repository_constructor,ProofRepository,ProofRepository()
tests/test_proof_repository.py,410,test,explicit_entry_constructor,ProofRepositoryEntry,"ProofRepositoryEntry(key='phase76.first', step=make_step(BaseStatement(value='A')), theorem=theorem)"
tests/test_proof_repository.py,419,test,explicit_entry_constructor,ProofRepositoryEntry,"ProofRepositoryEntry(key='phase76.other', step=make_step(BaseStatement(value='B')), theorem='Toda (5.16)')"
tests/test_proof_repository.py,428,test,explicit_entry_constructor,ProofRepositoryEntry,"ProofRepositoryEntry(key='phase76.second', step=make_step(BaseStatement(value='C')), theorem=theorem)"
tests/test_proof_repository.py,438,test,registration_call_candidate,repository.register,repository.register(first_entry)
tests/test_proof_repository.py,441,test,registration_call_candidate,repository.register,repository.register(other_entry)
tests/test_proof_repository.py,444,test,registration_call_candidate,repository.register,repository.register(second_entry)
tests/test_proof_repository.py,460,test,repository_constructor,ProofRepository,ProofRepository()
tests/test_proof_repository.py,481,test,explicit_entry_constructor,ProofRepositoryEntry,"ProofRepositoryEntry(key='phase79.final', step=final_step)"
tests/test_proof_repository.py,486,test,registration_call_candidate,repository.register,repository.register(final_entry)
tests/test_proof_repository.py,503,test,repository_constructor,ProofRepository,ProofRepository()
tests/test_proof_repository.py,509,test,explicit_entry_constructor,ProofRepositoryEntry,"ProofRepositoryEntry(key='phase79.root', step=root_step)"
tests/test_proof_repository.py,514,test,registration_call_candidate,repository.register,repository.register(root_entry)
tests/test_proof_repository.py,527,test,repository_constructor,ProofRepository,ProofRepository()
tests/test_proof_repository.py,544,test,repository_constructor,ProofRepository,ProofRepository()
tests/test_proof_repository.py,553,test,explicit_entry_constructor,ProofRepositoryEntry,"ProofRepositoryEntry(key='phase78.g7', step=g7_step, phase='78', theorem='Toda stable G_0 through G_7 integration')"
tests/test_proof_repository.py,561,test,explicit_entry_constructor,ProofRepositoryEntry,"ProofRepositoryEntry(key='phase78.stable_g0_to_g7', step=aggregate_step, phase='78', theorem='Toda stable G_0 through G_7 integration')"
tests/test_proof_repository.py,570,test,registration_call_candidate,repository.register,repository.register(g7_entry)
tests/test_proof_repository.py,573,test,registration_call_candidate,repository.register,repository.register(aggregate_entry)
tests/test_proof_repository.py,68,test,explicit_entry_constructor,ProofRepositoryEntry,"ProofRepositoryEntry(key='', step=step)"
tests/test_proof_repository.py,85,test,explicit_entry_constructor,ProofRepositoryEntry,"ProofRepositoryEntry(key=79, step=step)"
tests/test_proof_repository.py,96,test,explicit_entry_constructor,ProofRepositoryEntry,"ProofRepositoryEntry(key='phase79.a', step=BaseStatement(value='A'))"
tests/test_proof_repository.py,115,test,explicit_entry_constructor,ProofRepositoryEntry,"ProofRepositoryEntry(key='phase79.a', step=step, phase=79)"
tests/test_proof_repository.py,133,test,explicit_entry_constructor,ProofRepositoryEntry,"ProofRepositoryEntry(key='phase79.a', step=step, theorem=79)"
tests/test_proof_repository.py,184,test,registration_call_candidate,repository.register,repository.register('not-an-entry')
tests/test_proof_repository.py,203,test,explicit_entry_constructor,ProofRepositoryEntry,"ProofRepositoryEntry(key='phase79.same', step=first_step)"
tests/test_proof_repository.py,213,test,registration_call_candidate,repository.register,"repository.register(ProofRepositoryEntry(key='phase79.same', step=second_step))"
tests/test_proof_repository.py,214,test,explicit_entry_constructor,ProofRepositoryEntry,"ProofRepositoryEntry(key='phase79.same', step=second_step)"
tests/test_relation_rules.py,906,test,rule_function_candidate,test_phase12_additive_rules_preserve_normalization_boundary,
tests/test_relation_rules.py,1041,test,rule_function_candidate,test_phase12_additive_reasoning_scope_is_controlled_by_active_rule_set,
tests/test_relation_rules.py,1820,test,rule_function_candidate,test_zero_composition_equality_rule_rejects_noncomposition_zero_relation,
tests/test_relation_rules.py,1914,test,rule_function_candidate,test_zero_composition_reverse_equality_rule_rejects_noncomposition_zero_relation,
tests/test_relation_rules.py,3539,test,rule_function_candidate,test_suspension_preservation_rules_require_bounded_fixed_point_scope,
tests/test_relation_rules.py,3678,test,rule_function_candidate,test_suspension_reasoning_scope_is_controlled_by_active_rule_set,
tests/test_repository.py,7,test,api_or_container_definition,test_relation_repository_add_relation,
tests/test_repository.py,23,test,api_or_container_definition,test_relation_repository_initial_relations,
tests/test_repository.py,39,test,api_or_container_definition,test_relation_repository_find_by_lhs,
tests/test_repository.py,66,test,api_or_container_definition,test_relation_repository_find_by_rhs,
tests/test_repository.py,93,test,api_or_container_definition,test_relation_repository_find_by_relation_type,
tests/test_repository.py,120,test,api_or_container_definition,test_relation_repository_find_by_source,
tests/test_repository.py,149,test,api_or_container_definition,test_relation_repository_find_multiple_conditions,
tests/test_repository.py,188,test,api_or_container_definition,test_relation_repository_find_no_match,
tests/test_repository.py,206,test,api_or_container_definition,test_relation_repository_all_relations_returns_copy,
tests/test_repository.py,225,test,api_or_container_definition,test_relation_repository_rejects_non_relation,
tests/test_repository.py,234,test,api_or_container_definition,test_relation_repository_find_by_structured_source,
tests/test_repository.py,8,test,named_container_assignment,repository,repository = RelationRepository()
tests/test_repository.py,30,test,named_container_assignment,repository,repository = RelationRepository([relation])
tests/test_repository.py,52,test,named_container_assignment,repository,"repository = RelationRepository([relation1, relation2])"
tests/test_repository.py,79,test,named_container_assignment,repository,"repository = RelationRepository([relation1, relation2])"
tests/test_repository.py,106,test,named_container_assignment,repository,"repository = RelationRepository([relation1, relation2])"
tests/test_repository.py,135,test,named_container_assignment,repository,"repository = RelationRepository([relation1, relation2])"
tests/test_repository.py,171,test,named_container_assignment,repository,"repository = RelationRepository([relation1, relation2, relation3])"
tests/test_repository.py,195,test,named_container_assignment,repository,repository = RelationRepository([relation])
tests/test_repository.py,213,test,named_container_assignment,repository,repository = RelationRepository([relation])
tests/test_repository.py,226,test,named_container_assignment,repository,repository = RelationRepository()
tests/test_repository.py,255,test,named_container_assignment,repository,repository = RelationRepository([relation])
tests/test_repository.py,235,test,literature_reference_candidate,LiteratureReference,"LiteratureReference(label='Toda', author='H. Toda', title='Composition Methods in Homotopy Groups of Spheres', year=1962)"
tests/test_rule_catalog.py,15,test,statement_class_candidate,ExampleStatement,
tests/test_rule_catalog.py,20,test,statement_class_candidate,OtherStatement,
tests/test_rule_catalog.py,24,test,rule_function_candidate,make_rule,
tests/test_rule_catalog.py,32,test,rule_function_candidate,test_rule_catalog_entry_accepts_minimum_valid_data,
tests/test_rule_catalog.py,62,test,rule_function_candidate,test_rule_catalog_entry_accepts_fixed_point_safe_true,
tests/test_rule_catalog.py,78,test,rule_function_candidate,test_rule_catalog_entry_rejects_empty_key,
tests/test_rule_catalog.py,92,test,rule_function_candidate,test_rule_catalog_entry_rejects_non_string_key,
tests/test_rule_catalog.py,106,test,rule_function_candidate,test_rule_catalog_entry_rejects_non_inference_rule,
tests/test_rule_catalog.py,118,test,rule_function_candidate,test_rule_catalog_entry_rejects_non_type_conclusion_type,
tests/test_rule_catalog.py,134,test,rule_function_candidate,test_rule_catalog_entry_rejects_non_bool_fixed_point_safe,
tests/test_rule_catalog.py,149,test,rule_function_candidate,test_rule_catalog_register_and_get_preserve_identity,
tests/test_rule_catalog.py,179,test,rule_function_candidate,test_rule_catalog_get_raises_key_error_for_missing_key,
tests/test_rule_catalog.py,190,test,rule_function_candidate,test_rule_catalog_register_rejects_non_entry,
tests/test_rule_catalog.py,205,test,rule_function_candidate,test_rule_catalog_register_rejects_duplicate_key,
tests/test_rule_catalog.py,237,test,rule_function_candidate,test_rule_catalog_entries_preserve_registration_order,
tests/test_rule_catalog.py,273,test,rule_function_candidate,test_rule_catalog_rules_preserve_registration_order_and_identity,
tests/test_rule_catalog.py,321,test,rule_function_candidate,test_rule_catalog_allows_same_rule_with_different_keys,
tests/test_rule_catalog.py,373,test,rule_function_candidate,test_find_goal_compatible_rule_entries_selects_safe_exact_type,
tests/test_rule_catalog.py,417,test,rule_function_candidate,test_find_goal_compatible_rule_entries_excludes_unsafe_rule,
tests/test_rule_catalog.py,446,test,rule_function_candidate,test_find_goal_compatible_rule_entries_requires_exact_conclusion_type,
tests/test_rule_catalog.py,481,test,rule_function_candidate,test_find_goal_compatible_rule_entries_preserves_registration_order,
tests/test_rule_catalog.py,526,test,rule_function_candidate,test_find_goal_compatible_rule_entries_preserves_rule_alias_entries,
tests/test_rule_catalog.py,571,test,rule_function_candidate,test_find_goal_compatible_rules_returns_rule_objects,
tests/test_rule_catalog.py,628,test,rule_function_candidate,test_find_goal_compatible_rules_deduplicates_rule_alias_by_identity,
tests/test_rule_catalog.py,675,test,rule_function_candidate,test_find_goal_compatible_rule_entries_rejects_non_catalog,
tests/test_rule_catalog.py,693,test,rule_function_candidate,test_find_goal_compatible_rules_returns_empty_when_no_candidate_exists,
tests/test_rule_catalog.py,448,test,statement_class_candidate,DerivedExampleStatement,
tests/test_rule_catalog.py,160,test,registration_call_candidate,catalog.register,catalog.register(entry)
tests/test_rule_catalog.py,224,test,registration_call_candidate,catalog.register,catalog.register(first_entry)
tests/test_rule_catalog.py,256,test,registration_call_candidate,catalog.register,catalog.register(first_entry)
tests/test_rule_catalog.py,260,test,registration_call_candidate,catalog.register,catalog.register(second_entry)
tests/test_rule_catalog.py,284,test,registration_call_candidate,catalog.register,"catalog.register(InferenceRuleCatalogEntry(key='phase81.first', rule=first_rule, conclusion_type=ExampleStatement))"
tests/test_rule_catalog.py,292,test,registration_call_candidate,catalog.register,"catalog.register(InferenceRuleCatalogEntry(key='phase81.second', rule=second_rule, conclusion_type=OtherStatement))"
tests/test_rule_catalog.py,338,test,registration_call_candidate,catalog.register,catalog.register(first_entry)
tests/test_rule_catalog.py,342,test,registration_call_candidate,catalog.register,catalog.register(second_entry)
tests/test_rule_catalog.py,394,test,registration_call_candidate,catalog.register,catalog.register(compatible_entry)
tests/test_rule_catalog.py,398,test,registration_call_candidate,catalog.register,catalog.register(unrelated_entry)
tests/test_rule_catalog.py,429,test,registration_call_candidate,catalog.register,catalog.register(unsafe_entry)
tests/test_rule_catalog.py,464,test,registration_call_candidate,catalog.register,catalog.register(entry)
tests/test_rule_catalog.py,502,test,registration_call_candidate,catalog.register,catalog.register(first_entry)
tests/test_rule_catalog.py,506,test,registration_call_candidate,catalog.register,catalog.register(second_entry)
tests/test_rule_catalog.py,547,test,registration_call_candidate,catalog.register,catalog.register(first_entry)
tests/test_rule_catalog.py,551,test,registration_call_candidate,catalog.register,catalog.register(second_entry)
tests/test_rule_catalog.py,582,test,registration_call_candidate,catalog.register,"catalog.register(InferenceRuleCatalogEntry(key='phase81.first', rule=first_rule, conclusion_type=ExampleStatement, fixed_point_safe=True))"
tests/test_rule_catalog.py,591,test,registration_call_candidate,catalog.register,"catalog.register(InferenceRuleCatalogEntry(key='phase81.second', rule=second_rule, conclusion_type=ExampleStatement, fixed_point_safe=True))"
tests/test_rule_catalog.py,635,test,registration_call_candidate,catalog.register,"catalog.register(InferenceRuleCatalogEntry(key='phase81.first', rule=rule, conclusion_type=ExampleStatement, fixed_point_safe=True))"
tests/test_rule_catalog.py,644,test,registration_call_candidate,catalog.register,"catalog.register(InferenceRuleCatalogEntry(key='phase81.alias', rule=rule, conclusion_type=ExampleStatement, fixed_point_safe=True))"
tests/test_rule_catalog.py,696,test,registration_call_candidate,catalog.register,"catalog.register(InferenceRuleCatalogEntry(key='phase81.unrelated', rule=make_rule('unrelated rule'), conclusion_type=OtherStatement, fixed_point_safe=True))"
tests/test_rule_catalog.py,200,test,registration_call_candidate,catalog.register,catalog.register('not-an-entry')
tests/test_rule_catalog.py,232,test,registration_call_candidate,catalog.register,catalog.register(second_entry)
tests/test_scalar_rules.py,307,test,rule_function_candidate,test_odd_scalar_rule_rejects_even_scalar_statement,
tests/test_scalar_rules.py,379,test,rule_function_candidate,test_even_scalar_rule_rejects_odd_scalar_statement,
tests/test_scalar_rules.py,469,test,rule_function_candidate,test_mod_two_one_scalar_rule_rejects_non_order_two_element,
tests/test_scalar_rules.py,508,test,rule_function_candidate,test_mod_two_one_scalar_rule_rejects_zero_mod_two_scalar,
tests/test_set_rules.py,7853,test,rule_function_candidate,test_symbolic_order_reasoning_does_not_generate_modulo_without_active_modulo_rule,
tests/test_stable_rules.py,319,test,rule_function_candidate,test_freudenthal_stable_range_does_not_use_boundary_epimorphism_rule,
tests/test_stable_rules.py,371,test,rule_function_candidate,test_freudenthal_isomorphism_and_boundary_epimorphism_rules_do_not_overlap,
tests/test_theorem_facts.py,30,test,api_or_container_definition,test_phase24_theorem_fact_repository_is_empty_by_default,
tests/test_theorem_facts.py,36,test,api_or_container_definition,test_phase24_theorem_fact_repository_preserves_toda_theorem_entry,
tests/test_theorem_facts.py,84,test,api_or_container_definition,test_phase24_2_theorem_fact_entry_preserves_literature_reference,
tests/test_theorem_facts.py,191,test,api_or_container_definition,test_phase24_4_repository_lookup_returns_matching_entry,
tests/test_theorem_facts.py,199,test,api_or_container_definition,test_phase24_4_repository_lookup_returns_none_for_unknown_fact,
tests/test_theorem_facts.py,253,test,api_or_container_definition,test_phase24_6_theorem_fact_entry_creates_given_proof_step,
tests/test_theorem_facts.py,295,test,api_or_container_definition,test_phase24_7_epsilon_3_repository_fact_derives_membership,
tests/test_theorem_facts.py,369,test,api_or_container_definition,test_phase24_8_repository_rejects_duplicate_statements,
tests/test_theorem_facts.py,397,test,api_or_container_definition,test_phase24_8_empty_repository_lookup_returns_none,
tests/test_theorem_facts.py,407,test,api_or_container_definition,test_phase24_9_repository_membership_provenance_excludes_unrelated_fact,
tests/test_theorem_facts.py,490,test,api_or_container_definition,test_phase24_9_repository_inference_scope_reaches_fixed_point,
tests/test_theorem_facts.py,31,test,named_container_assignment,repository,repository = TheoremFactRepository()
tests/test_theorem_facts.py,70,test,named_container_assignment,repository,"repository = TheoremFactRepository(entries=(entry,))"
tests/test_theorem_facts.py,398,test,named_container_assignment,repository,repository = TheoremFactRepository()
tests/test_theorem_facts.py,430,test,named_container_assignment,repository,"repository = TheoremFactRepository(entries=(EPSILON_3_TODA_MEMBERSHIP_FACT, unrelated_entry))"
tests/test_theorem_facts.py,31,test,repository_constructor,TheoremFactRepository,TheoremFactRepository()
tests/test_theorem_facts.py,61,test,literature_reference_candidate,LiteratureReference,LiteratureReference(label='Toda')
tests/test_theorem_facts.py,65,test,explicit_entry_constructor,TheoremFactEntry,"TheoremFactEntry(statement=theorem, reference=reference)"
tests/test_theorem_facts.py,70,test,repository_constructor,TheoremFactRepository,"TheoremFactRepository(entries=(entry,))"
tests/test_theorem_facts.py,85,test,literature_reference_candidate,LiteratureReference,"LiteratureReference(label='Toda', author='H. Toda', title='Composition Methods in Homotopy Groups of Spheres', year=1962, locator='Chapter VI')"
tests/test_theorem_facts.py,120,test,explicit_entry_constructor,TheoremFactEntry,"TheoremFactEntry(statement=theorem, reference=reference)"
tests/test_theorem_facts.py,372,test,explicit_entry_constructor,TheoremFactEntry,"TheoremFactEntry(statement=first_entry.statement, reference=LiteratureReference(label='Other source'))"
tests/test_theorem_facts.py,398,test,repository_constructor,TheoremFactRepository,TheoremFactRepository()
tests/test_theorem_facts.py,408,test,explicit_entry_constructor,TheoremFactEntry,"TheoremFactEntry(statement=TodaBracketMembershipTheoremStatement(element=HomotopyElement(name='ζ', dimension=3, generator=GeneratorSymbol(family='ζ', index=3)), bracket=TodaBracket(first=EPSILON_3_TODA_MEMBERSHIP_FACT.statement.bracket.firs"
tests/test_theorem_facts.py,430,test,repository_constructor,TheoremFactRepository,"TheoremFactRepository(entries=(EPSILON_3_TODA_MEMBERSHIP_FACT, unrelated_entry))"
tests/test_theorem_facts.py,147,test,literature_reference_candidate,LiteratureReference,LiteratureReference(label='Toda')
tests/test_theorem_facts.py,380,test,repository_constructor,TheoremFactRepository,"TheoremFactRepository(entries=(first_entry, second_entry))"
tests/test_theorem_facts.py,374,test,literature_reference_candidate,LiteratureReference,LiteratureReference(label='Other source')
tests/test_theorem_facts.py,425,test,literature_reference_candidate,LiteratureReference,LiteratureReference(label='Unrelated source')
tests/test_toda_rules.py,555,test,rule_function_candidate,test_toda_bracket_defined_rule_rejects_mismatched_middle_entry,
tests/test_toda_rules.py,598,test,rule_function_candidate,test_toda_bracket_defined_rule_requires_both_zero_compositions,
tests/test_toda_rules.py,1108,test,rule_function_candidate,test_phase18_toda_rules_reach_genuine_fixed_point,
tests/test_toda_rules.py,2998,test,rule_function_candidate,test_phase19_toda_rules_reach_genuine_fixed_point,
tests/test_toda_rules.py,3314,test,api_or_container_definition,test_phase20_actual_epsilon3_theorem_fact_preserves_index,
tests/test_toda_rules.py,3458,test,rule_function_candidate,test_phase20_current_unindexed_definedness_rule_does_not_match_indexed_conditions,
tests/test_toda_rules.py,3658,test,api_or_container_definition,test_phase23_1_indexed_toda_theorem_fact_preserves_full_bracket,
tests/test_toda_rules.py,355,test,literature_reference_candidate,LiteratureReference,"LiteratureReference(label='Toda', author='H. Toda', title='Composition Methods in Homotopy Groups of Spheres', year=1962, locator='Chapter VI')"
tests/test_toda_rules.py,405,test,literature_reference_candidate,LiteratureReference,"LiteratureReference(label='Toda', author='H. Toda', title='Composition Methods in Homotopy Groups of Spheres', year=1962, locator='Chapter VI')"
tests/test_toda_rules.py,1378,test,literature_reference_candidate,LiteratureReference,"LiteratureReference(label='Toda', author='H. Toda', title='Composition Methods in Homotopy Groups of Spheres', year=1962, locator='Chapter VI')"
tests/test_toda_rules.py,1435,test,literature_reference_candidate,LiteratureReference,"LiteratureReference(label='Toda', author='H. Toda', title='Composition Methods in Homotopy Groups of Spheres', year=1962, locator='Chapter VI')"
tests/test_toda_rules.py,1668,test,literature_reference_candidate,LiteratureReference,"LiteratureReference(label='Toda', author='H. Toda', title='Composition Methods in Homotopy Groups of Spheres', year=1962, locator='Chapter VI')"
tests/test_toda_rules.py,1826,test,literature_reference_candidate,LiteratureReference,"LiteratureReference(label='Toda', author='H. Toda', title='Composition Methods in Homotopy Groups of Spheres', year=1962, locator='Chapter VI')"
tests/test_toda_rules.py,1998,test,literature_reference_candidate,LiteratureReference,"LiteratureReference(label='Toda', author='H. Toda', title='Composition Methods in Homotopy Groups of Spheres', year=1962, locator='Chapter VI')"
tests/test_toda_rules.py,2254,test,literature_reference_candidate,LiteratureReference,"LiteratureReference(label='Toda', author='H. Toda', title='Composition Methods in Homotopy Groups of Spheres', year=1962, locator='Chapter VI')"
tests/test_toda_rules.py,2526,test,literature_reference_candidate,LiteratureReference,"LiteratureReference(label='Toda', author='H. Toda', title='Composition Methods in Homotopy Groups of Spheres', year=1962, locator='Chapter VI')"
tests/test_toda_rules.py,2717,test,literature_reference_candidate,LiteratureReference,"LiteratureReference(label='Toda', author='H. Toda', title='Composition Methods in Homotopy Groups of Spheres', year=1962, locator='Chapter VI')"
tests/test_toda_rules.py,2999,test,literature_reference_candidate,LiteratureReference,"LiteratureReference(label='Toda', author='H. Toda', title='Composition Methods in Homotopy Groups of Spheres', year=1962, locator='Chapter VI')"
tests/test_toda_rules.py,3258,test,literature_reference_candidate,LiteratureReference,"LiteratureReference(label='Toda', author='H. Toda', title='Composition Methods in Homotopy Groups of Spheres', year=1962, locator='Chapter VI')"
tests/test_toda_rules.py,3315,test,literature_reference_candidate,LiteratureReference,"LiteratureReference(label='Toda', author='H. Toda', title='Composition Methods in Homotopy Groups of Spheres', year=1962, locator='Chapter VI')"
tests/test_toda_rules.py,3659,test,literature_reference_candidate,LiteratureReference,"LiteratureReference(label='Toda', author='H. Toda', title='Composition Methods in Homotopy Groups of Spheres', year=1962, locator='Chapter VI')"
tests/test_toda_rules.py,4616,test,literature_reference_candidate,LiteratureReference,"LiteratureReference(label='Toda', author='H. Toda', title='Composition Methods in Homotopy Groups of Spheres', year=1962, locator='Chapter VI')"
tests/test_toda_rules.py,5417,test,literature_reference_candidate,LiteratureReference,"LiteratureReference(label='Toda indexed representative', author='H. Toda', title='Composition Methods in Homotopy Groups of Spheres', year=1962, locator='representative indexed theorem')"
tests/test_toda_rules.py,5644,test,literature_reference_candidate,LiteratureReference,"LiteratureReference(label='Toda', author='H. Toda', title='Composition Methods in Homotopy Groups of Spheres', year=1962, locator='Chapter VI')"
tests/test_toda_rules.py,5858,test,literature_reference_candidate,LiteratureReference,"LiteratureReference(label='Toda indexed representative', author='H. Toda', title='Composition Methods in Homotopy Groups of Spheres', year=1962, locator='representative indexed theorem')"
theorem_facts.py,41,production,api_or_container_definition,TheoremFactRepository,
theorem_facts.py,118,production,named_container_assignment,THEOREM_FACT_REPOSITORY,"THEOREM_FACT_REPOSITORY = TheoremFactRepository(entries=(EPSILON_3_TODA_MEMBERSHIP_FACT,))"
theorem_facts.py,42,production,named_container_assignment,entries,"entries: tuple[TheoremFactEntry, ...] = ()"
theorem_facts.py,72,production,explicit_entry_constructor,TheoremFactEntry,"TheoremFactEntry(statement=TodaBracketMembershipTheoremStatement(element=HomotopyElement(name='ε₃', dimension=3, generator=GeneratorSymbol(family='ε', index=3)), bracket=TodaBracket(first=HomotopyElement(name='η₃', dimension=3, generator=Ge"
theorem_facts.py,118,production,repository_constructor,TheoremFactRepository,"TheoremFactRepository(entries=(EPSILON_3_TODA_MEMBERSHIP_FACT,))"
theorem_facts.py,112,production,literature_reference_candidate,LiteratureReference,LiteratureReference(label='Toda')
toda_calculation.py,441,production,explicit_entry_constructor,ProofRepositoryEntry,"ProofRepositoryEntry(key=f'standard.toda.prop59::{branch_name}', step=source_step, phase='70', theorem='Toda Proposition 5.9')"
toda_calculation.py,638,production,explicit_entry_constructor,ProofRepositoryEntry,"ProofRepositoryEntry(key=f'standard.toda.concrete::pi_{query.n + query.k}_{query.n}', step=source_node.proof_step, phase=phase, theorem=theorem)"
toda_calculation.py,793,production,explicit_entry_constructor,ProofRepositoryEntry,"ProofRepositoryEntry(key='standard.toda.prop515::pi16_9', step=source_step, phase='75', theorem='Toda Proposition 5.15')"
toda_calculation.py,335,production,explicit_entry_constructor,ProofRepositoryEntry,"ProofRepositoryEntry(key=f'standard.toda.low-dimensional::{key_suffix}', step=node.proof_step, phase=phase, theorem=theorem)"
toda_calculation.py,706,production,explicit_entry_constructor,ProofRepositoryEntry,"ProofRepositoryEntry(key=f'standard.toda.stable::{key_suffix}_{query.n}_specialization', step=node.proof_step, phase=phase, theorem=theorem)"
toda_calculation.py,856,production,explicit_entry_constructor,ProofRepositoryEntry,"ProofRepositoryEntry(key=f'{source_entry.key}::sigma_{query.n}_specialization', step=node.proof_step, phase=source_entry.phase, theorem=source_entry.theorem)"
toda_calculation_facade.py,34,production,named_container_assignment,repository,repository = build_standard_production_proof_repository()
toda_calculation_goal_normalization.py,53,production,explicit_entry_constructor,ProofRepositoryEntry,"ProofRepositoryEntry(key=f'{source_entry.key}::{candidate.source.branch_name}', step=recovered_step, phase=source_entry.phase, theorem=source_entry.theorem)"
toda_calculation_report.py,87,production,named_container_assignment,repository_entries,repository_entries = repository.entries()
toda_delta_image_rules.py,16,production,rule_function_candidate,free_cyclic_generator_delta_image_inference_rule,
toda_end_to_end_presentation.py,239,production,api_or_container_definition,_validate_repository_entries,
toda_general_reference_schema.py,22,production,statement_class_candidate,GeneralReferenceStatement,
toda_group_lookup.py,110,production,named_container_assignment,entries,"entries = find_known_toda_group_results(repository, query)"
toda_group_proof_narrative_contribution_renderer.py,8689,production,rule_function_candidate,_phase157_r3_find_recursive_proof_step_by_rule_name,
toda_group_proof_narrative_contribution_renderer.py,1810,production,named_container_assignment,normalized_entries,normalized_entries = []
toda_group_proof_narrative_contribution_renderer.py,9650,production,named_container_assignment,pruned_entries,pruned_entries = []
toda_group_proof_narrative_contribution_renderer.py,9697,production,named_container_assignment,pruned_entries,pruned_entries = tuple(pruned_entries)
toda_group_proof_narrative_contribution_renderer.py,10265,production,named_container_assignment,reference_entries,reference_entries = build_toda_group_proof_narrative_reference_entries(presentation)
toda_group_proof_narrative_contribution_renderer.py,10270,production,named_container_assignment,reference_entries,"reference_entries = filter_toda_group_proof_narrative_reference_entries_by_fixed_statement_boundary(reference_entries, presentation.root_step)"
toda_group_proof_narrative_contribution_renderer.py,10276,production,named_container_assignment,"(reference_entries, statement_lines_by_reference_number)","(reference_entries, statement_lines_by_reference_number) = _select_toda_group_proof_narrative_reference_entries_and_statement_lines(presentation, reference_entries)"
toda_group_proof_narrative_contribution_renderer.py,10285,production,named_container_assignment,phase157_r4_reference_entries_before_usage_filter,phase157_r4_reference_entries_before_usage_filter = reference_entries
toda_group_proof_narrative_contribution_renderer.py,10291,production,named_container_assignment,"(reference_entries, statement_lines_by_reference_number)","(reference_entries, statement_lines_by_reference_number) = exclude_toda_group_proof_narrative_root_reference(reference_entries, statement_lines_by_reference_number, presentation.root_step)"
toda_group_proof_narrative_contribution_renderer.py,10622,production,named_container_assignment,"(reference_entries, statement_lines_by_reference_number)","(reference_entries, statement_lines_by_reference_number) = prune_toda_group_proof_narrative_root_zero_direct_premise_references(presentation, reference_entries, statement_lines_by_reference_number)"
toda_group_proof_narrative_contribution_renderer.py,10550,production,named_container_assignment,"(reference_entries, statement_lines_by_reference_number, rendered)","(reference_entries, statement_lines_by_reference_number, rendered) = filter_toda_group_proof_narrative_reference_entries_by_body_usage(reference_entries, statement_lines_by_reference_number, rendered)"
toda_group_proof_narrative_contribution_renderer.py,10561,production,named_container_assignment,"(reference_entries, statement_lines_by_reference_number, rendered)","(reference_entries, statement_lines_by_reference_number, rendered) = restore_toda_group_proof_narrative_fixed_reference_entries_after_body_usage(phase157_r4_reference_entries_before_usage_filter, phase157_r4_statement_lines_before_usage_fil"
toda_group_proof_narrative_contribution_renderer.py,10597,production,named_container_assignment,"(reference_entries, statement_lines_by_reference_number)","(reference_entries, statement_lines_by_reference_number) = filter_toda_group_proof_narrative_reference_entries_by_step_usage(reference_entries, statement_lines_by_reference_number, boundary_visible_used_step_ids, presentation.root_step)"
toda_group_proof_narrative_contribution_renderer.py,10610,production,named_container_assignment,"(reference_entries, statement_lines_by_reference_number, rendered)","(reference_entries, statement_lines_by_reference_number, rendered) = filter_toda_group_proof_narrative_reference_entries_by_body_usage(reference_entries, statement_lines_by_reference_number, rendered)"
toda_group_proof_narrative_hidden_bridge_semantics.py,114,production,rule_function_candidate,_inference_rule_name,
toda_group_proof_narrative_references.py,47,production,rule_function_candidate,_infer_toda_group_proof_literature_reference_from_rule_name,
toda_group_proof_narrative_references.py,334,production,named_container_assignment,retained_entries,retained_entries = []
toda_group_proof_narrative_references.py,444,production,named_container_assignment,retained_entries,retained_entries = tuple(retained_entries)
toda_group_proof_narrative_references.py,456,production,named_container_assignment,filtered_entries,"filtered_entries = tuple((replace(entry, number=number_map[entry.number]) for entry in retained_entries))"
toda_group_proof_narrative_references.py,706,production,named_container_assignment,retained_entries,retained_entries = []
toda_group_proof_narrative_references.py,779,production,named_container_assignment,retained_entries,"retained_entries = sorted(retained_entries, key=lambda entry: 0 if entry.reference.locator == '(5.1)' else 1)"
toda_group_proof_narrative_references.py,887,production,named_container_assignment,retained_entries,retained_entries = []
toda_group_proof_narrative_references.py,1045,production,named_container_assignment,used_entries,"used_entries = tuple((entry for entry in entries if not _same_toda_group_proof_literature_reference(entry.reference, root_reference) and any((id(proof_step) in used_step_ids for proof_step in entry.proof_steps))))"
toda_group_proof_narrative_references.py,1071,production,named_container_assignment,filtered_entries,"filtered_entries = tuple((replace(entry, number=number_map[entry.number]) for entry in used_entries))"
toda_group_proof_narrative_references.py,1180,production,named_container_assignment,used_entries,used_entries = tuple((entry for entry in entries if entry.number in used_reference_numbers))
toda_group_proof_narrative_references.py,1194,production,named_container_assignment,filtered_entries,"filtered_entries = tuple((replace(entry, number=number_map[entry.number]) for entry in used_entries))"
toda_group_proof_narrative_references.py,1513,production,named_container_assignment,desired_entries,desired_entries = []
toda_group_proof_narrative_references.py,1575,production,named_container_assignment,restored_entries,"restored_entries = tuple((replace(entry, number=number_map[entry.number]) for entry in desired_entries))"
toda_group_proof_narrative_references.py,1856,production,named_container_assignment,desired_entries,desired_entries = []
toda_group_proof_narrative_references.py,1916,production,named_container_assignment,restored_entries,"restored_entries = tuple((replace(entry, number=number_map[entry.number]) for entry in desired_entries))"
toda_group_proof_narrative_references.py,70,production,literature_reference_candidate,LiteratureReference,"LiteratureReference(label=f'Toda {locator}', locator=locator)"
toda_group_proof_narrative_references.py,82,production,literature_reference_candidate,LiteratureReference,"LiteratureReference(label=f'Toda {locator}', locator=locator)"
toda_group_proof_narrative_references.py,94,production,literature_reference_candidate,LiteratureReference,"LiteratureReference(label=f'Toda {locator}', locator=locator)"
toda_group_proof_narrative_references.py,111,production,literature_reference_candidate,LiteratureReference,"LiteratureReference(label='Toda ' + citation[0], locator=citation[0])"
toda_group_proof_narrative_references.py,148,production,literature_reference_candidate,LiteratureReference,"LiteratureReference(label='Toda ' + fixed_locator, locator=fixed_locator)"
toda_group_proof_narrative_renderer.py,4017,production,named_container_assignment,reference_entries,reference_entries = build_toda_group_proof_narrative_reference_entries(presentation)
toda_group_proof_narrative_renderer.py,4022,production,named_container_assignment,reference_entries,"reference_entries = filter_toda_group_proof_narrative_reference_entries_by_fixed_statement_boundary(reference_entries, presentation.root_step)"
toda_group_proof_narrative_renderer.py,4136,production,named_container_assignment,"(used_reference_entries, used_statement_lines, filtered_proof_body)","(used_reference_entries, used_statement_lines, filtered_proof_body) = filter_toda_group_proof_narrative_reference_entries_by_body_usage(reference_entries, statement_lines_by_reference_number, proof_body)"
toda_group_proof_narrative_renderer.py,4148,production,named_container_assignment,"(filtered_reference_entries, filtered_statement_lines)","(filtered_reference_entries, filtered_statement_lines) = exclude_toda_group_proof_narrative_root_reference(used_reference_entries, used_statement_lines, presentation.root_step)"
toda_group_proof_narrative_renderer.py,4246,production,named_container_assignment,reference_entries,reference_entries = build_toda_group_proof_narrative_reference_entries(presentation)
toda_group_proof_narrative_renderer.py,4251,production,named_container_assignment,reference_entries,"reference_entries = filter_toda_group_proof_narrative_reference_entries_by_fixed_statement_boundary(reference_entries, presentation.root_step)"
toda_group_proof_narrative_renderer.py,4841,production,named_container_assignment,reference_entries,reference_entries = build_toda_group_proof_narrative_reference_entries(presentation) if presentation.max_depth >= 2 else ()
toda_group_proof_narrative_renderer.py,4856,production,named_container_assignment,"(reference_entries, statement_lines_by_reference_number)","(reference_entries, statement_lines_by_reference_number) = exclude_toda_group_proof_narrative_root_reference(reference_entries, statement_lines_by_reference_number, presentation.root_step)"
toda_group_proof_narrative_renderer.py,7463,production,named_container_assignment,entries,entries = []
toda_group_proof_narrative_renderer.py,5006,production,named_container_assignment,"(filtered_reference_entries, filtered_statement_lines, suppressed_body)","(filtered_reference_entries, filtered_statement_lines, suppressed_body) = filter_toda_group_proof_narrative_reference_entries_by_body_usage(reference_entries, statement_lines_by_reference_number, suppressed_body)"
toda_group_proof_narrative_semantics.py,499,production,rule_function_candidate,_inference_rule_name,
toda_group_proof_narrative_transport_link.py,27,production,named_container_assignment,facts,facts = extract_suspension_transport_facts(root)
toda_group_result_proof_replay_renderer.py,47,production,rule_function_candidate,_group_result_proof_replay_rule_name,
toda_human_readable_renderer.py,1070,production,named_container_assignment,repository_source,repository_source = goal_source.repository_source
toda_literature_statement_boundary.py,10,production,statement_class_candidate,TodaLiteratureStatementClassification,
toda_literature_statement_boundary.py,15,production,statement_class_candidate,TodaLiteratureStatementRole,
toda_literature_statement_boundary.py,24,production,statement_class_candidate,TodaFixedStatementComponent,
toda_literature_statement_boundary.py,69,production,statement_class_candidate,TodaLiteratureStatementBoundary,
toda_proof_flow_presentation.py,301,production,api_or_container_definition,_validate_repository_entries,
toda_proof_presentation.py,83,production,api_or_container_definition,TodaRepositoryEntryPresentation,
toda_proof_presentation.py,550,production,api_or_container_definition,build_toda_repository_entry_presentation,
toda_proof_presentation.py,588,production,api_or_container_definition,_repository_presentations_for_step,
toda_proof_presentation.py,120,production,named_container_assignment,repository_source,repository_source: TodaRepositoryEntryPresentation
toda_proof_presentation.py,167,production,named_container_assignment,repository_sources,"repository_sources: tuple[TodaRepositoryEntryPresentation, ...] = ()"
toda_proof_presentation.py,252,production,rule_function_candidate,proof_rule,
toda_prop56_zero_bootstrap.py,256,production,literature_reference_candidate,LiteratureReference,"LiteratureReference(label='Toda Proposition 5.1', locator='Proposition 5.1')"
toda_rules.py,72,production,statement_class_candidate,Toda211OrdinaryEHPApplicabilityStatement,
toda_rules.py,79,production,statement_class_candidate,Toda211OrdinaryEHPExactnessStatement,
toda_rules.py,83,production,rule_function_candidate,toda_211_ordinary_ehp_applicability_inference_rule,
toda_rules.py,270,production,rule_function_candidate,toda_211_ordinary_ehp_exactness_inference_rule,
toda_rules.py,315,production,statement_class_candidate,TodaProp42ExactnessStatement,
toda_rules.py,320,production,statement_class_candidate,TodaHopfInvariantInjectiveStatement,
toda_rules.py,325,production,statement_class_candidate,TodaSuspensionInjectiveStatement,
toda_rules.py,330,production,statement_class_candidate,TodaSuspensionZeroStatement,
toda_rules.py,335,production,statement_class_candidate,TodaDeltaInjectiveStatement,
toda_rules.py,340,production,statement_class_candidate,TodaDeltaSurjectiveStatement,
toda_rules.py,345,production,statement_class_candidate,TodaDeltaKernelFreeCyclicStatement,
toda_rules.py,351,production,statement_class_candidate,TodaHopfInvariantZeroStatement,
toda_rules.py,356,production,statement_class_candidate,TodaDeltaZeroStatement,
toda_rules.py,361,production,statement_class_candidate,TodaHopfInvariantSurjectiveStatement,
toda_rules.py,366,production,statement_class_candidate,TodaHopfInvariantIsomorphismStatement,
toda_rules.py,371,production,statement_class_candidate,TodaPi32Eta2DefinitionStatement,
toda_rules.py,378,production,statement_class_candidate,TodaProp27HopfInvariantUpToSignStatement,
toda_rules.py,384,production,statement_class_candidate,TodaDeltaImageUpToSignStatement,
toda_rules.py,391,production,statement_class_candidate,TodaDeltaPreimageUpToSignStatement,
toda_rules.py,398,production,statement_class_candidate,TodaPi32WhiteheadSquareUpToSignStatement,
toda_rules.py,404,production,statement_class_candidate,Toda58WhiteheadSquareUpToSignStatement,
toda_rules.py,410,production,statement_class_candidate,Toda58EquationStatement,
toda_rules.py,421,production,statement_class_candidate,TodaLemma57TwoIota5ImageMembershipStatement,
toda_rules.py,426,production,rule_function_candidate,serre_42_finite_homotopy_group_inference_rule,
toda_rules.py,522,production,rule_function_candidate,toda_lemma57_e2_eta2_alpha_composition_inference_rule,
toda_rules.py,683,production,rule_function_candidate,toda_lemma57_e2_eta2_alpha_zero_inference_rule,
toda_rules.py,898,production,rule_function_candidate,toda_lemma45_n3_suspension_zero_reflection_inference_rule,
toda_rules.py,1093,production,rule_function_candidate,toda_45_stable_two_primary_identification_inference_rule,
toda_rules.py,1210,production,rule_function_candidate,toda_prop515_stable_sigma_definition_inference_rule,
toda_rules.py,1375,production,rule_function_candidate,toda_stable_g0_to_g7_integration_inference_rule,
toda_rules.py,1704,production,rule_function_candidate,toda_prop515_g7_two_primary_finite_cyclic_inference_rule,
toda_rules.py,1927,production,rule_function_candidate,toda_lemma57_nu_prime_hypothesis_inference_rule,
toda_rules.py,2073,production,rule_function_candidate,toda_lemma57_pi6_2_eta2_nu_prime_inference_rule,
toda_rules.py,2317,production,rule_function_candidate,toda_lemma57_concrete_delta_e_exactness_inference_rule,
toda_rules.py,2397,production,rule_function_candidate,toda_lemma57_delta_surjective_inference_rule,
toda_rules.py,2572,production,rule_function_candidate,toda_lemma57_delta_nu5_generator_inference_rule,
toda_rules.py,2789,production,rule_function_candidate,toda_prop58_concrete_e_h_exactness_inference_rule,
toda_rules.py,2872,production,rule_function_candidate,toda_prop58_pi7_3_hopf_injective_inference_rule,
toda_rules.py,3053,production,rule_function_candidate,toda_prop58_pi7_3_finite_cyclic_inference_rule,
toda_rules.py,3357,production,rule_function_candidate,toda_prop58_e_nu_prime_eta6_bridge_inference_rule,
toda_rules.py,3584,production,rule_function_candidate,toda_prop58_pi8_4_decomposition_inference_rule,
toda_rules.py,3995,production,rule_function_candidate,toda_prop25_delta_eta9_composition_inference_rule,
toda_rules.py,4179,production,rule_function_candidate,toda_prop58_delta_eta9_inference_rule,
toda_rules.py,4457,production,rule_function_candidate,toda_prop58_pi9_5_concrete_exactness_inference_rule,
toda_rules.py,4574,production,rule_function_candidate,toda_prop58_pi9_9_delta_injective_inference_rule,
toda_rules.py,4794,production,rule_function_candidate,toda_prop58_pi9_5_hopf_zero_inference_rule,
toda_rules.py,4916,production,rule_function_candidate,toda_prop58_pi9_5_suspension_surjective_inference_rule,
toda_rules.py,5039,production,rule_function_candidate,toda_prop58_e_nu4_eta7_bridge_inference_rule,
toda_rules.py,5295,production,rule_function_candidate,toda_prop58_pi9_5_finite_cyclic_inference_rule,
toda_rules.py,5634,production,rule_function_candidate,toda_prop58_eta3_nu4_hopf_inference_rule,
toda_rules.py,5778,production,rule_function_candidate,toda_59_eta3_nu4_inference_rule,
toda_rules.py,5994,production,rule_function_candidate,toda_510_eta5_nu6_bridge_inference_rule,
toda_rules.py,6179,production,rule_function_candidate,toda_510_eta5_nu6_zero_inference_rule,
toda_rules.py,6372,production,rule_function_candidate,toda_510_higher_eta_nu_zero_inference_rule,
toda_rules.py,6566,production,rule_function_candidate,toda_prop58_eta6_nu7_zero_specialization_inference_rule,
toda_rules.py,6759,production,rule_function_candidate,toda_prop31_nu6_eta9_zero_inference_rule,
toda_rules.py,7008,production,rule_function_candidate,toda_prop58_higher_nu_eta_zero_inference_rule,
toda_rules.py,7200,production,statement_class_candidate,TodaProp515Pi12_5HopfIsomorphismStatement,
toda_rules.py,7207,production,rule_function_candidate,toda_prop515_pi12_5_concrete_exactness_inference_rule,
toda_rules.py,7302,production,rule_function_candidate,toda_prop515_pi12_5_hopf_isomorphism_inference_rule,
toda_rules.py,7657,production,rule_function_candidate,toda_prop515_pi12_5_finite_cyclic_inference_rule,
toda_rules.py,7823,production,rule_function_candidate,toda_prop515_pi9_2_zero_inference_rule,
toda_rules.py,8016,production,rule_function_candidate,toda_prop515_pi10_3_concrete_exactness_inference_rule,
toda_rules.py,8123,production,rule_function_candidate,toda_prop515_pi10_3_delta_surjective_inference_rule,
toda_rules.py,8229,production,rule_function_candidate,toda_prop515_pi10_3_delta_injective_inference_rule,
toda_rules.py,8372,production,rule_function_candidate,toda_prop515_pi10_3_zero_inference_rule,
toda_rules.py,8499,production,rule_function_candidate,toda_prop515_pi11_4_zero_inference_rule,
toda_rules.py,8730,production,rule_function_candidate,toda_lemma512_shifted_nu_eta_zero_inference_rule,
toda_rules.py,8983,production,rule_function_candidate,toda_prop58_pi10_6_concrete_exactness_inference_rule,
toda_rules.py,9054,production,rule_function_candidate,toda_prop58_pi10_6_suspension_surjective_inference_rule,
toda_rules.py,9155,production,rule_function_candidate,toda_prop58_pi10_6_zero_inference_rule,
toda_rules.py,9368,production,rule_function_candidate,toda_prop58_higher_four_stem_zero_transport_inference_rule,
toda_rules.py,9526,production,rule_function_candidate,toda_lemma52_delta_two_eta2_preimage_inference_rule,
toda_rules.py,9647,production,statement_class_candidate,TodaProp51FiniteDimensionalStatement,
toda_rules.py,9655,production,statement_class_candidate,TodaProp53FiniteDimensionalStatement,
toda_rules.py,9664,production,statement_class_candidate,TodaProp56FiniteDimensionalStatement,
toda_rules.py,9678,production,statement_class_candidate,TodaProp58FiniteDimensionalStatement,
toda_rules.py,9692,production,statement_class_candidate,TodaProp59FiniteDimensionalStatement,
toda_rules.py,9707,production,statement_class_candidate,TodaProp511NuSquaredFiniteDimensionalStatement,
toda_rules.py,9721,production,statement_class_candidate,TodaProp511FiniteDimensionalStatement,
toda_rules.py,9735,production,statement_class_candidate,TodaProp515FiniteDimensionalStatement,
toda_rules.py,9752,production,statement_class_candidate,TodaLemma512FirstIndeterminacyZeroStatement,
toda_rules.py,9757,production,rule_function_candidate,toda_lemma512_first_indeterminacy_zero_inference_rule,
toda_rules.py,10102,production,statement_class_candidate,TodaLemma512SecondIndeterminacyHigherZeroStatement,
toda_rules.py,10109,production,statement_class_candidate,TodaLemma512SecondIndeterminacyN6ZeroStatement,
toda_rules.py,10117,production,statement_class_candidate,TodaLemma512SecondIndeterminacyZeroStatement,
toda_rules.py,10123,production,rule_function_candidate,toda_lemma512_second_indeterminacy_higher_zero_inference_rule,
toda_rules.py,10283,production,rule_function_candidate,toda_lemma512_second_indeterminacy_n6_zero_inference_rule,
toda_rules.py,10524,production,rule_function_candidate,toda_lemma512_second_indeterminacy_zero_integration_inference_rule,
toda_rules.py,10768,production,statement_class_candidate,TodaLemma512BracketSingletonMod2Statement,
toda_rules.py,10775,production,rule_function_candidate,toda_lemma512_bracket_singleton_mod2_inference_rule,
toda_rules.py,11334,production,statement_class_candidate,TodaLemma512CoefficientStabilityStatement,
toda_rules.py,11344,production,rule_function_candidate,toda_lemma512_coefficient_stability_inference_rule,
toda_rules.py,11803,production,statement_class_candidate,TodaLemma512NonzeroAnchorStatement,
toda_rules.py,11809,production,rule_function_candidate,toda_lemma512_lemma55_n8_inclusion_inference_rule,
toda_rules.py,11988,production,rule_function_candidate,toda_lemma512_nonzero_anchor_inference_rule,
toda_rules.py,12376,production,statement_class_candidate,TodaLemma512Statement,
toda_rules.py,12382,production,rule_function_candidate,toda_lemma512_final_integration_inference_rule,
toda_rules.py,12921,production,statement_class_candidate,Toda512DeltaInjectivityStatement,
toda_rules.py,13068,production,rule_function_candidate,toda_prop58_finite_dimensional_integration_inference_rule,
toda_rules.py,13581,production,rule_function_candidate,toda_eq510_concrete_delta_e_exactness_inference_rule,
toda_rules.py,13652,production,rule_function_candidate,toda_eq510_delta_surjective_inference_rule,
toda_rules.py,13759,production,rule_function_candidate,toda_eq510_delta_iota11_inference_rule,
toda_rules.py,14005,production,rule_function_candidate,toda_prop59_pi7_2_eta2_nu_prime_eta6_inference_rule,
toda_rules.py,14349,production,statement_class_candidate,TodaProp59DeltaKernelStatement,
toda_rules.py,14354,production,rule_function_candidate,toda_prop59_pi7_2_suspension_zero_inference_rule,
toda_rules.py,14603,production,rule_function_candidate,toda_prop59_concrete_e_h_exactness_inference_rule,
toda_rules.py,14682,production,rule_function_candidate,toda_prop59_pi8_3_hopf_injective_inference_rule,
toda_rules.py,14841,production,rule_function_candidate,toda_prop59_concrete_h_delta_exactness_inference_rule,
toda_rules.py,14920,production,rule_function_candidate,toda_prop59_delta_nu5_kernel_inference_rule,
toda_rules.py,15109,production,rule_function_candidate,toda_prop59_nu_prime_eta6_squared_hopf_inference_rule,
toda_rules.py,15488,production,rule_function_candidate,toda_prop59_pi8_3_finite_cyclic_inference_rule,
toda_rules.py,15754,production,rule_function_candidate,toda_prop59_e_nu_prime_eta6_squared_bridge_inference_rule,
toda_rules.py,16106,production,rule_function_candidate,toda_prop59_pi9_4_decomposition_inference_rule,
toda_rules.py,16555,production,rule_function_candidate,toda_prop59_delta_eta9_squared_inference_rule,
toda_rules.py,16878,production,rule_function_candidate,toda_512_n4_delta_injective_inference_rule,
toda_rules.py,17197,production,rule_function_candidate,toda_512_n5_delta_injective_inference_rule,
toda_rules.py,17421,production,rule_function_candidate,toda_512_n6_delta_injective_inference_rule,
toda_rules.py,17565,production,rule_function_candidate,toda_512_delta_injectivity_integration_inference_rule,
toda_rules.py,17710,production,rule_function_candidate,toda_prop59_pi10_9_delta_injective_inference_rule,
toda_rules.py,17970,production,rule_function_candidate,toda_prop59_pi10_5_concrete_exactness_inference_rule,
toda_rules.py,18062,production,rule_function_candidate,toda_prop59_pi10_5_hopf_zero_inference_rule,
toda_rules.py,18168,production,rule_function_candidate,toda_prop59_pi10_5_suspension_surjective_inference_rule,
toda_rules.py,18275,production,rule_function_candidate,toda_prop59_pi10_5_delta_e_exactness_inference_rule,
toda_rules.py,18345,production,rule_function_candidate,toda_prop59_e_nu4_eta7_squared_bridge_inference_rule,
toda_rules.py,18666,production,rule_function_candidate,toda_prop59_pi10_5_finite_cyclic_inference_rule,
toda_rules.py,19186,production,rule_function_candidate,toda_prop59_e_nu5_eta8_squared_zero_inference_rule,
toda_rules.py,19455,production,rule_function_candidate,toda_prop59_pi11_6_concrete_exactness_inference_rule,
toda_rules.py,19547,production,rule_function_candidate,toda_prop59_pi11_6_hopf_injective_inference_rule,
toda_rules.py,19696,production,rule_function_candidate,toda_prop59_pi11_11_delta_kernel_inference_rule,
toda_rules.py,19883,production,rule_function_candidate,toda_prop59_delta_iota13_hopf_inference_rule,
toda_rules.py,20004,production,rule_function_candidate,toda_prop59_pi11_6_free_cyclic_inference_rule,
toda_rules.py,20248,production,rule_function_candidate,toda_prop59_pi12_7_concrete_exactness_inference_rule,
toda_rules.py,20345,production,rule_function_candidate,toda_prop59_pi13_13_delta_surjective_inference_rule,
toda_rules.py,20488,production,rule_function_candidate,toda_prop59_pi12_7_suspension_surjective_inference_rule,
toda_rules.py,20594,production,rule_function_candidate,toda_prop59_pi12_7_zero_inference_rule,
toda_rules.py,20718,production,rule_function_candidate,toda_prop59_higher_five_stem_zero_transport_inference_rule,
toda_rules.py,20878,production,rule_function_candidate,toda_prop59_delta_eta11_inference_rule,
toda_rules.py,21145,production,rule_function_candidate,toda_prop59_finite_dimensional_integration_inference_rule,
toda_rules.py,21988,production,rule_function_candidate,toda_prop511_pi8_2_eta2_nu_prime_eta6_squared_inference_rule,
toda_rules.py,22356,production,rule_function_candidate,toda_prop511_pi8_2_suspension_zero_inference_rule,
toda_rules.py,22582,production,rule_function_candidate,toda_prop511_pi7_2_suspension_zero_inference_rule,
toda_rules.py,22781,production,rule_function_candidate,toda_prop511_pi9_3_concrete_exactness_inference_rule,
toda_rules.py,22890,production,rule_function_candidate,toda_prop511_pi10_7_nu7_inference_rule,
toda_rules.py,23025,production,rule_function_candidate,toda_prop511_pi10_4_nu4_squared_inference_rule,
toda_rules.py,23293,production,rule_function_candidate,toda_prop511_513_delta_nu9_inference_rule,
toda_rules.py,23610,production,rule_function_candidate,toda_prop511_513_delta_eta11_squared_zero_inference_rule,
toda_rules.py,24166,production,rule_function_candidate,toda_prop511_513_delta_eta13_zero_inference_rule,
toda_rules.py,24993,production,rule_function_candidate,toda_prop511_pi12_9_nu9_inference_rule,
toda_rules.py,25136,production,rule_function_candidate,toda_prop511_pi11_5_concrete_exactness_inference_rule,
toda_rules.py,25250,production,rule_function_candidate,toda_prop511_pi11_5_hopf_zero_inference_rule,
toda_rules.py,25352,production,rule_function_candidate,toda_prop511_pi11_5_suspension_surjective_inference_rule,
toda_rules.py,25454,production,rule_function_candidate,toda_prop511_pi11_5_nu5_squared_inference_rule,
toda_rules.py,25750,production,rule_function_candidate,toda_prop511_pi13_11_eta11_squared_inference_rule,
toda_rules.py,25942,production,rule_function_candidate,toda_prop511_pi12_6_concrete_exactness_inference_rule,
toda_rules.py,26039,production,rule_function_candidate,toda_prop511_pi12_6_suspension_injective_inference_rule,
toda_rules.py,26278,production,rule_function_candidate,toda_prop511_pi12_6_hopf_zero_inference_rule,
toda_rules.py,26378,production,rule_function_candidate,toda_prop511_pi12_6_suspension_injective_inference_rule,
toda_rules.py,26658,production,rule_function_candidate,toda_prop511_pi12_6_suspension_surjective_inference_rule,
toda_rules.py,26759,production,rule_function_candidate,toda_prop511_pi14_13_eta13_inference_rule,
toda_rules.py,26920,production,rule_function_candidate,toda_prop511_pi13_7_concrete_exactness_inference_rule,
toda_rules.py,27017,production,rule_function_candidate,toda_prop511_pi13_7_suspension_injective_inference_rule,
toda_rules.py,27229,production,rule_function_candidate,toda_prop511_pi13_7_hopf_zero_inference_rule,
toda_rules.py,27330,production,rule_function_candidate,toda_prop511_pi13_7_suspension_surjective_inference_rule,
toda_rules.py,27431,production,rule_function_candidate,toda_prop511_pi13_7_suspension_isomorphism_inference_rule,
toda_rules.py,27508,production,rule_function_candidate,toda_prop511_pi13_7_nu7_squared_inference_rule,
toda_rules.py,27680,production,rule_function_candidate,toda_prop511_pi14_8_prop44_zero_second_summand_suspension_isomorphism_inference_rule,
toda_rules.py,27847,production,rule_function_candidate,toda_prop511_pi14_8_nu8_squared_inference_rule,
toda_rules.py,28024,production,rule_function_candidate,toda_prop511_higher_six_stem_nu_squared_transport_inference_rule,
toda_rules.py,28322,production,rule_function_candidate,toda_prop511_nu_squared_finite_dimensional_integration_inference_rule,
toda_rules.py,28664,production,rule_function_candidate,toda_prop511_pi12_6_suspension_isomorphism_inference_rule,
toda_rules.py,28741,production,rule_function_candidate,toda_prop511_pi12_6_nu6_squared_inference_rule,
toda_rules.py,28914,production,rule_function_candidate,toda_prop511_zero_suspension_left_implies_hopf_injective_inference_rule,
toda_rules.py,29030,production,rule_function_candidate,toda_prop511_zero_suspension_right_implies_delta_surjective_inference_rule,
toda_rules.py,29145,production,rule_function_candidate,toda_prop511_pi9_5_to_pi7_2_delta_injective_inference_rule,
toda_rules.py,29288,production,rule_function_candidate,toda_prop511_pi9_3_zero_inference_rule,
toda_rules.py,29452,production,rule_function_candidate,toda_prop511_finite_dimensional_integration_inference_rule,
toda_rules.py,29776,production,rule_function_candidate,toda_prop51_finite_dimensional_integration_inference_rule,
toda_rules.py,30051,production,rule_function_candidate,toda_53_n3_prop51_delta_injective_inference_rule,
toda_rules.py,30167,production,rule_function_candidate,toda_53_n3_delta_injective_hopf_zero_inference_rule,
toda_rules.py,30289,production,rule_function_candidate,toda_53_n3_hopf_zero_suspension_surjective_inference_rule,
toda_rules.py,30411,production,rule_function_candidate,toda_53_n3_hopf_eta5_surjective_inference_rule,
toda_rules.py,30583,production,rule_function_candidate,toda_53_n3_hopf_surjective_delta_zero_inference_rule,
toda_rules.py,30705,production,rule_function_candidate,toda_53_n3_delta_zero_suspension_injective_inference_rule,
toda_rules.py,30827,production,rule_function_candidate,toda_53_n3_suspension_isomorphism_inference_rule,
toda_rules.py,30905,production,rule_function_candidate,toda_prop53_n3_eta_square_suspension_bridge_inference_rule,
toda_rules.py,31098,production,rule_function_candidate,toda_prop53_n3_pi5_3_finite_cyclic_transport_inference_rule,
toda_rules.py,31294,production,rule_function_candidate,toda_prop53_n4_phase48_injectivity_bridge_inference_rule,
toda_rules.py,31383,production,rule_function_candidate,toda_prop53_n4_zero_right_suspension_surjective_inference_rule,
toda_rules.py,31497,production,rule_function_candidate,toda_prop53_n4_suspension_isomorphism_inference_rule,
toda_rules.py,31577,production,rule_function_candidate,toda_prop53_n4_eta_square_suspension_bridge_inference_rule,
toda_rules.py,31785,production,rule_function_candidate,toda_prop53_n4_pi6_4_finite_cyclic_transport_inference_rule,
toda_rules.py,31981,production,rule_function_candidate,toda_prop53_eta4_squared_stable_transport_inference_rule,
toda_rules.py,32235,production,rule_function_candidate,toda_prop53_higher_eta_squared_bridge_inference_rule,
toda_rules.py,32435,production,rule_function_candidate,toda_prop53_higher_eta_squared_finite_cyclic_generator_inference_rule,
toda_rules.py,32572,production,rule_function_candidate,toda_prop53_finite_dimensional_integration_inference_rule,
toda_rules.py,32910,production,statement_class_candidate,TodaEtaFamilyDefinitionStatement,
toda_rules.py,32917,production,statement_class_candidate,TodaNuFamilyDefinitionStatement,
toda_rules.py,32924,production,statement_class_candidate,TodaSigmaFamilyDefinitionStatement,
toda_rules.py,32932,production,statement_class_candidate,TodaDeltaImageFreeCyclicStatement,
toda_rules.py,32938,production,statement_class_candidate,TodaSuspensionKernelFreeCyclicStatement,
toda_rules.py,32944,production,statement_class_candidate,TodaSuspensionSurjectiveStatement,
toda_rules.py,32949,production,statement_class_candidate,Toda45IsomorphismStatement,
toda_rules.py,32954,production,statement_class_candidate,Toda45StableTwoPrimaryIdentificationStatement,
toda_rules.py,32960,production,statement_class_candidate,Toda45StableTwoPrimaryZeroStatement,
toda_rules.py,32967,production,statement_class_candidate,TodaStableSigmaDefinitionStatement,
toda_rules.py,32974,production,statement_class_candidate,TodaStableEtaDefinitionStatement,
toda_rules.py,32981,production,statement_class_candidate,TodaStableEtaSquaredDefinitionStatement,
toda_rules.py,32989,production,statement_class_candidate,TodaStableNuDefinitionStatement,
toda_rules.py,32996,production,statement_class_candidate,TodaStableNuSquaredDefinitionStatement,
toda_rules.py,33004,production,statement_class_candidate,Toda33StableOrdinaryIdentificationStatement,
toda_rules.py,33010,production,statement_class_candidate,TodaStableIotaDefinitionStatement,
toda_rules.py,33017,production,statement_class_candidate,TodaStableG0ToG7Statement,
toda_rules.py,33029,production,statement_class_candidate,TodaIteratedSuspensionInjectiveStatement,
toda_rules.py,33034,production,statement_class_candidate,TodaProp56Pi8_5QuotientStatement,
toda_rules.py,33040,production,rule_function_candidate,toda_prop27_iota2_whitehead_hopf_invariant_inference_rule,
toda_rules.py,33126,production,statement_class_candidate,TodaProp44IsomorphismStatement,
toda_rules.py,33131,production,statement_class_candidate,TodaProp44FirstSummandRestrictionStatement,
toda_rules.py,33137,production,statement_class_candidate,TodaProp44SecondSummandRestrictionStatement,
toda_rules.py,33143,production,statement_class_candidate,Toda52CompositionIsomorphismStatement,
toda_rules.py,33150,production,statement_class_candidate,TodaProp44SuspensionInjectiveStatement,
toda_rules.py,33154,production,rule_function_candidate,toda_52_eta2_composition_isomorphism_inference_rule,
toda_rules.py,33432,production,rule_function_candidate,toda_52_pi4_2_finite_cyclic_transport_inference_rule,
toda_rules.py,33675,production,rule_function_candidate,toda_prop56_pi5_2_eta2_cube_inference_rule,
toda_rules.py,33934,production,rule_function_candidate,toda_57_nu_prime_eta6_hopf_inference_rule,
toda_rules.py,34244,production,rule_function_candidate,toda_prop56_eta3_cube_order_two_inference_rule,
toda_rules.py,34418,production,rule_function_candidate,toda_prop56_nu_prime_order_four_inference_rule,
toda_rules.py,34565,production,rule_function_candidate,toda_prop56_pi6_3_finite_cyclic_inference_rule,
toda_rules.py,34848,production,rule_function_candidate,toda_prop56_pi7_4_decomposition_inference_rule,
toda_rules.py,35150,production,rule_function_candidate,toda_prop56_pi8_5_quotient_inference_rule,
toda_rules.py,35338,production,rule_function_candidate,toda_prop56_pi6_3_e2_injective_inference_rule,
toda_rules.py,35521,production,rule_function_candidate,toda_prop56_nu5_double_relation_inference_rule,
toda_rules.py,35681,production,rule_function_candidate,toda_prop56_e2_nu_prime_order_four_inference_rule,
toda_rules.py,35798,production,rule_function_candidate,toda_prop56_nu5_order_eight_inference_rule,
toda_rules.py,35927,production,rule_function_candidate,toda_prop56_pi8_5_finite_cyclic_inference_rule,
toda_rules.py,36119,production,rule_function_candidate,toda_prop56_nu5_stable_transport_inference_rule,
toda_rules.py,36337,production,rule_function_candidate,toda_prop56_higher_nu_family_bridge_inference_rule,
toda_rules.py,36505,production,rule_function_candidate,toda_prop56_higher_nu_finite_cyclic_generator_inference_rule,
toda_rules.py,36665,production,rule_function_candidate,toda_prop56_pi7_3_hopf_surjective_inference_rule,
toda_rules.py,36898,production,rule_function_candidate,toda_prop56_pi7_5_delta_zero_inference_rule,
toda_rules.py,37019,production,rule_function_candidate,toda_prop56_pi5_2_suspension_injective_inference_rule,
toda_rules.py,37140,production,rule_function_candidate,toda_pi_i_minus_1_1_zero_inference_rule,
toda_rules.py,37210,production,rule_function_candidate,toda_prop44_eta2_second_summand_restriction_inference_rule,
toda_rules.py,37429,production,rule_function_candidate,toda_prop44_first_summand_restriction_inference_rule,
toda_rules.py,37568,production,rule_function_candidate,toda_prop44_suspension_injective_inference_rule,
toda_rules.py,37679,production,rule_function_candidate,toda_prop44_isomorphism_inference_rule,
toda_rules.py,37918,production,rule_function_candidate,toda_prop44_eta2_n2_isomorphism_inference_rule,
toda_rules.py,38172,production,rule_function_candidate,toda_45_isomorphism_inference_rule,
toda_rules.py,38348,production,rule_function_candidate,toda_45_pi4_3_finite_cyclic_transport_inference_rule,
toda_rules.py,38555,production,rule_function_candidate,toda_prop42_e_h_exactness_inference_rule,
toda_rules.py,38648,production,rule_function_candidate,toda_prop42_h_delta_exactness_inference_rule,
toda_rules.py,38758,production,rule_function_candidate,toda_prop42_delta_e_exactness_inference_rule,
toda_rules.py,38861,production,rule_function_candidate,toda_prop42_exactness_to_generic_inference_rule,
toda_rules.py,38899,production,rule_function_candidate,toda_exactness_zero_left_implies_hopf_injective_inference_rule,
toda_rules.py,38988,production,rule_function_candidate,toda_suspension_isomorphism_implies_injective_inference_rule,
toda_rules.py,39024,production,rule_function_candidate,toda_exactness_injective_right_implies_delta_zero_inference_rule,
toda_rules.py,39122,production,rule_function_candidate,toda_exactness_zero_delta_implies_hopf_surjective_inference_rule,
toda_rules.py,39220,production,rule_function_candidate,toda_hopf_injective_surjective_implies_isomorphism_inference_rule,
toda_rules.py,39285,production,rule_function_candidate,toda_pi3_2_define_eta2_inference_rule,
toda_rules.py,39419,production,rule_function_candidate,toda_pi3_2_eta2_hopf_relation_inference_rule,
toda_rules.py,39522,production,rule_function_candidate,toda_pi3_2_free_cyclic_generator_inference_rule,
toda_rules.py,39674,production,rule_function_candidate,toda_lemma41_odd_case_inference_rule,
toda_rules.py,39726,production,rule_function_candidate,toda_lemma41_even_nonzero_case_inference_rule,
toda_rules.py,39865,production,rule_function_candidate,toda_lemma41_even_zero_case_inference_rule,
toda_rules.py,39985,production,rule_function_candidate,toda_lemma41_even_zero_h_alpha_inference_rule,
toda_rules.py,40100,production,rule_function_candidate,toda_lemma41_even_zero_suspension_primary_inference_rule,
toda_rules.py,40220,production,statement_class_candidate,TodaBracketMembershipStatement,
toda_rules.py,40228,production,statement_class_candidate,TodaLemma513Statement,
toda_rules.py,40235,production,rule_function_candidate,toda_prop51_stable_eta_definition_inference_rule,
toda_rules.py,40406,production,rule_function_candidate,toda_prop53_stable_eta_squared_definition_inference_rule,
toda_rules.py,40674,production,rule_function_candidate,toda_prop56_stable_nu_definition_inference_rule,
toda_rules.py,40845,production,rule_function_candidate,toda_prop511_stable_nu_squared_definition_inference_rule,
toda_rules.py,41110,production,rule_function_candidate,toda_43_pi3_3_ordinary_free_cyclic_inference_rule,
toda_rules.py,41203,production,rule_function_candidate,toda_33_g0_stable_identification_inference_rule,
toda_rules.py,41293,production,rule_function_candidate,toda_33_stable_iota_definition_inference_rule,
toda_rules.py,41450,production,rule_function_candidate,toda_33_g0_free_cyclic_inference_rule,
toda_rules.py,41645,production,rule_function_candidate,toda_prop58_g4_two_primary_zero_inference_rule,
toda_rules.py,41767,production,rule_function_candidate,toda_prop59_g5_two_primary_zero_inference_rule,
toda_rules.py,41889,production,rule_function_candidate,toda_prop511_g6_two_primary_finite_cyclic_inference_rule,
toda_rules.py,42115,production,rule_function_candidate,toda_prop56_g3_two_primary_finite_cyclic_inference_rule,
toda_rules.py,42372,production,rule_function_candidate,toda_prop53_g2_two_primary_finite_cyclic_inference_rule,
toda_rules.py,42608,production,rule_function_candidate,toda_prop51_g1_two_primary_finite_cyclic_inference_rule,
toda_rules.py,42854,production,rule_function_candidate,toda_lemma513_sigma_triple_prime_definition_inference_rule,
toda_rules.py,43073,production,statement_class_candidate,Toda514FirstShortExactStatement,
toda_rules.py,43082,production,statement_class_candidate,Toda514SecondShortExactStatement,
toda_rules.py,43090,production,rule_function_candidate,toda_514_delta_eta13_squared_zero_inference_rule,
toda_rules.py,43309,production,rule_function_candidate,toda_514_second_short_exact_concrete_exactness_inference_rule,
toda_rules.py,43415,production,rule_function_candidate,toda_514_second_short_exact_inference_rule,
toda_rules.py,43832,production,rule_function_candidate,toda_514_delta_nu11_zero_inference_rule,
toda_rules.py,44089,production,rule_function_candidate,toda_514_first_short_exact_inference_rule,
toda_rules.py,44316,production,statement_class_candidate,Toda514FirstShortExactStatement,
toda_rules.py,44324,production,rule_function_candidate,toda_514_delta_nu11_zero_inference_rule,
toda_rules.py,44734,production,rule_function_candidate,toda_514_first_short_exact_concrete_exactness_inference_rule,
toda_rules.py,44841,production,rule_function_candidate,toda_514_first_short_exact_inference_rule,
toda_rules.py,45274,production,statement_class_candidate,Toda36Lemma514SigmaDoublePrimeBridgeStatement,
toda_rules.py,45285,production,statement_class_candidate,TodaLemma514SigmaDoublePrimeStatement,
toda_rules.py,45298,production,statement_class_candidate,TodaLemma514SigmaPrimeStatement,
toda_rules.py,45312,production,statement_class_candidate,TodaLemma514Sigma8Statement,
toda_rules.py,45331,production,statement_class_candidate,Toda515Sigma8Prop44SpecializationStatement,
toda_rules.py,45340,production,statement_class_candidate,Toda515Sigma8TransportedDecompositionStatement,
toda_rules.py,45350,production,statement_class_candidate,Toda48Pi16_9OrderAndE4InjectiveStatement,
toda_rules.py,45357,production,rule_function_candidate,toda_48_pi16_9_order_and_e4_injective_inference_rule,
toda_rules.py,45486,production,rule_function_candidate,toda_prop515_pi16_9_sigma9_finite_cyclic_inference_rule,
toda_rules.py,45812,production,rule_function_candidate,toda_45_sigma9_finite_cyclic_transport_inference_rule,
toda_rules.py,46067,production,rule_function_candidate,toda_36_lemma514_sigma_double_prime_bridge_inference_rule,
toda_rules.py,46606,production,rule_function_candidate,toda_lemma514_sigma_double_prime_inference_rule,
toda_rules.py,47033,production,rule_function_candidate,toda_lemma514_sigma_prime_inference_rule,
toda_rules.py,47391,production,rule_function_candidate,toda_prop515_pi14_7_finite_cyclic_inference_rule,
toda_rules.py,47754,production,rule_function_candidate,toda_prop515_pi13_6_finite_cyclic_inference_rule,
toda_rules.py,48075,production,rule_function_candidate,toda_lemma514_sigma8_inference_rule,
toda_rules.py,48417,production,rule_function_candidate,toda_prop515_sigma8_prop44_specialization_inference_rule,
toda_rules.py,48535,production,rule_function_candidate,toda_prop515_sigma8_prop44_isomorphism_inference_rule,
toda_rules.py,48737,production,rule_function_candidate,toda_prop515_sigma8_transported_decomposition_inference_rule,
toda_rules.py,49073,production,rule_function_candidate,toda_prop515_pi15_8_final_group_inference_rule,
toda_rules.py,49361,production,rule_function_candidate,toda_516_sigma8_suspension_kernel_inference_rule,
toda_rules.py,49772,production,rule_function_candidate,toda_516_concrete_delta_e_exactness_inference_rule,
toda_rules.py,49853,production,rule_function_candidate,toda_516_exactness_kernel_to_delta_image_inference_rule,
toda_rules.py,50008,production,rule_function_candidate,toda_516_delta_iota17_generator_inference_rule,
toda_rules.py,50291,production,statement_class_candidate,TodaLemma516TypedSetupStatement,
toda_rules.py,50307,production,statement_class_candidate,TodaLemma516BracketSumContainmentStatement,
toda_rules.py,50318,production,statement_class_candidate,Toda36Lemma516FirstBracketTermStatement,
toda_rules.py,50330,production,statement_class_candidate,Toda36Lemma516SecondBracketTermStatement,
toda_rules.py,50342,production,statement_class_candidate,Toda36Lemma516BracketSumContainmentStatement,
toda_rules.py,50355,production,statement_class_candidate,TodaLemma516Sigma8IteratedSuspensionBridgeStatement,
toda_rules.py,50367,production,statement_class_candidate,TodaLemma516SigmaTPlus8DefinitionStatement,
toda_rules.py,50375,production,statement_class_candidate,TodaLemma516ScaledCompositionBridgeStatement,
toda_rules.py,50650,production,rule_function_candidate,toda_36_lemma516_first_bracket_term_inference_rule,
toda_rules.py,50977,production,rule_function_candidate,toda_36_lemma516_second_bracket_term_inference_rule,
toda_rules.py,51291,production,rule_function_candidate,toda_36_lemma516_bracket_sum_containment_inference_rule,
toda_rules.py,51488,production,rule_function_candidate,toda_lemma516_sigma8_iterated_suspension_bridge_inference_rule,
toda_rules.py,51753,production,rule_function_candidate,toda_lemma516_sigma_t_plus_8_definition_inference_rule,
toda_rules.py,51896,production,rule_function_candidate,toda_lemma516_scaled_composition_bridge_inference_rule,
toda_rules.py,52158,production,rule_function_candidate,toda_lemma516_scaled_bracket_sum_inference_rule,
toda_rules.py,52400,production,rule_function_candidate,toda_prop515_finite_dimensional_integration_inference_rule,
toda_rules.py,52941,production,statement_class_candidate,Toda54BracketUpToSignStatement,
toda_rules.py,52947,production,statement_class_candidate,TodaLemma55BracketContainsUpToSignStatement,
toda_rules.py,52953,production,statement_class_candidate,TodaLemma55SuspensionUpToSignStatement,
toda_rules.py,52959,production,statement_class_candidate,Toda54IndeterminacyGeneratorStatement,
toda_rules.py,52965,production,statement_class_candidate,TodaLemma510BracketModuloStatement,
toda_rules.py,52972,production,rule_function_candidate,toda_lemma510_eta8_two_iota9_zero_inference_rule,
toda_rules.py,53112,production,rule_function_candidate,toda_lemma510_prop26_indexed_hopf_inference_rule,
toda_rules.py,53381,production,rule_function_candidate,toda_lemma510_split_115_inference_rule,
toda_rules.py,53485,production,rule_function_candidate,toda_lemma510_hopf_from_split_inference_rule,
toda_rules.py,53562,production,rule_function_candidate,toda_lemma510_corrected_exactness_core_inference_rule,
toda_rules.py,53717,production,rule_function_candidate,toda_lemma510_corrected_exactness_core_inference_rule,
toda_rules.py,53872,production,rule_function_candidate,toda_lemma510_corrected_modulo_integration_inference_rule,
toda_rules.py,54030,production,statement_class_candidate,TodaLemma510HopfBracketContainsStatement,
toda_rules.py,54036,production,statement_class_candidate,TodaLemma510BracketPlusSuspensionImageStatement,
toda_rules.py,54043,production,statement_class_candidate,TodaLemma510SuspensionImageInDoubleStatement,
toda_rules.py,54050,production,statement_class_candidate,TodaLemma510Nu6OrdinaryCompositionReductionStatement,
toda_rules.py,54057,production,statement_class_candidate,TodaLemma510Nu6OrdinaryCompositionZeroStatement,
toda_rules.py,54063,production,statement_class_candidate,TodaLemma510OrdinaryIndeterminacyDoubleStatement,
toda_rules.py,54069,production,rule_function_candidate,toda_lemma510_nu6_ordinary_composition_reduction_inference_rule,
toda_rules.py,54254,production,rule_function_candidate,toda_lemma510_nu6_ordinary_composition_zero_inference_rule,
toda_rules.py,54486,production,rule_function_candidate,toda_lemma510_eta9_two_iota10_zero_inference_rule,
toda_rules.py,54621,production,rule_function_candidate,toda_lemma510_ordinary_indeterminacy_double_inference_rule,
toda_rules.py,54809,production,statement_class_candidate,TodaLemma510IndexedHopfBracketContainsStatement,
toda_rules.py,54815,production,statement_class_candidate,TodaLemma510Split115Statement,
toda_rules.py,54821,production,statement_class_candidate,TodaLemma510OrdinaryBracketPlusSuspensionImageStatement,
toda_rules.py,54830,production,statement_class_candidate,TodaLemma510OrdinarySuspensionImageFiniteStatement,
toda_rules.py,54837,production,statement_class_candidate,TodaLemma510OrdinarySuspensionImageTwoPrimaryZeroStatement,
toda_rules.py,54844,production,statement_class_candidate,TodaLemma510OrdinarySuspensionImageInDoubleStatement,
toda_rules.py,54851,production,rule_function_candidate,toda_lemma510_indeterminacy_inference_rule,
toda_rules.py,55110,production,rule_function_candidate,toda_lemma510_suspension_image_in_double_inference_rule,
toda_rules.py,55261,production,rule_function_candidate,toda_lemma510_ordinary_suspension_image_finite_inference_rule,
toda_rules.py,55336,production,rule_function_candidate,toda_lemma510_ordinary_suspension_image_two_primary_zero_inference_rule,
toda_rules.py,55462,production,rule_function_candidate,toda_lemma510_ordinary_suspension_image_in_double_inference_rule,
toda_rules.py,55589,production,rule_function_candidate,toda_lemma510_modulo_integration_inference_rule,
toda_rules.py,55751,production,rule_function_candidate,toda_lemma510_hopf_bracket_contains_inference_rule,
toda_rules.py,55985,production,rule_function_candidate,toda_lemma510_exactness_core_inference_rule,
toda_rules.py,56188,production,statement_class_candidate,Toda36Lemma54SpecializationStatement,
toda_rules.py,56197,production,statement_class_candidate,TodaLemma54DoubleSuspensionUpToSignStatement,
toda_rules.py,56203,production,statement_class_candidate,TodaLemma54HopfOddMultipleStatement,
toda_rules.py,56210,production,statement_class_candidate,TodaLemma54WhiteheadCorrectionDataStatement,
toda_rules.py,56226,production,statement_class_candidate,TodaLemma54Nu4ConstructionStatement,
toda_rules.py,56237,production,statement_class_candidate,TodaLemma54Statement,
toda_rules.py,56249,production,statement_class_candidate,Toda56Nu4Prop44SpecializationStatement,
toda_rules.py,56258,production,statement_class_candidate,Toda56Nu4DecompositionIsomorphismStatement,
toda_rules.py,56263,production,statement_class_candidate,Toda56Nu4DecompositionStatement,
toda_rules.py,56301,production,rule_function_candidate,toda_56_nu4_decomposition_integration_inference_rule,
toda_rules.py,56503,production,rule_function_candidate,toda_56_nu4_prop44_specialization_inference_rule,
toda_rules.py,56634,production,rule_function_candidate,toda_56_nu4_prop44_isomorphism_inference_rule,
toda_rules.py,56880,production,rule_function_candidate,toda_56_nu4_decomposition_isomorphism_inference_rule,
toda_rules.py,57096,production,rule_function_candidate,toda_prop56_finite_dimensional_integration_inference_rule,
toda_rules.py,57465,production,rule_function_candidate,toda_58_delta_iota9_nu4_nu_prime_inference_rule,
toda_rules.py,57613,production,rule_function_candidate,toda_58_whitehead_square_nu_expression_inference_rule,
toda_rules.py,57797,production,rule_function_candidate,toda_58_delta_iota9_whitehead_square_inference_rule,
toda_rules.py,57971,production,rule_function_candidate,toda_58_integration_inference_rule,
toda_rules.py,58186,production,statement_class_candidate,TodaLemma55Statement,
toda_rules.py,58200,production,statement_class_candidate,Toda55NuFamilyFiniteDimensionalStatement,
toda_rules.py,58240,production,rule_function_candidate,toda_55_nu_family_finite_dimensional_integration_inference_rule,
toda_rules.py,58647,production,rule_function_candidate,toda_lemma54_integration_inference_rule,
toda_rules.py,58827,production,rule_function_candidate,toda_lemma54_whitehead_correction_data_inference_rule,
toda_rules.py,58925,production,rule_function_candidate,toda_lemma54_nu4_piecewise_construction_inference_rule,
toda_rules.py,59137,production,rule_function_candidate,toda_lemma54_nu4_membership_inference_rule,
toda_rules.py,59176,production,rule_function_candidate,toda_lemma54_nu4_hopf_inference_rule,
toda_rules.py,59265,production,rule_function_candidate,toda_lemma54_nu4_double_suspension_inference_rule,
toda_rules.py,59353,production,rule_function_candidate,toda_lemma54_pi6_5_finite_cyclic_inference_rule,
toda_rules.py,59487,production,rule_function_candidate,toda_48_lemma54_hopf_odd_multiple_inference_rule,
toda_rules.py,59717,production,rule_function_candidate,toda_lemma54_eta6_twice_zero_inference_rule,
toda_rules.py,59848,production,rule_function_candidate,toda_36_lemma54_specialization_inference_rule,
toda_rules.py,60090,production,rule_function_candidate,toda_54_n5_t3_specialization_inference_rule,
toda_rules.py,60317,production,rule_function_candidate,toda_lemma54_double_suspension_up_to_sign_inference_rule,
toda_rules.py,60431,production,rule_function_candidate,toda_54_t_ge_1_indeterminacy_eta_cube_inference_rule,
toda_rules.py,60631,production,rule_function_candidate,toda_54_nu_prime_triple_eta_transport_inference_rule,
toda_rules.py,60857,production,rule_function_candidate,toda_54_indeterminacy_double_nu_prime_generator_inference_rule,
toda_rules.py,60956,production,rule_function_candidate,toda_54_nu_prime_bracket_inclusion_inference_rule,
toda_rules.py,61273,production,rule_function_candidate,toda_54_t_ge_1_up_to_sign_inference_rule,
toda_rules.py,61368,production,rule_function_candidate,toda_32_phase60_suspension_surjective_inference_rule,
toda_rules.py,61461,production,rule_function_candidate,toda_54_t0_bridge_inference_rule,
toda_rules.py,61706,production,rule_function_candidate,toda_lemma55_alpha_star_bracket_inclusion_inference_rule,
toda_rules.py,62018,production,rule_function_candidate,toda_lemma55_nu4_suspension_correction_inference_rule,
toda_rules.py,62181,production,rule_function_candidate,toda_lemma55_alpha_star_to_nu4_composition_inference_rule,
toda_rules.py,62401,production,rule_function_candidate,toda_lemma55_integration_inference_rule,
toda_rules.py,62746,production,statement_class_candidate,Toda53NuPrimeBracketSpecializationStatement,
toda_rules.py,62753,production,rule_function_candidate,toda_53_nu_prime_bracket_specialization_inference_rule,
toda_rules.py,62907,production,rule_function_candidate,toda_53_eta3_twice_zero_inference_rule,
toda_rules.py,63014,production,rule_function_candidate,toda_53_nu_prime_lemma52_hopf_inference_rule,
toda_rules.py,63134,production,rule_function_candidate,toda_53_nu_prime_lemma52_double_inference_rule,
toda_rules.py,63275,production,rule_function_candidate,toda_53_nu_prime_lemma52_membership_inference_rule,
toda_rules.py,63387,production,rule_function_candidate,toda_53_eta5_iterated_suspension_bridge_inference_rule,
toda_rules.py,63568,production,rule_function_candidate,toda_53_eta4_suspension_bridge_inference_rule,
toda_rules.py,63740,production,statement_class_candidate,TodaBracketMembershipTheoremStatement,
toda_rules.py,63767,production,statement_class_candidate,TodaLemma52BracketCompositionMembershipStatement,
toda_rules.py,63776,production,statement_class_candidate,TodaLemma52BracketRepresentativeStatement,
toda_rules.py,63781,production,rule_function_candidate,toda_prop14_lemma52_bracket_transformation_inference_rule,
toda_rules.py,63952,production,rule_function_candidate,toda_prop13_lemma52_bracket_transformation_inference_rule,
toda_rules.py,64152,production,rule_function_candidate,toda_cor37_lemma52_representative_inference_rule,
toda_rules.py,64355,production,rule_function_candidate,toda_prop51_eta4_twice_zero_inference_rule,
toda_rules.py,64489,production,rule_function_candidate,toda_21_lemma52_suspended_indeterminacy_zero_inference_rule,
toda_rules.py,64660,production,rule_function_candidate,toda_lemma45_n4_suspension_zero_reflection_inference_rule,
toda_rules.py,64847,production,rule_function_candidate,toda_lemma52_prop26_first_zero_inference_rule,
toda_rules.py,64991,production,rule_function_candidate,toda_lemma52_hopf_value_inference_rule,
toda_rules.py,65178,production,rule_function_candidate,toda_lemma52_beta_membership_inference_rule,
toda_rules.py,65318,production,rule_function_candidate,toda_lemma52_double_value_inference_rule,
toda_rules.py,65692,production,rule_function_candidate,toda_lemma52_delta_e2_alpha_zero_inference_rule,
toda_rules.py,65772,production,statement_class_candidate,TodaBracketDefinedStatement,
toda_rules.py,65777,production,statement_class_candidate,TodaProp26HopfBracketConsequenceStatement,
toda_rules.py,65785,production,rule_function_candidate,toda_prop26_lemma52_hopf_bracket_inference_rule,
toda_rules.py,66022,production,rule_function_candidate,toda_bracket_membership_from_theorem_inference_rule,
toda_rules.py,66076,production,rule_function_candidate,indexed_toda_bracket_membership_from_theorem_inference_rule,
toda_rules.py,66144,production,rule_function_candidate,toda_bracket_defined_by_zero_compositions_inference_rule,
toda_rules.py,66214,production,rule_function_candidate,indexed_toda_bracket_index1_defined_inference_rule,
toda_rules.py,66307,production,rule_function_candidate,toda_delta_iota5_whitehead_square_inference_rule,
toda_rules.py,66397,production,rule_function_candidate,toda_delta_iota5_two_eta2_up_to_sign_inference_rule,
toda_rules.py,66556,production,rule_function_candidate,toda_pi3_2_whitehead_square_up_to_sign_inference_rule,
toda_rules.py,66740,production,rule_function_candidate,toda_pi4_3_delta_image_free_cyclic_inference_rule,
toda_rules.py,66909,production,rule_function_candidate,toda_pi4_3_exactness_delta_image_to_suspension_kernel_inference_rule,
toda_rules.py,67037,production,rule_function_candidate,toda_pi4_3_zero_right_implies_suspension_surjective_inference_rule,
toda_rules.py,67148,production,rule_function_candidate,toda_pi4_3_finite_cyclic_inference_rule,
toda_rules.py,67496,production,rule_function_candidate,toda_55_nu_family_double_suspension_transport_inference_rule,
toda_rules.py,67796,production,rule_function_candidate,toda_lemma514_sigma_family_definition_inference_rule,
toda_rules.py,67964,production,rule_function_candidate,toda_eta3_suspension_relation_inference_rule,
toda_rules.py,68066,production,rule_function_candidate,toda_higher_eta_family_bridge_inference_rule,
toda_rules.py,68232,production,rule_function_candidate,toda_higher_eta_finite_cyclic_generator_inference_rule,
toda_rules.py,68419,production,rule_function_candidate,toda_pi4_3_eta3_generator_inference_rule,
toda_rules.py,68554,production,rule_function_candidate,toda_lemma45_n4_two_iota3_composition_inference_rule,
toda_rules.py,30041,production,literature_reference_candidate,LiteratureReference,"LiteratureReference(label='Toda Proposition 5.1', author='H. Toda', title='Composition Methods in Homotopy Groups of Spheres', year=1962, locator='Proposition 5.1')"
toda_rules.py,33422,production,literature_reference_candidate,LiteratureReference,"LiteratureReference(label='Toda (5.2)', author='H. Toda', title='Composition Methods in Homotopy Groups of Spheres', year=1962, locator='(5.2)')"
toda_rules.py,37419,production,literature_reference_candidate,LiteratureReference,"LiteratureReference(label='Toda Proposition 4.4', author='H. Toda', title='Composition Methods in Homotopy Groups of Spheres', year=1962, locator='Proposition 4.4')"
toda_rules.py,38162,production,literature_reference_candidate,LiteratureReference,"LiteratureReference(label='Toda Proposition 4.4', author='H. Toda', title='Composition Methods in Homotopy Groups of Spheres', year=1962, locator='Proposition 4.4')"
toda_rules.py,62897,production,literature_reference_candidate,LiteratureReference,"LiteratureReference(label='Toda (5.3)', author='H. Toda', title='Composition Methods in Homotopy Groups of Spheres', year=1962, locator='(5.3)')"
toda_rules.py,63004,production,literature_reference_candidate,LiteratureReference,"LiteratureReference(label='Toda Proposition 5.1', author='H. Toda', title='Composition Methods in Homotopy Groups of Spheres', year=1962, locator='Proposition 5.1')"
toda_rules.py,63124,production,literature_reference_candidate,LiteratureReference,"LiteratureReference(label='Toda (5.3)', author='H. Toda', title='Composition Methods in Homotopy Groups of Spheres', year=1962, locator='(5.3)')"
toda_rules.py,63265,production,literature_reference_candidate,LiteratureReference,"LiteratureReference(label='Toda (5.3)', author='H. Toda', title='Composition Methods in Homotopy Groups of Spheres', year=1962, locator='(5.3)')"
toda_rules.py,63377,production,literature_reference_candidate,LiteratureReference,"LiteratureReference(label='Toda (5.3)', author='H. Toda', title='Composition Methods in Homotopy Groups of Spheres', year=1962, locator='(5.3)')"
toda_rules.py,12943,production,literature_reference_candidate,LiteratureReference,"LiteratureReference(label='Toda (5.12)', locator='Equation (5.12)', **toda_reference)"
toda_rules.py,12971,production,literature_reference_candidate,LiteratureReference,"LiteratureReference(label='Toda Proposition 5.9', locator='Proposition 5.9', **toda_reference)"
toda_rules.py,13013,production,literature_reference_candidate,LiteratureReference,"LiteratureReference(label='Toda Proposition 5.11', locator='Proposition 5.11', **toda_reference)"
toda_rules.py,13041,production,literature_reference_candidate,LiteratureReference,"LiteratureReference(label='Toda Proposition 5.8', locator='Proposition 5.8', **toda_reference)"
toda_rules.py,29427,production,literature_reference_candidate,LiteratureReference,"LiteratureReference(label='Toda Proposition 5.11', locator='Proposition 5.11', **toda_reference)"
toda_rules.py,52368,production,literature_reference_candidate,LiteratureReference,"LiteratureReference(label='Toda Proposition 5.15', locator='Proposition 5.15', **toda_reference)"
toda_rules.py,56286,production,literature_reference_candidate,LiteratureReference,"LiteratureReference(label='Toda (5.6)', locator='Equation (5.6)', **toda_reference)"
toda_rules.py,57074,production,literature_reference_candidate,LiteratureReference,"LiteratureReference(label='Toda Proposition 5.6', locator='Proposition 5.6', **toda_reference)"
toda_rules.py,57958,production,literature_reference_candidate,LiteratureReference,"LiteratureReference(label='Toda (5.8)', locator='Equation (5.8)', **toda_reference)"
toda_rules.py,58224,production,literature_reference_candidate,LiteratureReference,"LiteratureReference(label='Toda (5.5)', locator='Equation (5.5)', **toda_reference)"
toda_rules.py,58523,production,literature_reference_candidate,LiteratureReference,"LiteratureReference(label='Toda Proposition 1.3', locator='Proposition 1.3', **toda_reference)"
toda_rules.py,58535,production,literature_reference_candidate,LiteratureReference,"LiteratureReference(label='Toda (1.15)', locator='Equation (1.15)', **toda_reference)"
toda_rules.py,58548,production,literature_reference_candidate,LiteratureReference,"LiteratureReference(label='Toda (3.2)', locator='Equation (3.2)', **toda_reference)"
toda_rules.py,58560,production,literature_reference_candidate,LiteratureReference,"LiteratureReference(label='Toda Theorem 3.6', locator='Theorem 3.6', **toda_reference)"
toda_rules.py,58574,production,literature_reference_candidate,LiteratureReference,"LiteratureReference(label='Toda (4.7)', locator='Equation (4.7)', **toda_reference)"
toda_rules.py,58587,production,literature_reference_candidate,LiteratureReference,"LiteratureReference(label='Toda Proposition 5.3', locator='Proposition 5.3', **toda_reference)"
toda_rules.py,58598,production,literature_reference_candidate,LiteratureReference,"LiteratureReference(label='Toda (5.3)', locator='Equation (5.3)', **toda_reference)"
toda_rules.py,58610,production,literature_reference_candidate,LiteratureReference,"LiteratureReference(label='Toda (5.4)', locator='Equation (5.4)', **toda_reference)"
toda_rules.py,58622,production,literature_reference_candidate,LiteratureReference,"LiteratureReference(label='Toda (4.8)', locator='Equation (4.8)', **toda_reference)"
toda_rules.py,58634,production,literature_reference_candidate,LiteratureReference,"LiteratureReference(label='Toda Lemma 5.4 proof', locator='Lemma 5.4 proof', **toda_reference)"
toda_rules.py,62369,production,literature_reference_candidate,LiteratureReference,"LiteratureReference(label='Toda Lemma 5.5', locator='Lemma 5.5', **toda_reference)"
toda_rules.py,62384,production,literature_reference_candidate,LiteratureReference,"LiteratureReference(label='Toda Lemma 5.5 proof', locator='Lemma 5.5 proof', **toda_reference)"
toda_stable_eta_generator_normalization.py,37,production,rule_function_candidate,toda_eta_concrete_generator_normalization_inference_rule,
toda_stable_eta_proof_replay.py,65,production,explicit_entry_constructor,ProofRepositoryEntry,"ProofRepositoryEntry(key=f'phase162.r4b2.derived.{source.key}', step=derived_step, phase='162-R4-B2', theorem=source.theorem)"
toda_stable_generator_normalization.py,29,production,rule_function_candidate,toda_sigma_transport_generator_normalization_inference_rule,
toda_stable_generator_normalization.py,244,production,rule_function_candidate,toda_nu_squared_transport_generator_normalization_inference_rule,
toda_stable_group_transport.py,99,production,rule_function_candidate,toda_45_generic_finite_cyclic_transport_inference_rule,
toda_stable_group_transport.py,209,production,rule_function_candidate,toda_45_generic_zero_group_transport_inference_rule,
toda_upstream_bootstrap.py,213,production,rule_function_candidate,_toda_fixed_reference_metadata_rule,
toda_upstream_bootstrap.py,223,production,literature_reference_candidate,LiteratureReference,"LiteratureReference(label='Toda ' + locator, author='H. Toda', title='Composition Methods in Homotopy Groups of Spheres', year=1962, locator=locator)"
toda_upstream_bootstrap.py,466,production,literature_reference_candidate,LiteratureReference,"LiteratureReference(label='Toda Proposition 5.1', author='H. Toda', title='Composition Methods in Homotopy Groups of Spheres', year=1962, locator='Proposition 5.1')"
toda_upstream_bootstrap.py,833,production,literature_reference_candidate,LiteratureReference,"LiteratureReference(label='Toda (5.3)', author='H. Toda', title='Composition Methods in Homotopy Groups of Spheres', year=1962, locator='(5.3)')"
toda_upstream_bootstrap.py,267,production,literature_reference_candidate,LiteratureReference,"LiteratureReference(label='Toda (5.1)', locator='(5.1)')"
toda_upstream_bootstrap.py,281,production,literature_reference_candidate,LiteratureReference,"LiteratureReference(label='Toda (5.1)', locator='(5.1)')"
toda_upstream_bootstrap.py,296,production,literature_reference_candidate,LiteratureReference,"LiteratureReference(label='Toda (5.1)', locator='(5.1)')"
web_generator_applicability.py,362,production,rule_function_candidate,_build_rule_family_view,
web_generator_proof.py,199,production,rule_function_candidate,_generator_proof_rule_name,
web_group_proof.py,431,production,rule_function_candidate,_group_proof_rule_name,
web_operation_query_proof.py,280,production,rule_function_candidate,_operation_query_proof_rule_name,
