n,k,group,node_index,statement_type,fallback_kind,inference_rule_name,rendered,statement_repr
2,1,pi_3^2,3,TodaPi32Eta2DefinitionStatement,rule_name,Toda pi_3^2 define eta_2 as unique Hopf preimage,Toda pi_3^2 define eta_2 as unique Hopf preimage,"TodaPi32Eta2DefinitionStatement(map=TodaHopfInvariantMap(source_group=TodaPrimaryGroup(group_dimension=3, sphere_dimension=2), target_group=TodaPrimaryGroup(group_dimension=3, sphere_dimension=3)), element=HomotopyElement(name='η₂', dimension=2, source=3, target=2, generator=GeneratorSymbol(family='η', index=2, decoration=None)), image=HomotopyElement(name='ι_3', dimension=3, source=None, target=None, generator=GeneratorSymbol(family='ι', index=3, decoration=None)))"
2,2,pi_4^2,2,Toda52CompositionIsomorphismStatement,rule_name,Toda 5.2 eta_2 composition isomorphism,Toda 5.2 eta_2 composition isomorphism,"Toda52CompositionIsomorphismStatement(source_group=TodaPrimaryGroup(group_dimension=ScalarSymbol(name='i'), sphere_dimension=3), target_group=TodaPrimaryGroup(group_dimension=ScalarSymbol(name='i'), sphere_dimension=2), composition=Composition(left=HomotopyElement(name='η₂', dimension=2, source=3, target=2, generator=GeneratorSymbol(family='η', index=2, decoration=None)), right=HomotopyElement(name='γ', dimension=ScalarSymbol(name='i'), source=ScalarSymbol(name='i'), target=3, generator=None)))"
2,2,pi_4^2,6,TodaProp44IsomorphismStatement,rule_name,Toda Proposition 4.4 eta_2 n=2 specialization,Toda Proposition 4.4 eta_2 n=2 specialization,"TodaProp44IsomorphismStatement(map=TodaProp44DecompositionMap(source_group=DirectSumGroup(summands=(TodaPrimaryGroup(group_dimension=ScalarSum(left=ScalarSymbol(name='i'), right=-1), sphere_dimension=1), TodaPrimaryGroup(group_dimension=ScalarSymbol(name='i'), sphere_dimension=3))), target_group=TodaPrimaryGroup(group_dimension=ScalarSymbol(name='i'), sphere_dimension=2), alpha=HomotopyElement(name='η₂', dimension=2, source=3, target=2, generator=GeneratorSymbol(family='η', index=2, decoration=None)), beta=HomotopyElement(name='β', dimension=ScalarSum(left=ScalarSymbol(name='i'), right=-1), source=None, target=None, generator=None), gamma=HomotopyElement(name='γ', dimension=ScalarSymbol(name='i'), source=ScalarSymbol(name='i'), target=3, generator=None), formula=Sum(left=Suspension(expression=HomotopyElement(name='β', dimension=ScalarSum(left=ScalarSymbol(name='i'), right=-1), source=None, target=None, generator=None)), right=Composition(left=HomotopyElement(name='η₂', dimension=2, source=3, target=2, generator=GeneratorSymbol(family='η', index=2, decoration=None)), right=HomotopyElement(name='γ', dimension=ScalarSymbol(name='i'), source=ScalarSymbol(name='i'), target=3, generator=None)))))"
2,2,pi_4^2,7,TodaProp44SecondSummandRestrictionStatement,rule_name,Toda Proposition 4.4 eta_2 second-summand restriction,Toda Proposition 4.4 eta_2 second-summand restriction,"TodaProp44SecondSummandRestrictionStatement(decomposition_map=TodaProp44DecompositionMap(source_group=DirectSumGroup(summands=(TodaPrimaryGroup(group_dimension=ScalarSum(left=ScalarSymbol(name='i'), right=-1), sphere_dimension=1), TodaPrimaryGroup(group_dimension=ScalarSymbol(name='i'), sphere_dimension=3))), target_group=TodaPrimaryGroup(group_dimension=ScalarSymbol(name='i'), sphere_dimension=2), alpha=HomotopyElement(name='η₂', dimension=2, source=3, target=2, generator=GeneratorSymbol(family='η', index=2, decoration=None)), beta=HomotopyElement(name='β', dimension=ScalarSum(left=ScalarSymbol(name='i'), right=-1), source=None, target=None, generator=None), gamma=HomotopyElement(name='γ', dimension=ScalarSymbol(name='i'), source=ScalarSymbol(name='i'), target=3, generator=None), formula=Sum(left=Suspension(expression=HomotopyElement(name='β', dimension=ScalarSum(left=ScalarSymbol(name='i'), right=-1), source=None, target=None, generator=None)), right=Composition(left=HomotopyElement(name='η₂', dimension=2, source=3, target=2, generator=GeneratorSymbol(family='η', index=2, decoration=None)), right=HomotopyElement(name='γ', dimension=ScalarSymbol(name='i'), source=ScalarSymbol(name='i'), target=3, generator=None)))), composition=Composition(left=HomotopyElement(name='η₂', dimension=2, source=3, target=2, generator=GeneratorSymbol(family='η', index=2, decoration=None)), right=HomotopyElement(name='γ', dimension=ScalarSymbol(name='i'), source=ScalarSymbol(name='i'), target=3, generator=None)))"
2,3,pi_5^2,2,Toda52CompositionIsomorphismStatement,rule_name,Toda 5.2 eta_2 composition isomorphism,Toda 5.2 eta_2 composition isomorphism,"Toda52CompositionIsomorphismStatement(source_group=TodaPrimaryGroup(group_dimension=ScalarSymbol(name='i'), sphere_dimension=3), target_group=TodaPrimaryGroup(group_dimension=ScalarSymbol(name='i'), sphere_dimension=2), composition=Composition(left=HomotopyElement(name='η₂', dimension=2, source=3, target=2, generator=GeneratorSymbol(family='η', index=2, decoration=None)), right=HomotopyElement(name='γ', dimension=ScalarSymbol(name='i'), source=ScalarSymbol(name='i'), target=3, generator=None)))"
2,3,pi_5^2,7,TodaProp44IsomorphismStatement,rule_name,Toda Proposition 4.4 eta_2 n=2 specialization,Toda Proposition 4.4 eta_2 n=2 specialization,"TodaProp44IsomorphismStatement(map=TodaProp44DecompositionMap(source_group=DirectSumGroup(summands=(TodaPrimaryGroup(group_dimension=ScalarSum(left=ScalarSymbol(name='i'), right=-1), sphere_dimension=1), TodaPrimaryGroup(group_dimension=ScalarSymbol(name='i'), sphere_dimension=3))), target_group=TodaPrimaryGroup(group_dimension=ScalarSymbol(name='i'), sphere_dimension=2), alpha=HomotopyElement(name='η₂', dimension=2, source=3, target=2, generator=GeneratorSymbol(family='η', index=2, decoration=None)), beta=HomotopyElement(name='β', dimension=ScalarSum(left=ScalarSymbol(name='i'), right=-1), source=None, target=None, generator=None), gamma=HomotopyElement(name='γ', dimension=ScalarSymbol(name='i'), source=ScalarSymbol(name='i'), target=3, generator=None), formula=Sum(left=Suspension(expression=HomotopyElement(name='β', dimension=ScalarSum(left=ScalarSymbol(name='i'), right=-1), source=None, target=None, generator=None)), right=Composition(left=HomotopyElement(name='η₂', dimension=2, source=3, target=2, generator=GeneratorSymbol(family='η', index=2, decoration=None)), right=HomotopyElement(name='γ', dimension=ScalarSymbol(name='i'), source=ScalarSymbol(name='i'), target=3, generator=None)))))"
2,3,pi_5^2,8,TodaProp44SecondSummandRestrictionStatement,rule_name,Toda Proposition 4.4 eta_2 second-summand restriction,Toda Proposition 4.4 eta_2 second-summand restriction,"TodaProp44SecondSummandRestrictionStatement(decomposition_map=TodaProp44DecompositionMap(source_group=DirectSumGroup(summands=(TodaPrimaryGroup(group_dimension=ScalarSum(left=ScalarSymbol(name='i'), right=-1), sphere_dimension=1), TodaPrimaryGroup(group_dimension=ScalarSymbol(name='i'), sphere_dimension=3))), target_group=TodaPrimaryGroup(group_dimension=ScalarSymbol(name='i'), sphere_dimension=2), alpha=HomotopyElement(name='η₂', dimension=2, source=3, target=2, generator=GeneratorSymbol(family='η', index=2, decoration=None)), beta=HomotopyElement(name='β', dimension=ScalarSum(left=ScalarSymbol(name='i'), right=-1), source=None, target=None, generator=None), gamma=HomotopyElement(name='γ', dimension=ScalarSymbol(name='i'), source=ScalarSymbol(name='i'), target=3, generator=None), formula=Sum(left=Suspension(expression=HomotopyElement(name='β', dimension=ScalarSum(left=ScalarSymbol(name='i'), right=-1), source=None, target=None, generator=None)), right=Composition(left=HomotopyElement(name='η₂', dimension=2, source=3, target=2, generator=GeneratorSymbol(family='η', index=2, decoration=None)), right=HomotopyElement(name='γ', dimension=ScalarSymbol(name='i'), source=ScalarSymbol(name='i'), target=3, generator=None)))), composition=Composition(left=HomotopyElement(name='η₂', dimension=2, source=3, target=2, generator=GeneratorSymbol(family='η', index=2, decoration=None)), right=HomotopyElement(name='γ', dimension=ScalarSymbol(name='i'), source=ScalarSymbol(name='i'), target=3, generator=None)))"
2,4,pi_6^2,1,TodaProp56FiniteDimensionalStatement,rule_name,Toda Proposition 5.6 finite-dimensional integration,Toda Proposition 5.6 finite-dimensional integration,"TodaProp56FiniteDimensionalStatement(pi5_2_group_relation=Relation(lhs=TodaPrimaryGroup(group_dimension=5, sphere_dimension=2), rhs=FiniteCyclicGroup(order=2, generator=Composition(left=HomotopyElement(name='η₂', dimension=2, source=3, target=2, generator=GeneratorSymbol(family='η', index=2, decoration=None)), right=Composition(left=HomotopyElement(name='η₃', dimension=3, source=4, target=3, generator=GeneratorSymbol(family='η', index=3, decoration=None)), right=HomotopyElement(name='η₄', dimension=4, source=5, target=4, generator=GeneratorSymbol(family='η', index=4, decoration=None))))), relation_type=<RelationType.EQUALITY: 'equality'>, source=None, note=None), pi6_3_group_relation=Relation(lhs=TodaPrimaryGroup(group_dimension=6, sphere_dimension=3), rhs=FiniteCyclicGroup(order=4, generator=HomotopyElement(name='ν′', dimension=3, source=6, target=3, generator=GeneratorSymbol(family='ν', index=None, decoration='′'))), relation_type=<RelationType.EQUALITY: 'equality'>, source=None, note=None), pi7_4_group_relation=Relation(lhs=TodaPrimaryGroup(group_dimension=7, sphere_dimension=4), rhs=DirectSumGroup(summands=(FreeCyclicGroup(generator=HomotopyElement(name='ν₄', dimension=4, source=7, target=4, generator=GeneratorSymbol(family='ν', index=4, decoration=None))), FiniteCyclicGroup(order=4, generator=Suspension(expression=HomotopyElement(name='ν′', dimension=3, source=6, target=3, generator=GeneratorSymbol(family='ν', index=None, decoration='′')))))), relation_type=<RelationType.EQUALITY: 'equality'>, source=None, note=None), pi8_5_group_relation=Relation(lhs=TodaPrimaryGroup(group_dimension=8, sphere_dimension=5), rhs=FiniteCyclicGroup(order=8, generator=HomotopyElement(name='ν_5', dimension=5, source=8, target=5, generator=GeneratorSymbol(family='ν', index=5, decoration=None))), relation_type=<RelationType.EQUALITY: 'equality'>, source=None, note=None), higher_nu_group_relation=Relation(lhs=TodaPrimaryGroup(group_dimension=ScalarSum(left=ScalarSymbol(name='n'), right=3), sphere_dimension=ScalarSymbol(name='n')), rhs=FiniteCyclicGroup(order=8, generator=HomotopyElement(name='ν_n', dimension=ScalarSymbol(name='n'), source=ScalarSum(left=ScalarSymbol(name='n'), right=3), target=ScalarSymbol(name='n'), generator=GeneratorSymbol(family='ν', index=ScalarSymbol(name='n'), decoration=None))), relation_type=<RelationType.EQUALITY: 'equality'>, source=None, note=None), higher_range=ScalarGreaterEqualStatement(left=ScalarSymbol(name='n'), right=6), literature_statements=(LiteratureStatement(reference=LiteratureReference(label='Toda Proposition 5.6', author='H. Toda', title='Composition Methods in Homotopy Groups of Spheres', year=1962, locator='Proposition 5.6'), statement='Finite-dimensional part: pi_5^2 is cyclic of order 2 generated by eta_2 cubed; pi_6^3 is cyclic of order 4 generated by nu-prime; pi_7^4 is the direct sum of Z generated by nu_4 and Z/4 generated by E nu-prime; and pi_(n+3)^n is cyclic of order 8 generated by nu_n for n at least 5.'),))"
2,4,pi_6^2,2,Toda52CompositionIsomorphismStatement,rule_name,Toda 5.2 eta_2 composition isomorphism,Toda 5.2 eta_2 composition isomorphism,"Toda52CompositionIsomorphismStatement(source_group=TodaPrimaryGroup(group_dimension=ScalarSymbol(name='i'), sphere_dimension=3), target_group=TodaPrimaryGroup(group_dimension=ScalarSymbol(name='i'), sphere_dimension=2), composition=Composition(left=HomotopyElement(name='η₂', dimension=2, source=3, target=2, generator=GeneratorSymbol(family='η', index=2, decoration=None)), right=HomotopyElement(name='γ', dimension=ScalarSymbol(name='i'), source=ScalarSymbol(name='i'), target=3, generator=None)))"
2,4,pi_6^2,8,ScalarGreaterEqualStatement,type_name,,`ScalarGreaterEqualStatement`,"ScalarGreaterEqualStatement(left=ScalarSymbol(name='n'), right=6)"
2,4,pi_6^2,10,TodaProp44IsomorphismStatement,rule_name,Toda Proposition 4.4 eta_2 n=2 specialization,Toda Proposition 4.4 eta_2 n=2 specialization,"TodaProp44IsomorphismStatement(map=TodaProp44DecompositionMap(source_group=DirectSumGroup(summands=(TodaPrimaryGroup(group_dimension=ScalarSum(left=ScalarSymbol(name='i'), right=-1), sphere_dimension=1), TodaPrimaryGroup(group_dimension=ScalarSymbol(name='i'), sphere_dimension=3))), target_group=TodaPrimaryGroup(group_dimension=ScalarSymbol(name='i'), sphere_dimension=2), alpha=HomotopyElement(name='η₂', dimension=2, source=3, target=2, generator=GeneratorSymbol(family='η', index=2, decoration=None)), beta=HomotopyElement(name='β', dimension=ScalarSum(left=ScalarSymbol(name='i'), right=-1), source=None, target=None, generator=None), gamma=HomotopyElement(name='γ', dimension=ScalarSymbol(name='i'), source=ScalarSymbol(name='i'), target=3, generator=None), formula=Sum(left=Suspension(expression=HomotopyElement(name='β', dimension=ScalarSum(left=ScalarSymbol(name='i'), right=-1), source=None, target=None, generator=None)), right=Composition(left=HomotopyElement(name='η₂', dimension=2, source=3, target=2, generator=GeneratorSymbol(family='η', index=2, decoration=None)), right=HomotopyElement(name='γ', dimension=ScalarSymbol(name='i'), source=ScalarSymbol(name='i'), target=3, generator=None)))))"
2,4,pi_6^2,11,TodaProp44SecondSummandRestrictionStatement,rule_name,Toda Proposition 4.4 eta_2 second-summand restriction,Toda Proposition 4.4 eta_2 second-summand restriction,"TodaProp44SecondSummandRestrictionStatement(decomposition_map=TodaProp44DecompositionMap(source_group=DirectSumGroup(summands=(TodaPrimaryGroup(group_dimension=ScalarSum(left=ScalarSymbol(name='i'), right=-1), sphere_dimension=1), TodaPrimaryGroup(group_dimension=ScalarSymbol(name='i'), sphere_dimension=3))), target_group=TodaPrimaryGroup(group_dimension=ScalarSymbol(name='i'), sphere_dimension=2), alpha=HomotopyElement(name='η₂', dimension=2, source=3, target=2, generator=GeneratorSymbol(family='η', index=2, decoration=None)), beta=HomotopyElement(name='β', dimension=ScalarSum(left=ScalarSymbol(name='i'), right=-1), source=None, target=None, generator=None), gamma=HomotopyElement(name='γ', dimension=ScalarSymbol(name='i'), source=ScalarSymbol(name='i'), target=3, generator=None), formula=Sum(left=Suspension(expression=HomotopyElement(name='β', dimension=ScalarSum(left=ScalarSymbol(name='i'), right=-1), source=None, target=None, generator=None)), right=Composition(left=HomotopyElement(name='η₂', dimension=2, source=3, target=2, generator=GeneratorSymbol(family='η', index=2, decoration=None)), right=HomotopyElement(name='γ', dimension=ScalarSymbol(name='i'), source=ScalarSymbol(name='i'), target=3, generator=None)))), composition=Composition(left=HomotopyElement(name='η₂', dimension=2, source=3, target=2, generator=GeneratorSymbol(family='η', index=2, decoration=None)), right=HomotopyElement(name='γ', dimension=ScalarSymbol(name='i'), source=ScalarSymbol(name='i'), target=3, generator=None)))"
2,5,pi_7^2,2,Toda52CompositionIsomorphismStatement,rule_name,Toda 5.2 eta_2 composition isomorphism,Toda 5.2 eta_2 composition isomorphism,"Toda52CompositionIsomorphismStatement(source_group=TodaPrimaryGroup(group_dimension=ScalarSymbol(name='i'), sphere_dimension=3), target_group=TodaPrimaryGroup(group_dimension=ScalarSymbol(name='i'), sphere_dimension=2), composition=Composition(left=HomotopyElement(name='η₂', dimension=2, source=3, target=2, generator=GeneratorSymbol(family='η', index=2, decoration=None)), right=HomotopyElement(name='γ', dimension=ScalarSymbol(name='i'), source=ScalarSymbol(name='i'), target=3, generator=None)))"
2,5,pi_7^2,5,TodaProp53FiniteDimensionalStatement,rule_name,Toda Proposition 5.3 finite-dimensional integration,Toda Proposition 5.3 finite-dimensional integration,"TodaProp53FiniteDimensionalStatement(pi4_2_group_relation=Relation(lhs=TodaPrimaryGroup(group_dimension=4, sphere_dimension=2), rhs=FiniteCyclicGroup(order=2, generator=Composition(left=HomotopyElement(name='η₂', dimension=2, source=3, target=2, generator=GeneratorSymbol(family='η', index=2, decoration=None)), right=HomotopyElement(name='η₃', dimension=3, source=4, target=3, generator=GeneratorSymbol(family='η', index=3, decoration=None)))), relation_type=<RelationType.EQUALITY: 'equality'>, source=None, note=None), pi5_3_group_relation=Relation(lhs=TodaPrimaryGroup(group_dimension=5, sphere_dimension=3), rhs=FiniteCyclicGroup(order=2, generator=Composition(left=HomotopyElement(name='η₃', dimension=3, source=4, target=3, generator=GeneratorSymbol(family='η', index=3, decoration=None)), right=HomotopyElement(name='η₄', dimension=4, source=5, target=4, generator=GeneratorSymbol(family='η', index=4, decoration=None)))), relation_type=<RelationType.EQUALITY: 'equality'>, source=None, note=None), pi6_4_group_relation=Relation(lhs=TodaPrimaryGroup(group_dimension=6, sphere_dimension=4), rhs=FiniteCyclicGroup(order=2, generator=Composition(left=HomotopyElement(name='η₄', dimension=4, source=5, target=4, generator=GeneratorSymbol(family='η', index=4, decoration=None)), right=HomotopyElement(name='η₅', dimension=5, source=6, target=5, generator=GeneratorSymbol(family='η', index=5, decoration=None)))), relation_type=<RelationType.EQUALITY: 'equality'>, source=None, note=None), higher_eta_squared_group_relation=Relation(lhs=TodaPrimaryGroup(group_dimension=ScalarSum(left=ScalarSymbol(name='n'), right=2), sphere_dimension=ScalarSymbol(name='n')), rhs=FiniteCyclicGroup(order=2, generator=Composition(left=HomotopyElement(name='η_n', dimension=ScalarSymbol(name='n'), source=ScalarSum(left=ScalarSymbol(name='n'), right=1), target=ScalarSymbol(name='n'), generator=GeneratorSymbol(family='η', index=ScalarSymbol(name='n'), decoration=None)), right=HomotopyElement(name='η_(n+1)', dimension=ScalarSum(left=ScalarSymbol(name='n'), right=1), source=ScalarSum(left=ScalarSymbol(name='n'), right=2), target=ScalarSum(left=ScalarSymbol(name='n'), right=1), generator=GeneratorSymbol(family='η', index=ScalarSum(left=ScalarSymbol(name='n'), right=1), decoration=None)))), relation_type=<RelationType.EQUALITY: 'equality'>, source=None, note=None), higher_range=ScalarGreaterEqualStatement(left=ScalarSymbol(name='n'), right=5))"
2,5,pi_7^2,7,TodaProp44IsomorphismStatement,rule_name,Toda Proposition 4.4 eta_2 n=2 specialization,Toda Proposition 4.4 eta_2 n=2 specialization,"TodaProp44IsomorphismStatement(map=TodaProp44DecompositionMap(source_group=DirectSumGroup(summands=(TodaPrimaryGroup(group_dimension=ScalarSum(left=ScalarSymbol(name='i'), right=-1), sphere_dimension=1), TodaPrimaryGroup(group_dimension=ScalarSymbol(name='i'), sphere_dimension=3))), target_group=TodaPrimaryGroup(group_dimension=ScalarSymbol(name='i'), sphere_dimension=2), alpha=HomotopyElement(name='η₂', dimension=2, source=3, target=2, generator=GeneratorSymbol(family='η', index=2, decoration=None)), beta=HomotopyElement(name='β', dimension=ScalarSum(left=ScalarSymbol(name='i'), right=-1), source=None, target=None, generator=None), gamma=HomotopyElement(name='γ', dimension=ScalarSymbol(name='i'), source=ScalarSymbol(name='i'), target=3, generator=None), formula=Sum(left=Suspension(expression=HomotopyElement(name='β', dimension=ScalarSum(left=ScalarSymbol(name='i'), right=-1), source=None, target=None, generator=None)), right=Composition(left=HomotopyElement(name='η₂', dimension=2, source=3, target=2, generator=GeneratorSymbol(family='η', index=2, decoration=None)), right=HomotopyElement(name='γ', dimension=ScalarSymbol(name='i'), source=ScalarSymbol(name='i'), target=3, generator=None)))))"
2,5,pi_7^2,8,TodaProp44SecondSummandRestrictionStatement,rule_name,Toda Proposition 4.4 eta_2 second-summand restriction,Toda Proposition 4.4 eta_2 second-summand restriction,"TodaProp44SecondSummandRestrictionStatement(decomposition_map=TodaProp44DecompositionMap(source_group=DirectSumGroup(summands=(TodaPrimaryGroup(group_dimension=ScalarSum(left=ScalarSymbol(name='i'), right=-1), sphere_dimension=1), TodaPrimaryGroup(group_dimension=ScalarSymbol(name='i'), sphere_dimension=3))), target_group=TodaPrimaryGroup(group_dimension=ScalarSymbol(name='i'), sphere_dimension=2), alpha=HomotopyElement(name='η₂', dimension=2, source=3, target=2, generator=GeneratorSymbol(family='η', index=2, decoration=None)), beta=HomotopyElement(name='β', dimension=ScalarSum(left=ScalarSymbol(name='i'), right=-1), source=None, target=None, generator=None), gamma=HomotopyElement(name='γ', dimension=ScalarSymbol(name='i'), source=ScalarSymbol(name='i'), target=3, generator=None), formula=Sum(left=Suspension(expression=HomotopyElement(name='β', dimension=ScalarSum(left=ScalarSymbol(name='i'), right=-1), source=None, target=None, generator=None)), right=Composition(left=HomotopyElement(name='η₂', dimension=2, source=3, target=2, generator=GeneratorSymbol(family='η', index=2, decoration=None)), right=HomotopyElement(name='γ', dimension=ScalarSymbol(name='i'), source=ScalarSymbol(name='i'), target=3, generator=None)))), composition=Composition(left=HomotopyElement(name='η₂', dimension=2, source=3, target=2, generator=GeneratorSymbol(family='η', index=2, decoration=None)), right=HomotopyElement(name='γ', dimension=ScalarSymbol(name='i'), source=ScalarSymbol(name='i'), target=3, generator=None)))"
2,6,pi_8^2,1,TodaProp59FiniteDimensionalStatement,rule_name,Toda Proposition 5.9 finite-dimensional integration,Toda Proposition 5.9 finite-dimensional integration,"TodaProp59FiniteDimensionalStatement(pi7_2_group_relation=Relation(lhs=TodaPrimaryGroup(group_dimension=7, sphere_dimension=2), rhs=FiniteCyclicGroup(order=2, generator=Composition(left=HomotopyElement(name='η₂', dimension=2, source=3, target=2, generator=GeneratorSymbol(family='η', index=2, decoration=None)), right=Composition(left=HomotopyElement(name='ν′', dimension=3, source=6, target=3, generator=GeneratorSymbol(family='ν', index=None, decoration='′')), right=HomotopyElement(name='η₆', dimension=6, source=7, target=6, generator=GeneratorSymbol(family='η', index=6, decoration=None))))), relation_type=<RelationType.EQUALITY: 'equality'>, source=None, note=None), pi8_3_group_relation=Relation(lhs=TodaPrimaryGroup(group_dimension=8, sphere_dimension=3), rhs=FiniteCyclicGroup(order=2, generator=Composition(left=HomotopyElement(name='ν′', dimension=3, source=6, target=3, generator=GeneratorSymbol(family='ν', index=None, decoration='′')), right=Composition(left=HomotopyElement(name='η₆', dimension=6, source=7, target=6, generator=GeneratorSymbol(family='η', index=6, decoration=None)), right=HomotopyElement(name='η₇', dimension=7, source=8, target=7, generator=GeneratorSymbol(family='η', index=7, decoration=None))))), relation_type=<RelationType.EQUALITY: 'equality'>, source=None, note=None), pi9_4_group_relation=Relation(lhs=TodaPrimaryGroup(group_dimension=9, sphere_dimension=4), rhs=DirectSumGroup(summands=(FiniteCyclicGroup(order=2, generator=Composition(left=HomotopyElement(name='ν₄', dimension=4, source=7, target=4, generator=GeneratorSymbol(family='ν', index=4, decoration=None)), right=Composition(left=HomotopyElement(name='η₇', dimension=7, source=8, target=7, generator=GeneratorSymbol(family='η', index=7, decoration=None)), right=HomotopyElement(name='η₈', dimension=8, source=9, target=8, generator=GeneratorSymbol(family='η', index=8, decoration=None))))), FiniteCyclicGroup(order=2, generator=Composition(left=Suspension(expression=HomotopyElement(name='ν′', dimension=3, source=6, target=3, generator=GeneratorSymbol(family='ν', index=None, decoration='′'))), right=Composition(left=HomotopyElement(name='η₇', dimension=7, source=8, target=7, generator=GeneratorSymbol(family='η', index=7, decoration=None)), right=HomotopyElement(name='η₈', dimension=8, source=9, target=8, generator=GeneratorSymbol(family='η', index=8, decoration=None))))))), relation_type=<RelationType.EQUALITY: 'equality'>, source=None, note=None), pi10_5_group_relation=Relation(lhs=TodaPrimaryGroup(group_dimension=10, sphere_dimension=5), rhs=FiniteCyclicGroup(order=2, generator=Composition(left=HomotopyElement(name='ν_5', dimension=5, source=8, target=5, generator=GeneratorSymbol(family='ν', index=5, decoration=None)), right=Composition(left=HomotopyElement(name='η₈', dimension=8, source=9, target=8, generator=GeneratorSymbol(family='η', index=8, decoration=None)), right=HomotopyElement(name='η₉', dimension=9, source=10, target=9, generator=GeneratorSymbol(family='η', index=9, decoration=None))))), relation_type=<RelationType.EQUALITY: 'equality'>, source=None, note=None), pi11_6_group_relation=Relation(lhs=TodaPrimaryGroup(group_dimension=11, sphere_dimension=6), rhs=FreeCyclicGroup(generator=MapApplication(map=MapSymbol(name='Δ'), expression=HomotopyElement(name='ι_13', dimension=13, source=None, target=None, generator=GeneratorSymbol(family='ι', index=13, decoration=None)))), relation_type=<RelationType.EQUALITY: 'equality'>, source=None, note=None), higher_five_stem_zero=TodaPrimaryGroupZeroStatement(group=TodaPrimaryGroup(group_dimension=ScalarSum(left=ScalarSymbol(name='n'), right=5), sphere_dimension=ScalarSymbol(name='n'))), higher_range=ScalarGreaterEqualStatement(left=ScalarSymbol(name='n'), right=7), literature_statements=(LiteratureStatement(reference=LiteratureReference(label='Toda Proposition 5.9', author='H. Toda', title='Composition Methods in Homotopy Groups of Spheres', year=1962, locator='Proposition 5.9'), statement='Finite-dimensional part: pi_7^2 is cyclic of order 2 generated by eta_2 composed with nu-prime composed with eta_6; pi_8^3 is cyclic of order 2 generated by nu-prime composed with eta_6 squared; pi_9^4 is the direct sum of Z/2 generated by nu_4 composed with eta_7 squared and Z/2 generated by E nu-prime composed with eta_7 squared; pi_10^5 is cyclic of order 2 generated by nu_5 composed with eta_8 squared; pi_11^6 is infinite cyclic generated by Delta(iota_13); and pi_(n+5)^n is zero for n at least 7.'),))"
2,6,pi_8^2,2,Toda52CompositionIsomorphismStatement,rule_name,Toda 5.2 eta_2 composition isomorphism,Toda 5.2 eta_2 composition isomorphism,"Toda52CompositionIsomorphismStatement(source_group=TodaPrimaryGroup(group_dimension=ScalarSymbol(name='i'), sphere_dimension=3), target_group=TodaPrimaryGroup(group_dimension=ScalarSymbol(name='i'), sphere_dimension=2), composition=Composition(left=HomotopyElement(name='η₂', dimension=2, source=3, target=2, generator=GeneratorSymbol(family='η', index=2, decoration=None)), right=HomotopyElement(name='γ', dimension=ScalarSymbol(name='i'), source=ScalarSymbol(name='i'), target=3, generator=None)))"
2,6,pi_8^2,9,ScalarGreaterEqualStatement,type_name,,`ScalarGreaterEqualStatement`,"ScalarGreaterEqualStatement(left=ScalarSymbol(name='n'), right=7)"
2,6,pi_8^2,11,TodaProp44IsomorphismStatement,rule_name,Toda Proposition 4.4 eta_2 n=2 specialization,Toda Proposition 4.4 eta_2 n=2 specialization,"TodaProp44IsomorphismStatement(map=TodaProp44DecompositionMap(source_group=DirectSumGroup(summands=(TodaPrimaryGroup(group_dimension=ScalarSum(left=ScalarSymbol(name='i'), right=-1), sphere_dimension=1), TodaPrimaryGroup(group_dimension=ScalarSymbol(name='i'), sphere_dimension=3))), target_group=TodaPrimaryGroup(group_dimension=ScalarSymbol(name='i'), sphere_dimension=2), alpha=HomotopyElement(name='η₂', dimension=2, source=3, target=2, generator=GeneratorSymbol(family='η', index=2, decoration=None)), beta=HomotopyElement(name='β', dimension=ScalarSum(left=ScalarSymbol(name='i'), right=-1), source=None, target=None, generator=None), gamma=HomotopyElement(name='γ', dimension=ScalarSymbol(name='i'), source=ScalarSymbol(name='i'), target=3, generator=None), formula=Sum(left=Suspension(expression=HomotopyElement(name='β', dimension=ScalarSum(left=ScalarSymbol(name='i'), right=-1), source=None, target=None, generator=None)), right=Composition(left=HomotopyElement(name='η₂', dimension=2, source=3, target=2, generator=GeneratorSymbol(family='η', index=2, decoration=None)), right=HomotopyElement(name='γ', dimension=ScalarSymbol(name='i'), source=ScalarSymbol(name='i'), target=3, generator=None)))))"
2,6,pi_8^2,12,TodaProp44SecondSummandRestrictionStatement,rule_name,Toda Proposition 4.4 eta_2 second-summand restriction,Toda Proposition 4.4 eta_2 second-summand restriction,"TodaProp44SecondSummandRestrictionStatement(decomposition_map=TodaProp44DecompositionMap(source_group=DirectSumGroup(summands=(TodaPrimaryGroup(group_dimension=ScalarSum(left=ScalarSymbol(name='i'), right=-1), sphere_dimension=1), TodaPrimaryGroup(group_dimension=ScalarSymbol(name='i'), sphere_dimension=3))), target_group=TodaPrimaryGroup(group_dimension=ScalarSymbol(name='i'), sphere_dimension=2), alpha=HomotopyElement(name='η₂', dimension=2, source=3, target=2, generator=GeneratorSymbol(family='η', index=2, decoration=None)), beta=HomotopyElement(name='β', dimension=ScalarSum(left=ScalarSymbol(name='i'), right=-1), source=None, target=None, generator=None), gamma=HomotopyElement(name='γ', dimension=ScalarSymbol(name='i'), source=ScalarSymbol(name='i'), target=3, generator=None), formula=Sum(left=Suspension(expression=HomotopyElement(name='β', dimension=ScalarSum(left=ScalarSymbol(name='i'), right=-1), source=None, target=None, generator=None)), right=Composition(left=HomotopyElement(name='η₂', dimension=2, source=3, target=2, generator=GeneratorSymbol(family='η', index=2, decoration=None)), right=HomotopyElement(name='γ', dimension=ScalarSymbol(name='i'), source=ScalarSymbol(name='i'), target=3, generator=None)))), composition=Composition(left=HomotopyElement(name='η₂', dimension=2, source=3, target=2, generator=GeneratorSymbol(family='η', index=2, decoration=None)), right=HomotopyElement(name='γ', dimension=ScalarSymbol(name='i'), source=ScalarSymbol(name='i'), target=3, generator=None)))"
2,7,pi_9^2,1,TodaProp511FiniteDimensionalStatement,rule_name,Toda Proposition 5.11 finite-dimensional integration,Toda Proposition 5.11 finite-dimensional integration,"TodaProp511FiniteDimensionalStatement(pi8_2_group_relation=Relation(lhs=TodaPrimaryGroup(group_dimension=8, sphere_dimension=2), rhs=FiniteCyclicGroup(order=2, generator=Composition(left=HomotopyElement(name='η₂', dimension=2, source=3, target=2, generator=GeneratorSymbol(family='η', index=2, decoration=None)), right=Composition(left=HomotopyElement(name='ν′', dimension=3, source=6, target=3, generator=GeneratorSymbol(family='ν', index=None, decoration='′')), right=Composition(left=HomotopyElement(name='η₆', dimension=6, source=7, target=6, generator=GeneratorSymbol(family='η', index=6, decoration=None)), right=HomotopyElement(name='η₇', dimension=7, source=8, target=7, generator=GeneratorSymbol(family='η', index=7, decoration=None)))))), relation_type=<RelationType.EQUALITY: 'equality'>, source=None, note=None), pi9_3_zero=TodaPrimaryGroupZeroStatement(group=TodaPrimaryGroup(group_dimension=9, sphere_dimension=3)), pi10_4_group_relation=Relation(lhs=TodaPrimaryGroup(group_dimension=10, sphere_dimension=4), rhs=FiniteCyclicGroup(order=8, generator=Composition(left=HomotopyElement(name='ν₄', dimension=4, source=7, target=4, generator=GeneratorSymbol(family='ν', index=4, decoration=None)), right=HomotopyElement(name='ν_7', dimension=7, source=10, target=7, generator=GeneratorSymbol(family='ν', index=7, decoration=None)))), relation_type=<RelationType.EQUALITY: 'equality'>, source=None, note=None), nu_squared_finite_dimensional=TodaProp511NuSquaredFiniteDimensionalStatement(pi11_5_group_relation=Relation(lhs=TodaPrimaryGroup(group_dimension=11, sphere_dimension=5), rhs=FiniteCyclicGroup(order=2, generator=Composition(left=HomotopyElement(name='ν_5', dimension=5, source=8, target=5, generator=GeneratorSymbol(family='ν', index=5, decoration=None)), right=HomotopyElement(name='ν_8', dimension=8, source=11, target=8, generator=GeneratorSymbol(family='ν', index=8, decoration=None)))), relation_type=<RelationType.EQUALITY: 'equality'>, source=None, note=None), pi12_6_group_relation=Relation(lhs=TodaPrimaryGroup(group_dimension=12, sphere_dimension=6), rhs=FiniteCyclicGroup(order=2, generator=Composition(left=HomotopyElement(name='ν_6', dimension=6, source=9, target=6, generator=GeneratorSymbol(family='ν', index=6, decoration=None)), right=HomotopyElement(name='ν_9', dimension=9, source=12, target=9, generator=GeneratorSymbol(family='ν', index=9, decoration=None)))), relation_type=<RelationType.EQUALITY: 'equality'>, source=None, note=None), pi13_7_group_relation=Relation(lhs=TodaPrimaryGroup(group_dimension=13, sphere_dimension=7), rhs=FiniteCyclicGroup(order=2, generator=Composition(left=HomotopyElement(name='ν_7', dimension=7, source=10, target=7, generator=GeneratorSymbol(family='ν', index=7, decoration=None)), right=HomotopyElement(name='ν_10', dimension=10, source=13, target=10, generator=GeneratorSymbol(family='ν', index=10, decoration=None)))), relation_type=<RelationType.EQUALITY: 'equality'>, source=None, note=None), pi14_8_group_relation=Relation(lhs=TodaPrimaryGroup(group_dimension=14, sphere_dimension=8), rhs=FiniteCyclicGroup(order=2, generator=Composition(left=HomotopyElement(name='ν_8', dimension=8, source=11, target=8, generator=GeneratorSymbol(family='ν', index=8, decoration=None)), right=HomotopyElement(name='ν_11', dimension=11, source=14, target=11, generator=GeneratorSymbol(family='ν', index=11, decoration=None)))), relation_type=<RelationType.EQUALITY: 'equality'>, source=None, note=None), higher_six_stem_group_relation=Relation(lhs=TodaPrimaryGroup(group_dimension=ScalarSum(left=ScalarSymbol(name='n'), right=6), sphere_dimension=ScalarSymbol(name='n')), rhs=FiniteCyclicGroup(order=2, generator=Composition(left=HomotopyElement(name='ν_n', dimension=ScalarSymbol(name='n'), source=ScalarSum(left=ScalarSymbol(name='n'), right=3), target=ScalarSymbol(name='n'), generator=GeneratorSymbol(family='ν', index=ScalarSymbol(name='n'), decoration=None)), right=HomotopyElement(name='ν_(n+3)', dimension=ScalarSum(left=ScalarSymbol(name='n'), right=3), source=ScalarSum(left=ScalarSymbol(name='n'), right=6), target=ScalarSum(left=ScalarSymbol(name='n'), right=3), generator=GeneratorSymbol(family='ν', index=ScalarSum(left=ScalarSymbol(name='n'), right=3), decoration=None)))), relation_type=<RelationType.EQUALITY: 'equality'>, source=None, note=None), higher_range=ScalarGreaterEqualStatement(left=ScalarSymbol(name='n'), right=9), literature_statements=(LiteratureStatement(reference=LiteratureReference(label='Toda Proposition 5.11', author='H. Toda', title='Composition Methods in Homotopy Groups of Spheres', year=1962, locator='Proposition 5.11'), statement='For n at least 5, pi_(n+6)^n is cyclic of order 2 generated by nu_n squared, where nu_n squared is represented by nu_n composed with nu_(n+3).'),)), literature_statements=(LiteratureStatement(reference=LiteratureReference(label='Toda Proposition 5.11', author='H. Toda', title='Composition Methods in Homotopy Groups of Spheres', year=1962, locator='Proposition 5.11'), statement='Finite-dimensional part: pi_8^2 is cyclic of order 2 generated by eta_2 composed with nu-prime composed with eta_6 squared; pi_9^3 is zero; pi_10^4 is cyclic of order 8 generated by nu_4 squared; and pi_(n+6)^n is cyclic of order 2 generated by nu_n squared for n at least 5. The stable conclusion (G_6;2)=Z/2{nu squared} is not included in this finite-dimensional aggregate.'),))"
2,7,pi_9^2,2,Toda52CompositionIsomorphismStatement,rule_name,Toda 5.2 eta_2 composition isomorphism,Toda 5.2 eta_2 composition isomorphism,"Toda52CompositionIsomorphismStatement(source_group=TodaPrimaryGroup(group_dimension=ScalarSymbol(name='i'), sphere_dimension=3), target_group=TodaPrimaryGroup(group_dimension=ScalarSymbol(name='i'), sphere_dimension=2), composition=Composition(left=HomotopyElement(name='η₂', dimension=2, source=3, target=2, generator=GeneratorSymbol(family='η', index=2, decoration=None)), right=HomotopyElement(name='γ', dimension=ScalarSymbol(name='i'), source=ScalarSymbol(name='i'), target=3, generator=None)))"
2,7,pi_9^2,6,TodaProp511NuSquaredFiniteDimensionalStatement,rule_name,Toda Proposition 5.11 nu-squared finite-dimensional integration,Toda Proposition 5.11 nu-squared finite-dimensional integration,"TodaProp511NuSquaredFiniteDimensionalStatement(pi11_5_group_relation=Relation(lhs=TodaPrimaryGroup(group_dimension=11, sphere_dimension=5), rhs=FiniteCyclicGroup(order=2, generator=Composition(left=HomotopyElement(name='ν_5', dimension=5, source=8, target=5, generator=GeneratorSymbol(family='ν', index=5, decoration=None)), right=HomotopyElement(name='ν_8', dimension=8, source=11, target=8, generator=GeneratorSymbol(family='ν', index=8, decoration=None)))), relation_type=<RelationType.EQUALITY: 'equality'>, source=None, note=None), pi12_6_group_relation=Relation(lhs=TodaPrimaryGroup(group_dimension=12, sphere_dimension=6), rhs=FiniteCyclicGroup(order=2, generator=Composition(left=HomotopyElement(name='ν_6', dimension=6, source=9, target=6, generator=GeneratorSymbol(family='ν', index=6, decoration=None)), right=HomotopyElement(name='ν_9', dimension=9, source=12, target=9, generator=GeneratorSymbol(family='ν', index=9, decoration=None)))), relation_type=<RelationType.EQUALITY: 'equality'>, source=None, note=None), pi13_7_group_relation=Relation(lhs=TodaPrimaryGroup(group_dimension=13, sphere_dimension=7), rhs=FiniteCyclicGroup(order=2, generator=Composition(left=HomotopyElement(name='ν_7', dimension=7, source=10, target=7, generator=GeneratorSymbol(family='ν', index=7, decoration=None)), right=HomotopyElement(name='ν_10', dimension=10, source=13, target=10, generator=GeneratorSymbol(family='ν', index=10, decoration=None)))), relation_type=<RelationType.EQUALITY: 'equality'>, source=None, note=None), pi14_8_group_relation=Relation(lhs=TodaPrimaryGroup(group_dimension=14, sphere_dimension=8), rhs=FiniteCyclicGroup(order=2, generator=Composition(left=HomotopyElement(name='ν_8', dimension=8, source=11, target=8, generator=GeneratorSymbol(family='ν', index=8, decoration=None)), right=HomotopyElement(name='ν_11', dimension=11, source=14, target=11, generator=GeneratorSymbol(family='ν', index=11, decoration=None)))), relation_type=<RelationType.EQUALITY: 'equality'>, source=None, note=None), higher_six_stem_group_relation=Relation(lhs=TodaPrimaryGroup(group_dimension=ScalarSum(left=ScalarSymbol(name='n'), right=6), sphere_dimension=ScalarSymbol(name='n')), rhs=FiniteCyclicGroup(order=2, generator=Composition(left=HomotopyElement(name='ν_n', dimension=ScalarSymbol(name='n'), source=ScalarSum(left=ScalarSymbol(name='n'), right=3), target=ScalarSymbol(name='n'), generator=GeneratorSymbol(family='ν', index=ScalarSymbol(name='n'), decoration=None)), right=HomotopyElement(name='ν_(n+3)', dimension=ScalarSum(left=ScalarSymbol(name='n'), right=3), source=ScalarSum(left=ScalarSymbol(name='n'), right=6), target=ScalarSum(left=ScalarSymbol(name='n'), right=3), generator=GeneratorSymbol(family='ν', index=ScalarSum(left=ScalarSymbol(name='n'), right=3), decoration=None)))), relation_type=<RelationType.EQUALITY: 'equality'>, source=None, note=None), higher_range=ScalarGreaterEqualStatement(left=ScalarSymbol(name='n'), right=9), literature_statements=(LiteratureStatement(reference=LiteratureReference(label='Toda Proposition 5.11', author='H. Toda', title='Composition Methods in Homotopy Groups of Spheres', year=1962, locator='Proposition 5.11'), statement='For n at least 5, pi_(n+6)^n is cyclic of order 2 generated by nu_n squared, where nu_n squared is represented by nu_n composed with nu_(n+3).'),))"
2,7,pi_9^2,8,TodaProp44IsomorphismStatement,rule_name,Toda Proposition 4.4 eta_2 n=2 specialization,Toda Proposition 4.4 eta_2 n=2 specialization,"TodaProp44IsomorphismStatement(map=TodaProp44DecompositionMap(source_group=DirectSumGroup(summands=(TodaPrimaryGroup(group_dimension=ScalarSum(left=ScalarSymbol(name='i'), right=-1), sphere_dimension=1), TodaPrimaryGroup(group_dimension=ScalarSymbol(name='i'), sphere_dimension=3))), target_group=TodaPrimaryGroup(group_dimension=ScalarSymbol(name='i'), sphere_dimension=2), alpha=HomotopyElement(name='η₂', dimension=2, source=3, target=2, generator=GeneratorSymbol(family='η', index=2, decoration=None)), beta=HomotopyElement(name='β', dimension=ScalarSum(left=ScalarSymbol(name='i'), right=-1), source=None, target=None, generator=None), gamma=HomotopyElement(name='γ', dimension=ScalarSymbol(name='i'), source=ScalarSymbol(name='i'), target=3, generator=None), formula=Sum(left=Suspension(expression=HomotopyElement(name='β', dimension=ScalarSum(left=ScalarSymbol(name='i'), right=-1), source=None, target=None, generator=None)), right=Composition(left=HomotopyElement(name='η₂', dimension=2, source=3, target=2, generator=GeneratorSymbol(family='η', index=2, decoration=None)), right=HomotopyElement(name='γ', dimension=ScalarSymbol(name='i'), source=ScalarSymbol(name='i'), target=3, generator=None)))))"
2,7,pi_9^2,9,TodaProp44SecondSummandRestrictionStatement,rule_name,Toda Proposition 4.4 eta_2 second-summand restriction,Toda Proposition 4.4 eta_2 second-summand restriction,"TodaProp44SecondSummandRestrictionStatement(decomposition_map=TodaProp44DecompositionMap(source_group=DirectSumGroup(summands=(TodaPrimaryGroup(group_dimension=ScalarSum(left=ScalarSymbol(name='i'), right=-1), sphere_dimension=1), TodaPrimaryGroup(group_dimension=ScalarSymbol(name='i'), sphere_dimension=3))), target_group=TodaPrimaryGroup(group_dimension=ScalarSymbol(name='i'), sphere_dimension=2), alpha=HomotopyElement(name='η₂', dimension=2, source=3, target=2, generator=GeneratorSymbol(family='η', index=2, decoration=None)), beta=HomotopyElement(name='β', dimension=ScalarSum(left=ScalarSymbol(name='i'), right=-1), source=None, target=None, generator=None), gamma=HomotopyElement(name='γ', dimension=ScalarSymbol(name='i'), source=ScalarSymbol(name='i'), target=3, generator=None), formula=Sum(left=Suspension(expression=HomotopyElement(name='β', dimension=ScalarSum(left=ScalarSymbol(name='i'), right=-1), source=None, target=None, generator=None)), right=Composition(left=HomotopyElement(name='η₂', dimension=2, source=3, target=2, generator=GeneratorSymbol(family='η', index=2, decoration=None)), right=HomotopyElement(name='γ', dimension=ScalarSymbol(name='i'), source=ScalarSymbol(name='i'), target=3, generator=None)))), composition=Composition(left=HomotopyElement(name='η₂', dimension=2, source=3, target=2, generator=GeneratorSymbol(family='η', index=2, decoration=None)), right=HomotopyElement(name='γ', dimension=ScalarSymbol(name='i'), source=ScalarSymbol(name='i'), target=3, generator=None)))"
3,1,pi_4^3,4,TodaSuspensionKernelFreeCyclicStatement,rule_name,Toda pi_4^3 exactness Delta image equals E kernel,Toda pi_4^3 exactness Delta image equals E kernel,"TodaSuspensionKernelFreeCyclicStatement(map=TodaSuspensionMap(source_group=TodaPrimaryGroup(group_dimension=3, sphere_dimension=2), target_group=TodaPrimaryGroup(group_dimension=4, sphere_dimension=3)), kernel_group=FreeCyclicGroup(generator=Multiple(coefficient=2, expression=HomotopyElement(name='η₂', dimension=2, source=3, target=2, generator=GeneratorSymbol(family='η', index=2, decoration=None)))))"
3,1,pi_4^3,6,TodaEtaFamilyDefinitionStatement,type_name,,`TodaEtaFamilyDefinitionStatement`,"TodaEtaFamilyDefinitionStatement(index=3, element=HomotopyElement(name='η₃', dimension=3, source=4, target=3, generator=GeneratorSymbol(family='η', index=3, decoration=None)), iterated_suspension=IteratedSuspension(expression=HomotopyElement(name='η₂', dimension=2, source=3, target=2, generator=GeneratorSymbol(family='η', index=2, decoration=None)), exponent=1))"
3,2,pi_5^3,5,Toda52CompositionIsomorphismStatement,rule_name,Toda 5.2 eta_2 composition isomorphism,Toda 5.2 eta_2 composition isomorphism,"Toda52CompositionIsomorphismStatement(source_group=TodaPrimaryGroup(group_dimension=ScalarSymbol(name='i'), sphere_dimension=3), target_group=TodaPrimaryGroup(group_dimension=ScalarSymbol(name='i'), sphere_dimension=2), composition=Composition(left=HomotopyElement(name='η₂', dimension=2, source=3, target=2, generator=GeneratorSymbol(family='η', index=2, decoration=None)), right=HomotopyElement(name='γ', dimension=ScalarSymbol(name='i'), source=ScalarSymbol(name='i'), target=3, generator=None)))"
3,2,pi_5^3,8,TodaEtaFamilyDefinitionStatement,type_name,,`TodaEtaFamilyDefinitionStatement`,"TodaEtaFamilyDefinitionStatement(index=3, element=HomotopyElement(name='η₃', dimension=3, source=4, target=3, generator=GeneratorSymbol(family='η', index=3, decoration=None)), iterated_suspension=IteratedSuspension(expression=HomotopyElement(name='η₂', dimension=2, source=3, target=2, generator=GeneratorSymbol(family='η', index=2, decoration=None)), exponent=1))"
3,2,pi_5^3,9,TodaEtaFamilyDefinitionStatement,type_name,,`TodaEtaFamilyDefinitionStatement`,"TodaEtaFamilyDefinitionStatement(index=4, element=HomotopyElement(name='η_4', dimension=4, source=5, target=4, generator=GeneratorSymbol(family='η', index=4, decoration=None)), iterated_suspension=IteratedSuspension(expression=HomotopyElement(name='η₂', dimension=2, source=3, target=2, generator=GeneratorSymbol(family='η', index=2, decoration=None)), exponent=2))"
3,3,pi_6^3,10,Toda53NuPrimeBracketSpecializationStatement,rule_name,Toda 5.3 nu-prime Lemma 5.2 bracket specialization,Toda 5.3 nu-prime Lemma 5.2 bracket specialization,"Toda53NuPrimeBracketSpecializationStatement(nu_prime=HomotopyElement(name='ν′', dimension=3, source=6, target=3, generator=GeneratorSymbol(family='ν', index=None, decoration='′')), alpha=HomotopyElement(name='η₃', dimension=3, source=4, target=3, generator=GeneratorSymbol(family='η', index=3, decoration=None)), lemma52_index=4, bracket_membership=TodaBracketMembershipStatement(element=HomotopyElement(name='ν′', dimension=3, source=6, target=3, generator=GeneratorSymbol(family='ν', index=None, decoration='′')), bracket=TodaBracket(first=HomotopyElement(name='η₃', dimension=3, source=4, target=3, generator=GeneratorSymbol(family='η', index=3, decoration=None)), second=Multiple(coefficient=2, expression=HomotopyElement(name='ι_4', dimension=4, source=None, target=None, generator=GeneratorSymbol(family='ι', index=4, decoration=None))), third=HomotopyElement(name='η₄', dimension=4, source=5, target=4, generator=GeneratorSymbol(family='η', index=4, decoration=None)), index=1), source=None, note=None))"
3,3,pi_6^3,13,Toda52CompositionIsomorphismStatement,rule_name,Toda 5.2 eta_2 composition isomorphism,Toda 5.2 eta_2 composition isomorphism,"Toda52CompositionIsomorphismStatement(source_group=TodaPrimaryGroup(group_dimension=ScalarSymbol(name='i'), sphere_dimension=3), target_group=TodaPrimaryGroup(group_dimension=ScalarSymbol(name='i'), sphere_dimension=2), composition=Composition(left=HomotopyElement(name='η₂', dimension=2, source=3, target=2, generator=GeneratorSymbol(family='η', index=2, decoration=None)), right=HomotopyElement(name='γ', dimension=ScalarSymbol(name='i'), source=ScalarSymbol(name='i'), target=3, generator=None)))"
3,3,pi_6^3,17,TodaProp51FiniteDimensionalStatement,rule_name,Toda Proposition 5.1 finite-dimensional integration,Toda Proposition 5.1 finite-dimensional integration,"TodaProp51FiniteDimensionalStatement(pi3_2_group_relation=Relation(lhs=TodaPrimaryGroup(group_dimension=3, sphere_dimension=2), rhs=FreeCyclicGroup(generator=HomotopyElement(name='η₂', dimension=2, source=3, target=2, generator=GeneratorSymbol(family='η', index=2, decoration=None))), relation_type=<RelationType.EQUALITY: 'equality'>, source=None, note=None), eta2_hopf_relation=Relation(lhs=MapApplication(map=MapSymbol(name='H'), expression=HomotopyElement(name='η₂', dimension=2, source=3, target=2, generator=GeneratorSymbol(family='η', index=2, decoration=None))), rhs=HomotopyElement(name='ι_3', dimension=3, source=None, target=None, generator=GeneratorSymbol(family='ι', index=3, decoration=None)), relation_type=<RelationType.EQUALITY: 'equality'>, source=None, note=None), delta_iota5_relation=TodaDeltaImageUpToSignStatement(map=TodaDeltaMap(source_group=TodaPrimaryGroup(group_dimension=5, sphere_dimension=5), target_group=TodaPrimaryGroup(group_dimension=3, sphere_dimension=2)), element=HomotopyElement(name='ι_5', dimension=5, source=None, target=None, generator=GeneratorSymbol(family='ι', index=5, decoration=None)), positive_value=Multiple(coefficient=2, expression=HomotopyElement(name='η₂', dimension=2, source=3, target=2, generator=GeneratorSymbol(family='η', index=2, decoration=None)))), higher_eta_group_relation=Relation(lhs=TodaPrimaryGroup(group_dimension=ScalarSum(left=ScalarSymbol(name='n'), right=1), sphere_dimension=ScalarSymbol(name='n')), rhs=FiniteCyclicGroup(order=2, generator=HomotopyElement(name='η_n', dimension=ScalarSymbol(name='n'), source=ScalarSum(left=ScalarSymbol(name='n'), right=1), target=ScalarSymbol(name='n'), generator=GeneratorSymbol(family='η', index=ScalarSymbol(name='n'), decoration=None))), relation_type=<RelationType.EQUALITY: 'equality'>, source=None, note=None))"
3,4,pi_7^3,3,TodaProp53FiniteDimensionalStatement,rule_name,Toda Proposition 5.3 finite-dimensional integration,Toda Proposition 5.3 finite-dimensional integration,"TodaProp53FiniteDimensionalStatement(pi4_2_group_relation=Relation(lhs=TodaPrimaryGroup(group_dimension=4, sphere_dimension=2), rhs=FiniteCyclicGroup(order=2, generator=Composition(left=HomotopyElement(name='η₂', dimension=2, source=3, target=2, generator=GeneratorSymbol(family='η', index=2, decoration=None)), right=HomotopyElement(name='η₃', dimension=3, source=4, target=3, generator=GeneratorSymbol(family='η', index=3, decoration=None)))), relation_type=<RelationType.EQUALITY: 'equality'>, source=None, note=None), pi5_3_group_relation=Relation(lhs=TodaPrimaryGroup(group_dimension=5, sphere_dimension=3), rhs=FiniteCyclicGroup(order=2, generator=Composition(left=HomotopyElement(name='η₃', dimension=3, source=4, target=3, generator=GeneratorSymbol(family='η', index=3, decoration=None)), right=HomotopyElement(name='η₄', dimension=4, source=5, target=4, generator=GeneratorSymbol(family='η', index=4, decoration=None)))), relation_type=<RelationType.EQUALITY: 'equality'>, source=None, note=None), pi6_4_group_relation=Relation(lhs=TodaPrimaryGroup(group_dimension=6, sphere_dimension=4), rhs=FiniteCyclicGroup(order=2, generator=Composition(left=HomotopyElement(name='η₄', dimension=4, source=5, target=4, generator=GeneratorSymbol(family='η', index=4, decoration=None)), right=HomotopyElement(name='η₅', dimension=5, source=6, target=5, generator=GeneratorSymbol(family='η', index=5, decoration=None)))), relation_type=<RelationType.EQUALITY: 'equality'>, source=None, note=None), higher_eta_squared_group_relation=Relation(lhs=TodaPrimaryGroup(group_dimension=ScalarSum(left=ScalarSymbol(name='n'), right=2), sphere_dimension=ScalarSymbol(name='n')), rhs=FiniteCyclicGroup(order=2, generator=Composition(left=HomotopyElement(name='η_n', dimension=ScalarSymbol(name='n'), source=ScalarSum(left=ScalarSymbol(name='n'), right=1), target=ScalarSymbol(name='n'), generator=GeneratorSymbol(family='η', index=ScalarSymbol(name='n'), decoration=None)), right=HomotopyElement(name='η_(n+1)', dimension=ScalarSum(left=ScalarSymbol(name='n'), right=1), source=ScalarSum(left=ScalarSymbol(name='n'), right=2), target=ScalarSum(left=ScalarSymbol(name='n'), right=1), generator=GeneratorSymbol(family='η', index=ScalarSum(left=ScalarSymbol(name='n'), right=1), decoration=None)))), relation_type=<RelationType.EQUALITY: 'equality'>, source=None, note=None), higher_range=ScalarGreaterEqualStatement(left=ScalarSymbol(name='n'), right=5))"
3,4,pi_7^3,7,TodaEtaFamilyDefinitionStatement,type_name,,`TodaEtaFamilyDefinitionStatement`,"TodaEtaFamilyDefinitionStatement(index=5, element=HomotopyElement(name='η_5', dimension=5, source=6, target=5, generator=GeneratorSymbol(family='η', index=5, decoration=None)), iterated_suspension=IteratedSuspension(expression=HomotopyElement(name='η₂', dimension=2, source=3, target=2, generator=GeneratorSymbol(family='η', index=2, decoration=None)), exponent=3))"
3,4,pi_7^3,8,TodaEtaFamilyDefinitionStatement,type_name,,`TodaEtaFamilyDefinitionStatement`,"TodaEtaFamilyDefinitionStatement(index=6, element=HomotopyElement(name='η_6', dimension=6, source=7, target=6, generator=GeneratorSymbol(family='η', index=6, decoration=None)), iterated_suspension=IteratedSuspension(expression=HomotopyElement(name='η₂', dimension=2, source=3, target=2, generator=GeneratorSymbol(family='η', index=2, decoration=None)), exponent=4))"
3,4,pi_7^3,13,ScalarGreaterEqualStatement,type_name,,`ScalarGreaterEqualStatement`,"ScalarGreaterEqualStatement(left=ScalarSymbol(name='n'), right=5)"
3,5,pi_8^3,13,Toda55NuFamilyFiniteDimensionalStatement,rule_name,Toda 5.5 nu-family finite-dimensional integration,Toda 5.5 nu-family finite-dimensional integration,"Toda55NuFamilyFiniteDimensionalStatement(nu_family_definition=TodaNuFamilyDefinitionStatement(index=ScalarSymbol(name='n'), element=HomotopyElement(name='ν_n', dimension=ScalarSymbol(name='n'), source=ScalarSum(left=ScalarSymbol(name='n'), right=3), target=ScalarSymbol(name='n'), generator=GeneratorSymbol(family='ν', index=ScalarSymbol(name='n'), decoration=None)), iterated_suspension=IteratedSuspension(expression=HomotopyElement(name='ν₄', dimension=4, source=7, target=4, generator=GeneratorSymbol(family='ν', index=4, decoration=None)), exponent=ScalarSum(left=ScalarSymbol(name='n'), right=-4))), lemma54_statement=TodaLemma54Statement(nu4=HomotopyElement(name='ν₄', dimension=4, source=7, target=4, generator=GeneratorSymbol(family='ν', index=4, decoration=None)), membership=HomotopyGroupMembershipStatement(element=HomotopyElement(name='ν₄', dimension=4, source=7, target=4, generator=GeneratorSymbol(family='ν', index=4, decoration=None)), group_dimension=7, sphere_dimension=4), hopf_relation=Relation(lhs=MapApplication(map=MapSymbol(name='H'), expression=HomotopyElement(name='ν₄', dimension=4, source=7, target=4, generator=GeneratorSymbol(family='ν', index=4, decoration=None))), rhs=HomotopyElement(name='ι_7', dimension=7, source=None, target=None, generator=GeneratorSymbol(family='ι', index=7, decoration=None)), relation_type=<RelationType.EQUALITY: 'equality'>, source=None, note=None), double_suspension_relation=Relation(lhs=Multiple(coefficient=2, expression=Suspension(expression=HomotopyElement(name='ν₄', dimension=4, source=7, target=4, generator=GeneratorSymbol(family='ν', index=4, decoration=None)))), rhs=IteratedSuspension(expression=HomotopyElement(name='ν′', dimension=3, source=6, target=3, generator=GeneratorSymbol(family='ν', index=None, decoration='′')), exponent=2), relation_type=<RelationType.EQUALITY: 'equality'>, source=None, note=None), literature_statements=(LiteratureStatement(reference=LiteratureReference(label='Toda Proposition 1.3', author='H. Toda', title='Composition Methods in Homotopy Groups of Spheres', year=1962, locator='Proposition 1.3'), statement='-E{α,E^nβ,E^nγ}_n ⊂ {Eα,E^(n+1)β,E^(n+1)γ}_(n+1).'), LiteratureStatement(reference=LiteratureReference(label='Toda (1.15)', author='H. Toda', title='Composition Methods in Homotopy Groups of Spheres', year=1962, locator='Equation (1.15)'), statement='{α,E^nβ,E^nγ}_n ⊂ {α,E^m(E^(n-m)β),E^m(E^(n-m)γ)}_m.'), LiteratureStatement(reference=LiteratureReference(label='Toda (3.2)', author='H. Toda', title='Composition Methods in Homotopy Groups of Spheres', year=1962, locator='Equation (3.2)'), statement='E: π_i(S^m) → π_(i+1)(S^(m+1)) is an isomorphism for i<2m-1 and is surjective for i=2m-1.'), LiteratureStatement(reference=LiteratureReference(label='Toda Theorem 3.6', author='H. Toda', title='Composition Methods in Homotopy Groups of Spheres', year=1962, locator='Theorem 3.6'), statement='For the Lemma 5.4 specialization α=η₂, β=2ι₃, t=1, there exists α*∈π_7^4 such that 2Eα* belongs to -{η₅,2ι₆,η₆}_3.'), LiteratureStatement(reference=LiteratureReference(label='Toda (4.7)', author='H. Toda', title='Composition Methods in Homotopy Groups of Spheres', year=1962, locator='Equation (4.7)'), statement='For the Toda (5.4) bracket, the indeterminacy used here is η_n∘π_(n+3)^(n+1) + π_(n+2)^n∘η_(n+2).'), LiteratureStatement(reference=LiteratureReference(label='Toda Proposition 5.3', author='H. Toda', title='Composition Methods in Homotopy Groups of Spheres', year=1962, locator='Proposition 5.3'), statement='π_(n+2)^n = Z/2{η_n²} for n≥2.'), LiteratureStatement(reference=LiteratureReference(label='Toda (5.3)', author='H. Toda', title='Composition Methods in Homotopy Groups of Spheres', year=1962, locator='Equation (5.3)'), statement='ν′∈π_6^3, H(ν′)=η₅, and 2ν′=η₃∘η₄∘η₅.'), LiteratureStatement(reference=LiteratureReference(label='Toda (5.4)', author='H. Toda', title='Composition Methods in Homotopy Groups of Spheres', year=1962, locator='Equation (5.4)'), statement='{η_n,2ι_(n+1),η_(n+1)}_t = {±E^(n-3)ν′} for n≥3 and 0≤t≤n-2.'), LiteratureStatement(reference=LiteratureReference(label='Toda (4.8)', author='H. Toda', title='Composition Methods in Homotopy Groups of Spheres', year=1962, locator='Equation (4.8)'), statement='The consequence used in Lemma 5.4 gives H(α*)=(2s+1)ι₇.'), LiteratureStatement(reference=LiteratureReference(label='Toda Lemma 5.4 proof', author='H. Toda', title='Composition Methods in Homotopy Groups of Spheres', year=1962, locator='Lemma 5.4 proof'), statement='H[ι₄,ι₄]=(-1)^u 2ι₇ and E[ι₄,ι₄]=0.'))), n_range=ScalarGreaterEqualStatement(left=ScalarSymbol(name='n'), right=5), double_nu_relation=Relation(lhs=Multiple(coefficient=2, expression=HomotopyElement(name='ν_n', dimension=ScalarSymbol(name='n'), source=ScalarSum(left=ScalarSymbol(name='n'), right=3), target=ScalarSymbol(name='n'), generator=GeneratorSymbol(family='ν', index=ScalarSymbol(name='n'), decoration=None))), rhs=IteratedSuspension(expression=HomotopyElement(name='ν′', dimension=3, source=6, target=3, generator=GeneratorSymbol(family='ν', index=None, decoration='′')), exponent=ScalarSum(left=ScalarSymbol(name='n'), right=ScalarProduct(left=-1, right=3))), relation_type=<RelationType.EQUALITY: 'equality'>, source=None, note=None), quadruple_nu_relation=Relation(lhs=Multiple(coefficient=4, expression=HomotopyElement(name='ν_n', dimension=ScalarSymbol(name='n'), source=ScalarSum(left=ScalarSymbol(name='n'), right=3), target=ScalarSymbol(name='n'), generator=GeneratorSymbol(family='ν', index=ScalarSymbol(name='n'), decoration=None))), rhs=Composition(left=HomotopyElement(name='η_n', dimension=ScalarSymbol(name='n'), source=ScalarSum(left=ScalarSymbol(name='n'), right=1), target=ScalarSymbol(name='n'), generator=GeneratorSymbol(family='η', index=ScalarSymbol(name='n'), decoration=None)), right=Composition(left=HomotopyElement(name='η_(n+1)', dimension=ScalarSum(left=ScalarSymbol(name='n'), right=1), source=ScalarSum(left=ScalarSymbol(name='n'), right=2), target=ScalarSum(left=ScalarSymbol(name='n'), right=1), generator=GeneratorSymbol(family='η', index=ScalarSum(left=ScalarSymbol(name='n'), right=1), decoration=None)), right=HomotopyElement(name='η_(n+2)', dimension=ScalarSum(left=ScalarSymbol(name='n'), right=2), source=ScalarSum(left=ScalarSymbol(name='n'), right=3), target=ScalarSum(left=ScalarSymbol(name='n'), right=2), generator=GeneratorSymbol(family='η', index=ScalarSum(left=ScalarSymbol(name='n'), right=2), decoration=None)))), relation_type=<RelationType.EQUALITY: 'equality'>, source=None, note=None), literature_statements=(LiteratureStatement(reference=LiteratureReference(label='Toda (5.5)', author='H. Toda', title='Composition Methods in Homotopy Groups of Spheres', year=1962, locator='Equation (5.5)'), statement='Finite-dimensional part: ν_n:=E^(n-4)ν₄ for n>=4; for n>=5, 2ν_n=E^(n-3)ν′ and 4ν_n=η_n∘η_(n+1)∘η_(n+2).'),))"
3,5,pi_8^3,14,TodaEtaFamilyDefinitionStatement,type_name,,`TodaEtaFamilyDefinitionStatement`,"TodaEtaFamilyDefinitionStatement(index=7, element=HomotopyElement(name='η_7', dimension=7, source=8, target=7, generator=GeneratorSymbol(family='η', index=7, decoration=None)), iterated_suspension=IteratedSuspension(expression=HomotopyElement(name='η₂', dimension=2, source=3, target=2, generator=GeneratorSymbol(family='η', index=2, decoration=None)), exponent=5))"
3,6,pi_9^3,6,TodaDeltaSurjectiveStatement,rule_name,Toda Proposition 5.11 zero E implies Delta surjective,Toda Proposition 5.11 zero E implies Delta surjective,"TodaDeltaSurjectiveStatement(map=TodaDeltaMap(source_group=TodaPrimaryGroup(group_dimension=9, sphere_dimension=5), target_group=TodaPrimaryGroup(group_dimension=7, sphere_dimension=2)))"
3,6,pi_9^3,7,TodaProp58FiniteDimensionalStatement,rule_name,Toda Proposition 5.8 finite-dimensional integration,Toda Proposition 5.8 finite-dimensional integration,"TodaProp58FiniteDimensionalStatement(pi6_2_group_relation=Relation(lhs=TodaPrimaryGroup(group_dimension=6, sphere_dimension=2), rhs=FiniteCyclicGroup(order=4, generator=Composition(left=HomotopyElement(name='η₂', dimension=2, source=3, target=2, generator=GeneratorSymbol(family='η', index=2, decoration=None)), right=HomotopyElement(name='ν′', dimension=3, source=6, target=3, generator=GeneratorSymbol(family='ν', index=None, decoration='′')))), relation_type=<RelationType.EQUALITY: 'equality'>, source=None, note=None), pi7_3_group_relation=Relation(lhs=TodaPrimaryGroup(group_dimension=7, sphere_dimension=3), rhs=FiniteCyclicGroup(order=2, generator=Composition(left=HomotopyElement(name='ν′', dimension=3, source=6, target=3, generator=GeneratorSymbol(family='ν', index=None, decoration='′')), right=HomotopyElement(name='η₆', dimension=6, source=7, target=6, generator=GeneratorSymbol(family='η', index=6, decoration=None)))), relation_type=<RelationType.EQUALITY: 'equality'>, source=None, note=None), pi8_4_group_relation=Relation(lhs=TodaPrimaryGroup(group_dimension=8, sphere_dimension=4), rhs=DirectSumGroup(summands=(FiniteCyclicGroup(order=2, generator=Composition(left=HomotopyElement(name='ν₄', dimension=4, source=7, target=4, generator=GeneratorSymbol(family='ν', index=4, decoration=None)), right=HomotopyElement(name='η₇', dimension=7, source=8, target=7, generator=GeneratorSymbol(family='η', index=7, decoration=None)))), FiniteCyclicGroup(order=2, generator=Composition(left=Suspension(expression=HomotopyElement(name='ν′', dimension=3, source=6, target=3, generator=GeneratorSymbol(family='ν', index=None, decoration='′'))), right=HomotopyElement(name='η₇', dimension=7, source=8, target=7, generator=GeneratorSymbol(family='η', index=7, decoration=None)))))), relation_type=<RelationType.EQUALITY: 'equality'>, source=None, note=None), pi9_5_group_relation=Relation(lhs=TodaPrimaryGroup(group_dimension=9, sphere_dimension=5), rhs=FiniteCyclicGroup(order=2, generator=Composition(left=HomotopyElement(name='ν_5', dimension=5, source=8, target=5, generator=GeneratorSymbol(family='ν', index=5, decoration=None)), right=HomotopyElement(name='η₈', dimension=8, source=9, target=8, generator=GeneratorSymbol(family='η', index=8, decoration=None)))), relation_type=<RelationType.EQUALITY: 'equality'>, source=None, note=None), higher_four_stem_zero=TodaPrimaryGroupZeroStatement(group=TodaPrimaryGroup(group_dimension=ScalarSum(left=ScalarSymbol(name='n'), right=4), sphere_dimension=ScalarSymbol(name='n'))), higher_range=ScalarGreaterEqualStatement(left=ScalarSymbol(name='n'), right=6), literature_statements=(LiteratureStatement(reference=LiteratureReference(label='Toda Proposition 5.8', author='H. Toda', title='Composition Methods in Homotopy Groups of Spheres', year=1962, locator='Proposition 5.8'), statement='Finite-dimensional part: pi_6^2 is cyclic of order 4 generated by eta_2 composed with nu-prime; pi_7^3 is cyclic of order 2 generated by nu-prime composed with eta_6; pi_8^4 is the direct sum of Z/2 generated by nu_4 composed with eta_7 and Z/2 generated by E nu-prime composed with eta_7; pi_9^5 is cyclic of order 2 generated by nu_5 composed with eta_8; and pi_(n+4)^n is zero for n at least 6.'),))"
3,6,pi_9^3,8,TodaProp59FiniteDimensionalStatement,rule_name,Toda Proposition 5.9 finite-dimensional integration,Toda Proposition 5.9 finite-dimensional integration,"TodaProp59FiniteDimensionalStatement(pi7_2_group_relation=Relation(lhs=TodaPrimaryGroup(group_dimension=7, sphere_dimension=2), rhs=FiniteCyclicGroup(order=2, generator=Composition(left=HomotopyElement(name='η₂', dimension=2, source=3, target=2, generator=GeneratorSymbol(family='η', index=2, decoration=None)), right=Composition(left=HomotopyElement(name='ν′', dimension=3, source=6, target=3, generator=GeneratorSymbol(family='ν', index=None, decoration='′')), right=HomotopyElement(name='η₆', dimension=6, source=7, target=6, generator=GeneratorSymbol(family='η', index=6, decoration=None))))), relation_type=<RelationType.EQUALITY: 'equality'>, source=None, note=None), pi8_3_group_relation=Relation(lhs=TodaPrimaryGroup(group_dimension=8, sphere_dimension=3), rhs=FiniteCyclicGroup(order=2, generator=Composition(left=HomotopyElement(name='ν′', dimension=3, source=6, target=3, generator=GeneratorSymbol(family='ν', index=None, decoration='′')), right=Composition(left=HomotopyElement(name='η₆', dimension=6, source=7, target=6, generator=GeneratorSymbol(family='η', index=6, decoration=None)), right=HomotopyElement(name='η₇', dimension=7, source=8, target=7, generator=GeneratorSymbol(family='η', index=7, decoration=None))))), relation_type=<RelationType.EQUALITY: 'equality'>, source=None, note=None), pi9_4_group_relation=Relation(lhs=TodaPrimaryGroup(group_dimension=9, sphere_dimension=4), rhs=DirectSumGroup(summands=(FiniteCyclicGroup(order=2, generator=Composition(left=HomotopyElement(name='ν₄', dimension=4, source=7, target=4, generator=GeneratorSymbol(family='ν', index=4, decoration=None)), right=Composition(left=HomotopyElement(name='η₇', dimension=7, source=8, target=7, generator=GeneratorSymbol(family='η', index=7, decoration=None)), right=HomotopyElement(name='η₈', dimension=8, source=9, target=8, generator=GeneratorSymbol(family='η', index=8, decoration=None))))), FiniteCyclicGroup(order=2, generator=Composition(left=Suspension(expression=HomotopyElement(name='ν′', dimension=3, source=6, target=3, generator=GeneratorSymbol(family='ν', index=None, decoration='′'))), right=Composition(left=HomotopyElement(name='η₇', dimension=7, source=8, target=7, generator=GeneratorSymbol(family='η', index=7, decoration=None)), right=HomotopyElement(name='η₈', dimension=8, source=9, target=8, generator=GeneratorSymbol(family='η', index=8, decoration=None))))))), relation_type=<RelationType.EQUALITY: 'equality'>, source=None, note=None), pi10_5_group_relation=Relation(lhs=TodaPrimaryGroup(group_dimension=10, sphere_dimension=5), rhs=FiniteCyclicGroup(order=2, generator=Composition(left=HomotopyElement(name='ν_5', dimension=5, source=8, target=5, generator=GeneratorSymbol(family='ν', index=5, decoration=None)), right=Composition(left=HomotopyElement(name='η₈', dimension=8, source=9, target=8, generator=GeneratorSymbol(family='η', index=8, decoration=None)), right=HomotopyElement(name='η₉', dimension=9, source=10, target=9, generator=GeneratorSymbol(family='η', index=9, decoration=None))))), relation_type=<RelationType.EQUALITY: 'equality'>, source=None, note=None), pi11_6_group_relation=Relation(lhs=TodaPrimaryGroup(group_dimension=11, sphere_dimension=6), rhs=FreeCyclicGroup(generator=MapApplication(map=MapSymbol(name='Δ'), expression=HomotopyElement(name='ι_13', dimension=13, source=None, target=None, generator=GeneratorSymbol(family='ι', index=13, decoration=None)))), relation_type=<RelationType.EQUALITY: 'equality'>, source=None, note=None), higher_five_stem_zero=TodaPrimaryGroupZeroStatement(group=TodaPrimaryGroup(group_dimension=ScalarSum(left=ScalarSymbol(name='n'), right=5), sphere_dimension=ScalarSymbol(name='n'))), higher_range=ScalarGreaterEqualStatement(left=ScalarSymbol(name='n'), right=7), literature_statements=(LiteratureStatement(reference=LiteratureReference(label='Toda Proposition 5.9', author='H. Toda', title='Composition Methods in Homotopy Groups of Spheres', year=1962, locator='Proposition 5.9'), statement='Finite-dimensional part: pi_7^2 is cyclic of order 2 generated by eta_2 composed with nu-prime composed with eta_6; pi_8^3 is cyclic of order 2 generated by nu-prime composed with eta_6 squared; pi_9^4 is the direct sum of Z/2 generated by nu_4 composed with eta_7 squared and Z/2 generated by E nu-prime composed with eta_7 squared; pi_10^5 is cyclic of order 2 generated by nu_5 composed with eta_8 squared; pi_11^6 is infinite cyclic generated by Delta(iota_13); and pi_(n+5)^n is zero for n at least 7.'),))"
3,7,pi_10^3,6,TodaDeltaSurjectiveStatement,rule_name,Toda Proposition 5.15 pi_10^5 to pi_8^2 Delta surjective,Toda Proposition 5.15 pi_10^5 to pi_8^2 Delta surjective,"TodaDeltaSurjectiveStatement(map=TodaDeltaMap(source_group=TodaPrimaryGroup(group_dimension=10, sphere_dimension=5), target_group=TodaPrimaryGroup(group_dimension=8, sphere_dimension=2)))"
3,7,pi_10^3,7,TodaProp59FiniteDimensionalStatement,rule_name,Toda Proposition 5.9 finite-dimensional integration,Toda Proposition 5.9 finite-dimensional integration,"TodaProp59FiniteDimensionalStatement(pi7_2_group_relation=Relation(lhs=TodaPrimaryGroup(group_dimension=7, sphere_dimension=2), rhs=FiniteCyclicGroup(order=2, generator=Composition(left=HomotopyElement(name='η₂', dimension=2, source=3, target=2, generator=GeneratorSymbol(family='η', index=2, decoration=None)), right=Composition(left=HomotopyElement(name='ν′', dimension=3, source=6, target=3, generator=GeneratorSymbol(family='ν', index=None, decoration='′')), right=HomotopyElement(name='η₆', dimension=6, source=7, target=6, generator=GeneratorSymbol(family='η', index=6, decoration=None))))), relation_type=<RelationType.EQUALITY: 'equality'>, source=None, note=None), pi8_3_group_relation=Relation(lhs=TodaPrimaryGroup(group_dimension=8, sphere_dimension=3), rhs=FiniteCyclicGroup(order=2, generator=Composition(left=HomotopyElement(name='ν′', dimension=3, source=6, target=3, generator=GeneratorSymbol(family='ν', index=None, decoration='′')), right=Composition(left=HomotopyElement(name='η₆', dimension=6, source=7, target=6, generator=GeneratorSymbol(family='η', index=6, decoration=None)), right=HomotopyElement(name='η₇', dimension=7, source=8, target=7, generator=GeneratorSymbol(family='η', index=7, decoration=None))))), relation_type=<RelationType.EQUALITY: 'equality'>, source=None, note=None), pi9_4_group_relation=Relation(lhs=TodaPrimaryGroup(group_dimension=9, sphere_dimension=4), rhs=DirectSumGroup(summands=(FiniteCyclicGroup(order=2, generator=Composition(left=HomotopyElement(name='ν₄', dimension=4, source=7, target=4, generator=GeneratorSymbol(family='ν', index=4, decoration=None)), right=Composition(left=HomotopyElement(name='η₇', dimension=7, source=8, target=7, generator=GeneratorSymbol(family='η', index=7, decoration=None)), right=HomotopyElement(name='η₈', dimension=8, source=9, target=8, generator=GeneratorSymbol(family='η', index=8, decoration=None))))), FiniteCyclicGroup(order=2, generator=Composition(left=Suspension(expression=HomotopyElement(name='ν′', dimension=3, source=6, target=3, generator=GeneratorSymbol(family='ν', index=None, decoration='′'))), right=Composition(left=HomotopyElement(name='η₇', dimension=7, source=8, target=7, generator=GeneratorSymbol(family='η', index=7, decoration=None)), right=HomotopyElement(name='η₈', dimension=8, source=9, target=8, generator=GeneratorSymbol(family='η', index=8, decoration=None))))))), relation_type=<RelationType.EQUALITY: 'equality'>, source=None, note=None), pi10_5_group_relation=Relation(lhs=TodaPrimaryGroup(group_dimension=10, sphere_dimension=5), rhs=FiniteCyclicGroup(order=2, generator=Composition(left=HomotopyElement(name='ν_5', dimension=5, source=8, target=5, generator=GeneratorSymbol(family='ν', index=5, decoration=None)), right=Composition(left=HomotopyElement(name='η₈', dimension=8, source=9, target=8, generator=GeneratorSymbol(family='η', index=8, decoration=None)), right=HomotopyElement(name='η₉', dimension=9, source=10, target=9, generator=GeneratorSymbol(family='η', index=9, decoration=None))))), relation_type=<RelationType.EQUALITY: 'equality'>, source=None, note=None), pi11_6_group_relation=Relation(lhs=TodaPrimaryGroup(group_dimension=11, sphere_dimension=6), rhs=FreeCyclicGroup(generator=MapApplication(map=MapSymbol(name='Δ'), expression=HomotopyElement(name='ι_13', dimension=13, source=None, target=None, generator=GeneratorSymbol(family='ι', index=13, decoration=None)))), relation_type=<RelationType.EQUALITY: 'equality'>, source=None, note=None), higher_five_stem_zero=TodaPrimaryGroupZeroStatement(group=TodaPrimaryGroup(group_dimension=ScalarSum(left=ScalarSymbol(name='n'), right=5), sphere_dimension=ScalarSymbol(name='n'))), higher_range=ScalarGreaterEqualStatement(left=ScalarSymbol(name='n'), right=7), literature_statements=(LiteratureStatement(reference=LiteratureReference(label='Toda Proposition 5.9', author='H. Toda', title='Composition Methods in Homotopy Groups of Spheres', year=1962, locator='Proposition 5.9'), statement='Finite-dimensional part: pi_7^2 is cyclic of order 2 generated by eta_2 composed with nu-prime composed with eta_6; pi_8^3 is cyclic of order 2 generated by nu-prime composed with eta_6 squared; pi_9^4 is the direct sum of Z/2 generated by nu_4 composed with eta_7 squared and Z/2 generated by E nu-prime composed with eta_7 squared; pi_10^5 is cyclic of order 2 generated by nu_5 composed with eta_8 squared; pi_11^6 is infinite cyclic generated by Delta(iota_13); and pi_(n+5)^n is zero for n at least 7.'),))"
3,7,pi_10^3,8,TodaProp511FiniteDimensionalStatement,rule_name,Toda Proposition 5.11 finite-dimensional integration,Toda Proposition 5.11 finite-dimensional integration,"TodaProp511FiniteDimensionalStatement(pi8_2_group_relation=Relation(lhs=TodaPrimaryGroup(group_dimension=8, sphere_dimension=2), rhs=FiniteCyclicGroup(order=2, generator=Composition(left=HomotopyElement(name='η₂', dimension=2, source=3, target=2, generator=GeneratorSymbol(family='η', index=2, decoration=None)), right=Composition(left=HomotopyElement(name='ν′', dimension=3, source=6, target=3, generator=GeneratorSymbol(family='ν', index=None, decoration='′')), right=Composition(left=HomotopyElement(name='η₆', dimension=6, source=7, target=6, generator=GeneratorSymbol(family='η', index=6, decoration=None)), right=HomotopyElement(name='η₇', dimension=7, source=8, target=7, generator=GeneratorSymbol(family='η', index=7, decoration=None)))))), relation_type=<RelationType.EQUALITY: 'equality'>, source=None, note=None), pi9_3_zero=TodaPrimaryGroupZeroStatement(group=TodaPrimaryGroup(group_dimension=9, sphere_dimension=3)), pi10_4_group_relation=Relation(lhs=TodaPrimaryGroup(group_dimension=10, sphere_dimension=4), rhs=FiniteCyclicGroup(order=8, generator=Composition(left=HomotopyElement(name='ν₄', dimension=4, source=7, target=4, generator=GeneratorSymbol(family='ν', index=4, decoration=None)), right=HomotopyElement(name='ν_7', dimension=7, source=10, target=7, generator=GeneratorSymbol(family='ν', index=7, decoration=None)))), relation_type=<RelationType.EQUALITY: 'equality'>, source=None, note=None), nu_squared_finite_dimensional=TodaProp511NuSquaredFiniteDimensionalStatement(pi11_5_group_relation=Relation(lhs=TodaPrimaryGroup(group_dimension=11, sphere_dimension=5), rhs=FiniteCyclicGroup(order=2, generator=Composition(left=HomotopyElement(name='ν_5', dimension=5, source=8, target=5, generator=GeneratorSymbol(family='ν', index=5, decoration=None)), right=HomotopyElement(name='ν_8', dimension=8, source=11, target=8, generator=GeneratorSymbol(family='ν', index=8, decoration=None)))), relation_type=<RelationType.EQUALITY: 'equality'>, source=None, note=None), pi12_6_group_relation=Relation(lhs=TodaPrimaryGroup(group_dimension=12, sphere_dimension=6), rhs=FiniteCyclicGroup(order=2, generator=Composition(left=HomotopyElement(name='ν_6', dimension=6, source=9, target=6, generator=GeneratorSymbol(family='ν', index=6, decoration=None)), right=HomotopyElement(name='ν_9', dimension=9, source=12, target=9, generator=GeneratorSymbol(family='ν', index=9, decoration=None)))), relation_type=<RelationType.EQUALITY: 'equality'>, source=None, note=None), pi13_7_group_relation=Relation(lhs=TodaPrimaryGroup(group_dimension=13, sphere_dimension=7), rhs=FiniteCyclicGroup(order=2, generator=Composition(left=HomotopyElement(name='ν_7', dimension=7, source=10, target=7, generator=GeneratorSymbol(family='ν', index=7, decoration=None)), right=HomotopyElement(name='ν_10', dimension=10, source=13, target=10, generator=GeneratorSymbol(family='ν', index=10, decoration=None)))), relation_type=<RelationType.EQUALITY: 'equality'>, source=None, note=None), pi14_8_group_relation=Relation(lhs=TodaPrimaryGroup(group_dimension=14, sphere_dimension=8), rhs=FiniteCyclicGroup(order=2, generator=Composition(left=HomotopyElement(name='ν_8', dimension=8, source=11, target=8, generator=GeneratorSymbol(family='ν', index=8, decoration=None)), right=HomotopyElement(name='ν_11', dimension=11, source=14, target=11, generator=GeneratorSymbol(family='ν', index=11, decoration=None)))), relation_type=<RelationType.EQUALITY: 'equality'>, source=None, note=None), higher_six_stem_group_relation=Relation(lhs=TodaPrimaryGroup(group_dimension=ScalarSum(left=ScalarSymbol(name='n'), right=6), sphere_dimension=ScalarSymbol(name='n')), rhs=FiniteCyclicGroup(order=2, generator=Composition(left=HomotopyElement(name='ν_n', dimension=ScalarSymbol(name='n'), source=ScalarSum(left=ScalarSymbol(name='n'), right=3), target=ScalarSymbol(name='n'), generator=GeneratorSymbol(family='ν', index=ScalarSymbol(name='n'), decoration=None)), right=HomotopyElement(name='ν_(n+3)', dimension=ScalarSum(left=ScalarSymbol(name='n'), right=3), source=ScalarSum(left=ScalarSymbol(name='n'), right=6), target=ScalarSum(left=ScalarSymbol(name='n'), right=3), generator=GeneratorSymbol(family='ν', index=ScalarSum(left=ScalarSymbol(name='n'), right=3), decoration=None)))), relation_type=<RelationType.EQUALITY: 'equality'>, source=None, note=None), higher_range=ScalarGreaterEqualStatement(left=ScalarSymbol(name='n'), right=9), literature_statements=(LiteratureStatement(reference=LiteratureReference(label='Toda Proposition 5.11', author='H. Toda', title='Composition Methods in Homotopy Groups of Spheres', year=1962, locator='Proposition 5.11'), statement='For n at least 5, pi_(n+6)^n is cyclic of order 2 generated by nu_n squared, where nu_n squared is represented by nu_n composed with nu_(n+3).'),)), literature_statements=(LiteratureStatement(reference=LiteratureReference(label='Toda Proposition 5.11', author='H. Toda', title='Composition Methods in Homotopy Groups of Spheres', year=1962, locator='Proposition 5.11'), statement='Finite-dimensional part: pi_8^2 is cyclic of order 2 generated by eta_2 composed with nu-prime composed with eta_6 squared; pi_9^3 is zero; pi_10^4 is cyclic of order 8 generated by nu_4 squared; and pi_(n+6)^n is cyclic of order 2 generated by nu_n squared for n at least 5. The stable conclusion (G_6;2)=Z/2{nu squared} is not included in this finite-dimensional aggregate.'),))"
4,2,pi_6^4,9,TodaEtaFamilyDefinitionStatement,type_name,,`TodaEtaFamilyDefinitionStatement`,"TodaEtaFamilyDefinitionStatement(index=4, element=HomotopyElement(name='η_4', dimension=4, source=5, target=4, generator=GeneratorSymbol(family='η', index=4, decoration=None)), iterated_suspension=IteratedSuspension(expression=HomotopyElement(name='η₂', dimension=2, source=3, target=2, generator=GeneratorSymbol(family='η', index=2, decoration=None)), exponent=2))"
4,2,pi_6^4,10,TodaEtaFamilyDefinitionStatement,type_name,,`TodaEtaFamilyDefinitionStatement`,"TodaEtaFamilyDefinitionStatement(index=5, element=HomotopyElement(name='η_5', dimension=5, source=6, target=5, generator=GeneratorSymbol(family='η', index=5, decoration=None)), iterated_suspension=IteratedSuspension(expression=HomotopyElement(name='η₂', dimension=2, source=3, target=2, generator=GeneratorSymbol(family='η', index=2, decoration=None)), exponent=3))"
4,3,pi_7^4,1,Toda56Nu4DecompositionStatement,rule_name,Toda (5.6) nu_4 decomposition integration,Toda (5.6) nu_4 decomposition integration,"Toda56Nu4DecompositionStatement(decomposition_isomorphism=Toda56Nu4DecompositionIsomorphismStatement(prop44_isomorphism=TodaProp44IsomorphismStatement(map=TodaProp44DecompositionMap(source_group=DirectSumGroup(summands=(TodaPrimaryGroup(group_dimension=ScalarSum(left=ScalarSymbol(name='i'), right=-1), sphere_dimension=3), TodaPrimaryGroup(group_dimension=ScalarSymbol(name='i'), sphere_dimension=7))), target_group=TodaPrimaryGroup(group_dimension=ScalarSymbol(name='i'), sphere_dimension=4), alpha=HomotopyElement(name='ν₄', dimension=4, source=7, target=4, generator=GeneratorSymbol(family='ν', index=4, decoration=None)), beta=HomotopyElement(name='α', dimension=3, source=ScalarSum(left=ScalarSymbol(name='i'), right=-1), target=3, generator=None), gamma=HomotopyElement(name='β', dimension=7, source=ScalarSymbol(name='i'), target=7, generator=None), formula=Sum(left=Suspension(expression=HomotopyElement(name='α', dimension=3, source=ScalarSum(left=ScalarSymbol(name='i'), right=-1), target=3, generator=None)), right=Composition(left=HomotopyElement(name='ν₄', dimension=4, source=7, target=4, generator=GeneratorSymbol(family='ν', index=4, decoration=None)), right=HomotopyElement(name='β', dimension=7, source=ScalarSymbol(name='i'), target=7, generator=None)))))), lemma54_statement=TodaLemma54Statement(nu4=HomotopyElement(name='ν₄', dimension=4, source=7, target=4, generator=GeneratorSymbol(family='ν', index=4, decoration=None)), membership=HomotopyGroupMembershipStatement(element=HomotopyElement(name='ν₄', dimension=4, source=7, target=4, generator=GeneratorSymbol(family='ν', index=4, decoration=None)), group_dimension=7, sphere_dimension=4), hopf_relation=Relation(lhs=MapApplication(map=MapSymbol(name='H'), expression=HomotopyElement(name='ν₄', dimension=4, source=7, target=4, generator=GeneratorSymbol(family='ν', index=4, decoration=None))), rhs=HomotopyElement(name='ι_7', dimension=7, source=None, target=None, generator=GeneratorSymbol(family='ι', index=7, decoration=None)), relation_type=<RelationType.EQUALITY: 'equality'>, source=None, note=None), double_suspension_relation=Relation(lhs=Multiple(coefficient=2, expression=Suspension(expression=HomotopyElement(name='ν₄', dimension=4, source=7, target=4, generator=GeneratorSymbol(family='ν', index=4, decoration=None)))), rhs=IteratedSuspension(expression=HomotopyElement(name='ν′', dimension=3, source=6, target=3, generator=GeneratorSymbol(family='ν', index=None, decoration='′')), exponent=2), relation_type=<RelationType.EQUALITY: 'equality'>, source=None, note=None), literature_statements=(LiteratureStatement(reference=LiteratureReference(label='Toda Proposition 1.3', author='H. Toda', title='Composition Methods in Homotopy Groups of Spheres', year=1962, locator='Proposition 1.3'), statement='-E{α,E^nβ,E^nγ}_n ⊂ {Eα,E^(n+1)β,E^(n+1)γ}_(n+1).'), LiteratureStatement(reference=LiteratureReference(label='Toda (1.15)', author='H. Toda', title='Composition Methods in Homotopy Groups of Spheres', year=1962, locator='Equation (1.15)'), statement='{α,E^nβ,E^nγ}_n ⊂ {α,E^m(E^(n-m)β),E^m(E^(n-m)γ)}_m.'), LiteratureStatement(reference=LiteratureReference(label='Toda (3.2)', author='H. Toda', title='Composition Methods in Homotopy Groups of Spheres', year=1962, locator='Equation (3.2)'), statement='E: π_i(S^m) → π_(i+1)(S^(m+1)) is an isomorphism for i<2m-1 and is surjective for i=2m-1.'), LiteratureStatement(reference=LiteratureReference(label='Toda Theorem 3.6', author='H. Toda', title='Composition Methods in Homotopy Groups of Spheres', year=1962, locator='Theorem 3.6'), statement='For the Lemma 5.4 specialization α=η₂, β=2ι₃, t=1, there exists α*∈π_7^4 such that 2Eα* belongs to -{η₅,2ι₆,η₆}_3.'), LiteratureStatement(reference=LiteratureReference(label='Toda (4.7)', author='H. Toda', title='Composition Methods in Homotopy Groups of Spheres', year=1962, locator='Equation (4.7)'), statement='For the Toda (5.4) bracket, the indeterminacy used here is η_n∘π_(n+3)^(n+1) + π_(n+2)^n∘η_(n+2).'), LiteratureStatement(reference=LiteratureReference(label='Toda Proposition 5.3', author='H. Toda', title='Composition Methods in Homotopy Groups of Spheres', year=1962, locator='Proposition 5.3'), statement='π_(n+2)^n = Z/2{η_n²} for n≥2.'), LiteratureStatement(reference=LiteratureReference(label='Toda (5.3)', author='H. Toda', title='Composition Methods in Homotopy Groups of Spheres', year=1962, locator='Equation (5.3)'), statement='ν′∈π_6^3, H(ν′)=η₅, and 2ν′=η₃∘η₄∘η₅.'), LiteratureStatement(reference=LiteratureReference(label='Toda (5.4)', author='H. Toda', title='Composition Methods in Homotopy Groups of Spheres', year=1962, locator='Equation (5.4)'), statement='{η_n,2ι_(n+1),η_(n+1)}_t = {±E^(n-3)ν′} for n≥3 and 0≤t≤n-2.'), LiteratureStatement(reference=LiteratureReference(label='Toda (4.8)', author='H. Toda', title='Composition Methods in Homotopy Groups of Spheres', year=1962, locator='Equation (4.8)'), statement='The consequence used in Lemma 5.4 gives H(α*)=(2s+1)ι₇.'), LiteratureStatement(reference=LiteratureReference(label='Toda Lemma 5.4 proof', author='H. Toda', title='Composition Methods in Homotopy Groups of Spheres', year=1962, locator='Lemma 5.4 proof'), statement='H[ι₄,ι₄]=(-1)^u 2ι₇ and E[ι₄,ι₄]=0.'))), literature_statements=(LiteratureStatement(reference=LiteratureReference(label='Toda (5.6)', author='H. Toda', title='Composition Methods in Homotopy Groups of Spheres', year=1962, locator='Equation (5.6)'), statement='The map (α,β)↦Eα+ν₄∘β gives an isomorphism π_(i-1)^3⊕π_i^7≅π_i^4.'),))"
4,3,pi_7^4,4,Toda56Nu4DecompositionIsomorphismStatement,rule_name,Toda (5.6) nu_4 decomposition isomorphism semantics,Toda (5.6) nu_4 decomposition isomorphism semantics,"Toda56Nu4DecompositionIsomorphismStatement(prop44_isomorphism=TodaProp44IsomorphismStatement(map=TodaProp44DecompositionMap(source_group=DirectSumGroup(summands=(TodaPrimaryGroup(group_dimension=ScalarSum(left=ScalarSymbol(name='i'), right=-1), sphere_dimension=3), TodaPrimaryGroup(group_dimension=ScalarSymbol(name='i'), sphere_dimension=7))), target_group=TodaPrimaryGroup(group_dimension=ScalarSymbol(name='i'), sphere_dimension=4), alpha=HomotopyElement(name='ν₄', dimension=4, source=7, target=4, generator=GeneratorSymbol(family='ν', index=4, decoration=None)), beta=HomotopyElement(name='α', dimension=3, source=ScalarSum(left=ScalarSymbol(name='i'), right=-1), target=3, generator=None), gamma=HomotopyElement(name='β', dimension=7, source=ScalarSymbol(name='i'), target=7, generator=None), formula=Sum(left=Suspension(expression=HomotopyElement(name='α', dimension=3, source=ScalarSum(left=ScalarSymbol(name='i'), right=-1), target=3, generator=None)), right=Composition(left=HomotopyElement(name='ν₄', dimension=4, source=7, target=4, generator=GeneratorSymbol(family='ν', index=4, decoration=None)), right=HomotopyElement(name='β', dimension=7, source=ScalarSymbol(name='i'), target=7, generator=None))))))"
4,3,pi_7^4,5,TodaLemma54Statement,rule_name,Toda Lemma 5.4 integration,Toda Lemma 5.4 integration,"TodaLemma54Statement(nu4=HomotopyElement(name='ν₄', dimension=4, source=7, target=4, generator=GeneratorSymbol(family='ν', index=4, decoration=None)), membership=HomotopyGroupMembershipStatement(element=HomotopyElement(name='ν₄', dimension=4, source=7, target=4, generator=GeneratorSymbol(family='ν', index=4, decoration=None)), group_dimension=7, sphere_dimension=4), hopf_relation=Relation(lhs=MapApplication(map=MapSymbol(name='H'), expression=HomotopyElement(name='ν₄', dimension=4, source=7, target=4, generator=GeneratorSymbol(family='ν', index=4, decoration=None))), rhs=HomotopyElement(name='ι_7', dimension=7, source=None, target=None, generator=GeneratorSymbol(family='ι', index=7, decoration=None)), relation_type=<RelationType.EQUALITY: 'equality'>, source=None, note=None), double_suspension_relation=Relation(lhs=Multiple(coefficient=2, expression=Suspension(expression=HomotopyElement(name='ν₄', dimension=4, source=7, target=4, generator=GeneratorSymbol(family='ν', index=4, decoration=None)))), rhs=IteratedSuspension(expression=HomotopyElement(name='ν′', dimension=3, source=6, target=3, generator=GeneratorSymbol(family='ν', index=None, decoration='′')), exponent=2), relation_type=<RelationType.EQUALITY: 'equality'>, source=None, note=None), literature_statements=(LiteratureStatement(reference=LiteratureReference(label='Toda Proposition 1.3', author='H. Toda', title='Composition Methods in Homotopy Groups of Spheres', year=1962, locator='Proposition 1.3'), statement='-E{α,E^nβ,E^nγ}_n ⊂ {Eα,E^(n+1)β,E^(n+1)γ}_(n+1).'), LiteratureStatement(reference=LiteratureReference(label='Toda (1.15)', author='H. Toda', title='Composition Methods in Homotopy Groups of Spheres', year=1962, locator='Equation (1.15)'), statement='{α,E^nβ,E^nγ}_n ⊂ {α,E^m(E^(n-m)β),E^m(E^(n-m)γ)}_m.'), LiteratureStatement(reference=LiteratureReference(label='Toda (3.2)', author='H. Toda', title='Composition Methods in Homotopy Groups of Spheres', year=1962, locator='Equation (3.2)'), statement='E: π_i(S^m) → π_(i+1)(S^(m+1)) is an isomorphism for i<2m-1 and is surjective for i=2m-1.'), LiteratureStatement(reference=LiteratureReference(label='Toda Theorem 3.6', author='H. Toda', title='Composition Methods in Homotopy Groups of Spheres', year=1962, locator='Theorem 3.6'), statement='For the Lemma 5.4 specialization α=η₂, β=2ι₃, t=1, there exists α*∈π_7^4 such that 2Eα* belongs to -{η₅,2ι₆,η₆}_3.'), LiteratureStatement(reference=LiteratureReference(label='Toda (4.7)', author='H. Toda', title='Composition Methods in Homotopy Groups of Spheres', year=1962, locator='Equation (4.7)'), statement='For the Toda (5.4) bracket, the indeterminacy used here is η_n∘π_(n+3)^(n+1) + π_(n+2)^n∘η_(n+2).'), LiteratureStatement(reference=LiteratureReference(label='Toda Proposition 5.3', author='H. Toda', title='Composition Methods in Homotopy Groups of Spheres', year=1962, locator='Proposition 5.3'), statement='π_(n+2)^n = Z/2{η_n²} for n≥2.'), LiteratureStatement(reference=LiteratureReference(label='Toda (5.3)', author='H. Toda', title='Composition Methods in Homotopy Groups of Spheres', year=1962, locator='Equation (5.3)'), statement='ν′∈π_6^3, H(ν′)=η₅, and 2ν′=η₃∘η₄∘η₅.'), LiteratureStatement(reference=LiteratureReference(label='Toda (5.4)', author='H. Toda', title='Composition Methods in Homotopy Groups of Spheres', year=1962, locator='Equation (5.4)'), statement='{η_n,2ι_(n+1),η_(n+1)}_t = {±E^(n-3)ν′} for n≥3 and 0≤t≤n-2.'), LiteratureStatement(reference=LiteratureReference(label='Toda (4.8)', author='H. Toda', title='Composition Methods in Homotopy Groups of Spheres', year=1962, locator='Equation (4.8)'), statement='The consequence used in Lemma 5.4 gives H(α*)=(2s+1)ι₇.'), LiteratureStatement(reference=LiteratureReference(label='Toda Lemma 5.4 proof', author='H. Toda', title='Composition Methods in Homotopy Groups of Spheres', year=1962, locator='Lemma 5.4 proof'), statement='H[ι₄,ι₄]=(-1)^u 2ι₇ and E[ι₄,ι₄]=0.')))"
4,4,pi_8^4,1,Toda56Nu4DecompositionStatement,rule_name,Toda (5.6) nu_4 decomposition integration,Toda (5.6) nu_4 decomposition integration,"Toda56Nu4DecompositionStatement(decomposition_isomorphism=Toda56Nu4DecompositionIsomorphismStatement(prop44_isomorphism=TodaProp44IsomorphismStatement(map=TodaProp44DecompositionMap(source_group=DirectSumGroup(summands=(TodaPrimaryGroup(group_dimension=ScalarSum(left=ScalarSymbol(name='i'), right=-1), sphere_dimension=3), TodaPrimaryGroup(group_dimension=ScalarSymbol(name='i'), sphere_dimension=7))), target_group=TodaPrimaryGroup(group_dimension=ScalarSymbol(name='i'), sphere_dimension=4), alpha=HomotopyElement(name='ν₄', dimension=4, source=7, target=4, generator=GeneratorSymbol(family='ν', index=4, decoration=None)), beta=HomotopyElement(name='α', dimension=3, source=ScalarSum(left=ScalarSymbol(name='i'), right=-1), target=3, generator=None), gamma=HomotopyElement(name='β', dimension=7, source=ScalarSymbol(name='i'), target=7, generator=None), formula=Sum(left=Suspension(expression=HomotopyElement(name='α', dimension=3, source=ScalarSum(left=ScalarSymbol(name='i'), right=-1), target=3, generator=None)), right=Composition(left=HomotopyElement(name='ν₄', dimension=4, source=7, target=4, generator=GeneratorSymbol(family='ν', index=4, decoration=None)), right=HomotopyElement(name='β', dimension=7, source=ScalarSymbol(name='i'), target=7, generator=None)))))), lemma54_statement=TodaLemma54Statement(nu4=HomotopyElement(name='ν₄', dimension=4, source=7, target=4, generator=GeneratorSymbol(family='ν', index=4, decoration=None)), membership=HomotopyGroupMembershipStatement(element=HomotopyElement(name='ν₄', dimension=4, source=7, target=4, generator=GeneratorSymbol(family='ν', index=4, decoration=None)), group_dimension=7, sphere_dimension=4), hopf_relation=Relation(lhs=MapApplication(map=MapSymbol(name='H'), expression=HomotopyElement(name='ν₄', dimension=4, source=7, target=4, generator=GeneratorSymbol(family='ν', index=4, decoration=None))), rhs=HomotopyElement(name='ι_7', dimension=7, source=None, target=None, generator=GeneratorSymbol(family='ι', index=7, decoration=None)), relation_type=<RelationType.EQUALITY: 'equality'>, source=None, note=None), double_suspension_relation=Relation(lhs=Multiple(coefficient=2, expression=Suspension(expression=HomotopyElement(name='ν₄', dimension=4, source=7, target=4, generator=GeneratorSymbol(family='ν', index=4, decoration=None)))), rhs=IteratedSuspension(expression=HomotopyElement(name='ν′', dimension=3, source=6, target=3, generator=GeneratorSymbol(family='ν', index=None, decoration='′')), exponent=2), relation_type=<RelationType.EQUALITY: 'equality'>, source=None, note=None), literature_statements=(LiteratureStatement(reference=LiteratureReference(label='Toda Proposition 1.3', author='H. Toda', title='Composition Methods in Homotopy Groups of Spheres', year=1962, locator='Proposition 1.3'), statement='-E{α,E^nβ,E^nγ}_n ⊂ {Eα,E^(n+1)β,E^(n+1)γ}_(n+1).'), LiteratureStatement(reference=LiteratureReference(label='Toda (1.15)', author='H. Toda', title='Composition Methods in Homotopy Groups of Spheres', year=1962, locator='Equation (1.15)'), statement='{α,E^nβ,E^nγ}_n ⊂ {α,E^m(E^(n-m)β),E^m(E^(n-m)γ)}_m.'), LiteratureStatement(reference=LiteratureReference(label='Toda (3.2)', author='H. Toda', title='Composition Methods in Homotopy Groups of Spheres', year=1962, locator='Equation (3.2)'), statement='E: π_i(S^m) → π_(i+1)(S^(m+1)) is an isomorphism for i<2m-1 and is surjective for i=2m-1.'), LiteratureStatement(reference=LiteratureReference(label='Toda Theorem 3.6', author='H. Toda', title='Composition Methods in Homotopy Groups of Spheres', year=1962, locator='Theorem 3.6'), statement='For the Lemma 5.4 specialization α=η₂, β=2ι₃, t=1, there exists α*∈π_7^4 such that 2Eα* belongs to -{η₅,2ι₆,η₆}_3.'), LiteratureStatement(reference=LiteratureReference(label='Toda (4.7)', author='H. Toda', title='Composition Methods in Homotopy Groups of Spheres', year=1962, locator='Equation (4.7)'), statement='For the Toda (5.4) bracket, the indeterminacy used here is η_n∘π_(n+3)^(n+1) + π_(n+2)^n∘η_(n+2).'), LiteratureStatement(reference=LiteratureReference(label='Toda Proposition 5.3', author='H. Toda', title='Composition Methods in Homotopy Groups of Spheres', year=1962, locator='Proposition 5.3'), statement='π_(n+2)^n = Z/2{η_n²} for n≥2.'), LiteratureStatement(reference=LiteratureReference(label='Toda (5.3)', author='H. Toda', title='Composition Methods in Homotopy Groups of Spheres', year=1962, locator='Equation (5.3)'), statement='ν′∈π_6^3, H(ν′)=η₅, and 2ν′=η₃∘η₄∘η₅.'), LiteratureStatement(reference=LiteratureReference(label='Toda (5.4)', author='H. Toda', title='Composition Methods in Homotopy Groups of Spheres', year=1962, locator='Equation (5.4)'), statement='{η_n,2ι_(n+1),η_(n+1)}_t = {±E^(n-3)ν′} for n≥3 and 0≤t≤n-2.'), LiteratureStatement(reference=LiteratureReference(label='Toda (4.8)', author='H. Toda', title='Composition Methods in Homotopy Groups of Spheres', year=1962, locator='Equation (4.8)'), statement='The consequence used in Lemma 5.4 gives H(α*)=(2s+1)ι₇.'), LiteratureStatement(reference=LiteratureReference(label='Toda Lemma 5.4 proof', author='H. Toda', title='Composition Methods in Homotopy Groups of Spheres', year=1962, locator='Lemma 5.4 proof'), statement='H[ι₄,ι₄]=(-1)^u 2ι₇ and E[ι₄,ι₄]=0.'))), literature_statements=(LiteratureStatement(reference=LiteratureReference(label='Toda (5.6)', author='H. Toda', title='Composition Methods in Homotopy Groups of Spheres', year=1962, locator='Equation (5.6)'), statement='The map (α,β)↦Eα+ν₄∘β gives an isomorphism π_(i-1)^3⊕π_i^7≅π_i^4.'),))"
4,4,pi_8^4,3,TodaProp51FiniteDimensionalStatement,rule_name,Toda Proposition 5.1 finite-dimensional integration,Toda Proposition 5.1 finite-dimensional integration,"TodaProp51FiniteDimensionalStatement(pi3_2_group_relation=Relation(lhs=TodaPrimaryGroup(group_dimension=3, sphere_dimension=2), rhs=FreeCyclicGroup(generator=HomotopyElement(name='η₂', dimension=2, source=3, target=2, generator=GeneratorSymbol(family='η', index=2, decoration=None))), relation_type=<RelationType.EQUALITY: 'equality'>, source=None, note=None), eta2_hopf_relation=Relation(lhs=MapApplication(map=MapSymbol(name='H'), expression=HomotopyElement(name='η₂', dimension=2, source=3, target=2, generator=GeneratorSymbol(family='η', index=2, decoration=None))), rhs=HomotopyElement(name='ι_3', dimension=3, source=None, target=None, generator=GeneratorSymbol(family='ι', index=3, decoration=None)), relation_type=<RelationType.EQUALITY: 'equality'>, source=None, note=None), delta_iota5_relation=TodaDeltaImageUpToSignStatement(map=TodaDeltaMap(source_group=TodaPrimaryGroup(group_dimension=5, sphere_dimension=5), target_group=TodaPrimaryGroup(group_dimension=3, sphere_dimension=2)), element=HomotopyElement(name='ι_5', dimension=5, source=None, target=None, generator=GeneratorSymbol(family='ι', index=5, decoration=None)), positive_value=Multiple(coefficient=2, expression=HomotopyElement(name='η₂', dimension=2, source=3, target=2, generator=GeneratorSymbol(family='η', index=2, decoration=None)))), higher_eta_group_relation=Relation(lhs=TodaPrimaryGroup(group_dimension=ScalarSum(left=ScalarSymbol(name='n'), right=1), sphere_dimension=ScalarSymbol(name='n')), rhs=FiniteCyclicGroup(order=2, generator=HomotopyElement(name='η_n', dimension=ScalarSymbol(name='n'), source=ScalarSum(left=ScalarSymbol(name='n'), right=1), target=ScalarSymbol(name='n'), generator=GeneratorSymbol(family='η', index=ScalarSymbol(name='n'), decoration=None))), relation_type=<RelationType.EQUALITY: 'equality'>, source=None, note=None))"
4,4,pi_8^4,5,Toda56Nu4DecompositionIsomorphismStatement,rule_name,Toda (5.6) nu_4 decomposition isomorphism semantics,Toda (5.6) nu_4 decomposition isomorphism semantics,"Toda56Nu4DecompositionIsomorphismStatement(prop44_isomorphism=TodaProp44IsomorphismStatement(map=TodaProp44DecompositionMap(source_group=DirectSumGroup(summands=(TodaPrimaryGroup(group_dimension=ScalarSum(left=ScalarSymbol(name='i'), right=-1), sphere_dimension=3), TodaPrimaryGroup(group_dimension=ScalarSymbol(name='i'), sphere_dimension=7))), target_group=TodaPrimaryGroup(group_dimension=ScalarSymbol(name='i'), sphere_dimension=4), alpha=HomotopyElement(name='ν₄', dimension=4, source=7, target=4, generator=GeneratorSymbol(family='ν', index=4, decoration=None)), beta=HomotopyElement(name='α', dimension=3, source=ScalarSum(left=ScalarSymbol(name='i'), right=-1), target=3, generator=None), gamma=HomotopyElement(name='β', dimension=7, source=ScalarSymbol(name='i'), target=7, generator=None), formula=Sum(left=Suspension(expression=HomotopyElement(name='α', dimension=3, source=ScalarSum(left=ScalarSymbol(name='i'), right=-1), target=3, generator=None)), right=Composition(left=HomotopyElement(name='ν₄', dimension=4, source=7, target=4, generator=GeneratorSymbol(family='ν', index=4, decoration=None)), right=HomotopyElement(name='β', dimension=7, source=ScalarSymbol(name='i'), target=7, generator=None))))))"
4,4,pi_8^4,6,TodaLemma54Statement,rule_name,Toda Lemma 5.4 integration,Toda Lemma 5.4 integration,"TodaLemma54Statement(nu4=HomotopyElement(name='ν₄', dimension=4, source=7, target=4, generator=GeneratorSymbol(family='ν', index=4, decoration=None)), membership=HomotopyGroupMembershipStatement(element=HomotopyElement(name='ν₄', dimension=4, source=7, target=4, generator=GeneratorSymbol(family='ν', index=4, decoration=None)), group_dimension=7, sphere_dimension=4), hopf_relation=Relation(lhs=MapApplication(map=MapSymbol(name='H'), expression=HomotopyElement(name='ν₄', dimension=4, source=7, target=4, generator=GeneratorSymbol(family='ν', index=4, decoration=None))), rhs=HomotopyElement(name='ι_7', dimension=7, source=None, target=None, generator=GeneratorSymbol(family='ι', index=7, decoration=None)), relation_type=<RelationType.EQUALITY: 'equality'>, source=None, note=None), double_suspension_relation=Relation(lhs=Multiple(coefficient=2, expression=Suspension(expression=HomotopyElement(name='ν₄', dimension=4, source=7, target=4, generator=GeneratorSymbol(family='ν', index=4, decoration=None)))), rhs=IteratedSuspension(expression=HomotopyElement(name='ν′', dimension=3, source=6, target=3, generator=GeneratorSymbol(family='ν', index=None, decoration='′')), exponent=2), relation_type=<RelationType.EQUALITY: 'equality'>, source=None, note=None), literature_statements=(LiteratureStatement(reference=LiteratureReference(label='Toda Proposition 1.3', author='H. Toda', title='Composition Methods in Homotopy Groups of Spheres', year=1962, locator='Proposition 1.3'), statement='-E{α,E^nβ,E^nγ}_n ⊂ {Eα,E^(n+1)β,E^(n+1)γ}_(n+1).'), LiteratureStatement(reference=LiteratureReference(label='Toda (1.15)', author='H. Toda', title='Composition Methods in Homotopy Groups of Spheres', year=1962, locator='Equation (1.15)'), statement='{α,E^nβ,E^nγ}_n ⊂ {α,E^m(E^(n-m)β),E^m(E^(n-m)γ)}_m.'), LiteratureStatement(reference=LiteratureReference(label='Toda (3.2)', author='H. Toda', title='Composition Methods in Homotopy Groups of Spheres', year=1962, locator='Equation (3.2)'), statement='E: π_i(S^m) → π_(i+1)(S^(m+1)) is an isomorphism for i<2m-1 and is surjective for i=2m-1.'), LiteratureStatement(reference=LiteratureReference(label='Toda Theorem 3.6', author='H. Toda', title='Composition Methods in Homotopy Groups of Spheres', year=1962, locator='Theorem 3.6'), statement='For the Lemma 5.4 specialization α=η₂, β=2ι₃, t=1, there exists α*∈π_7^4 such that 2Eα* belongs to -{η₅,2ι₆,η₆}_3.'), LiteratureStatement(reference=LiteratureReference(label='Toda (4.7)', author='H. Toda', title='Composition Methods in Homotopy Groups of Spheres', year=1962, locator='Equation (4.7)'), statement='For the Toda (5.4) bracket, the indeterminacy used here is η_n∘π_(n+3)^(n+1) + π_(n+2)^n∘η_(n+2).'), LiteratureStatement(reference=LiteratureReference(label='Toda Proposition 5.3', author='H. Toda', title='Composition Methods in Homotopy Groups of Spheres', year=1962, locator='Proposition 5.3'), statement='π_(n+2)^n = Z/2{η_n²} for n≥2.'), LiteratureStatement(reference=LiteratureReference(label='Toda (5.3)', author='H. Toda', title='Composition Methods in Homotopy Groups of Spheres', year=1962, locator='Equation (5.3)'), statement='ν′∈π_6^3, H(ν′)=η₅, and 2ν′=η₃∘η₄∘η₅.'), LiteratureStatement(reference=LiteratureReference(label='Toda (5.4)', author='H. Toda', title='Composition Methods in Homotopy Groups of Spheres', year=1962, locator='Equation (5.4)'), statement='{η_n,2ι_(n+1),η_(n+1)}_t = {±E^(n-3)ν′} for n≥3 and 0≤t≤n-2.'), LiteratureStatement(reference=LiteratureReference(label='Toda (4.8)', author='H. Toda', title='Composition Methods in Homotopy Groups of Spheres', year=1962, locator='Equation (4.8)'), statement='The consequence used in Lemma 5.4 gives H(α*)=(2s+1)ι₇.'), LiteratureStatement(reference=LiteratureReference(label='Toda Lemma 5.4 proof', author='H. Toda', title='Composition Methods in Homotopy Groups of Spheres', year=1962, locator='Lemma 5.4 proof'), statement='H[ι₄,ι₄]=(-1)^u 2ι₇ and E[ι₄,ι₄]=0.')))"
4,4,pi_8^4,9,TodaProp53FiniteDimensionalStatement,rule_name,Toda Proposition 5.3 finite-dimensional integration,Toda Proposition 5.3 finite-dimensional integration,"TodaProp53FiniteDimensionalStatement(pi4_2_group_relation=Relation(lhs=TodaPrimaryGroup(group_dimension=4, sphere_dimension=2), rhs=FiniteCyclicGroup(order=2, generator=Composition(left=HomotopyElement(name='η₂', dimension=2, source=3, target=2, generator=GeneratorSymbol(family='η', index=2, decoration=None)), right=HomotopyElement(name='η₃', dimension=3, source=4, target=3, generator=GeneratorSymbol(family='η', index=3, decoration=None)))), relation_type=<RelationType.EQUALITY: 'equality'>, source=None, note=None), pi5_3_group_relation=Relation(lhs=TodaPrimaryGroup(group_dimension=5, sphere_dimension=3), rhs=FiniteCyclicGroup(order=2, generator=Composition(left=HomotopyElement(name='η₃', dimension=3, source=4, target=3, generator=GeneratorSymbol(family='η', index=3, decoration=None)), right=HomotopyElement(name='η₄', dimension=4, source=5, target=4, generator=GeneratorSymbol(family='η', index=4, decoration=None)))), relation_type=<RelationType.EQUALITY: 'equality'>, source=None, note=None), pi6_4_group_relation=Relation(lhs=TodaPrimaryGroup(group_dimension=6, sphere_dimension=4), rhs=FiniteCyclicGroup(order=2, generator=Composition(left=HomotopyElement(name='η₄', dimension=4, source=5, target=4, generator=GeneratorSymbol(family='η', index=4, decoration=None)), right=HomotopyElement(name='η₅', dimension=5, source=6, target=5, generator=GeneratorSymbol(family='η', index=5, decoration=None)))), relation_type=<RelationType.EQUALITY: 'equality'>, source=None, note=None), higher_eta_squared_group_relation=Relation(lhs=TodaPrimaryGroup(group_dimension=ScalarSum(left=ScalarSymbol(name='n'), right=2), sphere_dimension=ScalarSymbol(name='n')), rhs=FiniteCyclicGroup(order=2, generator=Composition(left=HomotopyElement(name='η_n', dimension=ScalarSymbol(name='n'), source=ScalarSum(left=ScalarSymbol(name='n'), right=1), target=ScalarSymbol(name='n'), generator=GeneratorSymbol(family='η', index=ScalarSymbol(name='n'), decoration=None)), right=HomotopyElement(name='η_(n+1)', dimension=ScalarSum(left=ScalarSymbol(name='n'), right=1), source=ScalarSum(left=ScalarSymbol(name='n'), right=2), target=ScalarSum(left=ScalarSymbol(name='n'), right=1), generator=GeneratorSymbol(family='η', index=ScalarSum(left=ScalarSymbol(name='n'), right=1), decoration=None)))), relation_type=<RelationType.EQUALITY: 'equality'>, source=None, note=None), higher_range=ScalarGreaterEqualStatement(left=ScalarSymbol(name='n'), right=5))"
4,5,pi_9^4,1,Toda56Nu4DecompositionStatement,rule_name,Toda (5.6) nu_4 decomposition integration,Toda (5.6) nu_4 decomposition integration,"Toda56Nu4DecompositionStatement(decomposition_isomorphism=Toda56Nu4DecompositionIsomorphismStatement(prop44_isomorphism=TodaProp44IsomorphismStatement(map=TodaProp44DecompositionMap(source_group=DirectSumGroup(summands=(TodaPrimaryGroup(group_dimension=ScalarSum(left=ScalarSymbol(name='i'), right=-1), sphere_dimension=3), TodaPrimaryGroup(group_dimension=ScalarSymbol(name='i'), sphere_dimension=7))), target_group=TodaPrimaryGroup(group_dimension=ScalarSymbol(name='i'), sphere_dimension=4), alpha=HomotopyElement(name='ν₄', dimension=4, source=7, target=4, generator=GeneratorSymbol(family='ν', index=4, decoration=None)), beta=HomotopyElement(name='α', dimension=3, source=ScalarSum(left=ScalarSymbol(name='i'), right=-1), target=3, generator=None), gamma=HomotopyElement(name='β', dimension=7, source=ScalarSymbol(name='i'), target=7, generator=None), formula=Sum(left=Suspension(expression=HomotopyElement(name='α', dimension=3, source=ScalarSum(left=ScalarSymbol(name='i'), right=-1), target=3, generator=None)), right=Composition(left=HomotopyElement(name='ν₄', dimension=4, source=7, target=4, generator=GeneratorSymbol(family='ν', index=4, decoration=None)), right=HomotopyElement(name='β', dimension=7, source=ScalarSymbol(name='i'), target=7, generator=None)))))), lemma54_statement=TodaLemma54Statement(nu4=HomotopyElement(name='ν₄', dimension=4, source=7, target=4, generator=GeneratorSymbol(family='ν', index=4, decoration=None)), membership=HomotopyGroupMembershipStatement(element=HomotopyElement(name='ν₄', dimension=4, source=7, target=4, generator=GeneratorSymbol(family='ν', index=4, decoration=None)), group_dimension=7, sphere_dimension=4), hopf_relation=Relation(lhs=MapApplication(map=MapSymbol(name='H'), expression=HomotopyElement(name='ν₄', dimension=4, source=7, target=4, generator=GeneratorSymbol(family='ν', index=4, decoration=None))), rhs=HomotopyElement(name='ι_7', dimension=7, source=None, target=None, generator=GeneratorSymbol(family='ι', index=7, decoration=None)), relation_type=<RelationType.EQUALITY: 'equality'>, source=None, note=None), double_suspension_relation=Relation(lhs=Multiple(coefficient=2, expression=Suspension(expression=HomotopyElement(name='ν₄', dimension=4, source=7, target=4, generator=GeneratorSymbol(family='ν', index=4, decoration=None)))), rhs=IteratedSuspension(expression=HomotopyElement(name='ν′', dimension=3, source=6, target=3, generator=GeneratorSymbol(family='ν', index=None, decoration='′')), exponent=2), relation_type=<RelationType.EQUALITY: 'equality'>, source=None, note=None), literature_statements=(LiteratureStatement(reference=LiteratureReference(label='Toda Proposition 1.3', author='H. Toda', title='Composition Methods in Homotopy Groups of Spheres', year=1962, locator='Proposition 1.3'), statement='-E{α,E^nβ,E^nγ}_n ⊂ {Eα,E^(n+1)β,E^(n+1)γ}_(n+1).'), LiteratureStatement(reference=LiteratureReference(label='Toda (1.15)', author='H. Toda', title='Composition Methods in Homotopy Groups of Spheres', year=1962, locator='Equation (1.15)'), statement='{α,E^nβ,E^nγ}_n ⊂ {α,E^m(E^(n-m)β),E^m(E^(n-m)γ)}_m.'), LiteratureStatement(reference=LiteratureReference(label='Toda (3.2)', author='H. Toda', title='Composition Methods in Homotopy Groups of Spheres', year=1962, locator='Equation (3.2)'), statement='E: π_i(S^m) → π_(i+1)(S^(m+1)) is an isomorphism for i<2m-1 and is surjective for i=2m-1.'), LiteratureStatement(reference=LiteratureReference(label='Toda Theorem 3.6', author='H. Toda', title='Composition Methods in Homotopy Groups of Spheres', year=1962, locator='Theorem 3.6'), statement='For the Lemma 5.4 specialization α=η₂, β=2ι₃, t=1, there exists α*∈π_7^4 such that 2Eα* belongs to -{η₅,2ι₆,η₆}_3.'), LiteratureStatement(reference=LiteratureReference(label='Toda (4.7)', author='H. Toda', title='Composition Methods in Homotopy Groups of Spheres', year=1962, locator='Equation (4.7)'), statement='For the Toda (5.4) bracket, the indeterminacy used here is η_n∘π_(n+3)^(n+1) + π_(n+2)^n∘η_(n+2).'), LiteratureStatement(reference=LiteratureReference(label='Toda Proposition 5.3', author='H. Toda', title='Composition Methods in Homotopy Groups of Spheres', year=1962, locator='Proposition 5.3'), statement='π_(n+2)^n = Z/2{η_n²} for n≥2.'), LiteratureStatement(reference=LiteratureReference(label='Toda (5.3)', author='H. Toda', title='Composition Methods in Homotopy Groups of Spheres', year=1962, locator='Equation (5.3)'), statement='ν′∈π_6^3, H(ν′)=η₅, and 2ν′=η₃∘η₄∘η₅.'), LiteratureStatement(reference=LiteratureReference(label='Toda (5.4)', author='H. Toda', title='Composition Methods in Homotopy Groups of Spheres', year=1962, locator='Equation (5.4)'), statement='{η_n,2ι_(n+1),η_(n+1)}_t = {±E^(n-3)ν′} for n≥3 and 0≤t≤n-2.'), LiteratureStatement(reference=LiteratureReference(label='Toda (4.8)', author='H. Toda', title='Composition Methods in Homotopy Groups of Spheres', year=1962, locator='Equation (4.8)'), statement='The consequence used in Lemma 5.4 gives H(α*)=(2s+1)ι₇.'), LiteratureStatement(reference=LiteratureReference(label='Toda Lemma 5.4 proof', author='H. Toda', title='Composition Methods in Homotopy Groups of Spheres', year=1962, locator='Lemma 5.4 proof'), statement='H[ι₄,ι₄]=(-1)^u 2ι₇ and E[ι₄,ι₄]=0.'))), literature_statements=(LiteratureStatement(reference=LiteratureReference(label='Toda (5.6)', author='H. Toda', title='Composition Methods in Homotopy Groups of Spheres', year=1962, locator='Equation (5.6)'), statement='The map (α,β)↦Eα+ν₄∘β gives an isomorphism π_(i-1)^3⊕π_i^7≅π_i^4.'),))"
4,5,pi_9^4,3,TodaProp53FiniteDimensionalStatement,rule_name,Toda Proposition 5.3 finite-dimensional integration,Toda Proposition 5.3 finite-dimensional integration,"TodaProp53FiniteDimensionalStatement(pi4_2_group_relation=Relation(lhs=TodaPrimaryGroup(group_dimension=4, sphere_dimension=2), rhs=FiniteCyclicGroup(order=2, generator=Composition(left=HomotopyElement(name='η₂', dimension=2, source=3, target=2, generator=GeneratorSymbol(family='η', index=2, decoration=None)), right=HomotopyElement(name='η₃', dimension=3, source=4, target=3, generator=GeneratorSymbol(family='η', index=3, decoration=None)))), relation_type=<RelationType.EQUALITY: 'equality'>, source=None, note=None), pi5_3_group_relation=Relation(lhs=TodaPrimaryGroup(group_dimension=5, sphere_dimension=3), rhs=FiniteCyclicGroup(order=2, generator=Composition(left=HomotopyElement(name='η₃', dimension=3, source=4, target=3, generator=GeneratorSymbol(family='η', index=3, decoration=None)), right=HomotopyElement(name='η₄', dimension=4, source=5, target=4, generator=GeneratorSymbol(family='η', index=4, decoration=None)))), relation_type=<RelationType.EQUALITY: 'equality'>, source=None, note=None), pi6_4_group_relation=Relation(lhs=TodaPrimaryGroup(group_dimension=6, sphere_dimension=4), rhs=FiniteCyclicGroup(order=2, generator=Composition(left=HomotopyElement(name='η₄', dimension=4, source=5, target=4, generator=GeneratorSymbol(family='η', index=4, decoration=None)), right=HomotopyElement(name='η₅', dimension=5, source=6, target=5, generator=GeneratorSymbol(family='η', index=5, decoration=None)))), relation_type=<RelationType.EQUALITY: 'equality'>, source=None, note=None), higher_eta_squared_group_relation=Relation(lhs=TodaPrimaryGroup(group_dimension=ScalarSum(left=ScalarSymbol(name='n'), right=2), sphere_dimension=ScalarSymbol(name='n')), rhs=FiniteCyclicGroup(order=2, generator=Composition(left=HomotopyElement(name='η_n', dimension=ScalarSymbol(name='n'), source=ScalarSum(left=ScalarSymbol(name='n'), right=1), target=ScalarSymbol(name='n'), generator=GeneratorSymbol(family='η', index=ScalarSymbol(name='n'), decoration=None)), right=HomotopyElement(name='η_(n+1)', dimension=ScalarSum(left=ScalarSymbol(name='n'), right=1), source=ScalarSum(left=ScalarSymbol(name='n'), right=2), target=ScalarSum(left=ScalarSymbol(name='n'), right=1), generator=GeneratorSymbol(family='η', index=ScalarSum(left=ScalarSymbol(name='n'), right=1), decoration=None)))), relation_type=<RelationType.EQUALITY: 'equality'>, source=None, note=None), higher_range=ScalarGreaterEqualStatement(left=ScalarSymbol(name='n'), right=5))"
4,5,pi_9^4,5,Toda56Nu4DecompositionIsomorphismStatement,rule_name,Toda (5.6) nu_4 decomposition isomorphism semantics,Toda (5.6) nu_4 decomposition isomorphism semantics,"Toda56Nu4DecompositionIsomorphismStatement(prop44_isomorphism=TodaProp44IsomorphismStatement(map=TodaProp44DecompositionMap(source_group=DirectSumGroup(summands=(TodaPrimaryGroup(group_dimension=ScalarSum(left=ScalarSymbol(name='i'), right=-1), sphere_dimension=3), TodaPrimaryGroup(group_dimension=ScalarSymbol(name='i'), sphere_dimension=7))), target_group=TodaPrimaryGroup(group_dimension=ScalarSymbol(name='i'), sphere_dimension=4), alpha=HomotopyElement(name='ν₄', dimension=4, source=7, target=4, generator=GeneratorSymbol(family='ν', index=4, decoration=None)), beta=HomotopyElement(name='α', dimension=3, source=ScalarSum(left=ScalarSymbol(name='i'), right=-1), target=3, generator=None), gamma=HomotopyElement(name='β', dimension=7, source=ScalarSymbol(name='i'), target=7, generator=None), formula=Sum(left=Suspension(expression=HomotopyElement(name='α', dimension=3, source=ScalarSum(left=ScalarSymbol(name='i'), right=-1), target=3, generator=None)), right=Composition(left=HomotopyElement(name='ν₄', dimension=4, source=7, target=4, generator=GeneratorSymbol(family='ν', index=4, decoration=None)), right=HomotopyElement(name='β', dimension=7, source=ScalarSymbol(name='i'), target=7, generator=None))))))"
4,5,pi_9^4,6,TodaLemma54Statement,rule_name,Toda Lemma 5.4 integration,Toda Lemma 5.4 integration,"TodaLemma54Statement(nu4=HomotopyElement(name='ν₄', dimension=4, source=7, target=4, generator=GeneratorSymbol(family='ν', index=4, decoration=None)), membership=HomotopyGroupMembershipStatement(element=HomotopyElement(name='ν₄', dimension=4, source=7, target=4, generator=GeneratorSymbol(family='ν', index=4, decoration=None)), group_dimension=7, sphere_dimension=4), hopf_relation=Relation(lhs=MapApplication(map=MapSymbol(name='H'), expression=HomotopyElement(name='ν₄', dimension=4, source=7, target=4, generator=GeneratorSymbol(family='ν', index=4, decoration=None))), rhs=HomotopyElement(name='ι_7', dimension=7, source=None, target=None, generator=GeneratorSymbol(family='ι', index=7, decoration=None)), relation_type=<RelationType.EQUALITY: 'equality'>, source=None, note=None), double_suspension_relation=Relation(lhs=Multiple(coefficient=2, expression=Suspension(expression=HomotopyElement(name='ν₄', dimension=4, source=7, target=4, generator=GeneratorSymbol(family='ν', index=4, decoration=None)))), rhs=IteratedSuspension(expression=HomotopyElement(name='ν′', dimension=3, source=6, target=3, generator=GeneratorSymbol(family='ν', index=None, decoration='′')), exponent=2), relation_type=<RelationType.EQUALITY: 'equality'>, source=None, note=None), literature_statements=(LiteratureStatement(reference=LiteratureReference(label='Toda Proposition 1.3', author='H. Toda', title='Composition Methods in Homotopy Groups of Spheres', year=1962, locator='Proposition 1.3'), statement='-E{α,E^nβ,E^nγ}_n ⊂ {Eα,E^(n+1)β,E^(n+1)γ}_(n+1).'), LiteratureStatement(reference=LiteratureReference(label='Toda (1.15)', author='H. Toda', title='Composition Methods in Homotopy Groups of Spheres', year=1962, locator='Equation (1.15)'), statement='{α,E^nβ,E^nγ}_n ⊂ {α,E^m(E^(n-m)β),E^m(E^(n-m)γ)}_m.'), LiteratureStatement(reference=LiteratureReference(label='Toda (3.2)', author='H. Toda', title='Composition Methods in Homotopy Groups of Spheres', year=1962, locator='Equation (3.2)'), statement='E: π_i(S^m) → π_(i+1)(S^(m+1)) is an isomorphism for i<2m-1 and is surjective for i=2m-1.'), LiteratureStatement(reference=LiteratureReference(label='Toda Theorem 3.6', author='H. Toda', title='Composition Methods in Homotopy Groups of Spheres', year=1962, locator='Theorem 3.6'), statement='For the Lemma 5.4 specialization α=η₂, β=2ι₃, t=1, there exists α*∈π_7^4 such that 2Eα* belongs to -{η₅,2ι₆,η₆}_3.'), LiteratureStatement(reference=LiteratureReference(label='Toda (4.7)', author='H. Toda', title='Composition Methods in Homotopy Groups of Spheres', year=1962, locator='Equation (4.7)'), statement='For the Toda (5.4) bracket, the indeterminacy used here is η_n∘π_(n+3)^(n+1) + π_(n+2)^n∘η_(n+2).'), LiteratureStatement(reference=LiteratureReference(label='Toda Proposition 5.3', author='H. Toda', title='Composition Methods in Homotopy Groups of Spheres', year=1962, locator='Proposition 5.3'), statement='π_(n+2)^n = Z/2{η_n²} for n≥2.'), LiteratureStatement(reference=LiteratureReference(label='Toda (5.3)', author='H. Toda', title='Composition Methods in Homotopy Groups of Spheres', year=1962, locator='Equation (5.3)'), statement='ν′∈π_6^3, H(ν′)=η₅, and 2ν′=η₃∘η₄∘η₅.'), LiteratureStatement(reference=LiteratureReference(label='Toda (5.4)', author='H. Toda', title='Composition Methods in Homotopy Groups of Spheres', year=1962, locator='Equation (5.4)'), statement='{η_n,2ι_(n+1),η_(n+1)}_t = {±E^(n-3)ν′} for n≥3 and 0≤t≤n-2.'), LiteratureStatement(reference=LiteratureReference(label='Toda (4.8)', author='H. Toda', title='Composition Methods in Homotopy Groups of Spheres', year=1962, locator='Equation (4.8)'), statement='The consequence used in Lemma 5.4 gives H(α*)=(2s+1)ι₇.'), LiteratureStatement(reference=LiteratureReference(label='Toda Lemma 5.4 proof', author='H. Toda', title='Composition Methods in Homotopy Groups of Spheres', year=1962, locator='Lemma 5.4 proof'), statement='H[ι₄,ι₄]=(-1)^u 2ι₇ and E[ι₄,ι₄]=0.')))"
4,5,pi_9^4,15,ScalarGreaterEqualStatement,type_name,,`ScalarGreaterEqualStatement`,"ScalarGreaterEqualStatement(left=ScalarSymbol(name='n'), right=5)"
4,6,pi_10^4,3,Toda56Nu4DecompositionStatement,rule_name,Toda (5.6) nu_4 decomposition integration,Toda (5.6) nu_4 decomposition integration,"Toda56Nu4DecompositionStatement(decomposition_isomorphism=Toda56Nu4DecompositionIsomorphismStatement(prop44_isomorphism=TodaProp44IsomorphismStatement(map=TodaProp44DecompositionMap(source_group=DirectSumGroup(summands=(TodaPrimaryGroup(group_dimension=ScalarSum(left=ScalarSymbol(name='i'), right=-1), sphere_dimension=3), TodaPrimaryGroup(group_dimension=ScalarSymbol(name='i'), sphere_dimension=7))), target_group=TodaPrimaryGroup(group_dimension=ScalarSymbol(name='i'), sphere_dimension=4), alpha=HomotopyElement(name='ν₄', dimension=4, source=7, target=4, generator=GeneratorSymbol(family='ν', index=4, decoration=None)), beta=HomotopyElement(name='α', dimension=3, source=ScalarSum(left=ScalarSymbol(name='i'), right=-1), target=3, generator=None), gamma=HomotopyElement(name='β', dimension=7, source=ScalarSymbol(name='i'), target=7, generator=None), formula=Sum(left=Suspension(expression=HomotopyElement(name='α', dimension=3, source=ScalarSum(left=ScalarSymbol(name='i'), right=-1), target=3, generator=None)), right=Composition(left=HomotopyElement(name='ν₄', dimension=4, source=7, target=4, generator=GeneratorSymbol(family='ν', index=4, decoration=None)), right=HomotopyElement(name='β', dimension=7, source=ScalarSymbol(name='i'), target=7, generator=None)))))), lemma54_statement=TodaLemma54Statement(nu4=HomotopyElement(name='ν₄', dimension=4, source=7, target=4, generator=GeneratorSymbol(family='ν', index=4, decoration=None)), membership=HomotopyGroupMembershipStatement(element=HomotopyElement(name='ν₄', dimension=4, source=7, target=4, generator=GeneratorSymbol(family='ν', index=4, decoration=None)), group_dimension=7, sphere_dimension=4), hopf_relation=Relation(lhs=MapApplication(map=MapSymbol(name='H'), expression=HomotopyElement(name='ν₄', dimension=4, source=7, target=4, generator=GeneratorSymbol(family='ν', index=4, decoration=None))), rhs=HomotopyElement(name='ι_7', dimension=7, source=None, target=None, generator=GeneratorSymbol(family='ι', index=7, decoration=None)), relation_type=<RelationType.EQUALITY: 'equality'>, source=None, note=None), double_suspension_relation=Relation(lhs=Multiple(coefficient=2, expression=Suspension(expression=HomotopyElement(name='ν₄', dimension=4, source=7, target=4, generator=GeneratorSymbol(family='ν', index=4, decoration=None)))), rhs=IteratedSuspension(expression=HomotopyElement(name='ν′', dimension=3, source=6, target=3, generator=GeneratorSymbol(family='ν', index=None, decoration='′')), exponent=2), relation_type=<RelationType.EQUALITY: 'equality'>, source=None, note=None), literature_statements=(LiteratureStatement(reference=LiteratureReference(label='Toda Proposition 1.3', author='H. Toda', title='Composition Methods in Homotopy Groups of Spheres', year=1962, locator='Proposition 1.3'), statement='-E{α,E^nβ,E^nγ}_n ⊂ {Eα,E^(n+1)β,E^(n+1)γ}_(n+1).'), LiteratureStatement(reference=LiteratureReference(label='Toda (1.15)', author='H. Toda', title='Composition Methods in Homotopy Groups of Spheres', year=1962, locator='Equation (1.15)'), statement='{α,E^nβ,E^nγ}_n ⊂ {α,E^m(E^(n-m)β),E^m(E^(n-m)γ)}_m.'), LiteratureStatement(reference=LiteratureReference(label='Toda (3.2)', author='H. Toda', title='Composition Methods in Homotopy Groups of Spheres', year=1962, locator='Equation (3.2)'), statement='E: π_i(S^m) → π_(i+1)(S^(m+1)) is an isomorphism for i<2m-1 and is surjective for i=2m-1.'), LiteratureStatement(reference=LiteratureReference(label='Toda Theorem 3.6', author='H. Toda', title='Composition Methods in Homotopy Groups of Spheres', year=1962, locator='Theorem 3.6'), statement='For the Lemma 5.4 specialization α=η₂, β=2ι₃, t=1, there exists α*∈π_7^4 such that 2Eα* belongs to -{η₅,2ι₆,η₆}_3.'), LiteratureStatement(reference=LiteratureReference(label='Toda (4.7)', author='H. Toda', title='Composition Methods in Homotopy Groups of Spheres', year=1962, locator='Equation (4.7)'), statement='For the Toda (5.4) bracket, the indeterminacy used here is η_n∘π_(n+3)^(n+1) + π_(n+2)^n∘η_(n+2).'), LiteratureStatement(reference=LiteratureReference(label='Toda Proposition 5.3', author='H. Toda', title='Composition Methods in Homotopy Groups of Spheres', year=1962, locator='Proposition 5.3'), statement='π_(n+2)^n = Z/2{η_n²} for n≥2.'), LiteratureStatement(reference=LiteratureReference(label='Toda (5.3)', author='H. Toda', title='Composition Methods in Homotopy Groups of Spheres', year=1962, locator='Equation (5.3)'), statement='ν′∈π_6^3, H(ν′)=η₅, and 2ν′=η₃∘η₄∘η₅.'), LiteratureStatement(reference=LiteratureReference(label='Toda (5.4)', author='H. Toda', title='Composition Methods in Homotopy Groups of Spheres', year=1962, locator='Equation (5.4)'), statement='{η_n,2ι_(n+1),η_(n+1)}_t = {±E^(n-3)ν′} for n≥3 and 0≤t≤n-2.'), LiteratureStatement(reference=LiteratureReference(label='Toda (4.8)', author='H. Toda', title='Composition Methods in Homotopy Groups of Spheres', year=1962, locator='Equation (4.8)'), statement='The consequence used in Lemma 5.4 gives H(α*)=(2s+1)ι₇.'), LiteratureStatement(reference=LiteratureReference(label='Toda Lemma 5.4 proof', author='H. Toda', title='Composition Methods in Homotopy Groups of Spheres', year=1962, locator='Lemma 5.4 proof'), statement='H[ι₄,ι₄]=(-1)^u 2ι₇ and E[ι₄,ι₄]=0.'))), literature_statements=(LiteratureStatement(reference=LiteratureReference(label='Toda (5.6)', author='H. Toda', title='Composition Methods in Homotopy Groups of Spheres', year=1962, locator='Equation (5.6)'), statement='The map (α,β)↦Eα+ν₄∘β gives an isomorphism π_(i-1)^3⊕π_i^7≅π_i^4.'),))"
4,6,pi_10^4,7,TodaProp56FiniteDimensionalStatement,rule_name,Toda Proposition 5.6 finite-dimensional integration,Toda Proposition 5.6 finite-dimensional integration,"TodaProp56FiniteDimensionalStatement(pi5_2_group_relation=Relation(lhs=TodaPrimaryGroup(group_dimension=5, sphere_dimension=2), rhs=FiniteCyclicGroup(order=2, generator=Composition(left=HomotopyElement(name='η₂', dimension=2, source=3, target=2, generator=GeneratorSymbol(family='η', index=2, decoration=None)), right=Composition(left=HomotopyElement(name='η₃', dimension=3, source=4, target=3, generator=GeneratorSymbol(family='η', index=3, decoration=None)), right=HomotopyElement(name='η₄', dimension=4, source=5, target=4, generator=GeneratorSymbol(family='η', index=4, decoration=None))))), relation_type=<RelationType.EQUALITY: 'equality'>, source=None, note=None), pi6_3_group_relation=Relation(lhs=TodaPrimaryGroup(group_dimension=6, sphere_dimension=3), rhs=FiniteCyclicGroup(order=4, generator=HomotopyElement(name='ν′', dimension=3, source=6, target=3, generator=GeneratorSymbol(family='ν', index=None, decoration='′'))), relation_type=<RelationType.EQUALITY: 'equality'>, source=None, note=None), pi7_4_group_relation=Relation(lhs=TodaPrimaryGroup(group_dimension=7, sphere_dimension=4), rhs=DirectSumGroup(summands=(FreeCyclicGroup(generator=HomotopyElement(name='ν₄', dimension=4, source=7, target=4, generator=GeneratorSymbol(family='ν', index=4, decoration=None))), FiniteCyclicGroup(order=4, generator=Suspension(expression=HomotopyElement(name='ν′', dimension=3, source=6, target=3, generator=GeneratorSymbol(family='ν', index=None, decoration='′')))))), relation_type=<RelationType.EQUALITY: 'equality'>, source=None, note=None), pi8_5_group_relation=Relation(lhs=TodaPrimaryGroup(group_dimension=8, sphere_dimension=5), rhs=FiniteCyclicGroup(order=8, generator=HomotopyElement(name='ν_5', dimension=5, source=8, target=5, generator=GeneratorSymbol(family='ν', index=5, decoration=None))), relation_type=<RelationType.EQUALITY: 'equality'>, source=None, note=None), higher_nu_group_relation=Relation(lhs=TodaPrimaryGroup(group_dimension=ScalarSum(left=ScalarSymbol(name='n'), right=3), sphere_dimension=ScalarSymbol(name='n')), rhs=FiniteCyclicGroup(order=8, generator=HomotopyElement(name='ν_n', dimension=ScalarSymbol(name='n'), source=ScalarSum(left=ScalarSymbol(name='n'), right=3), target=ScalarSymbol(name='n'), generator=GeneratorSymbol(family='ν', index=ScalarSymbol(name='n'), decoration=None))), relation_type=<RelationType.EQUALITY: 'equality'>, source=None, note=None), higher_range=ScalarGreaterEqualStatement(left=ScalarSymbol(name='n'), right=6), literature_statements=(LiteratureStatement(reference=LiteratureReference(label='Toda Proposition 5.6', author='H. Toda', title='Composition Methods in Homotopy Groups of Spheres', year=1962, locator='Proposition 5.6'), statement='Finite-dimensional part: pi_5^2 is cyclic of order 2 generated by eta_2 cubed; pi_6^3 is cyclic of order 4 generated by nu-prime; pi_7^4 is the direct sum of Z generated by nu_4 and Z/4 generated by E nu-prime; and pi_(n+3)^n is cyclic of order 8 generated by nu_n for n at least 5.'),))"
4,6,pi_10^4,8,Toda56Nu4DecompositionIsomorphismStatement,rule_name,Toda (5.6) nu_4 decomposition isomorphism semantics,Toda (5.6) nu_4 decomposition isomorphism semantics,"Toda56Nu4DecompositionIsomorphismStatement(prop44_isomorphism=TodaProp44IsomorphismStatement(map=TodaProp44DecompositionMap(source_group=DirectSumGroup(summands=(TodaPrimaryGroup(group_dimension=ScalarSum(left=ScalarSymbol(name='i'), right=-1), sphere_dimension=3), TodaPrimaryGroup(group_dimension=ScalarSymbol(name='i'), sphere_dimension=7))), target_group=TodaPrimaryGroup(group_dimension=ScalarSymbol(name='i'), sphere_dimension=4), alpha=HomotopyElement(name='ν₄', dimension=4, source=7, target=4, generator=GeneratorSymbol(family='ν', index=4, decoration=None)), beta=HomotopyElement(name='α', dimension=3, source=ScalarSum(left=ScalarSymbol(name='i'), right=-1), target=3, generator=None), gamma=HomotopyElement(name='β', dimension=7, source=ScalarSymbol(name='i'), target=7, generator=None), formula=Sum(left=Suspension(expression=HomotopyElement(name='α', dimension=3, source=ScalarSum(left=ScalarSymbol(name='i'), right=-1), target=3, generator=None)), right=Composition(left=HomotopyElement(name='ν₄', dimension=4, source=7, target=4, generator=GeneratorSymbol(family='ν', index=4, decoration=None)), right=HomotopyElement(name='β', dimension=7, source=ScalarSymbol(name='i'), target=7, generator=None))))))"
4,6,pi_10^4,9,TodaLemma54Statement,rule_name,Toda Lemma 5.4 integration,Toda Lemma 5.4 integration,"TodaLemma54Statement(nu4=HomotopyElement(name='ν₄', dimension=4, source=7, target=4, generator=GeneratorSymbol(family='ν', index=4, decoration=None)), membership=HomotopyGroupMembershipStatement(element=HomotopyElement(name='ν₄', dimension=4, source=7, target=4, generator=GeneratorSymbol(family='ν', index=4, decoration=None)), group_dimension=7, sphere_dimension=4), hopf_relation=Relation(lhs=MapApplication(map=MapSymbol(name='H'), expression=HomotopyElement(name='ν₄', dimension=4, source=7, target=4, generator=GeneratorSymbol(family='ν', index=4, decoration=None))), rhs=HomotopyElement(name='ι_7', dimension=7, source=None, target=None, generator=GeneratorSymbol(family='ι', index=7, decoration=None)), relation_type=<RelationType.EQUALITY: 'equality'>, source=None, note=None), double_suspension_relation=Relation(lhs=Multiple(coefficient=2, expression=Suspension(expression=HomotopyElement(name='ν₄', dimension=4, source=7, target=4, generator=GeneratorSymbol(family='ν', index=4, decoration=None)))), rhs=IteratedSuspension(expression=HomotopyElement(name='ν′', dimension=3, source=6, target=3, generator=GeneratorSymbol(family='ν', index=None, decoration='′')), exponent=2), relation_type=<RelationType.EQUALITY: 'equality'>, source=None, note=None), literature_statements=(LiteratureStatement(reference=LiteratureReference(label='Toda Proposition 1.3', author='H. Toda', title='Composition Methods in Homotopy Groups of Spheres', year=1962, locator='Proposition 1.3'), statement='-E{α,E^nβ,E^nγ}_n ⊂ {Eα,E^(n+1)β,E^(n+1)γ}_(n+1).'), LiteratureStatement(reference=LiteratureReference(label='Toda (1.15)', author='H. Toda', title='Composition Methods in Homotopy Groups of Spheres', year=1962, locator='Equation (1.15)'), statement='{α,E^nβ,E^nγ}_n ⊂ {α,E^m(E^(n-m)β),E^m(E^(n-m)γ)}_m.'), LiteratureStatement(reference=LiteratureReference(label='Toda (3.2)', author='H. Toda', title='Composition Methods in Homotopy Groups of Spheres', year=1962, locator='Equation (3.2)'), statement='E: π_i(S^m) → π_(i+1)(S^(m+1)) is an isomorphism for i<2m-1 and is surjective for i=2m-1.'), LiteratureStatement(reference=LiteratureReference(label='Toda Theorem 3.6', author='H. Toda', title='Composition Methods in Homotopy Groups of Spheres', year=1962, locator='Theorem 3.6'), statement='For the Lemma 5.4 specialization α=η₂, β=2ι₃, t=1, there exists α*∈π_7^4 such that 2Eα* belongs to -{η₅,2ι₆,η₆}_3.'), LiteratureStatement(reference=LiteratureReference(label='Toda (4.7)', author='H. Toda', title='Composition Methods in Homotopy Groups of Spheres', year=1962, locator='Equation (4.7)'), statement='For the Toda (5.4) bracket, the indeterminacy used here is η_n∘π_(n+3)^(n+1) + π_(n+2)^n∘η_(n+2).'), LiteratureStatement(reference=LiteratureReference(label='Toda Proposition 5.3', author='H. Toda', title='Composition Methods in Homotopy Groups of Spheres', year=1962, locator='Proposition 5.3'), statement='π_(n+2)^n = Z/2{η_n²} for n≥2.'), LiteratureStatement(reference=LiteratureReference(label='Toda (5.3)', author='H. Toda', title='Composition Methods in Homotopy Groups of Spheres', year=1962, locator='Equation (5.3)'), statement='ν′∈π_6^3, H(ν′)=η₅, and 2ν′=η₃∘η₄∘η₅.'), LiteratureStatement(reference=LiteratureReference(label='Toda (5.4)', author='H. Toda', title='Composition Methods in Homotopy Groups of Spheres', year=1962, locator='Equation (5.4)'), statement='{η_n,2ι_(n+1),η_(n+1)}_t = {±E^(n-3)ν′} for n≥3 and 0≤t≤n-2.'), LiteratureStatement(reference=LiteratureReference(label='Toda (4.8)', author='H. Toda', title='Composition Methods in Homotopy Groups of Spheres', year=1962, locator='Equation (4.8)'), statement='The consequence used in Lemma 5.4 gives H(α*)=(2s+1)ι₇.'), LiteratureStatement(reference=LiteratureReference(label='Toda Lemma 5.4 proof', author='H. Toda', title='Composition Methods in Homotopy Groups of Spheres', year=1962, locator='Lemma 5.4 proof'), statement='H[ι₄,ι₄]=(-1)^u 2ι₇ and E[ι₄,ι₄]=0.')))"
4,7,pi_11^4,2,TodaProp58FiniteDimensionalStatement,rule_name,Toda Proposition 5.8 finite-dimensional integration,Toda Proposition 5.8 finite-dimensional integration,"TodaProp58FiniteDimensionalStatement(pi6_2_group_relation=Relation(lhs=TodaPrimaryGroup(group_dimension=6, sphere_dimension=2), rhs=FiniteCyclicGroup(order=4, generator=Composition(left=HomotopyElement(name='η₂', dimension=2, source=3, target=2, generator=GeneratorSymbol(family='η', index=2, decoration=None)), right=HomotopyElement(name='ν′', dimension=3, source=6, target=3, generator=GeneratorSymbol(family='ν', index=None, decoration='′')))), relation_type=<RelationType.EQUALITY: 'equality'>, source=None, note=None), pi7_3_group_relation=Relation(lhs=TodaPrimaryGroup(group_dimension=7, sphere_dimension=3), rhs=FiniteCyclicGroup(order=2, generator=Composition(left=HomotopyElement(name='ν′', dimension=3, source=6, target=3, generator=GeneratorSymbol(family='ν', index=None, decoration='′')), right=HomotopyElement(name='η₆', dimension=6, source=7, target=6, generator=GeneratorSymbol(family='η', index=6, decoration=None)))), relation_type=<RelationType.EQUALITY: 'equality'>, source=None, note=None), pi8_4_group_relation=Relation(lhs=TodaPrimaryGroup(group_dimension=8, sphere_dimension=4), rhs=DirectSumGroup(summands=(FiniteCyclicGroup(order=2, generator=Composition(left=HomotopyElement(name='ν₄', dimension=4, source=7, target=4, generator=GeneratorSymbol(family='ν', index=4, decoration=None)), right=HomotopyElement(name='η₇', dimension=7, source=8, target=7, generator=GeneratorSymbol(family='η', index=7, decoration=None)))), FiniteCyclicGroup(order=2, generator=Composition(left=Suspension(expression=HomotopyElement(name='ν′', dimension=3, source=6, target=3, generator=GeneratorSymbol(family='ν', index=None, decoration='′'))), right=HomotopyElement(name='η₇', dimension=7, source=8, target=7, generator=GeneratorSymbol(family='η', index=7, decoration=None)))))), relation_type=<RelationType.EQUALITY: 'equality'>, source=None, note=None), pi9_5_group_relation=Relation(lhs=TodaPrimaryGroup(group_dimension=9, sphere_dimension=5), rhs=FiniteCyclicGroup(order=2, generator=Composition(left=HomotopyElement(name='ν_5', dimension=5, source=8, target=5, generator=GeneratorSymbol(family='ν', index=5, decoration=None)), right=HomotopyElement(name='η₈', dimension=8, source=9, target=8, generator=GeneratorSymbol(family='η', index=8, decoration=None)))), relation_type=<RelationType.EQUALITY: 'equality'>, source=None, note=None), higher_four_stem_zero=TodaPrimaryGroupZeroStatement(group=TodaPrimaryGroup(group_dimension=ScalarSum(left=ScalarSymbol(name='n'), right=4), sphere_dimension=ScalarSymbol(name='n'))), higher_range=ScalarGreaterEqualStatement(left=ScalarSymbol(name='n'), right=6), literature_statements=(LiteratureStatement(reference=LiteratureReference(label='Toda Proposition 5.8', author='H. Toda', title='Composition Methods in Homotopy Groups of Spheres', year=1962, locator='Proposition 5.8'), statement='Finite-dimensional part: pi_6^2 is cyclic of order 4 generated by eta_2 composed with nu-prime; pi_7^3 is cyclic of order 2 generated by nu-prime composed with eta_6; pi_8^4 is the direct sum of Z/2 generated by nu_4 composed with eta_7 and Z/2 generated by E nu-prime composed with eta_7; pi_9^5 is cyclic of order 2 generated by nu_5 composed with eta_8; and pi_(n+4)^n is zero for n at least 6.'),))"
4,7,pi_11^4,3,Toda56Nu4DecompositionIsomorphismStatement,rule_name,Toda (5.6) nu_4 decomposition isomorphism semantics,Toda (5.6) nu_4 decomposition isomorphism semantics,"Toda56Nu4DecompositionIsomorphismStatement(prop44_isomorphism=TodaProp44IsomorphismStatement(map=TodaProp44DecompositionMap(source_group=DirectSumGroup(summands=(TodaPrimaryGroup(group_dimension=ScalarSum(left=ScalarSymbol(name='i'), right=-1), sphere_dimension=3), TodaPrimaryGroup(group_dimension=ScalarSymbol(name='i'), sphere_dimension=7))), target_group=TodaPrimaryGroup(group_dimension=ScalarSymbol(name='i'), sphere_dimension=4), alpha=HomotopyElement(name='ν₄', dimension=4, source=7, target=4, generator=GeneratorSymbol(family='ν', index=4, decoration=None)), beta=HomotopyElement(name='α', dimension=3, source=ScalarSum(left=ScalarSymbol(name='i'), right=-1), target=3, generator=None), gamma=HomotopyElement(name='β', dimension=7, source=ScalarSymbol(name='i'), target=7, generator=None), formula=Sum(left=Suspension(expression=HomotopyElement(name='α', dimension=3, source=ScalarSum(left=ScalarSymbol(name='i'), right=-1), target=3, generator=None)), right=Composition(left=HomotopyElement(name='ν₄', dimension=4, source=7, target=4, generator=GeneratorSymbol(family='ν', index=4, decoration=None)), right=HomotopyElement(name='β', dimension=7, source=ScalarSymbol(name='i'), target=7, generator=None))))))"
4,7,pi_11^4,12,ScalarGreaterEqualStatement,type_name,,`ScalarGreaterEqualStatement`,"ScalarGreaterEqualStatement(left=ScalarSymbol(name='n'), right=6)"
4,7,pi_11^4,13,TodaProp44IsomorphismStatement,rule_name,Toda Proposition 4.4 nu_4 n=4 decomposition specialization,Toda Proposition 4.4 nu_4 n=4 decomposition specialization,"TodaProp44IsomorphismStatement(map=TodaProp44DecompositionMap(source_group=DirectSumGroup(summands=(TodaPrimaryGroup(group_dimension=ScalarSum(left=ScalarSymbol(name='i'), right=-1), sphere_dimension=3), TodaPrimaryGroup(group_dimension=ScalarSymbol(name='i'), sphere_dimension=7))), target_group=TodaPrimaryGroup(group_dimension=ScalarSymbol(name='i'), sphere_dimension=4), alpha=HomotopyElement(name='ν₄', dimension=4, source=7, target=4, generator=GeneratorSymbol(family='ν', index=4, decoration=None)), beta=HomotopyElement(name='α', dimension=3, source=ScalarSum(left=ScalarSymbol(name='i'), right=-1), target=3, generator=None), gamma=HomotopyElement(name='β', dimension=7, source=ScalarSymbol(name='i'), target=7, generator=None), formula=Sum(left=Suspension(expression=HomotopyElement(name='α', dimension=3, source=ScalarSum(left=ScalarSymbol(name='i'), right=-1), target=3, generator=None)), right=Composition(left=HomotopyElement(name='ν₄', dimension=4, source=7, target=4, generator=GeneratorSymbol(family='ν', index=4, decoration=None)), right=HomotopyElement(name='β', dimension=7, source=ScalarSymbol(name='i'), target=7, generator=None)))))"
5,3,pi_8^5,15,Toda56Nu4DecompositionStatement,rule_name,Toda (5.6) nu_4 decomposition integration,Toda (5.6) nu_4 decomposition integration,"Toda56Nu4DecompositionStatement(decomposition_isomorphism=Toda56Nu4DecompositionIsomorphismStatement(prop44_isomorphism=TodaProp44IsomorphismStatement(map=TodaProp44DecompositionMap(source_group=DirectSumGroup(summands=(TodaPrimaryGroup(group_dimension=ScalarSum(left=ScalarSymbol(name='i'), right=-1), sphere_dimension=3), TodaPrimaryGroup(group_dimension=ScalarSymbol(name='i'), sphere_dimension=7))), target_group=TodaPrimaryGroup(group_dimension=ScalarSymbol(name='i'), sphere_dimension=4), alpha=HomotopyElement(name='ν₄', dimension=4, source=7, target=4, generator=GeneratorSymbol(family='ν', index=4, decoration=None)), beta=HomotopyElement(name='α', dimension=3, source=ScalarSum(left=ScalarSymbol(name='i'), right=-1), target=3, generator=None), gamma=HomotopyElement(name='β', dimension=7, source=ScalarSymbol(name='i'), target=7, generator=None), formula=Sum(left=Suspension(expression=HomotopyElement(name='α', dimension=3, source=ScalarSum(left=ScalarSymbol(name='i'), right=-1), target=3, generator=None)), right=Composition(left=HomotopyElement(name='ν₄', dimension=4, source=7, target=4, generator=GeneratorSymbol(family='ν', index=4, decoration=None)), right=HomotopyElement(name='β', dimension=7, source=ScalarSymbol(name='i'), target=7, generator=None)))))), lemma54_statement=TodaLemma54Statement(nu4=HomotopyElement(name='ν₄', dimension=4, source=7, target=4, generator=GeneratorSymbol(family='ν', index=4, decoration=None)), membership=HomotopyGroupMembershipStatement(element=HomotopyElement(name='ν₄', dimension=4, source=7, target=4, generator=GeneratorSymbol(family='ν', index=4, decoration=None)), group_dimension=7, sphere_dimension=4), hopf_relation=Relation(lhs=MapApplication(map=MapSymbol(name='H'), expression=HomotopyElement(name='ν₄', dimension=4, source=7, target=4, generator=GeneratorSymbol(family='ν', index=4, decoration=None))), rhs=HomotopyElement(name='ι_7', dimension=7, source=None, target=None, generator=GeneratorSymbol(family='ι', index=7, decoration=None)), relation_type=<RelationType.EQUALITY: 'equality'>, source=None, note=None), double_suspension_relation=Relation(lhs=Multiple(coefficient=2, expression=Suspension(expression=HomotopyElement(name='ν₄', dimension=4, source=7, target=4, generator=GeneratorSymbol(family='ν', index=4, decoration=None)))), rhs=IteratedSuspension(expression=HomotopyElement(name='ν′', dimension=3, source=6, target=3, generator=GeneratorSymbol(family='ν', index=None, decoration='′')), exponent=2), relation_type=<RelationType.EQUALITY: 'equality'>, source=None, note=None), literature_statements=(LiteratureStatement(reference=LiteratureReference(label='Toda Proposition 1.3', author='H. Toda', title='Composition Methods in Homotopy Groups of Spheres', year=1962, locator='Proposition 1.3'), statement='-E{α,E^nβ,E^nγ}_n ⊂ {Eα,E^(n+1)β,E^(n+1)γ}_(n+1).'), LiteratureStatement(reference=LiteratureReference(label='Toda (1.15)', author='H. Toda', title='Composition Methods in Homotopy Groups of Spheres', year=1962, locator='Equation (1.15)'), statement='{α,E^nβ,E^nγ}_n ⊂ {α,E^m(E^(n-m)β),E^m(E^(n-m)γ)}_m.'), LiteratureStatement(reference=LiteratureReference(label='Toda (3.2)', author='H. Toda', title='Composition Methods in Homotopy Groups of Spheres', year=1962, locator='Equation (3.2)'), statement='E: π_i(S^m) → π_(i+1)(S^(m+1)) is an isomorphism for i<2m-1 and is surjective for i=2m-1.'), LiteratureStatement(reference=LiteratureReference(label='Toda Theorem 3.6', author='H. Toda', title='Composition Methods in Homotopy Groups of Spheres', year=1962, locator='Theorem 3.6'), statement='For the Lemma 5.4 specialization α=η₂, β=2ι₃, t=1, there exists α*∈π_7^4 such that 2Eα* belongs to -{η₅,2ι₆,η₆}_3.'), LiteratureStatement(reference=LiteratureReference(label='Toda (4.7)', author='H. Toda', title='Composition Methods in Homotopy Groups of Spheres', year=1962, locator='Equation (4.7)'), statement='For the Toda (5.4) bracket, the indeterminacy used here is η_n∘π_(n+3)^(n+1) + π_(n+2)^n∘η_(n+2).'), LiteratureStatement(reference=LiteratureReference(label='Toda Proposition 5.3', author='H. Toda', title='Composition Methods in Homotopy Groups of Spheres', year=1962, locator='Proposition 5.3'), statement='π_(n+2)^n = Z/2{η_n²} for n≥2.'), LiteratureStatement(reference=LiteratureReference(label='Toda (5.3)', author='H. Toda', title='Composition Methods in Homotopy Groups of Spheres', year=1962, locator='Equation (5.3)'), statement='ν′∈π_6^3, H(ν′)=η₅, and 2ν′=η₃∘η₄∘η₅.'), LiteratureStatement(reference=LiteratureReference(label='Toda (5.4)', author='H. Toda', title='Composition Methods in Homotopy Groups of Spheres', year=1962, locator='Equation (5.4)'), statement='{η_n,2ι_(n+1),η_(n+1)}_t = {±E^(n-3)ν′} for n≥3 and 0≤t≤n-2.'), LiteratureStatement(reference=LiteratureReference(label='Toda (4.8)', author='H. Toda', title='Composition Methods in Homotopy Groups of Spheres', year=1962, locator='Equation (4.8)'), statement='The consequence used in Lemma 5.4 gives H(α*)=(2s+1)ι₇.'), LiteratureStatement(reference=LiteratureReference(label='Toda Lemma 5.4 proof', author='H. Toda', title='Composition Methods in Homotopy Groups of Spheres', year=1962, locator='Lemma 5.4 proof'), statement='H[ι₄,ι₄]=(-1)^u 2ι₇ and E[ι₄,ι₄]=0.'))), literature_statements=(LiteratureStatement(reference=LiteratureReference(label='Toda (5.6)', author='H. Toda', title='Composition Methods in Homotopy Groups of Spheres', year=1962, locator='Equation (5.6)'), statement='The map (α,β)↦Eα+ν₄∘β gives an isomorphism π_(i-1)^3⊕π_i^7≅π_i^4.'),))"
5,4,pi_9^5,3,TodaProp51FiniteDimensionalStatement,rule_name,Toda Proposition 5.1 finite-dimensional integration,Toda Proposition 5.1 finite-dimensional integration,"TodaProp51FiniteDimensionalStatement(pi3_2_group_relation=Relation(lhs=TodaPrimaryGroup(group_dimension=3, sphere_dimension=2), rhs=FreeCyclicGroup(generator=HomotopyElement(name='η₂', dimension=2, source=3, target=2, generator=GeneratorSymbol(family='η', index=2, decoration=None))), relation_type=<RelationType.EQUALITY: 'equality'>, source=None, note=None), eta2_hopf_relation=Relation(lhs=MapApplication(map=MapSymbol(name='H'), expression=HomotopyElement(name='η₂', dimension=2, source=3, target=2, generator=GeneratorSymbol(family='η', index=2, decoration=None))), rhs=HomotopyElement(name='ι_3', dimension=3, source=None, target=None, generator=GeneratorSymbol(family='ι', index=3, decoration=None)), relation_type=<RelationType.EQUALITY: 'equality'>, source=None, note=None), delta_iota5_relation=TodaDeltaImageUpToSignStatement(map=TodaDeltaMap(source_group=TodaPrimaryGroup(group_dimension=5, sphere_dimension=5), target_group=TodaPrimaryGroup(group_dimension=3, sphere_dimension=2)), element=HomotopyElement(name='ι_5', dimension=5, source=None, target=None, generator=GeneratorSymbol(family='ι', index=5, decoration=None)), positive_value=Multiple(coefficient=2, expression=HomotopyElement(name='η₂', dimension=2, source=3, target=2, generator=GeneratorSymbol(family='η', index=2, decoration=None)))), higher_eta_group_relation=Relation(lhs=TodaPrimaryGroup(group_dimension=ScalarSum(left=ScalarSymbol(name='n'), right=1), sphere_dimension=ScalarSymbol(name='n')), rhs=FiniteCyclicGroup(order=2, generator=HomotopyElement(name='η_n', dimension=ScalarSymbol(name='n'), source=ScalarSum(left=ScalarSymbol(name='n'), right=1), target=ScalarSymbol(name='n'), generator=GeneratorSymbol(family='η', index=ScalarSymbol(name='n'), decoration=None))), relation_type=<RelationType.EQUALITY: 'equality'>, source=None, note=None))"
5,4,pi_9^5,7,Toda56Nu4DecompositionStatement,rule_name,Toda (5.6) nu_4 decomposition integration,Toda (5.6) nu_4 decomposition integration,"Toda56Nu4DecompositionStatement(decomposition_isomorphism=Toda56Nu4DecompositionIsomorphismStatement(prop44_isomorphism=TodaProp44IsomorphismStatement(map=TodaProp44DecompositionMap(source_group=DirectSumGroup(summands=(TodaPrimaryGroup(group_dimension=ScalarSum(left=ScalarSymbol(name='i'), right=-1), sphere_dimension=3), TodaPrimaryGroup(group_dimension=ScalarSymbol(name='i'), sphere_dimension=7))), target_group=TodaPrimaryGroup(group_dimension=ScalarSymbol(name='i'), sphere_dimension=4), alpha=HomotopyElement(name='ν₄', dimension=4, source=7, target=4, generator=GeneratorSymbol(family='ν', index=4, decoration=None)), beta=HomotopyElement(name='α', dimension=3, source=ScalarSum(left=ScalarSymbol(name='i'), right=-1), target=3, generator=None), gamma=HomotopyElement(name='β', dimension=7, source=ScalarSymbol(name='i'), target=7, generator=None), formula=Sum(left=Suspension(expression=HomotopyElement(name='α', dimension=3, source=ScalarSum(left=ScalarSymbol(name='i'), right=-1), target=3, generator=None)), right=Composition(left=HomotopyElement(name='ν₄', dimension=4, source=7, target=4, generator=GeneratorSymbol(family='ν', index=4, decoration=None)), right=HomotopyElement(name='β', dimension=7, source=ScalarSymbol(name='i'), target=7, generator=None)))))), lemma54_statement=TodaLemma54Statement(nu4=HomotopyElement(name='ν₄', dimension=4, source=7, target=4, generator=GeneratorSymbol(family='ν', index=4, decoration=None)), membership=HomotopyGroupMembershipStatement(element=HomotopyElement(name='ν₄', dimension=4, source=7, target=4, generator=GeneratorSymbol(family='ν', index=4, decoration=None)), group_dimension=7, sphere_dimension=4), hopf_relation=Relation(lhs=MapApplication(map=MapSymbol(name='H'), expression=HomotopyElement(name='ν₄', dimension=4, source=7, target=4, generator=GeneratorSymbol(family='ν', index=4, decoration=None))), rhs=HomotopyElement(name='ι_7', dimension=7, source=None, target=None, generator=GeneratorSymbol(family='ι', index=7, decoration=None)), relation_type=<RelationType.EQUALITY: 'equality'>, source=None, note=None), double_suspension_relation=Relation(lhs=Multiple(coefficient=2, expression=Suspension(expression=HomotopyElement(name='ν₄', dimension=4, source=7, target=4, generator=GeneratorSymbol(family='ν', index=4, decoration=None)))), rhs=IteratedSuspension(expression=HomotopyElement(name='ν′', dimension=3, source=6, target=3, generator=GeneratorSymbol(family='ν', index=None, decoration='′')), exponent=2), relation_type=<RelationType.EQUALITY: 'equality'>, source=None, note=None), literature_statements=(LiteratureStatement(reference=LiteratureReference(label='Toda Proposition 1.3', author='H. Toda', title='Composition Methods in Homotopy Groups of Spheres', year=1962, locator='Proposition 1.3'), statement='-E{α,E^nβ,E^nγ}_n ⊂ {Eα,E^(n+1)β,E^(n+1)γ}_(n+1).'), LiteratureStatement(reference=LiteratureReference(label='Toda (1.15)', author='H. Toda', title='Composition Methods in Homotopy Groups of Spheres', year=1962, locator='Equation (1.15)'), statement='{α,E^nβ,E^nγ}_n ⊂ {α,E^m(E^(n-m)β),E^m(E^(n-m)γ)}_m.'), LiteratureStatement(reference=LiteratureReference(label='Toda (3.2)', author='H. Toda', title='Composition Methods in Homotopy Groups of Spheres', year=1962, locator='Equation (3.2)'), statement='E: π_i(S^m) → π_(i+1)(S^(m+1)) is an isomorphism for i<2m-1 and is surjective for i=2m-1.'), LiteratureStatement(reference=LiteratureReference(label='Toda Theorem 3.6', author='H. Toda', title='Composition Methods in Homotopy Groups of Spheres', year=1962, locator='Theorem 3.6'), statement='For the Lemma 5.4 specialization α=η₂, β=2ι₃, t=1, there exists α*∈π_7^4 such that 2Eα* belongs to -{η₅,2ι₆,η₆}_3.'), LiteratureStatement(reference=LiteratureReference(label='Toda (4.7)', author='H. Toda', title='Composition Methods in Homotopy Groups of Spheres', year=1962, locator='Equation (4.7)'), statement='For the Toda (5.4) bracket, the indeterminacy used here is η_n∘π_(n+3)^(n+1) + π_(n+2)^n∘η_(n+2).'), LiteratureStatement(reference=LiteratureReference(label='Toda Proposition 5.3', author='H. Toda', title='Composition Methods in Homotopy Groups of Spheres', year=1962, locator='Proposition 5.3'), statement='π_(n+2)^n = Z/2{η_n²} for n≥2.'), LiteratureStatement(reference=LiteratureReference(label='Toda (5.3)', author='H. Toda', title='Composition Methods in Homotopy Groups of Spheres', year=1962, locator='Equation (5.3)'), statement='ν′∈π_6^3, H(ν′)=η₅, and 2ν′=η₃∘η₄∘η₅.'), LiteratureStatement(reference=LiteratureReference(label='Toda (5.4)', author='H. Toda', title='Composition Methods in Homotopy Groups of Spheres', year=1962, locator='Equation (5.4)'), statement='{η_n,2ι_(n+1),η_(n+1)}_t = {±E^(n-3)ν′} for n≥3 and 0≤t≤n-2.'), LiteratureStatement(reference=LiteratureReference(label='Toda (4.8)', author='H. Toda', title='Composition Methods in Homotopy Groups of Spheres', year=1962, locator='Equation (4.8)'), statement='The consequence used in Lemma 5.4 gives H(α*)=(2s+1)ι₇.'), LiteratureStatement(reference=LiteratureReference(label='Toda Lemma 5.4 proof', author='H. Toda', title='Composition Methods in Homotopy Groups of Spheres', year=1962, locator='Lemma 5.4 proof'), statement='H[ι₄,ι₄]=(-1)^u 2ι₇ and E[ι₄,ι₄]=0.'))), literature_statements=(LiteratureStatement(reference=LiteratureReference(label='Toda (5.6)', author='H. Toda', title='Composition Methods in Homotopy Groups of Spheres', year=1962, locator='Equation (5.6)'), statement='The map (α,β)↦Eα+ν₄∘β gives an isomorphism π_(i-1)^3⊕π_i^7≅π_i^4.'),))"
5,5,pi_10^5,3,TodaProp53FiniteDimensionalStatement,rule_name,Toda Proposition 5.3 finite-dimensional integration,Toda Proposition 5.3 finite-dimensional integration,"TodaProp53FiniteDimensionalStatement(pi4_2_group_relation=Relation(lhs=TodaPrimaryGroup(group_dimension=4, sphere_dimension=2), rhs=FiniteCyclicGroup(order=2, generator=Composition(left=HomotopyElement(name='η₂', dimension=2, source=3, target=2, generator=GeneratorSymbol(family='η', index=2, decoration=None)), right=HomotopyElement(name='η₃', dimension=3, source=4, target=3, generator=GeneratorSymbol(family='η', index=3, decoration=None)))), relation_type=<RelationType.EQUALITY: 'equality'>, source=None, note=None), pi5_3_group_relation=Relation(lhs=TodaPrimaryGroup(group_dimension=5, sphere_dimension=3), rhs=FiniteCyclicGroup(order=2, generator=Composition(left=HomotopyElement(name='η₃', dimension=3, source=4, target=3, generator=GeneratorSymbol(family='η', index=3, decoration=None)), right=HomotopyElement(name='η₄', dimension=4, source=5, target=4, generator=GeneratorSymbol(family='η', index=4, decoration=None)))), relation_type=<RelationType.EQUALITY: 'equality'>, source=None, note=None), pi6_4_group_relation=Relation(lhs=TodaPrimaryGroup(group_dimension=6, sphere_dimension=4), rhs=FiniteCyclicGroup(order=2, generator=Composition(left=HomotopyElement(name='η₄', dimension=4, source=5, target=4, generator=GeneratorSymbol(family='η', index=4, decoration=None)), right=HomotopyElement(name='η₅', dimension=5, source=6, target=5, generator=GeneratorSymbol(family='η', index=5, decoration=None)))), relation_type=<RelationType.EQUALITY: 'equality'>, source=None, note=None), higher_eta_squared_group_relation=Relation(lhs=TodaPrimaryGroup(group_dimension=ScalarSum(left=ScalarSymbol(name='n'), right=2), sphere_dimension=ScalarSymbol(name='n')), rhs=FiniteCyclicGroup(order=2, generator=Composition(left=HomotopyElement(name='η_n', dimension=ScalarSymbol(name='n'), source=ScalarSum(left=ScalarSymbol(name='n'), right=1), target=ScalarSymbol(name='n'), generator=GeneratorSymbol(family='η', index=ScalarSymbol(name='n'), decoration=None)), right=HomotopyElement(name='η_(n+1)', dimension=ScalarSum(left=ScalarSymbol(name='n'), right=1), source=ScalarSum(left=ScalarSymbol(name='n'), right=2), target=ScalarSum(left=ScalarSymbol(name='n'), right=1), generator=GeneratorSymbol(family='η', index=ScalarSum(left=ScalarSymbol(name='n'), right=1), decoration=None)))), relation_type=<RelationType.EQUALITY: 'equality'>, source=None, note=None), higher_range=ScalarGreaterEqualStatement(left=ScalarSymbol(name='n'), right=5))"
5,5,pi_10^5,7,Toda56Nu4DecompositionStatement,rule_name,Toda (5.6) nu_4 decomposition integration,Toda (5.6) nu_4 decomposition integration,"Toda56Nu4DecompositionStatement(decomposition_isomorphism=Toda56Nu4DecompositionIsomorphismStatement(prop44_isomorphism=TodaProp44IsomorphismStatement(map=TodaProp44DecompositionMap(source_group=DirectSumGroup(summands=(TodaPrimaryGroup(group_dimension=ScalarSum(left=ScalarSymbol(name='i'), right=-1), sphere_dimension=3), TodaPrimaryGroup(group_dimension=ScalarSymbol(name='i'), sphere_dimension=7))), target_group=TodaPrimaryGroup(group_dimension=ScalarSymbol(name='i'), sphere_dimension=4), alpha=HomotopyElement(name='ν₄', dimension=4, source=7, target=4, generator=GeneratorSymbol(family='ν', index=4, decoration=None)), beta=HomotopyElement(name='α', dimension=3, source=ScalarSum(left=ScalarSymbol(name='i'), right=-1), target=3, generator=None), gamma=HomotopyElement(name='β', dimension=7, source=ScalarSymbol(name='i'), target=7, generator=None), formula=Sum(left=Suspension(expression=HomotopyElement(name='α', dimension=3, source=ScalarSum(left=ScalarSymbol(name='i'), right=-1), target=3, generator=None)), right=Composition(left=HomotopyElement(name='ν₄', dimension=4, source=7, target=4, generator=GeneratorSymbol(family='ν', index=4, decoration=None)), right=HomotopyElement(name='β', dimension=7, source=ScalarSymbol(name='i'), target=7, generator=None)))))), lemma54_statement=TodaLemma54Statement(nu4=HomotopyElement(name='ν₄', dimension=4, source=7, target=4, generator=GeneratorSymbol(family='ν', index=4, decoration=None)), membership=HomotopyGroupMembershipStatement(element=HomotopyElement(name='ν₄', dimension=4, source=7, target=4, generator=GeneratorSymbol(family='ν', index=4, decoration=None)), group_dimension=7, sphere_dimension=4), hopf_relation=Relation(lhs=MapApplication(map=MapSymbol(name='H'), expression=HomotopyElement(name='ν₄', dimension=4, source=7, target=4, generator=GeneratorSymbol(family='ν', index=4, decoration=None))), rhs=HomotopyElement(name='ι_7', dimension=7, source=None, target=None, generator=GeneratorSymbol(family='ι', index=7, decoration=None)), relation_type=<RelationType.EQUALITY: 'equality'>, source=None, note=None), double_suspension_relation=Relation(lhs=Multiple(coefficient=2, expression=Suspension(expression=HomotopyElement(name='ν₄', dimension=4, source=7, target=4, generator=GeneratorSymbol(family='ν', index=4, decoration=None)))), rhs=IteratedSuspension(expression=HomotopyElement(name='ν′', dimension=3, source=6, target=3, generator=GeneratorSymbol(family='ν', index=None, decoration='′')), exponent=2), relation_type=<RelationType.EQUALITY: 'equality'>, source=None, note=None), literature_statements=(LiteratureStatement(reference=LiteratureReference(label='Toda Proposition 1.3', author='H. Toda', title='Composition Methods in Homotopy Groups of Spheres', year=1962, locator='Proposition 1.3'), statement='-E{α,E^nβ,E^nγ}_n ⊂ {Eα,E^(n+1)β,E^(n+1)γ}_(n+1).'), LiteratureStatement(reference=LiteratureReference(label='Toda (1.15)', author='H. Toda', title='Composition Methods in Homotopy Groups of Spheres', year=1962, locator='Equation (1.15)'), statement='{α,E^nβ,E^nγ}_n ⊂ {α,E^m(E^(n-m)β),E^m(E^(n-m)γ)}_m.'), LiteratureStatement(reference=LiteratureReference(label='Toda (3.2)', author='H. Toda', title='Composition Methods in Homotopy Groups of Spheres', year=1962, locator='Equation (3.2)'), statement='E: π_i(S^m) → π_(i+1)(S^(m+1)) is an isomorphism for i<2m-1 and is surjective for i=2m-1.'), LiteratureStatement(reference=LiteratureReference(label='Toda Theorem 3.6', author='H. Toda', title='Composition Methods in Homotopy Groups of Spheres', year=1962, locator='Theorem 3.6'), statement='For the Lemma 5.4 specialization α=η₂, β=2ι₃, t=1, there exists α*∈π_7^4 such that 2Eα* belongs to -{η₅,2ι₆,η₆}_3.'), LiteratureStatement(reference=LiteratureReference(label='Toda (4.7)', author='H. Toda', title='Composition Methods in Homotopy Groups of Spheres', year=1962, locator='Equation (4.7)'), statement='For the Toda (5.4) bracket, the indeterminacy used here is η_n∘π_(n+3)^(n+1) + π_(n+2)^n∘η_(n+2).'), LiteratureStatement(reference=LiteratureReference(label='Toda Proposition 5.3', author='H. Toda', title='Composition Methods in Homotopy Groups of Spheres', year=1962, locator='Proposition 5.3'), statement='π_(n+2)^n = Z/2{η_n²} for n≥2.'), LiteratureStatement(reference=LiteratureReference(label='Toda (5.3)', author='H. Toda', title='Composition Methods in Homotopy Groups of Spheres', year=1962, locator='Equation (5.3)'), statement='ν′∈π_6^3, H(ν′)=η₅, and 2ν′=η₃∘η₄∘η₅.'), LiteratureStatement(reference=LiteratureReference(label='Toda (5.4)', author='H. Toda', title='Composition Methods in Homotopy Groups of Spheres', year=1962, locator='Equation (5.4)'), statement='{η_n,2ι_(n+1),η_(n+1)}_t = {±E^(n-3)ν′} for n≥3 and 0≤t≤n-2.'), LiteratureStatement(reference=LiteratureReference(label='Toda (4.8)', author='H. Toda', title='Composition Methods in Homotopy Groups of Spheres', year=1962, locator='Equation (4.8)'), statement='The consequence used in Lemma 5.4 gives H(α*)=(2s+1)ι₇.'), LiteratureStatement(reference=LiteratureReference(label='Toda Lemma 5.4 proof', author='H. Toda', title='Composition Methods in Homotopy Groups of Spheres', year=1962, locator='Lemma 5.4 proof'), statement='H[ι₄,ι₄]=(-1)^u 2ι₇ and E[ι₄,ι₄]=0.'))), literature_statements=(LiteratureStatement(reference=LiteratureReference(label='Toda (5.6)', author='H. Toda', title='Composition Methods in Homotopy Groups of Spheres', year=1962, locator='Equation (5.6)'), statement='The map (α,β)↦Eα+ν₄∘β gives an isomorphism π_(i-1)^3⊕π_i^7≅π_i^4.'),))"
5,5,pi_10^5,15,ScalarGreaterEqualStatement,type_name,,`ScalarGreaterEqualStatement`,"ScalarGreaterEqualStatement(left=ScalarSymbol(name='n'), right=5)"
5,6,pi_11^5,6,TodaProp56FiniteDimensionalStatement,rule_name,Toda Proposition 5.6 finite-dimensional integration,Toda Proposition 5.6 finite-dimensional integration,"TodaProp56FiniteDimensionalStatement(pi5_2_group_relation=Relation(lhs=TodaPrimaryGroup(group_dimension=5, sphere_dimension=2), rhs=FiniteCyclicGroup(order=2, generator=Composition(left=HomotopyElement(name='η₂', dimension=2, source=3, target=2, generator=GeneratorSymbol(family='η', index=2, decoration=None)), right=Composition(left=HomotopyElement(name='η₃', dimension=3, source=4, target=3, generator=GeneratorSymbol(family='η', index=3, decoration=None)), right=HomotopyElement(name='η₄', dimension=4, source=5, target=4, generator=GeneratorSymbol(family='η', index=4, decoration=None))))), relation_type=<RelationType.EQUALITY: 'equality'>, source=None, note=None), pi6_3_group_relation=Relation(lhs=TodaPrimaryGroup(group_dimension=6, sphere_dimension=3), rhs=FiniteCyclicGroup(order=4, generator=HomotopyElement(name='ν′', dimension=3, source=6, target=3, generator=GeneratorSymbol(family='ν', index=None, decoration='′'))), relation_type=<RelationType.EQUALITY: 'equality'>, source=None, note=None), pi7_4_group_relation=Relation(lhs=TodaPrimaryGroup(group_dimension=7, sphere_dimension=4), rhs=DirectSumGroup(summands=(FreeCyclicGroup(generator=HomotopyElement(name='ν₄', dimension=4, source=7, target=4, generator=GeneratorSymbol(family='ν', index=4, decoration=None))), FiniteCyclicGroup(order=4, generator=Suspension(expression=HomotopyElement(name='ν′', dimension=3, source=6, target=3, generator=GeneratorSymbol(family='ν', index=None, decoration='′')))))), relation_type=<RelationType.EQUALITY: 'equality'>, source=None, note=None), pi8_5_group_relation=Relation(lhs=TodaPrimaryGroup(group_dimension=8, sphere_dimension=5), rhs=FiniteCyclicGroup(order=8, generator=HomotopyElement(name='ν_5', dimension=5, source=8, target=5, generator=GeneratorSymbol(family='ν', index=5, decoration=None))), relation_type=<RelationType.EQUALITY: 'equality'>, source=None, note=None), higher_nu_group_relation=Relation(lhs=TodaPrimaryGroup(group_dimension=ScalarSum(left=ScalarSymbol(name='n'), right=3), sphere_dimension=ScalarSymbol(name='n')), rhs=FiniteCyclicGroup(order=8, generator=HomotopyElement(name='ν_n', dimension=ScalarSymbol(name='n'), source=ScalarSum(left=ScalarSymbol(name='n'), right=3), target=ScalarSymbol(name='n'), generator=GeneratorSymbol(family='ν', index=ScalarSymbol(name='n'), decoration=None))), relation_type=<RelationType.EQUALITY: 'equality'>, source=None, note=None), higher_range=ScalarGreaterEqualStatement(left=ScalarSymbol(name='n'), right=6), literature_statements=(LiteratureStatement(reference=LiteratureReference(label='Toda Proposition 5.6', author='H. Toda', title='Composition Methods in Homotopy Groups of Spheres', year=1962, locator='Proposition 5.6'), statement='Finite-dimensional part: pi_5^2 is cyclic of order 2 generated by eta_2 cubed; pi_6^3 is cyclic of order 4 generated by nu-prime; pi_7^4 is the direct sum of Z generated by nu_4 and Z/4 generated by E nu-prime; and pi_(n+3)^n is cyclic of order 8 generated by nu_n for n at least 5.'),))"
5,6,pi_11^5,9,Toda56Nu4DecompositionStatement,rule_name,Toda (5.6) nu_4 decomposition integration,Toda (5.6) nu_4 decomposition integration,"Toda56Nu4DecompositionStatement(decomposition_isomorphism=Toda56Nu4DecompositionIsomorphismStatement(prop44_isomorphism=TodaProp44IsomorphismStatement(map=TodaProp44DecompositionMap(source_group=DirectSumGroup(summands=(TodaPrimaryGroup(group_dimension=ScalarSum(left=ScalarSymbol(name='i'), right=-1), sphere_dimension=3), TodaPrimaryGroup(group_dimension=ScalarSymbol(name='i'), sphere_dimension=7))), target_group=TodaPrimaryGroup(group_dimension=ScalarSymbol(name='i'), sphere_dimension=4), alpha=HomotopyElement(name='ν₄', dimension=4, source=7, target=4, generator=GeneratorSymbol(family='ν', index=4, decoration=None)), beta=HomotopyElement(name='α', dimension=3, source=ScalarSum(left=ScalarSymbol(name='i'), right=-1), target=3, generator=None), gamma=HomotopyElement(name='β', dimension=7, source=ScalarSymbol(name='i'), target=7, generator=None), formula=Sum(left=Suspension(expression=HomotopyElement(name='α', dimension=3, source=ScalarSum(left=ScalarSymbol(name='i'), right=-1), target=3, generator=None)), right=Composition(left=HomotopyElement(name='ν₄', dimension=4, source=7, target=4, generator=GeneratorSymbol(family='ν', index=4, decoration=None)), right=HomotopyElement(name='β', dimension=7, source=ScalarSymbol(name='i'), target=7, generator=None)))))), lemma54_statement=TodaLemma54Statement(nu4=HomotopyElement(name='ν₄', dimension=4, source=7, target=4, generator=GeneratorSymbol(family='ν', index=4, decoration=None)), membership=HomotopyGroupMembershipStatement(element=HomotopyElement(name='ν₄', dimension=4, source=7, target=4, generator=GeneratorSymbol(family='ν', index=4, decoration=None)), group_dimension=7, sphere_dimension=4), hopf_relation=Relation(lhs=MapApplication(map=MapSymbol(name='H'), expression=HomotopyElement(name='ν₄', dimension=4, source=7, target=4, generator=GeneratorSymbol(family='ν', index=4, decoration=None))), rhs=HomotopyElement(name='ι_7', dimension=7, source=None, target=None, generator=GeneratorSymbol(family='ι', index=7, decoration=None)), relation_type=<RelationType.EQUALITY: 'equality'>, source=None, note=None), double_suspension_relation=Relation(lhs=Multiple(coefficient=2, expression=Suspension(expression=HomotopyElement(name='ν₄', dimension=4, source=7, target=4, generator=GeneratorSymbol(family='ν', index=4, decoration=None)))), rhs=IteratedSuspension(expression=HomotopyElement(name='ν′', dimension=3, source=6, target=3, generator=GeneratorSymbol(family='ν', index=None, decoration='′')), exponent=2), relation_type=<RelationType.EQUALITY: 'equality'>, source=None, note=None), literature_statements=(LiteratureStatement(reference=LiteratureReference(label='Toda Proposition 1.3', author='H. Toda', title='Composition Methods in Homotopy Groups of Spheres', year=1962, locator='Proposition 1.3'), statement='-E{α,E^nβ,E^nγ}_n ⊂ {Eα,E^(n+1)β,E^(n+1)γ}_(n+1).'), LiteratureStatement(reference=LiteratureReference(label='Toda (1.15)', author='H. Toda', title='Composition Methods in Homotopy Groups of Spheres', year=1962, locator='Equation (1.15)'), statement='{α,E^nβ,E^nγ}_n ⊂ {α,E^m(E^(n-m)β),E^m(E^(n-m)γ)}_m.'), LiteratureStatement(reference=LiteratureReference(label='Toda (3.2)', author='H. Toda', title='Composition Methods in Homotopy Groups of Spheres', year=1962, locator='Equation (3.2)'), statement='E: π_i(S^m) → π_(i+1)(S^(m+1)) is an isomorphism for i<2m-1 and is surjective for i=2m-1.'), LiteratureStatement(reference=LiteratureReference(label='Toda Theorem 3.6', author='H. Toda', title='Composition Methods in Homotopy Groups of Spheres', year=1962, locator='Theorem 3.6'), statement='For the Lemma 5.4 specialization α=η₂, β=2ι₃, t=1, there exists α*∈π_7^4 such that 2Eα* belongs to -{η₅,2ι₆,η₆}_3.'), LiteratureStatement(reference=LiteratureReference(label='Toda (4.7)', author='H. Toda', title='Composition Methods in Homotopy Groups of Spheres', year=1962, locator='Equation (4.7)'), statement='For the Toda (5.4) bracket, the indeterminacy used here is η_n∘π_(n+3)^(n+1) + π_(n+2)^n∘η_(n+2).'), LiteratureStatement(reference=LiteratureReference(label='Toda Proposition 5.3', author='H. Toda', title='Composition Methods in Homotopy Groups of Spheres', year=1962, locator='Proposition 5.3'), statement='π_(n+2)^n = Z/2{η_n²} for n≥2.'), LiteratureStatement(reference=LiteratureReference(label='Toda (5.3)', author='H. Toda', title='Composition Methods in Homotopy Groups of Spheres', year=1962, locator='Equation (5.3)'), statement='ν′∈π_6^3, H(ν′)=η₅, and 2ν′=η₃∘η₄∘η₅.'), LiteratureStatement(reference=LiteratureReference(label='Toda (5.4)', author='H. Toda', title='Composition Methods in Homotopy Groups of Spheres', year=1962, locator='Equation (5.4)'), statement='{η_n,2ι_(n+1),η_(n+1)}_t = {±E^(n-3)ν′} for n≥3 and 0≤t≤n-2.'), LiteratureStatement(reference=LiteratureReference(label='Toda (4.8)', author='H. Toda', title='Composition Methods in Homotopy Groups of Spheres', year=1962, locator='Equation (4.8)'), statement='The consequence used in Lemma 5.4 gives H(α*)=(2s+1)ι₇.'), LiteratureStatement(reference=LiteratureReference(label='Toda Lemma 5.4 proof', author='H. Toda', title='Composition Methods in Homotopy Groups of Spheres', year=1962, locator='Lemma 5.4 proof'), statement='H[ι₄,ι₄]=(-1)^u 2ι₇ and E[ι₄,ι₄]=0.'))), literature_statements=(LiteratureStatement(reference=LiteratureReference(label='Toda (5.6)', author='H. Toda', title='Composition Methods in Homotopy Groups of Spheres', year=1962, locator='Equation (5.6)'), statement='The map (α,β)↦Eα+ν₄∘β gives an isomorphism π_(i-1)^3⊕π_i^7≅π_i^4.'),))"
5,7,pi_12^5,1,TodaProp515Pi12_5HopfIsomorphismStatement,rule_name,Toda Proposition 5.15 pi_12^5 Hopf isomorphism,Toda Proposition 5.15 pi_12^5 Hopf isomorphism,"TodaProp515Pi12_5HopfIsomorphismStatement(map=TodaHopfInvariantMap(source_group=TodaPrimaryGroup(group_dimension=12, sphere_dimension=5), target_group=TodaPrimaryGroup(group_dimension=12, sphere_dimension=9)), image_group=FiniteCyclicGroup(order=2, generator=Multiple(coefficient=4, expression=HomotopyElement(name='ν_9', dimension=9, source=12, target=9, generator=GeneratorSymbol(family='ν', index=9, decoration=None)))), source_generator=HomotopyElement(name=""σ'''"", dimension=5, source=12, target=5, generator=GeneratorSymbol(family='σ', index=None, decoration=""'''"")), image_generator=Multiple(coefficient=4, expression=HomotopyElement(name='ν_9', dimension=9, source=12, target=9, generator=GeneratorSymbol(family='ν', index=9, decoration=None))))"
5,7,pi_12^5,2,TodaLemma513Statement,rule_name,Toda Lemma 5.13 sigma triple-prime definition,Toda Lemma 5.13 sigma triple-prime definition,"TodaLemma513Statement(bracket=TodaBracket(first=HomotopyElement(name='ν_5', dimension=5, source=8, target=5, generator=GeneratorSymbol(family='ν', index=5, decoration=None)), second=Multiple(coefficient=8, expression=HomotopyElement(name='ι₈', dimension=8, source=8, target=8, generator=GeneratorSymbol(family='ι', index=8, decoration=None))), third=HomotopyElement(name='ν_8', dimension=8, source=11, target=8, generator=GeneratorSymbol(family='ν', index=8, decoration=None)), index=3), sigma_triple_prime=HomotopyElement(name=""σ'''"", dimension=5, source=12, target=5, generator=GeneratorSymbol(family='σ', index=None, decoration=""'''"")), bracket_membership=TodaBracketMembershipStatement(element=HomotopyElement(name=""σ'''"", dimension=5, source=12, target=5, generator=GeneratorSymbol(family='σ', index=None, decoration=""'''"")), bracket=TodaBracket(first=HomotopyElement(name='ν_5', dimension=5, source=8, target=5, generator=GeneratorSymbol(family='ν', index=5, decoration=None)), second=Multiple(coefficient=8, expression=HomotopyElement(name='ι₈', dimension=8, source=8, target=8, generator=GeneratorSymbol(family='ι', index=8, decoration=None))), third=HomotopyElement(name='ν_8', dimension=8, source=11, target=8, generator=GeneratorSymbol(family='ν', index=8, decoration=None)), index=3), source='Toda Lemma 5.13', note='Toda Lemma 5.13 defines sigma triple-prime by the indexed bracket {nu_5,8 iota_8,nu_8}_3.'), hopf_image=Multiple(coefficient=4, expression=HomotopyElement(name='ν_9', dimension=9, source=12, target=9, generator=GeneratorSymbol(family='ν', index=9, decoration=None))))"
5,7,pi_12^5,6,TodaProp511FiniteDimensionalStatement,rule_name,Toda Proposition 5.11 finite-dimensional integration,Toda Proposition 5.11 finite-dimensional integration,"TodaProp511FiniteDimensionalStatement(pi8_2_group_relation=Relation(lhs=TodaPrimaryGroup(group_dimension=8, sphere_dimension=2), rhs=FiniteCyclicGroup(order=2, generator=Composition(left=HomotopyElement(name='η₂', dimension=2, source=3, target=2, generator=GeneratorSymbol(family='η', index=2, decoration=None)), right=Composition(left=HomotopyElement(name='ν′', dimension=3, source=6, target=3, generator=GeneratorSymbol(family='ν', index=None, decoration='′')), right=Composition(left=HomotopyElement(name='η₆', dimension=6, source=7, target=6, generator=GeneratorSymbol(family='η', index=6, decoration=None)), right=HomotopyElement(name='η₇', dimension=7, source=8, target=7, generator=GeneratorSymbol(family='η', index=7, decoration=None)))))), relation_type=<RelationType.EQUALITY: 'equality'>, source=None, note=None), pi9_3_zero=TodaPrimaryGroupZeroStatement(group=TodaPrimaryGroup(group_dimension=9, sphere_dimension=3)), pi10_4_group_relation=Relation(lhs=TodaPrimaryGroup(group_dimension=10, sphere_dimension=4), rhs=FiniteCyclicGroup(order=8, generator=Composition(left=HomotopyElement(name='ν₄', dimension=4, source=7, target=4, generator=GeneratorSymbol(family='ν', index=4, decoration=None)), right=HomotopyElement(name='ν_7', dimension=7, source=10, target=7, generator=GeneratorSymbol(family='ν', index=7, decoration=None)))), relation_type=<RelationType.EQUALITY: 'equality'>, source=None, note=None), nu_squared_finite_dimensional=TodaProp511NuSquaredFiniteDimensionalStatement(pi11_5_group_relation=Relation(lhs=TodaPrimaryGroup(group_dimension=11, sphere_dimension=5), rhs=FiniteCyclicGroup(order=2, generator=Composition(left=HomotopyElement(name='ν_5', dimension=5, source=8, target=5, generator=GeneratorSymbol(family='ν', index=5, decoration=None)), right=HomotopyElement(name='ν_8', dimension=8, source=11, target=8, generator=GeneratorSymbol(family='ν', index=8, decoration=None)))), relation_type=<RelationType.EQUALITY: 'equality'>, source=None, note=None), pi12_6_group_relation=Relation(lhs=TodaPrimaryGroup(group_dimension=12, sphere_dimension=6), rhs=FiniteCyclicGroup(order=2, generator=Composition(left=HomotopyElement(name='ν_6', dimension=6, source=9, target=6, generator=GeneratorSymbol(family='ν', index=6, decoration=None)), right=HomotopyElement(name='ν_9', dimension=9, source=12, target=9, generator=GeneratorSymbol(family='ν', index=9, decoration=None)))), relation_type=<RelationType.EQUALITY: 'equality'>, source=None, note=None), pi13_7_group_relation=Relation(lhs=TodaPrimaryGroup(group_dimension=13, sphere_dimension=7), rhs=FiniteCyclicGroup(order=2, generator=Composition(left=HomotopyElement(name='ν_7', dimension=7, source=10, target=7, generator=GeneratorSymbol(family='ν', index=7, decoration=None)), right=HomotopyElement(name='ν_10', dimension=10, source=13, target=10, generator=GeneratorSymbol(family='ν', index=10, decoration=None)))), relation_type=<RelationType.EQUALITY: 'equality'>, source=None, note=None), pi14_8_group_relation=Relation(lhs=TodaPrimaryGroup(group_dimension=14, sphere_dimension=8), rhs=FiniteCyclicGroup(order=2, generator=Composition(left=HomotopyElement(name='ν_8', dimension=8, source=11, target=8, generator=GeneratorSymbol(family='ν', index=8, decoration=None)), right=HomotopyElement(name='ν_11', dimension=11, source=14, target=11, generator=GeneratorSymbol(family='ν', index=11, decoration=None)))), relation_type=<RelationType.EQUALITY: 'equality'>, source=None, note=None), higher_six_stem_group_relation=Relation(lhs=TodaPrimaryGroup(group_dimension=ScalarSum(left=ScalarSymbol(name='n'), right=6), sphere_dimension=ScalarSymbol(name='n')), rhs=FiniteCyclicGroup(order=2, generator=Composition(left=HomotopyElement(name='ν_n', dimension=ScalarSymbol(name='n'), source=ScalarSum(left=ScalarSymbol(name='n'), right=3), target=ScalarSymbol(name='n'), generator=GeneratorSymbol(family='ν', index=ScalarSymbol(name='n'), decoration=None)), right=HomotopyElement(name='ν_(n+3)', dimension=ScalarSum(left=ScalarSymbol(name='n'), right=3), source=ScalarSum(left=ScalarSymbol(name='n'), right=6), target=ScalarSum(left=ScalarSymbol(name='n'), right=3), generator=GeneratorSymbol(family='ν', index=ScalarSum(left=ScalarSymbol(name='n'), right=3), decoration=None)))), relation_type=<RelationType.EQUALITY: 'equality'>, source=None, note=None), higher_range=ScalarGreaterEqualStatement(left=ScalarSymbol(name='n'), right=9), literature_statements=(LiteratureStatement(reference=LiteratureReference(label='Toda Proposition 5.11', author='H. Toda', title='Composition Methods in Homotopy Groups of Spheres', year=1962, locator='Proposition 5.11'), statement='For n at least 5, pi_(n+6)^n is cyclic of order 2 generated by nu_n squared, where nu_n squared is represented by nu_n composed with nu_(n+3).'),)), literature_statements=(LiteratureStatement(reference=LiteratureReference(label='Toda Proposition 5.11', author='H. Toda', title='Composition Methods in Homotopy Groups of Spheres', year=1962, locator='Proposition 5.11'), statement='Finite-dimensional part: pi_8^2 is cyclic of order 2 generated by eta_2 composed with nu-prime composed with eta_6 squared; pi_9^3 is zero; pi_10^4 is cyclic of order 8 generated by nu_4 squared; and pi_(n+6)^n is cyclic of order 2 generated by nu_n squared for n at least 5. The stable conclusion (G_6;2)=Z/2{nu squared} is not included in this finite-dimensional aggregate.'),))"
5,7,pi_12^5,8,Toda55NuFamilyFiniteDimensionalStatement,rule_name,Toda 5.5 nu-family finite-dimensional integration,Toda 5.5 nu-family finite-dimensional integration,"Toda55NuFamilyFiniteDimensionalStatement(nu_family_definition=TodaNuFamilyDefinitionStatement(index=ScalarSymbol(name='n'), element=HomotopyElement(name='ν_n', dimension=ScalarSymbol(name='n'), source=ScalarSum(left=ScalarSymbol(name='n'), right=3), target=ScalarSymbol(name='n'), generator=GeneratorSymbol(family='ν', index=ScalarSymbol(name='n'), decoration=None)), iterated_suspension=IteratedSuspension(expression=HomotopyElement(name='ν₄', dimension=4, source=7, target=4, generator=GeneratorSymbol(family='ν', index=4, decoration=None)), exponent=ScalarSum(left=ScalarSymbol(name='n'), right=-4))), lemma54_statement=TodaLemma54Statement(nu4=HomotopyElement(name='ν₄', dimension=4, source=7, target=4, generator=GeneratorSymbol(family='ν', index=4, decoration=None)), membership=HomotopyGroupMembershipStatement(element=HomotopyElement(name='ν₄', dimension=4, source=7, target=4, generator=GeneratorSymbol(family='ν', index=4, decoration=None)), group_dimension=7, sphere_dimension=4), hopf_relation=Relation(lhs=MapApplication(map=MapSymbol(name='H'), expression=HomotopyElement(name='ν₄', dimension=4, source=7, target=4, generator=GeneratorSymbol(family='ν', index=4, decoration=None))), rhs=HomotopyElement(name='ι_7', dimension=7, source=None, target=None, generator=GeneratorSymbol(family='ι', index=7, decoration=None)), relation_type=<RelationType.EQUALITY: 'equality'>, source=None, note=None), double_suspension_relation=Relation(lhs=Multiple(coefficient=2, expression=Suspension(expression=HomotopyElement(name='ν₄', dimension=4, source=7, target=4, generator=GeneratorSymbol(family='ν', index=4, decoration=None)))), rhs=IteratedSuspension(expression=HomotopyElement(name='ν′', dimension=3, source=6, target=3, generator=GeneratorSymbol(family='ν', index=None, decoration='′')), exponent=2), relation_type=<RelationType.EQUALITY: 'equality'>, source=None, note=None), literature_statements=(LiteratureStatement(reference=LiteratureReference(label='Toda Proposition 1.3', author='H. Toda', title='Composition Methods in Homotopy Groups of Spheres', year=1962, locator='Proposition 1.3'), statement='-E{α,E^nβ,E^nγ}_n ⊂ {Eα,E^(n+1)β,E^(n+1)γ}_(n+1).'), LiteratureStatement(reference=LiteratureReference(label='Toda (1.15)', author='H. Toda', title='Composition Methods in Homotopy Groups of Spheres', year=1962, locator='Equation (1.15)'), statement='{α,E^nβ,E^nγ}_n ⊂ {α,E^m(E^(n-m)β),E^m(E^(n-m)γ)}_m.'), LiteratureStatement(reference=LiteratureReference(label='Toda (3.2)', author='H. Toda', title='Composition Methods in Homotopy Groups of Spheres', year=1962, locator='Equation (3.2)'), statement='E: π_i(S^m) → π_(i+1)(S^(m+1)) is an isomorphism for i<2m-1 and is surjective for i=2m-1.'), LiteratureStatement(reference=LiteratureReference(label='Toda Theorem 3.6', author='H. Toda', title='Composition Methods in Homotopy Groups of Spheres', year=1962, locator='Theorem 3.6'), statement='For the Lemma 5.4 specialization α=η₂, β=2ι₃, t=1, there exists α*∈π_7^4 such that 2Eα* belongs to -{η₅,2ι₆,η₆}_3.'), LiteratureStatement(reference=LiteratureReference(label='Toda (4.7)', author='H. Toda', title='Composition Methods in Homotopy Groups of Spheres', year=1962, locator='Equation (4.7)'), statement='For the Toda (5.4) bracket, the indeterminacy used here is η_n∘π_(n+3)^(n+1) + π_(n+2)^n∘η_(n+2).'), LiteratureStatement(reference=LiteratureReference(label='Toda Proposition 5.3', author='H. Toda', title='Composition Methods in Homotopy Groups of Spheres', year=1962, locator='Proposition 5.3'), statement='π_(n+2)^n = Z/2{η_n²} for n≥2.'), LiteratureStatement(reference=LiteratureReference(label='Toda (5.3)', author='H. Toda', title='Composition Methods in Homotopy Groups of Spheres', year=1962, locator='Equation (5.3)'), statement='ν′∈π_6^3, H(ν′)=η₅, and 2ν′=η₃∘η₄∘η₅.'), LiteratureStatement(reference=LiteratureReference(label='Toda (5.4)', author='H. Toda', title='Composition Methods in Homotopy Groups of Spheres', year=1962, locator='Equation (5.4)'), statement='{η_n,2ι_(n+1),η_(n+1)}_t = {±E^(n-3)ν′} for n≥3 and 0≤t≤n-2.'), LiteratureStatement(reference=LiteratureReference(label='Toda (4.8)', author='H. Toda', title='Composition Methods in Homotopy Groups of Spheres', year=1962, locator='Equation (4.8)'), statement='The consequence used in Lemma 5.4 gives H(α*)=(2s+1)ι₇.'), LiteratureStatement(reference=LiteratureReference(label='Toda Lemma 5.4 proof', author='H. Toda', title='Composition Methods in Homotopy Groups of Spheres', year=1962, locator='Lemma 5.4 proof'), statement='H[ι₄,ι₄]=(-1)^u 2ι₇ and E[ι₄,ι₄]=0.'))), n_range=ScalarGreaterEqualStatement(left=ScalarSymbol(name='n'), right=5), double_nu_relation=Relation(lhs=Multiple(coefficient=2, expression=HomotopyElement(name='ν_n', dimension=ScalarSymbol(name='n'), source=ScalarSum(left=ScalarSymbol(name='n'), right=3), target=ScalarSymbol(name='n'), generator=GeneratorSymbol(family='ν', index=ScalarSymbol(name='n'), decoration=None))), rhs=IteratedSuspension(expression=HomotopyElement(name='ν′', dimension=3, source=6, target=3, generator=GeneratorSymbol(family='ν', index=None, decoration='′')), exponent=ScalarSum(left=ScalarSymbol(name='n'), right=ScalarProduct(left=-1, right=3))), relation_type=<RelationType.EQUALITY: 'equality'>, source=None, note=None), quadruple_nu_relation=Relation(lhs=Multiple(coefficient=4, expression=HomotopyElement(name='ν_n', dimension=ScalarSymbol(name='n'), source=ScalarSum(left=ScalarSymbol(name='n'), right=3), target=ScalarSymbol(name='n'), generator=GeneratorSymbol(family='ν', index=ScalarSymbol(name='n'), decoration=None))), rhs=Composition(left=HomotopyElement(name='η_n', dimension=ScalarSymbol(name='n'), source=ScalarSum(left=ScalarSymbol(name='n'), right=1), target=ScalarSymbol(name='n'), generator=GeneratorSymbol(family='η', index=ScalarSymbol(name='n'), decoration=None)), right=Composition(left=HomotopyElement(name='η_(n+1)', dimension=ScalarSum(left=ScalarSymbol(name='n'), right=1), source=ScalarSum(left=ScalarSymbol(name='n'), right=2), target=ScalarSum(left=ScalarSymbol(name='n'), right=1), generator=GeneratorSymbol(family='η', index=ScalarSum(left=ScalarSymbol(name='n'), right=1), decoration=None)), right=HomotopyElement(name='η_(n+2)', dimension=ScalarSum(left=ScalarSymbol(name='n'), right=2), source=ScalarSum(left=ScalarSymbol(name='n'), right=3), target=ScalarSum(left=ScalarSymbol(name='n'), right=2), generator=GeneratorSymbol(family='η', index=ScalarSum(left=ScalarSymbol(name='n'), right=2), decoration=None)))), relation_type=<RelationType.EQUALITY: 'equality'>, source=None, note=None), literature_statements=(LiteratureStatement(reference=LiteratureReference(label='Toda (5.5)', author='H. Toda', title='Composition Methods in Homotopy Groups of Spheres', year=1962, locator='Equation (5.5)'), statement='Finite-dimensional part: ν_n:=E^(n-4)ν₄ for n>=4; for n>=5, 2ν_n=E^(n-3)ν′ and 4ν_n=η_n∘η_(n+1)∘η_(n+2).'),))"
6,3,pi_9^6,4,ScalarGreaterEqualStatement,type_name,,`ScalarGreaterEqualStatement`,"ScalarGreaterEqualStatement(left=ScalarSymbol(name='n'), right=6)"
6,4,pi_10^6,3,Toda45IsomorphismStatement,rule_name,Toda 4.5 stable-range iterated suspension isomorphism,Toda 4.5 stable-range iterated suspension isomorphism,"Toda45IsomorphismStatement(map=TodaIteratedSuspensionMap(exponent=ScalarSum(left=ScalarSymbol(name='n'), right=ScalarProduct(left=-1, right=6)), source_group=TodaPrimaryGroup(group_dimension=ScalarSum(left=6, right=4), sphere_dimension=6), target_group=TodaPrimaryGroup(group_dimension=ScalarSum(left=ScalarSymbol(name='n'), right=4), sphere_dimension=ScalarSymbol(name='n'))))"
6,4,pi_10^6,4,ScalarGreaterEqualStatement,type_name,,`ScalarGreaterEqualStatement`,"ScalarGreaterEqualStatement(left=ScalarSymbol(name='n'), right=6)"
6,5,pi_11^6,3,TodaDeltaKernelFreeCyclicStatement,rule_name,Toda Proposition 5.9 pi_11^11 Delta kernel,Toda Proposition 5.9 pi_11^11 Delta kernel,"TodaDeltaKernelFreeCyclicStatement(map=TodaDeltaMap(source_group=TodaPrimaryGroup(group_dimension=11, sphere_dimension=11), target_group=TodaPrimaryGroup(group_dimension=9, sphere_dimension=5)), kernel_group=FreeCyclicGroup(generator=Multiple(coefficient=2, expression=HomotopyElement(name='ι_11', dimension=11, source=None, target=None, generator=GeneratorSymbol(family='ι', index=11, decoration=None)))))"
6,5,pi_11^6,4,TodaProp27HopfInvariantUpToSignStatement,rule_name,Toda Proposition 5.9 Delta iota_13 Hopf value,Toda Proposition 5.9 Delta iota_13 Hopf value,"TodaProp27HopfInvariantUpToSignStatement(argument=MapApplication(map=MapSymbol(name='Δ'), expression=HomotopyElement(name='ι_13', dimension=13, source=None, target=None, generator=GeneratorSymbol(family='ι', index=13, decoration=None))), positive_value=Multiple(coefficient=2, expression=HomotopyElement(name='ι_11', dimension=11, source=None, target=None, generator=GeneratorSymbol(family='ι', index=11, decoration=None))))"
6,7,pi_13^6,5,Toda36Lemma514SigmaDoublePrimeBridgeStatement,rule_name,Toda Theorem 3.6 Lemma 5.14 sigma double-prime bridge,Toda Theorem 3.6 Lemma 5.14 sigma double-prime bridge,"Toda36Lemma514SigmaDoublePrimeBridgeStatement(nu4=HomotopyElement(name='ν₄', dimension=4, source=7, target=4, generator=GeneratorSymbol(family='ν', index=4, decoration=None)), alpha_star=HomotopyElement(name='α*', dimension=8, source=15, target=8, generator=GeneratorSymbol(family='α*', index=None, decoration=None)), alpha_star_membership=HomotopyGroupMembershipStatement(element=HomotopyElement(name='α*', dimension=8, source=15, target=8, generator=GeneratorSymbol(family='α*', index=None, decoration=None)), group_dimension=15, sphere_dimension=8), lemma513_statement=TodaLemma513Statement(bracket=TodaBracket(first=HomotopyElement(name='ν_5', dimension=5, source=8, target=5, generator=GeneratorSymbol(family='ν', index=5, decoration=None)), second=Multiple(coefficient=8, expression=HomotopyElement(name='ι₈', dimension=8, source=8, target=8, generator=GeneratorSymbol(family='ι', index=8, decoration=None))), third=HomotopyElement(name='ν_8', dimension=8, source=11, target=8, generator=GeneratorSymbol(family='ν', index=8, decoration=None)), index=3), sigma_triple_prime=HomotopyElement(name=""σ'''"", dimension=5, source=12, target=5, generator=GeneratorSymbol(family='σ', index=None, decoration=""'''"")), bracket_membership=TodaBracketMembershipStatement(element=HomotopyElement(name=""σ'''"", dimension=5, source=12, target=5, generator=GeneratorSymbol(family='σ', index=None, decoration=""'''"")), bracket=TodaBracket(first=HomotopyElement(name='ν_5', dimension=5, source=8, target=5, generator=GeneratorSymbol(family='ν', index=5, decoration=None)), second=Multiple(coefficient=8, expression=HomotopyElement(name='ι₈', dimension=8, source=8, target=8, generator=GeneratorSymbol(family='ι', index=8, decoration=None))), third=HomotopyElement(name='ν_8', dimension=8, source=11, target=8, generator=GeneratorSymbol(family='ν', index=8, decoration=None)), index=3), source='Toda Lemma 5.13', note='Toda Lemma 5.13 defines sigma triple-prime by the indexed bracket {nu_5,8 iota_8,nu_8}_3.'), hopf_image=Multiple(coefficient=4, expression=HomotopyElement(name='ν_9', dimension=9, source=12, target=9, generator=GeneratorSymbol(family='ν', index=9, decoration=None)))), odd_parameter=ScalarSymbol(name='x'), odd_parameter_statement=OddScalarStatement(scalar=ScalarSymbol(name='x')), bridge_relation=Relation(lhs=Multiple(coefficient=ScalarProduct(left=8, right=ScalarSymbol(name='x')), expression=Suspension(expression=HomotopyElement(name='α*', dimension=8, source=15, target=8, generator=GeneratorSymbol(family='α*', index=None, decoration=None)))), rhs=IteratedSuspension(expression=HomotopyElement(name=""σ'''"", dimension=5, source=12, target=5, generator=GeneratorSymbol(family='σ', index=None, decoration=""'''"")), exponent=4), relation_type=<RelationType.EQUALITY: 'equality'>, source=None, note=None))"
6,7,pi_13^6,8,TodaProp56FiniteDimensionalStatement,rule_name,Toda Proposition 5.6 finite-dimensional integration,Toda Proposition 5.6 finite-dimensional integration,"TodaProp56FiniteDimensionalStatement(pi5_2_group_relation=Relation(lhs=TodaPrimaryGroup(group_dimension=5, sphere_dimension=2), rhs=FiniteCyclicGroup(order=2, generator=Composition(left=HomotopyElement(name='η₂', dimension=2, source=3, target=2, generator=GeneratorSymbol(family='η', index=2, decoration=None)), right=Composition(left=HomotopyElement(name='η₃', dimension=3, source=4, target=3, generator=GeneratorSymbol(family='η', index=3, decoration=None)), right=HomotopyElement(name='η₄', dimension=4, source=5, target=4, generator=GeneratorSymbol(family='η', index=4, decoration=None))))), relation_type=<RelationType.EQUALITY: 'equality'>, source=None, note=None), pi6_3_group_relation=Relation(lhs=TodaPrimaryGroup(group_dimension=6, sphere_dimension=3), rhs=FiniteCyclicGroup(order=4, generator=HomotopyElement(name='ν′', dimension=3, source=6, target=3, generator=GeneratorSymbol(family='ν', index=None, decoration='′'))), relation_type=<RelationType.EQUALITY: 'equality'>, source=None, note=None), pi7_4_group_relation=Relation(lhs=TodaPrimaryGroup(group_dimension=7, sphere_dimension=4), rhs=DirectSumGroup(summands=(FreeCyclicGroup(generator=HomotopyElement(name='ν₄', dimension=4, source=7, target=4, generator=GeneratorSymbol(family='ν', index=4, decoration=None))), FiniteCyclicGroup(order=4, generator=Suspension(expression=HomotopyElement(name='ν′', dimension=3, source=6, target=3, generator=GeneratorSymbol(family='ν', index=None, decoration='′')))))), relation_type=<RelationType.EQUALITY: 'equality'>, source=None, note=None), pi8_5_group_relation=Relation(lhs=TodaPrimaryGroup(group_dimension=8, sphere_dimension=5), rhs=FiniteCyclicGroup(order=8, generator=HomotopyElement(name='ν_5', dimension=5, source=8, target=5, generator=GeneratorSymbol(family='ν', index=5, decoration=None))), relation_type=<RelationType.EQUALITY: 'equality'>, source=None, note=None), higher_nu_group_relation=Relation(lhs=TodaPrimaryGroup(group_dimension=ScalarSum(left=ScalarSymbol(name='n'), right=3), sphere_dimension=ScalarSymbol(name='n')), rhs=FiniteCyclicGroup(order=8, generator=HomotopyElement(name='ν_n', dimension=ScalarSymbol(name='n'), source=ScalarSum(left=ScalarSymbol(name='n'), right=3), target=ScalarSymbol(name='n'), generator=GeneratorSymbol(family='ν', index=ScalarSymbol(name='n'), decoration=None))), relation_type=<RelationType.EQUALITY: 'equality'>, source=None, note=None), higher_range=ScalarGreaterEqualStatement(left=ScalarSymbol(name='n'), right=6), literature_statements=(LiteratureStatement(reference=LiteratureReference(label='Toda Proposition 5.6', author='H. Toda', title='Composition Methods in Homotopy Groups of Spheres', year=1962, locator='Proposition 5.6'), statement='Finite-dimensional part: pi_5^2 is cyclic of order 2 generated by eta_2 cubed; pi_6^3 is cyclic of order 4 generated by nu-prime; pi_7^4 is the direct sum of Z generated by nu_4 and Z/4 generated by E nu-prime; and pi_(n+3)^n is cyclic of order 8 generated by nu_n for n at least 5.'),))"
6,7,pi_13^6,12,TodaProp515Pi12_5HopfIsomorphismStatement,rule_name,Toda Proposition 5.15 pi_12^5 Hopf isomorphism,Toda Proposition 5.15 pi_12^5 Hopf isomorphism,"TodaProp515Pi12_5HopfIsomorphismStatement(map=TodaHopfInvariantMap(source_group=TodaPrimaryGroup(group_dimension=12, sphere_dimension=5), target_group=TodaPrimaryGroup(group_dimension=12, sphere_dimension=9)), image_group=FiniteCyclicGroup(order=2, generator=Multiple(coefficient=4, expression=HomotopyElement(name='ν_9', dimension=9, source=12, target=9, generator=GeneratorSymbol(family='ν', index=9, decoration=None)))), source_generator=HomotopyElement(name=""σ'''"", dimension=5, source=12, target=5, generator=GeneratorSymbol(family='σ', index=None, decoration=""'''"")), image_generator=Multiple(coefficient=4, expression=HomotopyElement(name='ν_9', dimension=9, source=12, target=9, generator=GeneratorSymbol(family='ν', index=9, decoration=None))))"
6,7,pi_13^6,13,TodaLemma513Statement,rule_name,Toda Lemma 5.13 sigma triple-prime definition,Toda Lemma 5.13 sigma triple-prime definition,"TodaLemma513Statement(bracket=TodaBracket(first=HomotopyElement(name='ν_5', dimension=5, source=8, target=5, generator=GeneratorSymbol(family='ν', index=5, decoration=None)), second=Multiple(coefficient=8, expression=HomotopyElement(name='ι₈', dimension=8, source=8, target=8, generator=GeneratorSymbol(family='ι', index=8, decoration=None))), third=HomotopyElement(name='ν_8', dimension=8, source=11, target=8, generator=GeneratorSymbol(family='ν', index=8, decoration=None)), index=3), sigma_triple_prime=HomotopyElement(name=""σ'''"", dimension=5, source=12, target=5, generator=GeneratorSymbol(family='σ', index=None, decoration=""'''"")), bracket_membership=TodaBracketMembershipStatement(element=HomotopyElement(name=""σ'''"", dimension=5, source=12, target=5, generator=GeneratorSymbol(family='σ', index=None, decoration=""'''"")), bracket=TodaBracket(first=HomotopyElement(name='ν_5', dimension=5, source=8, target=5, generator=GeneratorSymbol(family='ν', index=5, decoration=None)), second=Multiple(coefficient=8, expression=HomotopyElement(name='ι₈', dimension=8, source=8, target=8, generator=GeneratorSymbol(family='ι', index=8, decoration=None))), third=HomotopyElement(name='ν_8', dimension=8, source=11, target=8, generator=GeneratorSymbol(family='ν', index=8, decoration=None)), index=3), source='Toda Lemma 5.13', note='Toda Lemma 5.13 defines sigma triple-prime by the indexed bracket {nu_5,8 iota_8,nu_8}_3.'), hopf_image=Multiple(coefficient=4, expression=HomotopyElement(name='ν_9', dimension=9, source=12, target=9, generator=GeneratorSymbol(family='ν', index=9, decoration=None))))"
6,7,pi_13^6,14,TodaProp53FiniteDimensionalStatement,rule_name,Toda Proposition 5.3 finite-dimensional integration,Toda Proposition 5.3 finite-dimensional integration,"TodaProp53FiniteDimensionalStatement(pi4_2_group_relation=Relation(lhs=TodaPrimaryGroup(group_dimension=4, sphere_dimension=2), rhs=FiniteCyclicGroup(order=2, generator=Composition(left=HomotopyElement(name='η₂', dimension=2, source=3, target=2, generator=GeneratorSymbol(family='η', index=2, decoration=None)), right=HomotopyElement(name='η₃', dimension=3, source=4, target=3, generator=GeneratorSymbol(family='η', index=3, decoration=None)))), relation_type=<RelationType.EQUALITY: 'equality'>, source=None, note=None), pi5_3_group_relation=Relation(lhs=TodaPrimaryGroup(group_dimension=5, sphere_dimension=3), rhs=FiniteCyclicGroup(order=2, generator=Composition(left=HomotopyElement(name='η₃', dimension=3, source=4, target=3, generator=GeneratorSymbol(family='η', index=3, decoration=None)), right=HomotopyElement(name='η₄', dimension=4, source=5, target=4, generator=GeneratorSymbol(family='η', index=4, decoration=None)))), relation_type=<RelationType.EQUALITY: 'equality'>, source=None, note=None), pi6_4_group_relation=Relation(lhs=TodaPrimaryGroup(group_dimension=6, sphere_dimension=4), rhs=FiniteCyclicGroup(order=2, generator=Composition(left=HomotopyElement(name='η₄', dimension=4, source=5, target=4, generator=GeneratorSymbol(family='η', index=4, decoration=None)), right=HomotopyElement(name='η₅', dimension=5, source=6, target=5, generator=GeneratorSymbol(family='η', index=5, decoration=None)))), relation_type=<RelationType.EQUALITY: 'equality'>, source=None, note=None), higher_eta_squared_group_relation=Relation(lhs=TodaPrimaryGroup(group_dimension=ScalarSum(left=ScalarSymbol(name='n'), right=2), sphere_dimension=ScalarSymbol(name='n')), rhs=FiniteCyclicGroup(order=2, generator=Composition(left=HomotopyElement(name='η_n', dimension=ScalarSymbol(name='n'), source=ScalarSum(left=ScalarSymbol(name='n'), right=1), target=ScalarSymbol(name='n'), generator=GeneratorSymbol(family='η', index=ScalarSymbol(name='n'), decoration=None)), right=HomotopyElement(name='η_(n+1)', dimension=ScalarSum(left=ScalarSymbol(name='n'), right=1), source=ScalarSum(left=ScalarSymbol(name='n'), right=2), target=ScalarSum(left=ScalarSymbol(name='n'), right=1), generator=GeneratorSymbol(family='η', index=ScalarSum(left=ScalarSymbol(name='n'), right=1), decoration=None)))), relation_type=<RelationType.EQUALITY: 'equality'>, source=None, note=None), higher_range=ScalarGreaterEqualStatement(left=ScalarSymbol(name='n'), right=5))"
7,3,pi_10^7,4,ScalarGreaterEqualStatement,type_name,,`ScalarGreaterEqualStatement`,"ScalarGreaterEqualStatement(left=ScalarSymbol(name='n'), right=6)"
7,4,pi_11^7,3,Toda45IsomorphismStatement,rule_name,Toda 4.5 stable-range iterated suspension isomorphism,Toda 4.5 stable-range iterated suspension isomorphism,"Toda45IsomorphismStatement(map=TodaIteratedSuspensionMap(exponent=ScalarSum(left=ScalarSymbol(name='n'), right=ScalarProduct(left=-1, right=6)), source_group=TodaPrimaryGroup(group_dimension=ScalarSum(left=6, right=4), sphere_dimension=6), target_group=TodaPrimaryGroup(group_dimension=ScalarSum(left=ScalarSymbol(name='n'), right=4), sphere_dimension=ScalarSymbol(name='n'))))"
7,4,pi_11^7,4,ScalarGreaterEqualStatement,type_name,,`ScalarGreaterEqualStatement`,"ScalarGreaterEqualStatement(left=ScalarSymbol(name='n'), right=6)"
7,5,pi_12^7,3,Toda45IsomorphismStatement,rule_name,Toda 4.5 stable-range iterated suspension isomorphism,Toda 4.5 stable-range iterated suspension isomorphism,"Toda45IsomorphismStatement(map=TodaIteratedSuspensionMap(exponent=ScalarSum(left=ScalarSymbol(name='n'), right=ScalarProduct(left=-1, right=7)), source_group=TodaPrimaryGroup(group_dimension=ScalarSum(left=7, right=5), sphere_dimension=7), target_group=TodaPrimaryGroup(group_dimension=ScalarSum(left=ScalarSymbol(name='n'), right=5), sphere_dimension=ScalarSymbol(name='n'))))"
7,5,pi_12^7,4,ScalarGreaterEqualStatement,type_name,,`ScalarGreaterEqualStatement`,"ScalarGreaterEqualStatement(left=ScalarSymbol(name='n'), right=7)"
7,7,pi_14^7,1,TodaLemma514SigmaPrimeStatement,rule_name,Toda Lemma 5.14 sigma-prime branch,Toda Lemma 5.14 sigma-prime branch,"TodaLemma514SigmaPrimeStatement(sigma_prime=HomotopyElement(name=""σ'"", dimension=7, source=14, target=7, generator=GeneratorSymbol(family='σ', index=None, decoration=""'"")), sigma_double_prime=HomotopyElement(name=""σ''"", dimension=6, source=13, target=6, generator=GeneratorSymbol(family='σ', index=None, decoration=""''"")), double_relation=Relation(lhs=Multiple(coefficient=2, expression=HomotopyElement(name=""σ'"", dimension=7, source=14, target=7, generator=GeneratorSymbol(family='σ', index=None, decoration=""'""))), rhs=Suspension(expression=HomotopyElement(name=""σ''"", dimension=6, source=13, target=6, generator=GeneratorSymbol(family='σ', index=None, decoration=""''""))), relation_type=<RelationType.EQUALITY: 'equality'>, source=None, note=None), hopf_relation=Relation(lhs=MapApplication(map=MapSymbol(name='H'), expression=HomotopyElement(name=""σ'"", dimension=7, source=14, target=7, generator=GeneratorSymbol(family='σ', index=None, decoration=""'""))), rhs=HomotopyElement(name='η_13', dimension=13, source=14, target=13, generator=GeneratorSymbol(family='η', index=13, decoration=None)), relation_type=<RelationType.EQUALITY: 'equality'>, source=None, note=None), sigma_double_prime_statement=TodaLemma514SigmaDoublePrimeStatement(sigma_double_prime=HomotopyElement(name=""σ''"", dimension=6, source=13, target=6, generator=GeneratorSymbol(family='σ', index=None, decoration=""''"")), sigma_triple_prime=HomotopyElement(name=""σ'''"", dimension=5, source=12, target=5, generator=GeneratorSymbol(family='σ', index=None, decoration=""'''"")), alpha_star=HomotopyElement(name='α*', dimension=8, source=15, target=8, generator=GeneratorSymbol(family='α*', index=None, decoration=None)), odd_parameter=ScalarSymbol(name='x'), iterated_suspension_relation=Relation(lhs=IteratedSuspension(expression=HomotopyElement(name=""σ''"", dimension=6, source=13, target=6, generator=GeneratorSymbol(family='σ', index=None, decoration=""''"")), exponent=3), rhs=Multiple(coefficient=ScalarProduct(left=4, right=ScalarSymbol(name='x')), expression=Suspension(expression=HomotopyElement(name='α*', dimension=8, source=15, target=8, generator=GeneratorSymbol(family='α*', index=None, decoration=None)))), relation_type=<RelationType.EQUALITY: 'equality'>, source=None, note=None), double_relation=Relation(lhs=Multiple(coefficient=2, expression=HomotopyElement(name=""σ''"", dimension=6, source=13, target=6, generator=GeneratorSymbol(family='σ', index=None, decoration=""''""))), rhs=Suspension(expression=HomotopyElement(name=""σ'''"", dimension=5, source=12, target=5, generator=GeneratorSymbol(family='σ', index=None, decoration=""'''""))), relation_type=<RelationType.EQUALITY: 'equality'>, source=None, note=None), hopf_relation=Relation(lhs=MapApplication(map=MapSymbol(name='H'), expression=HomotopyElement(name=""σ''"", dimension=6, source=13, target=6, generator=GeneratorSymbol(family='σ', index=None, decoration=""''""))), rhs=Composition(left=HomotopyElement(name='η_11', dimension=11, source=12, target=11, generator=GeneratorSymbol(family='η', index=11, decoration=None)), right=HomotopyElement(name='η_12', dimension=12, source=13, target=12, generator=GeneratorSymbol(family='η', index=12, decoration=None))), relation_type=<RelationType.EQUALITY: 'equality'>, source=None, note=None), theorem36_bridge=Toda36Lemma514SigmaDoublePrimeBridgeStatement(nu4=HomotopyElement(name='ν₄', dimension=4, source=7, target=4, generator=GeneratorSymbol(family='ν', index=4, decoration=None)), alpha_star=HomotopyElement(name='α*', dimension=8, source=15, target=8, generator=GeneratorSymbol(family='α*', index=None, decoration=None)), alpha_star_membership=HomotopyGroupMembershipStatement(element=HomotopyElement(name='α*', dimension=8, source=15, target=8, generator=GeneratorSymbol(family='α*', index=None, decoration=None)), group_dimension=15, sphere_dimension=8), lemma513_statement=TodaLemma513Statement(bracket=TodaBracket(first=HomotopyElement(name='ν_5', dimension=5, source=8, target=5, generator=GeneratorSymbol(family='ν', index=5, decoration=None)), second=Multiple(coefficient=8, expression=HomotopyElement(name='ι₈', dimension=8, source=8, target=8, generator=GeneratorSymbol(family='ι', index=8, decoration=None))), third=HomotopyElement(name='ν_8', dimension=8, source=11, target=8, generator=GeneratorSymbol(family='ν', index=8, decoration=None)), index=3), sigma_triple_prime=HomotopyElement(name=""σ'''"", dimension=5, source=12, target=5, generator=GeneratorSymbol(family='σ', index=None, decoration=""'''"")), bracket_membership=TodaBracketMembershipStatement(element=HomotopyElement(name=""σ'''"", dimension=5, source=12, target=5, generator=GeneratorSymbol(family='σ', index=None, decoration=""'''"")), bracket=TodaBracket(first=HomotopyElement(name='ν_5', dimension=5, source=8, target=5, generator=GeneratorSymbol(family='ν', index=5, decoration=None)), second=Multiple(coefficient=8, expression=HomotopyElement(name='ι₈', dimension=8, source=8, target=8, generator=GeneratorSymbol(family='ι', index=8, decoration=None))), third=HomotopyElement(name='ν_8', dimension=8, source=11, target=8, generator=GeneratorSymbol(family='ν', index=8, decoration=None)), index=3), source='Toda Lemma 5.13', note='Toda Lemma 5.13 defines sigma triple-prime by the indexed bracket {nu_5,8 iota_8,nu_8}_3.'), hopf_image=Multiple(coefficient=4, expression=HomotopyElement(name='ν_9', dimension=9, source=12, target=9, generator=GeneratorSymbol(family='ν', index=9, decoration=None)))), odd_parameter=ScalarSymbol(name='x'), odd_parameter_statement=OddScalarStatement(scalar=ScalarSymbol(name='x')), bridge_relation=Relation(lhs=Multiple(coefficient=ScalarProduct(left=8, right=ScalarSymbol(name='x')), expression=Suspension(expression=HomotopyElement(name='α*', dimension=8, source=15, target=8, generator=GeneratorSymbol(family='α*', index=None, decoration=None)))), rhs=IteratedSuspension(expression=HomotopyElement(name=""σ'''"", dimension=5, source=12, target=5, generator=GeneratorSymbol(family='σ', index=None, decoration=""'''"")), exponent=4), relation_type=<RelationType.EQUALITY: 'equality'>, source=None, note=None)), short_exact_statement=Toda514FirstShortExactStatement(source_group=TodaPrimaryGroup(group_dimension=12, sphere_dimension=5), middle_group=TodaPrimaryGroup(group_dimension=13, sphere_dimension=6), target_group=TodaPrimaryGroup(group_dimension=13, sphere_dimension=11), suspension_map=TodaSuspensionMap(source_group=TodaPrimaryGroup(group_dimension=12, sphere_dimension=5), target_group=TodaPrimaryGroup(group_dimension=13, sphere_dimension=6)), hopf_map=TodaHopfInvariantMap(source_group=TodaPrimaryGroup(group_dimension=13, sphere_dimension=6), target_group=TodaPrimaryGroup(group_dimension=13, sphere_dimension=11)))), short_exact_statement=Toda514SecondShortExactStatement(source_group=TodaPrimaryGroup(group_dimension=13, sphere_dimension=6), middle_group=TodaPrimaryGroup(group_dimension=14, sphere_dimension=7), target_group=TodaPrimaryGroup(group_dimension=14, sphere_dimension=13), suspension_map=TodaSuspensionMap(source_group=TodaPrimaryGroup(group_dimension=13, sphere_dimension=6), target_group=TodaPrimaryGroup(group_dimension=14, sphere_dimension=7)), hopf_map=TodaHopfInvariantMap(source_group=TodaPrimaryGroup(group_dimension=14, sphere_dimension=7), target_group=TodaPrimaryGroup(group_dimension=14, sphere_dimension=13))))"
7,7,pi_14^7,8,TodaProp53FiniteDimensionalStatement,rule_name,Toda Proposition 5.3 finite-dimensional integration,Toda Proposition 5.3 finite-dimensional integration,"TodaProp53FiniteDimensionalStatement(pi4_2_group_relation=Relation(lhs=TodaPrimaryGroup(group_dimension=4, sphere_dimension=2), rhs=FiniteCyclicGroup(order=2, generator=Composition(left=HomotopyElement(name='η₂', dimension=2, source=3, target=2, generator=GeneratorSymbol(family='η', index=2, decoration=None)), right=HomotopyElement(name='η₃', dimension=3, source=4, target=3, generator=GeneratorSymbol(family='η', index=3, decoration=None)))), relation_type=<RelationType.EQUALITY: 'equality'>, source=None, note=None), pi5_3_group_relation=Relation(lhs=TodaPrimaryGroup(group_dimension=5, sphere_dimension=3), rhs=FiniteCyclicGroup(order=2, generator=Composition(left=HomotopyElement(name='η₃', dimension=3, source=4, target=3, generator=GeneratorSymbol(family='η', index=3, decoration=None)), right=HomotopyElement(name='η₄', dimension=4, source=5, target=4, generator=GeneratorSymbol(family='η', index=4, decoration=None)))), relation_type=<RelationType.EQUALITY: 'equality'>, source=None, note=None), pi6_4_group_relation=Relation(lhs=TodaPrimaryGroup(group_dimension=6, sphere_dimension=4), rhs=FiniteCyclicGroup(order=2, generator=Composition(left=HomotopyElement(name='η₄', dimension=4, source=5, target=4, generator=GeneratorSymbol(family='η', index=4, decoration=None)), right=HomotopyElement(name='η₅', dimension=5, source=6, target=5, generator=GeneratorSymbol(family='η', index=5, decoration=None)))), relation_type=<RelationType.EQUALITY: 'equality'>, source=None, note=None), higher_eta_squared_group_relation=Relation(lhs=TodaPrimaryGroup(group_dimension=ScalarSum(left=ScalarSymbol(name='n'), right=2), sphere_dimension=ScalarSymbol(name='n')), rhs=FiniteCyclicGroup(order=2, generator=Composition(left=HomotopyElement(name='η_n', dimension=ScalarSymbol(name='n'), source=ScalarSum(left=ScalarSymbol(name='n'), right=1), target=ScalarSymbol(name='n'), generator=GeneratorSymbol(family='η', index=ScalarSymbol(name='n'), decoration=None)), right=HomotopyElement(name='η_(n+1)', dimension=ScalarSum(left=ScalarSymbol(name='n'), right=1), source=ScalarSum(left=ScalarSymbol(name='n'), right=2), target=ScalarSum(left=ScalarSymbol(name='n'), right=1), generator=GeneratorSymbol(family='η', index=ScalarSum(left=ScalarSymbol(name='n'), right=1), decoration=None)))), relation_type=<RelationType.EQUALITY: 'equality'>, source=None, note=None), higher_range=ScalarGreaterEqualStatement(left=ScalarSymbol(name='n'), right=5))"
7,7,pi_14^7,15,TodaProp51FiniteDimensionalStatement,rule_name,Toda Proposition 5.1 finite-dimensional integration,Toda Proposition 5.1 finite-dimensional integration,"TodaProp51FiniteDimensionalStatement(pi3_2_group_relation=Relation(lhs=TodaPrimaryGroup(group_dimension=3, sphere_dimension=2), rhs=FreeCyclicGroup(generator=HomotopyElement(name='η₂', dimension=2, source=3, target=2, generator=GeneratorSymbol(family='η', index=2, decoration=None))), relation_type=<RelationType.EQUALITY: 'equality'>, source=None, note=None), eta2_hopf_relation=Relation(lhs=MapApplication(map=MapSymbol(name='H'), expression=HomotopyElement(name='η₂', dimension=2, source=3, target=2, generator=GeneratorSymbol(family='η', index=2, decoration=None))), rhs=HomotopyElement(name='ι_3', dimension=3, source=None, target=None, generator=GeneratorSymbol(family='ι', index=3, decoration=None)), relation_type=<RelationType.EQUALITY: 'equality'>, source=None, note=None), delta_iota5_relation=TodaDeltaImageUpToSignStatement(map=TodaDeltaMap(source_group=TodaPrimaryGroup(group_dimension=5, sphere_dimension=5), target_group=TodaPrimaryGroup(group_dimension=3, sphere_dimension=2)), element=HomotopyElement(name='ι_5', dimension=5, source=None, target=None, generator=GeneratorSymbol(family='ι', index=5, decoration=None)), positive_value=Multiple(coefficient=2, expression=HomotopyElement(name='η₂', dimension=2, source=3, target=2, generator=GeneratorSymbol(family='η', index=2, decoration=None)))), higher_eta_group_relation=Relation(lhs=TodaPrimaryGroup(group_dimension=ScalarSum(left=ScalarSymbol(name='n'), right=1), sphere_dimension=ScalarSymbol(name='n')), rhs=FiniteCyclicGroup(order=2, generator=HomotopyElement(name='η_n', dimension=ScalarSymbol(name='n'), source=ScalarSum(left=ScalarSymbol(name='n'), right=1), target=ScalarSymbol(name='n'), generator=GeneratorSymbol(family='η', index=ScalarSymbol(name='n'), decoration=None))), relation_type=<RelationType.EQUALITY: 'equality'>, source=None, note=None))"
8,3,pi_11^8,4,ScalarGreaterEqualStatement,type_name,,`ScalarGreaterEqualStatement`,"ScalarGreaterEqualStatement(left=ScalarSymbol(name='n'), right=6)"
8,4,pi_12^8,3,Toda45IsomorphismStatement,rule_name,Toda 4.5 stable-range iterated suspension isomorphism,Toda 4.5 stable-range iterated suspension isomorphism,"Toda45IsomorphismStatement(map=TodaIteratedSuspensionMap(exponent=ScalarSum(left=ScalarSymbol(name='n'), right=ScalarProduct(left=-1, right=6)), source_group=TodaPrimaryGroup(group_dimension=ScalarSum(left=6, right=4), sphere_dimension=6), target_group=TodaPrimaryGroup(group_dimension=ScalarSum(left=ScalarSymbol(name='n'), right=4), sphere_dimension=ScalarSymbol(name='n'))))"
8,4,pi_12^8,4,ScalarGreaterEqualStatement,type_name,,`ScalarGreaterEqualStatement`,"ScalarGreaterEqualStatement(left=ScalarSymbol(name='n'), right=6)"
8,5,pi_13^8,3,Toda45IsomorphismStatement,rule_name,Toda 4.5 stable-range iterated suspension isomorphism,Toda 4.5 stable-range iterated suspension isomorphism,"Toda45IsomorphismStatement(map=TodaIteratedSuspensionMap(exponent=ScalarSum(left=ScalarSymbol(name='n'), right=ScalarProduct(left=-1, right=7)), source_group=TodaPrimaryGroup(group_dimension=ScalarSum(left=7, right=5), sphere_dimension=7), target_group=TodaPrimaryGroup(group_dimension=ScalarSum(left=ScalarSymbol(name='n'), right=5), sphere_dimension=ScalarSymbol(name='n'))))"
8,5,pi_13^8,4,ScalarGreaterEqualStatement,type_name,,`ScalarGreaterEqualStatement`,"ScalarGreaterEqualStatement(left=ScalarSymbol(name='n'), right=7)"
8,6,pi_14^8,5,TodaProp44IsomorphismStatement,type_name,,`TodaProp44IsomorphismStatement`,"TodaProp44IsomorphismStatement(map=TodaProp44DecompositionMap(source_group=DirectSumGroup(summands=(TodaPrimaryGroup(group_dimension=13, sphere_dimension=7), TodaPrimaryGroup(group_dimension=14, sphere_dimension=15))), target_group=TodaPrimaryGroup(group_dimension=14, sphere_dimension=8), alpha=HomotopyElement(name='σ₈', dimension=8, source=15, target=8, generator=GeneratorSymbol(family='σ', index=8, decoration=None)), beta=HomotopyElement(name='β', dimension=13, source=13, target=7, generator=GeneratorSymbol(family='β', index=None, decoration=None)), gamma=HomotopyElement(name='γ', dimension=14, source=14, target=15, generator=GeneratorSymbol(family='γ', index=None, decoration=None)), formula=Sum(left=Suspension(expression=HomotopyElement(name='β', dimension=13, source=13, target=7, generator=GeneratorSymbol(family='β', index=None, decoration=None))), right=Composition(left=HomotopyElement(name='σ₈', dimension=8, source=15, target=8, generator=GeneratorSymbol(family='σ', index=8, decoration=None)), right=HomotopyElement(name='γ', dimension=14, source=14, target=15, generator=GeneratorSymbol(family='γ', index=None, decoration=None))))))"
8,7,pi_15^8,2,TodaProp44IsomorphismStatement,rule_name,Toda Proposition 5.15 sigma_8 n=8 Proposition 4.4 decomposition specialization,Toda Proposition 5.15 sigma_8 n=8 Proposition 4.4 decomposition specialization,"TodaProp44IsomorphismStatement(map=TodaProp44DecompositionMap(source_group=DirectSumGroup(summands=(TodaPrimaryGroup(group_dimension=14, sphere_dimension=7), TodaPrimaryGroup(group_dimension=15, sphere_dimension=15))), target_group=TodaPrimaryGroup(group_dimension=15, sphere_dimension=8), alpha=HomotopyElement(name='σ₈', dimension=8, source=15, target=8, generator=GeneratorSymbol(family='σ', index=8, decoration=None)), beta=HomotopyElement(name='α', dimension=14, source=None, target=None, generator=None), gamma=HomotopyElement(name='β', dimension=15, source=None, target=None, generator=None), formula=Sum(left=Suspension(expression=HomotopyElement(name='α', dimension=14, source=None, target=None, generator=None)), right=Composition(left=HomotopyElement(name='σ₈', dimension=8, source=15, target=8, generator=GeneratorSymbol(family='σ', index=8, decoration=None)), right=HomotopyElement(name='β', dimension=15, source=None, target=None, generator=None)))))"
9,3,pi_12^9,4,ScalarGreaterEqualStatement,type_name,,`ScalarGreaterEqualStatement`,"ScalarGreaterEqualStatement(left=ScalarSymbol(name='n'), right=6)"
9,4,pi_13^9,3,Toda45IsomorphismStatement,rule_name,Toda 4.5 stable-range iterated suspension isomorphism,Toda 4.5 stable-range iterated suspension isomorphism,"Toda45IsomorphismStatement(map=TodaIteratedSuspensionMap(exponent=ScalarSum(left=ScalarSymbol(name='n'), right=ScalarProduct(left=-1, right=6)), source_group=TodaPrimaryGroup(group_dimension=ScalarSum(left=6, right=4), sphere_dimension=6), target_group=TodaPrimaryGroup(group_dimension=ScalarSum(left=ScalarSymbol(name='n'), right=4), sphere_dimension=ScalarSymbol(name='n'))))"
9,4,pi_13^9,4,ScalarGreaterEqualStatement,type_name,,`ScalarGreaterEqualStatement`,"ScalarGreaterEqualStatement(left=ScalarSymbol(name='n'), right=6)"
9,5,pi_14^9,3,Toda45IsomorphismStatement,rule_name,Toda 4.5 stable-range iterated suspension isomorphism,Toda 4.5 stable-range iterated suspension isomorphism,"Toda45IsomorphismStatement(map=TodaIteratedSuspensionMap(exponent=ScalarSum(left=ScalarSymbol(name='n'), right=ScalarProduct(left=-1, right=7)), source_group=TodaPrimaryGroup(group_dimension=ScalarSum(left=7, right=5), sphere_dimension=7), target_group=TodaPrimaryGroup(group_dimension=ScalarSum(left=ScalarSymbol(name='n'), right=5), sphere_dimension=ScalarSymbol(name='n'))))"
9,5,pi_14^9,4,ScalarGreaterEqualStatement,type_name,,`ScalarGreaterEqualStatement`,"ScalarGreaterEqualStatement(left=ScalarSymbol(name='n'), right=7)"
9,6,pi_15^9,3,Toda45IsomorphismStatement,rule_name,Toda 4.5 stable-range iterated suspension isomorphism,Toda 4.5 stable-range iterated suspension isomorphism,"Toda45IsomorphismStatement(map=TodaIteratedSuspensionMap(exponent=ScalarSum(left=ScalarSymbol(name='n'), right=ScalarProduct(left=-1, right=8)), source_group=TodaPrimaryGroup(group_dimension=ScalarSum(left=8, right=6), sphere_dimension=8), target_group=TodaPrimaryGroup(group_dimension=ScalarSum(left=ScalarSymbol(name='n'), right=6), sphere_dimension=ScalarSymbol(name='n'))))"
9,6,pi_15^9,4,ScalarGreaterEqualStatement,type_name,,`ScalarGreaterEqualStatement`,"ScalarGreaterEqualStatement(left=ScalarSymbol(name='n'), right=9)"
9,7,pi_16^9,2,TodaLemma514Sigma8Statement,rule_name,Toda Lemma 5.14 sigma_8 branch,Toda Lemma 5.14 sigma_8 branch,"TodaLemma514Sigma8Statement(sigma8=HomotopyElement(name='σ₈', dimension=8, source=15, target=8, generator=GeneratorSymbol(family='σ', index=8, decoration=None)), sigma_prime=HomotopyElement(name=""σ'"", dimension=7, source=14, target=7, generator=GeneratorSymbol(family='σ', index=None, decoration=""'"")), alpha_star=HomotopyElement(name='α*', dimension=8, source=15, target=8, generator=GeneratorSymbol(family='α*', index=None, decoration=None)), odd_parameter=ScalarSymbol(name='x'), correction_parameter=ScalarSymbol(name='y'), definition_relation=Relation(lhs=HomotopyElement(name='σ₈', dimension=8, source=15, target=8, generator=GeneratorSymbol(family='σ', index=8, decoration=None)), rhs=Sum(left=Multiple(coefficient=ScalarSymbol(name='x'), expression=HomotopyElement(name='α*', dimension=8, source=15, target=8, generator=GeneratorSymbol(family='α*', index=None, decoration=None))), right=Multiple(coefficient=ScalarProduct(left=-1, right=ScalarSymbol(name='y')), expression=MapApplication(map=MapSymbol(name='Δ'), expression=HomotopyElement(name='ι_17', dimension=17, source=None, target=None, generator=GeneratorSymbol(family='ι', index=17, decoration=None))))), relation_type=<RelationType.EQUALITY: 'equality'>, source=None, note=None), hopf_relation=Relation(lhs=MapApplication(map=MapSymbol(name='H'), expression=HomotopyElement(name='σ₈', dimension=8, source=15, target=8, generator=GeneratorSymbol(family='σ', index=8, decoration=None))), rhs=HomotopyElement(name='ι_15', dimension=15, source=None, target=None, generator=GeneratorSymbol(family='ι', index=15, decoration=None)), relation_type=<RelationType.EQUALITY: 'equality'>, source=None, note=None), suspension_relation=Relation(lhs=Suspension(expression=HomotopyElement(name='σ₈', dimension=8, source=15, target=8, generator=GeneratorSymbol(family='σ', index=8, decoration=None))), rhs=Multiple(coefficient=ScalarSymbol(name='x'), expression=Suspension(expression=HomotopyElement(name='α*', dimension=8, source=15, target=8, generator=GeneratorSymbol(family='α*', index=None, decoration=None)))), relation_type=<RelationType.EQUALITY: 'equality'>, source=None, note=None), double_suspension_relation=Relation(lhs=Multiple(coefficient=2, expression=Suspension(expression=HomotopyElement(name='σ₈', dimension=8, source=15, target=8, generator=GeneratorSymbol(family='σ', index=8, decoration=None)))), rhs=IteratedSuspension(expression=HomotopyElement(name=""σ'"", dimension=7, source=14, target=7, generator=GeneratorSymbol(family='σ', index=None, decoration=""'"")), exponent=2), relation_type=<RelationType.EQUALITY: 'equality'>, source=None, note=None), theorem36_bridge=Toda36Lemma514SigmaDoublePrimeBridgeStatement(nu4=HomotopyElement(name='ν₄', dimension=4, source=7, target=4, generator=GeneratorSymbol(family='ν', index=4, decoration=None)), alpha_star=HomotopyElement(name='α*', dimension=8, source=15, target=8, generator=GeneratorSymbol(family='α*', index=None, decoration=None)), alpha_star_membership=HomotopyGroupMembershipStatement(element=HomotopyElement(name='α*', dimension=8, source=15, target=8, generator=GeneratorSymbol(family='α*', index=None, decoration=None)), group_dimension=15, sphere_dimension=8), lemma513_statement=TodaLemma513Statement(bracket=TodaBracket(first=HomotopyElement(name='ν_5', dimension=5, source=8, target=5, generator=GeneratorSymbol(family='ν', index=5, decoration=None)), second=Multiple(coefficient=8, expression=HomotopyElement(name='ι₈', dimension=8, source=8, target=8, generator=GeneratorSymbol(family='ι', index=8, decoration=None))), third=HomotopyElement(name='ν_8', dimension=8, source=11, target=8, generator=GeneratorSymbol(family='ν', index=8, decoration=None)), index=3), sigma_triple_prime=HomotopyElement(name=""σ'''"", dimension=5, source=12, target=5, generator=GeneratorSymbol(family='σ', index=None, decoration=""'''"")), bracket_membership=TodaBracketMembershipStatement(element=HomotopyElement(name=""σ'''"", dimension=5, source=12, target=5, generator=GeneratorSymbol(family='σ', index=None, decoration=""'''"")), bracket=TodaBracket(first=HomotopyElement(name='ν_5', dimension=5, source=8, target=5, generator=GeneratorSymbol(family='ν', index=5, decoration=None)), second=Multiple(coefficient=8, expression=HomotopyElement(name='ι₈', dimension=8, source=8, target=8, generator=GeneratorSymbol(family='ι', index=8, decoration=None))), third=HomotopyElement(name='ν_8', dimension=8, source=11, target=8, generator=GeneratorSymbol(family='ν', index=8, decoration=None)), index=3), source='Toda Lemma 5.13', note='Toda Lemma 5.13 defines sigma triple-prime by the indexed bracket {nu_5,8 iota_8,nu_8}_3.'), hopf_image=Multiple(coefficient=4, expression=HomotopyElement(name='ν_9', dimension=9, source=12, target=9, generator=GeneratorSymbol(family='ν', index=9, decoration=None)))), odd_parameter=ScalarSymbol(name='x'), odd_parameter_statement=OddScalarStatement(scalar=ScalarSymbol(name='x')), bridge_relation=Relation(lhs=Multiple(coefficient=ScalarProduct(left=8, right=ScalarSymbol(name='x')), expression=Suspension(expression=HomotopyElement(name='α*', dimension=8, source=15, target=8, generator=GeneratorSymbol(family='α*', index=None, decoration=None)))), rhs=IteratedSuspension(expression=HomotopyElement(name=""σ'''"", dimension=5, source=12, target=5, generator=GeneratorSymbol(family='σ', index=None, decoration=""'''"")), exponent=4), relation_type=<RelationType.EQUALITY: 'equality'>, source=None, note=None)), sigma_prime_statement=TodaLemma514SigmaPrimeStatement(sigma_prime=HomotopyElement(name=""σ'"", dimension=7, source=14, target=7, generator=GeneratorSymbol(family='σ', index=None, decoration=""'"")), sigma_double_prime=HomotopyElement(name=""σ''"", dimension=6, source=13, target=6, generator=GeneratorSymbol(family='σ', index=None, decoration=""''"")), double_relation=Relation(lhs=Multiple(coefficient=2, expression=HomotopyElement(name=""σ'"", dimension=7, source=14, target=7, generator=GeneratorSymbol(family='σ', index=None, decoration=""'""))), rhs=Suspension(expression=HomotopyElement(name=""σ''"", dimension=6, source=13, target=6, generator=GeneratorSymbol(family='σ', index=None, decoration=""''""))), relation_type=<RelationType.EQUALITY: 'equality'>, source=None, note=None), hopf_relation=Relation(lhs=MapApplication(map=MapSymbol(name='H'), expression=HomotopyElement(name=""σ'"", dimension=7, source=14, target=7, generator=GeneratorSymbol(family='σ', index=None, decoration=""'""))), rhs=HomotopyElement(name='η_13', dimension=13, source=14, target=13, generator=GeneratorSymbol(family='η', index=13, decoration=None)), relation_type=<RelationType.EQUALITY: 'equality'>, source=None, note=None), sigma_double_prime_statement=TodaLemma514SigmaDoublePrimeStatement(sigma_double_prime=HomotopyElement(name=""σ''"", dimension=6, source=13, target=6, generator=GeneratorSymbol(family='σ', index=None, decoration=""''"")), sigma_triple_prime=HomotopyElement(name=""σ'''"", dimension=5, source=12, target=5, generator=GeneratorSymbol(family='σ', index=None, decoration=""'''"")), alpha_star=HomotopyElement(name='α*', dimension=8, source=15, target=8, generator=GeneratorSymbol(family='α*', index=None, decoration=None)), odd_parameter=ScalarSymbol(name='x'), iterated_suspension_relation=Relation(lhs=IteratedSuspension(expression=HomotopyElement(name=""σ''"", dimension=6, source=13, target=6, generator=GeneratorSymbol(family='σ', index=None, decoration=""''"")), exponent=3), rhs=Multiple(coefficient=ScalarProduct(left=4, right=ScalarSymbol(name='x')), expression=Suspension(expression=HomotopyElement(name='α*', dimension=8, source=15, target=8, generator=GeneratorSymbol(family='α*', index=None, decoration=None)))), relation_type=<RelationType.EQUALITY: 'equality'>, source=None, note=None), double_relation=Relation(lhs=Multiple(coefficient=2, expression=HomotopyElement(name=""σ''"", dimension=6, source=13, target=6, generator=GeneratorSymbol(family='σ', index=None, decoration=""''""))), rhs=Suspension(expression=HomotopyElement(name=""σ'''"", dimension=5, source=12, target=5, generator=GeneratorSymbol(family='σ', index=None, decoration=""'''""))), relation_type=<RelationType.EQUALITY: 'equality'>, source=None, note=None), hopf_relation=Relation(lhs=MapApplication(map=MapSymbol(name='H'), expression=HomotopyElement(name=""σ''"", dimension=6, source=13, target=6, generator=GeneratorSymbol(family='σ', index=None, decoration=""''""))), rhs=Composition(left=HomotopyElement(name='η_11', dimension=11, source=12, target=11, generator=GeneratorSymbol(family='η', index=11, decoration=None)), right=HomotopyElement(name='η_12', dimension=12, source=13, target=12, generator=GeneratorSymbol(family='η', index=12, decoration=None))), relation_type=<RelationType.EQUALITY: 'equality'>, source=None, note=None), theorem36_bridge=Toda36Lemma514SigmaDoublePrimeBridgeStatement(nu4=HomotopyElement(name='ν₄', dimension=4, source=7, target=4, generator=GeneratorSymbol(family='ν', index=4, decoration=None)), alpha_star=HomotopyElement(name='α*', dimension=8, source=15, target=8, generator=GeneratorSymbol(family='α*', index=None, decoration=None)), alpha_star_membership=HomotopyGroupMembershipStatement(element=HomotopyElement(name='α*', dimension=8, source=15, target=8, generator=GeneratorSymbol(family='α*', index=None, decoration=None)), group_dimension=15, sphere_dimension=8), lemma513_statement=TodaLemma513Statement(bracket=TodaBracket(first=HomotopyElement(name='ν_5', dimension=5, source=8, target=5, generator=GeneratorSymbol(family='ν', index=5, decoration=None)), second=Multiple(coefficient=8, expression=HomotopyElement(name='ι₈', dimension=8, source=8, target=8, generator=GeneratorSymbol(family='ι', index=8, decoration=None))), third=HomotopyElement(name='ν_8', dimension=8, source=11, target=8, generator=GeneratorSymbol(family='ν', index=8, decoration=None)), index=3), sigma_triple_prime=HomotopyElement(name=""σ'''"", dimension=5, source=12, target=5, generator=GeneratorSymbol(family='σ', index=None, decoration=""'''"")), bracket_membership=TodaBracketMembershipStatement(element=HomotopyElement(name=""σ'''"", dimension=5, source=12, target=5, generator=GeneratorSymbol(family='σ', index=None, decoration=""'''"")), bracket=TodaBracket(first=HomotopyElement(name='ν_5', dimension=5, source=8, target=5, generator=GeneratorSymbol(family='ν', index=5, decoration=None)), second=Multiple(coefficient=8, expression=HomotopyElement(name='ι₈', dimension=8, source=8, target=8, generator=GeneratorSymbol(family='ι', index=8, decoration=None))), third=HomotopyElement(name='ν_8', dimension=8, source=11, target=8, generator=GeneratorSymbol(family='ν', index=8, decoration=None)), index=3), source='Toda Lemma 5.13', note='Toda Lemma 5.13 defines sigma triple-prime by the indexed bracket {nu_5,8 iota_8,nu_8}_3.'), hopf_image=Multiple(coefficient=4, expression=HomotopyElement(name='ν_9', dimension=9, source=12, target=9, generator=GeneratorSymbol(family='ν', index=9, decoration=None)))), odd_parameter=ScalarSymbol(name='x'), odd_parameter_statement=OddScalarStatement(scalar=ScalarSymbol(name='x')), bridge_relation=Relation(lhs=Multiple(coefficient=ScalarProduct(left=8, right=ScalarSymbol(name='x')), expression=Suspension(expression=HomotopyElement(name='α*', dimension=8, source=15, target=8, generator=GeneratorSymbol(family='α*', index=None, decoration=None)))), rhs=IteratedSuspension(expression=HomotopyElement(name=""σ'''"", dimension=5, source=12, target=5, generator=GeneratorSymbol(family='σ', index=None, decoration=""'''"")), exponent=4), relation_type=<RelationType.EQUALITY: 'equality'>, source=None, note=None)), short_exact_statement=Toda514FirstShortExactStatement(source_group=TodaPrimaryGroup(group_dimension=12, sphere_dimension=5), middle_group=TodaPrimaryGroup(group_dimension=13, sphere_dimension=6), target_group=TodaPrimaryGroup(group_dimension=13, sphere_dimension=11), suspension_map=TodaSuspensionMap(source_group=TodaPrimaryGroup(group_dimension=12, sphere_dimension=5), target_group=TodaPrimaryGroup(group_dimension=13, sphere_dimension=6)), hopf_map=TodaHopfInvariantMap(source_group=TodaPrimaryGroup(group_dimension=13, sphere_dimension=6), target_group=TodaPrimaryGroup(group_dimension=13, sphere_dimension=11)))), short_exact_statement=Toda514SecondShortExactStatement(source_group=TodaPrimaryGroup(group_dimension=13, sphere_dimension=6), middle_group=TodaPrimaryGroup(group_dimension=14, sphere_dimension=7), target_group=TodaPrimaryGroup(group_dimension=14, sphere_dimension=13), suspension_map=TodaSuspensionMap(source_group=TodaPrimaryGroup(group_dimension=13, sphere_dimension=6), target_group=TodaPrimaryGroup(group_dimension=14, sphere_dimension=7)), hopf_map=TodaHopfInvariantMap(source_group=TodaPrimaryGroup(group_dimension=14, sphere_dimension=7), target_group=TodaPrimaryGroup(group_dimension=14, sphere_dimension=13)))))"
9,7,pi_16^9,5,Toda36Lemma514SigmaDoublePrimeBridgeStatement,rule_name,Toda Theorem 3.6 Lemma 5.14 sigma double-prime bridge,Toda Theorem 3.6 Lemma 5.14 sigma double-prime bridge,"Toda36Lemma514SigmaDoublePrimeBridgeStatement(nu4=HomotopyElement(name='ν₄', dimension=4, source=7, target=4, generator=GeneratorSymbol(family='ν', index=4, decoration=None)), alpha_star=HomotopyElement(name='α*', dimension=8, source=15, target=8, generator=GeneratorSymbol(family='α*', index=None, decoration=None)), alpha_star_membership=HomotopyGroupMembershipStatement(element=HomotopyElement(name='α*', dimension=8, source=15, target=8, generator=GeneratorSymbol(family='α*', index=None, decoration=None)), group_dimension=15, sphere_dimension=8), lemma513_statement=TodaLemma513Statement(bracket=TodaBracket(first=HomotopyElement(name='ν_5', dimension=5, source=8, target=5, generator=GeneratorSymbol(family='ν', index=5, decoration=None)), second=Multiple(coefficient=8, expression=HomotopyElement(name='ι₈', dimension=8, source=8, target=8, generator=GeneratorSymbol(family='ι', index=8, decoration=None))), third=HomotopyElement(name='ν_8', dimension=8, source=11, target=8, generator=GeneratorSymbol(family='ν', index=8, decoration=None)), index=3), sigma_triple_prime=HomotopyElement(name=""σ'''"", dimension=5, source=12, target=5, generator=GeneratorSymbol(family='σ', index=None, decoration=""'''"")), bracket_membership=TodaBracketMembershipStatement(element=HomotopyElement(name=""σ'''"", dimension=5, source=12, target=5, generator=GeneratorSymbol(family='σ', index=None, decoration=""'''"")), bracket=TodaBracket(first=HomotopyElement(name='ν_5', dimension=5, source=8, target=5, generator=GeneratorSymbol(family='ν', index=5, decoration=None)), second=Multiple(coefficient=8, expression=HomotopyElement(name='ι₈', dimension=8, source=8, target=8, generator=GeneratorSymbol(family='ι', index=8, decoration=None))), third=HomotopyElement(name='ν_8', dimension=8, source=11, target=8, generator=GeneratorSymbol(family='ν', index=8, decoration=None)), index=3), source='Toda Lemma 5.13', note='Toda Lemma 5.13 defines sigma triple-prime by the indexed bracket {nu_5,8 iota_8,nu_8}_3.'), hopf_image=Multiple(coefficient=4, expression=HomotopyElement(name='ν_9', dimension=9, source=12, target=9, generator=GeneratorSymbol(family='ν', index=9, decoration=None)))), odd_parameter=ScalarSymbol(name='x'), odd_parameter_statement=OddScalarStatement(scalar=ScalarSymbol(name='x')), bridge_relation=Relation(lhs=Multiple(coefficient=ScalarProduct(left=8, right=ScalarSymbol(name='x')), expression=Suspension(expression=HomotopyElement(name='α*', dimension=8, source=15, target=8, generator=GeneratorSymbol(family='α*', index=None, decoration=None)))), rhs=IteratedSuspension(expression=HomotopyElement(name=""σ'''"", dimension=5, source=12, target=5, generator=GeneratorSymbol(family='σ', index=None, decoration=""'''"")), exponent=4), relation_type=<RelationType.EQUALITY: 'equality'>, source=None, note=None))"
9,7,pi_16^9,6,TodaLemma514SigmaPrimeStatement,rule_name,Toda Lemma 5.14 sigma-prime branch,Toda Lemma 5.14 sigma-prime branch,"TodaLemma514SigmaPrimeStatement(sigma_prime=HomotopyElement(name=""σ'"", dimension=7, source=14, target=7, generator=GeneratorSymbol(family='σ', index=None, decoration=""'"")), sigma_double_prime=HomotopyElement(name=""σ''"", dimension=6, source=13, target=6, generator=GeneratorSymbol(family='σ', index=None, decoration=""''"")), double_relation=Relation(lhs=Multiple(coefficient=2, expression=HomotopyElement(name=""σ'"", dimension=7, source=14, target=7, generator=GeneratorSymbol(family='σ', index=None, decoration=""'""))), rhs=Suspension(expression=HomotopyElement(name=""σ''"", dimension=6, source=13, target=6, generator=GeneratorSymbol(family='σ', index=None, decoration=""''""))), relation_type=<RelationType.EQUALITY: 'equality'>, source=None, note=None), hopf_relation=Relation(lhs=MapApplication(map=MapSymbol(name='H'), expression=HomotopyElement(name=""σ'"", dimension=7, source=14, target=7, generator=GeneratorSymbol(family='σ', index=None, decoration=""'""))), rhs=HomotopyElement(name='η_13', dimension=13, source=14, target=13, generator=GeneratorSymbol(family='η', index=13, decoration=None)), relation_type=<RelationType.EQUALITY: 'equality'>, source=None, note=None), sigma_double_prime_statement=TodaLemma514SigmaDoublePrimeStatement(sigma_double_prime=HomotopyElement(name=""σ''"", dimension=6, source=13, target=6, generator=GeneratorSymbol(family='σ', index=None, decoration=""''"")), sigma_triple_prime=HomotopyElement(name=""σ'''"", dimension=5, source=12, target=5, generator=GeneratorSymbol(family='σ', index=None, decoration=""'''"")), alpha_star=HomotopyElement(name='α*', dimension=8, source=15, target=8, generator=GeneratorSymbol(family='α*', index=None, decoration=None)), odd_parameter=ScalarSymbol(name='x'), iterated_suspension_relation=Relation(lhs=IteratedSuspension(expression=HomotopyElement(name=""σ''"", dimension=6, source=13, target=6, generator=GeneratorSymbol(family='σ', index=None, decoration=""''"")), exponent=3), rhs=Multiple(coefficient=ScalarProduct(left=4, right=ScalarSymbol(name='x')), expression=Suspension(expression=HomotopyElement(name='α*', dimension=8, source=15, target=8, generator=GeneratorSymbol(family='α*', index=None, decoration=None)))), relation_type=<RelationType.EQUALITY: 'equality'>, source=None, note=None), double_relation=Relation(lhs=Multiple(coefficient=2, expression=HomotopyElement(name=""σ''"", dimension=6, source=13, target=6, generator=GeneratorSymbol(family='σ', index=None, decoration=""''""))), rhs=Suspension(expression=HomotopyElement(name=""σ'''"", dimension=5, source=12, target=5, generator=GeneratorSymbol(family='σ', index=None, decoration=""'''""))), relation_type=<RelationType.EQUALITY: 'equality'>, source=None, note=None), hopf_relation=Relation(lhs=MapApplication(map=MapSymbol(name='H'), expression=HomotopyElement(name=""σ''"", dimension=6, source=13, target=6, generator=GeneratorSymbol(family='σ', index=None, decoration=""''""))), rhs=Composition(left=HomotopyElement(name='η_11', dimension=11, source=12, target=11, generator=GeneratorSymbol(family='η', index=11, decoration=None)), right=HomotopyElement(name='η_12', dimension=12, source=13, target=12, generator=GeneratorSymbol(family='η', index=12, decoration=None))), relation_type=<RelationType.EQUALITY: 'equality'>, source=None, note=None), theorem36_bridge=Toda36Lemma514SigmaDoublePrimeBridgeStatement(nu4=HomotopyElement(name='ν₄', dimension=4, source=7, target=4, generator=GeneratorSymbol(family='ν', index=4, decoration=None)), alpha_star=HomotopyElement(name='α*', dimension=8, source=15, target=8, generator=GeneratorSymbol(family='α*', index=None, decoration=None)), alpha_star_membership=HomotopyGroupMembershipStatement(element=HomotopyElement(name='α*', dimension=8, source=15, target=8, generator=GeneratorSymbol(family='α*', index=None, decoration=None)), group_dimension=15, sphere_dimension=8), lemma513_statement=TodaLemma513Statement(bracket=TodaBracket(first=HomotopyElement(name='ν_5', dimension=5, source=8, target=5, generator=GeneratorSymbol(family='ν', index=5, decoration=None)), second=Multiple(coefficient=8, expression=HomotopyElement(name='ι₈', dimension=8, source=8, target=8, generator=GeneratorSymbol(family='ι', index=8, decoration=None))), third=HomotopyElement(name='ν_8', dimension=8, source=11, target=8, generator=GeneratorSymbol(family='ν', index=8, decoration=None)), index=3), sigma_triple_prime=HomotopyElement(name=""σ'''"", dimension=5, source=12, target=5, generator=GeneratorSymbol(family='σ', index=None, decoration=""'''"")), bracket_membership=TodaBracketMembershipStatement(element=HomotopyElement(name=""σ'''"", dimension=5, source=12, target=5, generator=GeneratorSymbol(family='σ', index=None, decoration=""'''"")), bracket=TodaBracket(first=HomotopyElement(name='ν_5', dimension=5, source=8, target=5, generator=GeneratorSymbol(family='ν', index=5, decoration=None)), second=Multiple(coefficient=8, expression=HomotopyElement(name='ι₈', dimension=8, source=8, target=8, generator=GeneratorSymbol(family='ι', index=8, decoration=None))), third=HomotopyElement(name='ν_8', dimension=8, source=11, target=8, generator=GeneratorSymbol(family='ν', index=8, decoration=None)), index=3), source='Toda Lemma 5.13', note='Toda Lemma 5.13 defines sigma triple-prime by the indexed bracket {nu_5,8 iota_8,nu_8}_3.'), hopf_image=Multiple(coefficient=4, expression=HomotopyElement(name='ν_9', dimension=9, source=12, target=9, generator=GeneratorSymbol(family='ν', index=9, decoration=None)))), odd_parameter=ScalarSymbol(name='x'), odd_parameter_statement=OddScalarStatement(scalar=ScalarSymbol(name='x')), bridge_relation=Relation(lhs=Multiple(coefficient=ScalarProduct(left=8, right=ScalarSymbol(name='x')), expression=Suspension(expression=HomotopyElement(name='α*', dimension=8, source=15, target=8, generator=GeneratorSymbol(family='α*', index=None, decoration=None)))), rhs=IteratedSuspension(expression=HomotopyElement(name=""σ'''"", dimension=5, source=12, target=5, generator=GeneratorSymbol(family='σ', index=None, decoration=""'''"")), exponent=4), relation_type=<RelationType.EQUALITY: 'equality'>, source=None, note=None)), short_exact_statement=Toda514FirstShortExactStatement(source_group=TodaPrimaryGroup(group_dimension=12, sphere_dimension=5), middle_group=TodaPrimaryGroup(group_dimension=13, sphere_dimension=6), target_group=TodaPrimaryGroup(group_dimension=13, sphere_dimension=11), suspension_map=TodaSuspensionMap(source_group=TodaPrimaryGroup(group_dimension=12, sphere_dimension=5), target_group=TodaPrimaryGroup(group_dimension=13, sphere_dimension=6)), hopf_map=TodaHopfInvariantMap(source_group=TodaPrimaryGroup(group_dimension=13, sphere_dimension=6), target_group=TodaPrimaryGroup(group_dimension=13, sphere_dimension=11)))), short_exact_statement=Toda514SecondShortExactStatement(source_group=TodaPrimaryGroup(group_dimension=13, sphere_dimension=6), middle_group=TodaPrimaryGroup(group_dimension=14, sphere_dimension=7), target_group=TodaPrimaryGroup(group_dimension=14, sphere_dimension=13), suspension_map=TodaSuspensionMap(source_group=TodaPrimaryGroup(group_dimension=13, sphere_dimension=6), target_group=TodaPrimaryGroup(group_dimension=14, sphere_dimension=7)), hopf_map=TodaHopfInvariantMap(source_group=TodaPrimaryGroup(group_dimension=14, sphere_dimension=7), target_group=TodaPrimaryGroup(group_dimension=14, sphere_dimension=13))))"
9,7,pi_16^9,8,TodaProp515Pi12_5HopfIsomorphismStatement,rule_name,Toda Proposition 5.15 pi_12^5 Hopf isomorphism,Toda Proposition 5.15 pi_12^5 Hopf isomorphism,"TodaProp515Pi12_5HopfIsomorphismStatement(map=TodaHopfInvariantMap(source_group=TodaPrimaryGroup(group_dimension=12, sphere_dimension=5), target_group=TodaPrimaryGroup(group_dimension=12, sphere_dimension=9)), image_group=FiniteCyclicGroup(order=2, generator=Multiple(coefficient=4, expression=HomotopyElement(name='ν_9', dimension=9, source=12, target=9, generator=GeneratorSymbol(family='ν', index=9, decoration=None)))), source_generator=HomotopyElement(name=""σ'''"", dimension=5, source=12, target=5, generator=GeneratorSymbol(family='σ', index=None, decoration=""'''"")), image_generator=Multiple(coefficient=4, expression=HomotopyElement(name='ν_9', dimension=9, source=12, target=9, generator=GeneratorSymbol(family='ν', index=9, decoration=None))))"
9,7,pi_16^9,9,TodaLemma513Statement,rule_name,Toda Lemma 5.13 sigma triple-prime definition,Toda Lemma 5.13 sigma triple-prime definition,"TodaLemma513Statement(bracket=TodaBracket(first=HomotopyElement(name='ν_5', dimension=5, source=8, target=5, generator=GeneratorSymbol(family='ν', index=5, decoration=None)), second=Multiple(coefficient=8, expression=HomotopyElement(name='ι₈', dimension=8, source=8, target=8, generator=GeneratorSymbol(family='ι', index=8, decoration=None))), third=HomotopyElement(name='ν_8', dimension=8, source=11, target=8, generator=GeneratorSymbol(family='ν', index=8, decoration=None)), index=3), sigma_triple_prime=HomotopyElement(name=""σ'''"", dimension=5, source=12, target=5, generator=GeneratorSymbol(family='σ', index=None, decoration=""'''"")), bracket_membership=TodaBracketMembershipStatement(element=HomotopyElement(name=""σ'''"", dimension=5, source=12, target=5, generator=GeneratorSymbol(family='σ', index=None, decoration=""'''"")), bracket=TodaBracket(first=HomotopyElement(name='ν_5', dimension=5, source=8, target=5, generator=GeneratorSymbol(family='ν', index=5, decoration=None)), second=Multiple(coefficient=8, expression=HomotopyElement(name='ι₈', dimension=8, source=8, target=8, generator=GeneratorSymbol(family='ι', index=8, decoration=None))), third=HomotopyElement(name='ν_8', dimension=8, source=11, target=8, generator=GeneratorSymbol(family='ν', index=8, decoration=None)), index=3), source='Toda Lemma 5.13', note='Toda Lemma 5.13 defines sigma triple-prime by the indexed bracket {nu_5,8 iota_8,nu_8}_3.'), hopf_image=Multiple(coefficient=4, expression=HomotopyElement(name='ν_9', dimension=9, source=12, target=9, generator=GeneratorSymbol(family='ν', index=9, decoration=None))))"
10,3,pi_13^10,4,ScalarGreaterEqualStatement,type_name,,`ScalarGreaterEqualStatement`,"ScalarGreaterEqualStatement(left=ScalarSymbol(name='n'), right=6)"
10,4,pi_14^10,3,Toda45IsomorphismStatement,rule_name,Toda 4.5 stable-range iterated suspension isomorphism,Toda 4.5 stable-range iterated suspension isomorphism,"Toda45IsomorphismStatement(map=TodaIteratedSuspensionMap(exponent=ScalarSum(left=ScalarSymbol(name='n'), right=ScalarProduct(left=-1, right=6)), source_group=TodaPrimaryGroup(group_dimension=ScalarSum(left=6, right=4), sphere_dimension=6), target_group=TodaPrimaryGroup(group_dimension=ScalarSum(left=ScalarSymbol(name='n'), right=4), sphere_dimension=ScalarSymbol(name='n'))))"
10,4,pi_14^10,4,ScalarGreaterEqualStatement,type_name,,`ScalarGreaterEqualStatement`,"ScalarGreaterEqualStatement(left=ScalarSymbol(name='n'), right=6)"
10,5,pi_15^10,3,Toda45IsomorphismStatement,rule_name,Toda 4.5 stable-range iterated suspension isomorphism,Toda 4.5 stable-range iterated suspension isomorphism,"Toda45IsomorphismStatement(map=TodaIteratedSuspensionMap(exponent=ScalarSum(left=ScalarSymbol(name='n'), right=ScalarProduct(left=-1, right=7)), source_group=TodaPrimaryGroup(group_dimension=ScalarSum(left=7, right=5), sphere_dimension=7), target_group=TodaPrimaryGroup(group_dimension=ScalarSum(left=ScalarSymbol(name='n'), right=5), sphere_dimension=ScalarSymbol(name='n'))))"
10,5,pi_15^10,4,ScalarGreaterEqualStatement,type_name,,`ScalarGreaterEqualStatement`,"ScalarGreaterEqualStatement(left=ScalarSymbol(name='n'), right=7)"
10,6,pi_16^10,3,Toda45IsomorphismStatement,rule_name,Toda 4.5 stable-range iterated suspension isomorphism,Toda 4.5 stable-range iterated suspension isomorphism,"Toda45IsomorphismStatement(map=TodaIteratedSuspensionMap(exponent=ScalarSum(left=ScalarSymbol(name='n'), right=ScalarProduct(left=-1, right=8)), source_group=TodaPrimaryGroup(group_dimension=ScalarSum(left=8, right=6), sphere_dimension=8), target_group=TodaPrimaryGroup(group_dimension=ScalarSum(left=ScalarSymbol(name='n'), right=6), sphere_dimension=ScalarSymbol(name='n'))))"
10,6,pi_16^10,4,ScalarGreaterEqualStatement,type_name,,`ScalarGreaterEqualStatement`,"ScalarGreaterEqualStatement(left=ScalarSymbol(name='n'), right=9)"
10,7,pi_17^10,3,Toda45IsomorphismStatement,rule_name,Toda 4.5 stable-range iterated suspension isomorphism,Toda 4.5 stable-range iterated suspension isomorphism,"Toda45IsomorphismStatement(map=TodaIteratedSuspensionMap(exponent=ScalarSum(left=ScalarSymbol(name='n'), right=ScalarProduct(left=-1, right=9)), source_group=TodaPrimaryGroup(group_dimension=ScalarSum(left=9, right=7), sphere_dimension=9), target_group=TodaPrimaryGroup(group_dimension=ScalarSum(left=ScalarSymbol(name='n'), right=7), sphere_dimension=ScalarSymbol(name='n'))))"
11,3,pi_14^11,4,ScalarGreaterEqualStatement,type_name,,`ScalarGreaterEqualStatement`,"ScalarGreaterEqualStatement(left=ScalarSymbol(name='n'), right=6)"
11,4,pi_15^11,3,Toda45IsomorphismStatement,rule_name,Toda 4.5 stable-range iterated suspension isomorphism,Toda 4.5 stable-range iterated suspension isomorphism,"Toda45IsomorphismStatement(map=TodaIteratedSuspensionMap(exponent=ScalarSum(left=ScalarSymbol(name='n'), right=ScalarProduct(left=-1, right=6)), source_group=TodaPrimaryGroup(group_dimension=ScalarSum(left=6, right=4), sphere_dimension=6), target_group=TodaPrimaryGroup(group_dimension=ScalarSum(left=ScalarSymbol(name='n'), right=4), sphere_dimension=ScalarSymbol(name='n'))))"
11,4,pi_15^11,4,ScalarGreaterEqualStatement,type_name,,`ScalarGreaterEqualStatement`,"ScalarGreaterEqualStatement(left=ScalarSymbol(name='n'), right=6)"
11,5,pi_16^11,3,Toda45IsomorphismStatement,rule_name,Toda 4.5 stable-range iterated suspension isomorphism,Toda 4.5 stable-range iterated suspension isomorphism,"Toda45IsomorphismStatement(map=TodaIteratedSuspensionMap(exponent=ScalarSum(left=ScalarSymbol(name='n'), right=ScalarProduct(left=-1, right=7)), source_group=TodaPrimaryGroup(group_dimension=ScalarSum(left=7, right=5), sphere_dimension=7), target_group=TodaPrimaryGroup(group_dimension=ScalarSum(left=ScalarSymbol(name='n'), right=5), sphere_dimension=ScalarSymbol(name='n'))))"
11,5,pi_16^11,4,ScalarGreaterEqualStatement,type_name,,`ScalarGreaterEqualStatement`,"ScalarGreaterEqualStatement(left=ScalarSymbol(name='n'), right=7)"
11,6,pi_17^11,3,Toda45IsomorphismStatement,rule_name,Toda 4.5 stable-range iterated suspension isomorphism,Toda 4.5 stable-range iterated suspension isomorphism,"Toda45IsomorphismStatement(map=TodaIteratedSuspensionMap(exponent=ScalarSum(left=ScalarSymbol(name='n'), right=ScalarProduct(left=-1, right=8)), source_group=TodaPrimaryGroup(group_dimension=ScalarSum(left=8, right=6), sphere_dimension=8), target_group=TodaPrimaryGroup(group_dimension=ScalarSum(left=ScalarSymbol(name='n'), right=6), sphere_dimension=ScalarSymbol(name='n'))))"
11,6,pi_17^11,4,ScalarGreaterEqualStatement,type_name,,`ScalarGreaterEqualStatement`,"ScalarGreaterEqualStatement(left=ScalarSymbol(name='n'), right=9)"
11,7,pi_18^11,3,Toda45IsomorphismStatement,rule_name,Toda 4.5 stable-range iterated suspension isomorphism,Toda 4.5 stable-range iterated suspension isomorphism,"Toda45IsomorphismStatement(map=TodaIteratedSuspensionMap(exponent=ScalarSum(left=ScalarSymbol(name='n'), right=ScalarProduct(left=-1, right=9)), source_group=TodaPrimaryGroup(group_dimension=ScalarSum(left=9, right=7), sphere_dimension=9), target_group=TodaPrimaryGroup(group_dimension=ScalarSum(left=ScalarSymbol(name='n'), right=7), sphere_dimension=ScalarSymbol(name='n'))))"
12,3,pi_15^12,4,ScalarGreaterEqualStatement,type_name,,`ScalarGreaterEqualStatement`,"ScalarGreaterEqualStatement(left=ScalarSymbol(name='n'), right=6)"
12,4,pi_16^12,3,Toda45IsomorphismStatement,rule_name,Toda 4.5 stable-range iterated suspension isomorphism,Toda 4.5 stable-range iterated suspension isomorphism,"Toda45IsomorphismStatement(map=TodaIteratedSuspensionMap(exponent=ScalarSum(left=ScalarSymbol(name='n'), right=ScalarProduct(left=-1, right=6)), source_group=TodaPrimaryGroup(group_dimension=ScalarSum(left=6, right=4), sphere_dimension=6), target_group=TodaPrimaryGroup(group_dimension=ScalarSum(left=ScalarSymbol(name='n'), right=4), sphere_dimension=ScalarSymbol(name='n'))))"
12,4,pi_16^12,4,ScalarGreaterEqualStatement,type_name,,`ScalarGreaterEqualStatement`,"ScalarGreaterEqualStatement(left=ScalarSymbol(name='n'), right=6)"
12,5,pi_17^12,3,Toda45IsomorphismStatement,rule_name,Toda 4.5 stable-range iterated suspension isomorphism,Toda 4.5 stable-range iterated suspension isomorphism,"Toda45IsomorphismStatement(map=TodaIteratedSuspensionMap(exponent=ScalarSum(left=ScalarSymbol(name='n'), right=ScalarProduct(left=-1, right=7)), source_group=TodaPrimaryGroup(group_dimension=ScalarSum(left=7, right=5), sphere_dimension=7), target_group=TodaPrimaryGroup(group_dimension=ScalarSum(left=ScalarSymbol(name='n'), right=5), sphere_dimension=ScalarSymbol(name='n'))))"
12,5,pi_17^12,4,ScalarGreaterEqualStatement,type_name,,`ScalarGreaterEqualStatement`,"ScalarGreaterEqualStatement(left=ScalarSymbol(name='n'), right=7)"
12,6,pi_18^12,3,Toda45IsomorphismStatement,rule_name,Toda 4.5 stable-range iterated suspension isomorphism,Toda 4.5 stable-range iterated suspension isomorphism,"Toda45IsomorphismStatement(map=TodaIteratedSuspensionMap(exponent=ScalarSum(left=ScalarSymbol(name='n'), right=ScalarProduct(left=-1, right=8)), source_group=TodaPrimaryGroup(group_dimension=ScalarSum(left=8, right=6), sphere_dimension=8), target_group=TodaPrimaryGroup(group_dimension=ScalarSum(left=ScalarSymbol(name='n'), right=6), sphere_dimension=ScalarSymbol(name='n'))))"
12,6,pi_18^12,4,ScalarGreaterEqualStatement,type_name,,`ScalarGreaterEqualStatement`,"ScalarGreaterEqualStatement(left=ScalarSymbol(name='n'), right=9)"
12,7,pi_19^12,3,Toda45IsomorphismStatement,rule_name,Toda 4.5 stable-range iterated suspension isomorphism,Toda 4.5 stable-range iterated suspension isomorphism,"Toda45IsomorphismStatement(map=TodaIteratedSuspensionMap(exponent=ScalarSum(left=ScalarSymbol(name='n'), right=ScalarProduct(left=-1, right=9)), source_group=TodaPrimaryGroup(group_dimension=ScalarSum(left=9, right=7), sphere_dimension=9), target_group=TodaPrimaryGroup(group_dimension=ScalarSum(left=ScalarSymbol(name='n'), right=7), sphere_dimension=ScalarSymbol(name='n'))))"
13,3,pi_16^13,4,ScalarGreaterEqualStatement,type_name,,`ScalarGreaterEqualStatement`,"ScalarGreaterEqualStatement(left=ScalarSymbol(name='n'), right=6)"
13,4,pi_17^13,3,Toda45IsomorphismStatement,rule_name,Toda 4.5 stable-range iterated suspension isomorphism,Toda 4.5 stable-range iterated suspension isomorphism,"Toda45IsomorphismStatement(map=TodaIteratedSuspensionMap(exponent=ScalarSum(left=ScalarSymbol(name='n'), right=ScalarProduct(left=-1, right=6)), source_group=TodaPrimaryGroup(group_dimension=ScalarSum(left=6, right=4), sphere_dimension=6), target_group=TodaPrimaryGroup(group_dimension=ScalarSum(left=ScalarSymbol(name='n'), right=4), sphere_dimension=ScalarSymbol(name='n'))))"
13,4,pi_17^13,4,ScalarGreaterEqualStatement,type_name,,`ScalarGreaterEqualStatement`,"ScalarGreaterEqualStatement(left=ScalarSymbol(name='n'), right=6)"
13,5,pi_18^13,3,Toda45IsomorphismStatement,rule_name,Toda 4.5 stable-range iterated suspension isomorphism,Toda 4.5 stable-range iterated suspension isomorphism,"Toda45IsomorphismStatement(map=TodaIteratedSuspensionMap(exponent=ScalarSum(left=ScalarSymbol(name='n'), right=ScalarProduct(left=-1, right=7)), source_group=TodaPrimaryGroup(group_dimension=ScalarSum(left=7, right=5), sphere_dimension=7), target_group=TodaPrimaryGroup(group_dimension=ScalarSum(left=ScalarSymbol(name='n'), right=5), sphere_dimension=ScalarSymbol(name='n'))))"
13,5,pi_18^13,4,ScalarGreaterEqualStatement,type_name,,`ScalarGreaterEqualStatement`,"ScalarGreaterEqualStatement(left=ScalarSymbol(name='n'), right=7)"
13,6,pi_19^13,3,Toda45IsomorphismStatement,rule_name,Toda 4.5 stable-range iterated suspension isomorphism,Toda 4.5 stable-range iterated suspension isomorphism,"Toda45IsomorphismStatement(map=TodaIteratedSuspensionMap(exponent=ScalarSum(left=ScalarSymbol(name='n'), right=ScalarProduct(left=-1, right=8)), source_group=TodaPrimaryGroup(group_dimension=ScalarSum(left=8, right=6), sphere_dimension=8), target_group=TodaPrimaryGroup(group_dimension=ScalarSum(left=ScalarSymbol(name='n'), right=6), sphere_dimension=ScalarSymbol(name='n'))))"
13,6,pi_19^13,4,ScalarGreaterEqualStatement,type_name,,`ScalarGreaterEqualStatement`,"ScalarGreaterEqualStatement(left=ScalarSymbol(name='n'), right=9)"
13,7,pi_20^13,3,Toda45IsomorphismStatement,rule_name,Toda 4.5 stable-range iterated suspension isomorphism,Toda 4.5 stable-range iterated suspension isomorphism,"Toda45IsomorphismStatement(map=TodaIteratedSuspensionMap(exponent=ScalarSum(left=ScalarSymbol(name='n'), right=ScalarProduct(left=-1, right=9)), source_group=TodaPrimaryGroup(group_dimension=ScalarSum(left=9, right=7), sphere_dimension=9), target_group=TodaPrimaryGroup(group_dimension=ScalarSum(left=ScalarSymbol(name='n'), right=7), sphere_dimension=ScalarSymbol(name='n'))))"
14,3,pi_17^14,4,ScalarGreaterEqualStatement,type_name,,`ScalarGreaterEqualStatement`,"ScalarGreaterEqualStatement(left=ScalarSymbol(name='n'), right=6)"
14,4,pi_18^14,3,Toda45IsomorphismStatement,rule_name,Toda 4.5 stable-range iterated suspension isomorphism,Toda 4.5 stable-range iterated suspension isomorphism,"Toda45IsomorphismStatement(map=TodaIteratedSuspensionMap(exponent=ScalarSum(left=ScalarSymbol(name='n'), right=ScalarProduct(left=-1, right=6)), source_group=TodaPrimaryGroup(group_dimension=ScalarSum(left=6, right=4), sphere_dimension=6), target_group=TodaPrimaryGroup(group_dimension=ScalarSum(left=ScalarSymbol(name='n'), right=4), sphere_dimension=ScalarSymbol(name='n'))))"
14,4,pi_18^14,4,ScalarGreaterEqualStatement,type_name,,`ScalarGreaterEqualStatement`,"ScalarGreaterEqualStatement(left=ScalarSymbol(name='n'), right=6)"
14,5,pi_19^14,3,Toda45IsomorphismStatement,rule_name,Toda 4.5 stable-range iterated suspension isomorphism,Toda 4.5 stable-range iterated suspension isomorphism,"Toda45IsomorphismStatement(map=TodaIteratedSuspensionMap(exponent=ScalarSum(left=ScalarSymbol(name='n'), right=ScalarProduct(left=-1, right=7)), source_group=TodaPrimaryGroup(group_dimension=ScalarSum(left=7, right=5), sphere_dimension=7), target_group=TodaPrimaryGroup(group_dimension=ScalarSum(left=ScalarSymbol(name='n'), right=5), sphere_dimension=ScalarSymbol(name='n'))))"
14,5,pi_19^14,4,ScalarGreaterEqualStatement,type_name,,`ScalarGreaterEqualStatement`,"ScalarGreaterEqualStatement(left=ScalarSymbol(name='n'), right=7)"
14,6,pi_20^14,3,Toda45IsomorphismStatement,rule_name,Toda 4.5 stable-range iterated suspension isomorphism,Toda 4.5 stable-range iterated suspension isomorphism,"Toda45IsomorphismStatement(map=TodaIteratedSuspensionMap(exponent=ScalarSum(left=ScalarSymbol(name='n'), right=ScalarProduct(left=-1, right=8)), source_group=TodaPrimaryGroup(group_dimension=ScalarSum(left=8, right=6), sphere_dimension=8), target_group=TodaPrimaryGroup(group_dimension=ScalarSum(left=ScalarSymbol(name='n'), right=6), sphere_dimension=ScalarSymbol(name='n'))))"
14,6,pi_20^14,4,ScalarGreaterEqualStatement,type_name,,`ScalarGreaterEqualStatement`,"ScalarGreaterEqualStatement(left=ScalarSymbol(name='n'), right=9)"
14,7,pi_21^14,3,Toda45IsomorphismStatement,rule_name,Toda 4.5 stable-range iterated suspension isomorphism,Toda 4.5 stable-range iterated suspension isomorphism,"Toda45IsomorphismStatement(map=TodaIteratedSuspensionMap(exponent=ScalarSum(left=ScalarSymbol(name='n'), right=ScalarProduct(left=-1, right=9)), source_group=TodaPrimaryGroup(group_dimension=ScalarSum(left=9, right=7), sphere_dimension=9), target_group=TodaPrimaryGroup(group_dimension=ScalarSum(left=ScalarSymbol(name='n'), right=7), sphere_dimension=ScalarSymbol(name='n'))))"
15,3,pi_18^15,4,ScalarGreaterEqualStatement,type_name,,`ScalarGreaterEqualStatement`,"ScalarGreaterEqualStatement(left=ScalarSymbol(name='n'), right=6)"
15,4,pi_19^15,3,Toda45IsomorphismStatement,rule_name,Toda 4.5 stable-range iterated suspension isomorphism,Toda 4.5 stable-range iterated suspension isomorphism,"Toda45IsomorphismStatement(map=TodaIteratedSuspensionMap(exponent=ScalarSum(left=ScalarSymbol(name='n'), right=ScalarProduct(left=-1, right=6)), source_group=TodaPrimaryGroup(group_dimension=ScalarSum(left=6, right=4), sphere_dimension=6), target_group=TodaPrimaryGroup(group_dimension=ScalarSum(left=ScalarSymbol(name='n'), right=4), sphere_dimension=ScalarSymbol(name='n'))))"
15,4,pi_19^15,4,ScalarGreaterEqualStatement,type_name,,`ScalarGreaterEqualStatement`,"ScalarGreaterEqualStatement(left=ScalarSymbol(name='n'), right=6)"
15,5,pi_20^15,3,Toda45IsomorphismStatement,rule_name,Toda 4.5 stable-range iterated suspension isomorphism,Toda 4.5 stable-range iterated suspension isomorphism,"Toda45IsomorphismStatement(map=TodaIteratedSuspensionMap(exponent=ScalarSum(left=ScalarSymbol(name='n'), right=ScalarProduct(left=-1, right=7)), source_group=TodaPrimaryGroup(group_dimension=ScalarSum(left=7, right=5), sphere_dimension=7), target_group=TodaPrimaryGroup(group_dimension=ScalarSum(left=ScalarSymbol(name='n'), right=5), sphere_dimension=ScalarSymbol(name='n'))))"
15,5,pi_20^15,4,ScalarGreaterEqualStatement,type_name,,`ScalarGreaterEqualStatement`,"ScalarGreaterEqualStatement(left=ScalarSymbol(name='n'), right=7)"
15,6,pi_21^15,3,Toda45IsomorphismStatement,rule_name,Toda 4.5 stable-range iterated suspension isomorphism,Toda 4.5 stable-range iterated suspension isomorphism,"Toda45IsomorphismStatement(map=TodaIteratedSuspensionMap(exponent=ScalarSum(left=ScalarSymbol(name='n'), right=ScalarProduct(left=-1, right=8)), source_group=TodaPrimaryGroup(group_dimension=ScalarSum(left=8, right=6), sphere_dimension=8), target_group=TodaPrimaryGroup(group_dimension=ScalarSum(left=ScalarSymbol(name='n'), right=6), sphere_dimension=ScalarSymbol(name='n'))))"
15,6,pi_21^15,4,ScalarGreaterEqualStatement,type_name,,`ScalarGreaterEqualStatement`,"ScalarGreaterEqualStatement(left=ScalarSymbol(name='n'), right=9)"
15,7,pi_22^15,3,Toda45IsomorphismStatement,rule_name,Toda 4.5 stable-range iterated suspension isomorphism,Toda 4.5 stable-range iterated suspension isomorphism,"Toda45IsomorphismStatement(map=TodaIteratedSuspensionMap(exponent=ScalarSum(left=ScalarSymbol(name='n'), right=ScalarProduct(left=-1, right=9)), source_group=TodaPrimaryGroup(group_dimension=ScalarSum(left=9, right=7), sphere_dimension=9), target_group=TodaPrimaryGroup(group_dimension=ScalarSum(left=ScalarSymbol(name='n'), right=7), sphere_dimension=ScalarSymbol(name='n'))))"
