category,path,kind,file_count,has_apply,has_run,has_payload,has_test,output_like,canonical_reference_count,canonical_references,artifact_reference_count,artifact_references,relevant_text_code_count,canonical_duplicate_count,canonical_duplicate_files,reason
A_SAFE_DELETE,phase112_1a_audit_output,phase_directory,33,False,False,False,False,True,0,,1,audit_phase112_1a.py,33,0,,output-like artifact; no canonical reference; no apply/payload/test content
A_SAFE_DELETE,phase112_1b_audit_output,phase_directory,29,False,False,False,False,True,0,,1,audit_phase112_1b.py,29,0,,output-like artifact; no canonical reference; no apply/payload/test content
A_SAFE_DELETE,phase112_1c_audit_output,phase_directory,29,False,False,False,False,True,0,,1,audit_phase112_1c.py,29,0,,output-like artifact; no canonical reference; no apply/payload/test content
A_SAFE_DELETE,phase133_5_audit_output,phase_directory,10,False,False,False,False,True,0,,0,,10,0,,output-like artifact; no canonical reference; no apply/payload/test content
A_SAFE_DELETE,phase133_8_audit_output,phase_directory,10,False,False,False,False,True,0,,0,,10,0,,output-like artifact; no canonical reference; no apply/payload/test content
A_SAFE_DELETE,phase133_final_audit_output,phase_directory,10,False,False,False,False,True,0,,0,,10,0,,output-like artifact; no canonical reference; no apply/payload/test content
A_SAFE_DELETE,phase144_3_renderer_route_comparison_audit,phase_directory,10,False,True,False,False,True,0,,0,,8,0,,output-like artifact; no canonical reference; no apply/payload/test content
A_SAFE_DELETE,phase144_6_final_regression_diagnosis_r6,phase_directory,3,False,True,False,False,True,0,,1,phase144_6_r25_12_local_190_192_focused_audit/phase144_6_r25_12_local_diff_report.txt,1,0,,output-like artifact; no canonical reference; no apply/payload/test content
A_SAFE_DELETE,phase144_6_final_regression_diagnosis_r7,phase_directory,3,False,True,False,False,True,0,,1,phase144_6_r25_12_local_190_192_focused_audit/phase144_6_r25_12_local_diff_report.txt,1,0,,output-like artifact; no canonical reference; no apply/payload/test content
A_SAFE_DELETE,phase144_6_final_regression_repair_r9,phase_directory,3,False,True,False,True,False,0,,0,,1,1,phase144_6_final_regression_repair_r9/tests/test_phase143_15_argument_ordering.py,all relevant text/code payload is byte-identical to canonical files; no canonical reference
A_SAFE_DELETE,phase144_6_pi16_9_detached_definition_diagnosis_r8,phase_directory,3,False,True,False,False,True,0,,1,phase144_6_r25_12_local_190_192_focused_audit/phase144_6_r25_12_local_diff_report.txt,1,0,,output-like artifact; no canonical reference; no apply/payload/test content
A_SAFE_DELETE,phase144_6_r12_compact_argument_diagnosis,phase_directory,3,False,True,False,False,True,0,,1,phase144_6_r25_12_local_190_192_focused_audit/phase144_6_r25_12_local_diff_report.txt,1,0,,output-like artifact; no canonical reference; no apply/payload/test content
A_SAFE_DELETE,phase144_6_r12_compact_argument_diagnosis_r2,phase_directory,3,False,True,False,False,True,0,,1,phase144_6_r25_12_local_190_192_focused_audit/phase144_6_r25_12_local_diff_report.txt,1,0,,output-like artifact; no canonical reference; no apply/payload/test content
A_SAFE_DELETE,phase144_6_r13_body_boundary_diagnosis,phase_directory,3,False,True,False,False,True,0,,1,phase144_6_r25_12_local_190_192_focused_audit/phase144_6_r25_12_local_diff_report.txt,1,0,,output-like artifact; no canonical reference; no apply/payload/test content
A_SAFE_DELETE,phase144_6_r13_body_boundary_diagnosis_r2,phase_directory,3,False,True,False,False,True,0,,1,phase144_6_r25_12_local_190_192_focused_audit/phase144_6_r25_12_local_diff_report.txt,1,0,,output-like artifact; no canonical reference; no apply/payload/test content
A_SAFE_DELETE,phase144_6_r13_body_boundary_diagnosis_r3,phase_directory,3,False,True,False,False,True,0,,1,phase144_6_r25_12_local_190_192_focused_audit/phase144_6_r25_12_local_diff_report.txt,1,0,,output-like artifact; no canonical reference; no apply/payload/test content
A_SAFE_DELETE,phase144_6_r18_duplicate_owner_diagnosis,phase_directory,3,False,True,False,False,True,0,,1,phase144_6_r25_12_local_190_192_focused_audit/phase144_6_r25_12_local_diff_report.txt,1,0,,output-like artifact; no canonical reference; no apply/payload/test content
A_SAFE_DELETE,phase144_6_r25_11_r3_two_contribution_diagnosis,phase_directory,4,False,True,False,False,True,0,,1,phase144_6_r25_12_local_190_192_focused_audit/phase144_6_r25_12_local_diff_report.txt,2,0,,output-like artifact; no canonical reference; no apply/payload/test content
A_SAFE_DELETE,phase144_6_r25_18_definition_selection_diagnosis,phase_directory,4,False,True,False,False,True,0,,0,,2,0,,output-like artifact; no canonical reference; no apply/payload/test content
A_SAFE_DELETE,phase144_6_r25_9a_r1_r3_test_scope_fix,phase_directory,3,False,True,False,True,False,0,,1,phase144_6_r25_12_local_190_192_focused_audit/phase144_6_r25_12_local_diff_report.txt,1,1,phase144_6_r25_9a_r1_r3_test_scope_fix/test_phase144_6_r25_9a_r1_relocation_hidden.py,all relevant text/code payload is byte-identical to canonical files; no canonical reference
A_SAFE_DELETE,phase144_6_r25_9b_r1_test_scope_fix,phase_directory,3,False,True,False,True,False,0,,1,phase144_6_r25_12_local_190_192_focused_audit/phase144_6_r25_12_local_diff_report.txt,1,1,phase144_6_r25_9b_r1_test_scope_fix/test_phase144_6_r25_9b_nu_prime_definition_depth2.py,all relevant text/code payload is byte-identical to canonical files; no canonical reference
A_SAFE_DELETE,phase144_6_r25_r2_rollback_owner_diagnosis,phase_directory,4,False,True,False,False,True,0,,1,phase144_6_r25_12_local_190_192_focused_audit/phase144_6_r25_12_local_diff_report.txt,2,0,,output-like artifact; no canonical reference; no apply/payload/test content
A_SAFE_DELETE,phase144_6_r25_r3_rollback_owner_diagnosis,phase_directory,4,False,True,False,False,True,0,,1,phase144_6_r25_12_local_190_192_focused_audit/phase144_6_r25_12_local_diff_report.txt,2,0,,output-like artifact; no canonical reference; no apply/payload/test content
A_SAFE_DELETE,phase144_6_r25_r4_git_restore_owner_diagnosis,phase_directory,3,False,True,False,False,True,0,,1,phase144_6_r25_12_local_190_192_focused_audit/phase144_6_r25_12_local_diff_report.txt,1,0,,output-like artifact; no canonical reference; no apply/payload/test content
A_SAFE_DELETE,phase144_6_r25_r5_owner_diagnosis,phase_directory,3,False,True,False,False,True,0,,1,phase144_6_r25_12_local_190_192_focused_audit/phase144_6_r25_12_local_diff_report.txt,1,0,,output-like artifact; no canonical reference; no apply/payload/test content
A_SAFE_DELETE,phase144_6_r25_rollback_owner_diagnosis,phase_directory,4,False,True,False,False,True,0,,1,phase144_6_r25_12_local_190_192_focused_audit/phase144_6_r25_12_local_diff_report.txt,2,0,,output-like artifact; no canonical reference; no apply/payload/test content
A_SAFE_DELETE,phase144_6_r5_43_10_r2_phase_boundary_test_update,phase_directory,3,False,True,False,True,False,0,,0,,1,1,phase144_6_r5_43_10_r2_phase_boundary_test_update/test_phase144_6_r5_43_7_hidden_bridge_semantic_classification_foundation.py,all relevant text/code payload is byte-identical to canonical files; no canonical reference
A_SAFE_DELETE,phase144_6_r5_43_10_r3_direct_connector_regression_update,phase_directory,3,False,True,False,True,False,0,,0,,1,1,phase144_6_r5_43_10_r3_direct_connector_regression_update/test_phase144_6_r5_43_4_dependency_aware_contribution_connector.py,all relevant text/code payload is byte-identical to canonical files; no canonical reference
B_REVIEW,apply_phase131_4.py,root_phase_file,1,True,False,False,False,False,0,,1,PHASE131_4_INSTRUCTIONS.txt,0,0,,contains apply script; referenced by another phase artifact
B_REVIEW,apply_phase131_5.py,root_phase_file,1,True,False,False,False,False,0,,1,PHASE131_5_README.txt,0,0,,contains apply script; referenced by another phase artifact
B_REVIEW,apply_phase132_7.py,root_phase_file,1,True,False,False,False,False,0,,1,PHASE132_7_README.txt,0,0,,contains apply script; referenced by another phase artifact
B_REVIEW,apply_phase132_8.py,root_phase_file,1,True,False,False,False,False,0,,1,PHASE132_8_README.txt,0,0,,contains apply script; referenced by another phase artifact
B_REVIEW,apply_phase132_9.py,root_phase_file,1,True,False,False,False,False,0,,1,PHASE132_9_README.txt,0,0,,contains apply script; referenced by another phase artifact
B_REVIEW,audit_phase112_1a.py,root_phase_file,1,False,False,False,False,False,0,,0,,1,0,,contains unique text/code content
B_REVIEW,audit_phase112_1b.py,root_phase_file,1,False,False,False,False,False,0,,0,,1,0,,contains unique text/code content
B_REVIEW,audit_phase112_1c.py,root_phase_file,1,False,False,False,False,False,0,,0,,1,0,,contains unique text/code content
B_REVIEW,audit_phase141_6_blocks.py,root_phase_file,1,False,False,False,False,False,0,,0,,1,0,,contains unique text/code content
B_REVIEW,audit_phase141_8_roles.py,root_phase_file,1,False,False,False,False,False,0,,0,,1,0,,contains unique text/code content
B_REVIEW,audit_phase141_9_final.py,root_phase_file,1,False,False,False,False,False,0,,0,,1,0,,contains unique text/code content
B_REVIEW,audit_phase143_12_order_subject.py,root_phase_file,1,False,False,False,False,False,0,,0,,1,0,,contains unique text/code content
B_REVIEW,audit_phase144_6_r5_17a.py,root_phase_file,1,False,False,False,False,False,0,,4,phase144_6_r5_17a_audit_package/README.txt | phase144_6_r5_17a_audit_package/apply_phase144_6_r5_17a.ps1 | phase144_6_r5_17a_audit_package/run_phase144_6_r5_17a.ps1 | phase144_6_r5_17a_r1/run_phase144_6_r5_17a_r1.ps1,1,0,,referenced by another phase artifact; contains unique text/code content
B_REVIEW,audit_phase144_6_r5_17a_r2.py,root_phase_file,1,False,False,False,False,False,0,,1,phase144_6_r5_17a_r2/run_phase144_6_r5_17a_r2.ps1,1,0,,referenced by another phase artifact; contains unique text/code content
B_REVIEW,audit_phase144_6_r5_17a_r3.py,root_phase_file,1,False,False,False,False,False,0,,1,phase144_6_r5_17a_r3/run_phase144_6_r5_17a_r3.ps1,1,0,,referenced by another phase artifact; contains unique text/code content
B_REVIEW,audit_phase144_6_r5_17b.py,root_phase_file,1,False,False,False,False,False,0,,1,phase144_6_r5_17b/run_phase144_6_r5_17b.ps1,1,0,,referenced by another phase artifact; contains unique text/code content
B_REVIEW,audit_phase144_6_r5_17c.py,root_phase_file,1,False,False,False,False,False,0,,1,phase144_6_r5_17c/run_phase144_6_r5_17c.ps1,1,0,,referenced by another phase artifact; contains unique text/code content
B_REVIEW,audit_phase144_6_r5_17d.py,root_phase_file,1,False,False,False,False,False,0,,1,phase144_6_r5_17d/run_phase144_6_r5_17d.ps1,1,0,,referenced by another phase artifact; contains unique text/code content
B_REVIEW,audit_phase144_6_r5_17d_r1.py,root_phase_file,1,False,False,False,False,False,0,,1,phase144_6_r5_17d_r1/run_phase144_6_r5_17d_r1.ps1,1,0,,referenced by another phase artifact; contains unique text/code content
B_REVIEW,audit_phase144_6_r5_17e.py,root_phase_file,1,False,False,False,False,False,0,,1,phase144_6_r5_17e/run_phase144_6_r5_17e.ps1,1,0,,referenced by another phase artifact; contains unique text/code content
B_REVIEW,audit_phase144_6_r5_18.py,root_phase_file,1,False,False,False,False,False,0,,1,phase144_6_r5_18/run_phase144_6_r5_18.ps1,1,0,,referenced by another phase artifact; contains unique text/code content
B_REVIEW,audit_phase144_6_r5_19.py,root_phase_file,1,False,False,False,False,False,0,,1,phase144_6_r5_19/run_phase144_6_r5_19.ps1,1,0,,referenced by another phase artifact; contains unique text/code content
B_REVIEW,audit_phase144_6_r5_20.py,root_phase_file,1,False,False,False,False,False,0,,2,phase144_6_r5_20/run_phase144_6_r5_20.ps1 | phase144_6_r5_23_r1/run_phase144_6_r5_23_r1.ps1,1,0,,referenced by another phase artifact; contains unique text/code content
B_REVIEW,audit_phase144_6_r5_21.py,root_phase_file,1,False,False,False,False,False,0,,2,phase144_6_r5_21/run_phase144_6_r5_21.ps1 | phase144_6_r5_23_r1/run_phase144_6_r5_23_r1.ps1,1,0,,referenced by another phase artifact; contains unique text/code content
B_REVIEW,audit_phase144_6_r5_22.py,root_phase_file,1,False,False,False,False,False,0,,3,phase144_6_r5_22/run_phase144_6_r5_22.ps1 | phase144_6_r5_22_r1/run_phase144_6_r5_22_r1.ps1 | phase144_6_r5_23_r1/run_phase144_6_r5_23_r1.ps1,1,0,,referenced by another phase artifact; contains unique text/code content
B_REVIEW,audit_phase144_6_r5_23.py,root_phase_file,1,False,False,False,False,False,0,,2,phase144_6_r5_23/run_phase144_6_r5_23.ps1 | phase144_6_r5_23_r1/run_phase144_6_r5_23_r1.ps1,1,0,,referenced by another phase artifact; contains unique text/code content
B_REVIEW,audit_phase144_6_r5_24.py,root_phase_file,1,False,False,False,False,False,0,,1,phase144_6_r5_24/run_phase144_6_r5_24.ps1,1,0,,referenced by another phase artifact; contains unique text/code content
B_REVIEW,audit_phase144_6_r5_25.py,root_phase_file,1,False,False,False,False,False,0,,1,phase144_6_r5_25/run_phase144_6_r5_25.ps1,1,0,,referenced by another phase artifact; contains unique text/code content
B_REVIEW,audit_phase144_6_r5_26.py,root_phase_file,1,False,False,False,False,False,0,,1,phase144_6_r5_26/run_phase144_6_r5_26.ps1,1,0,,referenced by another phase artifact; contains unique text/code content
B_REVIEW,audit_phase144_6_r5_27.py,root_phase_file,1,False,False,False,False,False,0,,1,phase144_6_r5_27/run_phase144_6_r5_27.ps1,1,0,,referenced by another phase artifact; contains unique text/code content
B_REVIEW,audit_phase144_6_r5_28.py,root_phase_file,1,False,False,False,False,False,0,,1,phase144_6_r5_28/run_phase144_6_r5_28.ps1,1,0,,referenced by another phase artifact; contains unique text/code content
B_REVIEW,audit_phase144_6_r5_29.py,root_phase_file,1,False,False,False,False,False,0,,1,phase144_6_r5_29/run_phase144_6_r5_29.ps1,1,0,,referenced by another phase artifact; contains unique text/code content
B_REVIEW,audit_phase144_6_r5_30.py,root_phase_file,1,False,False,False,False,False,0,,1,phase144_6_r5_30/run_phase144_6_r5_30.ps1,1,0,,referenced by another phase artifact; contains unique text/code content
B_REVIEW,audit_phase144_6_r5_31.py,root_phase_file,1,False,False,False,False,False,0,,1,phase144_6_r5_31/run_phase144_6_r5_31.ps1,1,0,,referenced by another phase artifact; contains unique text/code content
B_REVIEW,audit_phase144_6_r5_32.py,root_phase_file,1,False,False,False,False,False,0,,1,phase144_6_r5_32/run_phase144_6_r5_32.ps1,1,0,,referenced by another phase artifact; contains unique text/code content
B_REVIEW,audit_phase144_6_r5_33.py,root_phase_file,1,False,False,False,False,False,0,,1,phase144_6_r5_33/run_phase144_6_r5_33.ps1,1,0,,referenced by another phase artifact; contains unique text/code content
B_REVIEW,audit_phase144_6_r5_34.py,root_phase_file,1,False,False,False,False,False,0,,1,phase144_6_r5_34/run_phase144_6_r5_34.ps1,1,0,,referenced by another phase artifact; contains unique text/code content
B_REVIEW,audit_phase144_6_r5_35.py,root_phase_file,1,False,False,False,False,False,0,,1,phase144_6_r5_35/run_phase144_6_r5_35.ps1,1,0,,referenced by another phase artifact; contains unique text/code content
B_REVIEW,audit_phase144_6_r5_36.py,root_phase_file,1,False,False,False,False,False,0,,1,phase144_6_r5_36/run_phase144_6_r5_36.ps1,1,0,,referenced by another phase artifact; contains unique text/code content
B_REVIEW,audit_phase144_6_r5_37.py,root_phase_file,1,False,False,False,False,False,0,,1,phase144_6_r5_37/run_phase144_6_r5_37.ps1,1,0,,referenced by another phase artifact; contains unique text/code content
B_REVIEW,audit_phase144_6_r5_38.py,root_phase_file,1,False,False,False,False,False,0,,2,phase144_6_r5_38/run_phase144_6_r5_38.ps1 | phase144_6_r5_38_r2/run_phase144_6_r5_38_r2.ps1,1,0,,referenced by another phase artifact; contains unique text/code content
B_REVIEW,audit_phase144_6_r5_39.py,root_phase_file,1,False,False,False,False,False,0,,3,phase144_6_r5_39/run_phase144_6_r5_39.ps1 | phase144_6_r5_39_r2/run_phase144_6_r5_39_r2.ps1 | phase144_6_r5_39_r3/run_phase144_6_r5_39_r3.ps1,1,0,,referenced by another phase artifact; contains unique text/code content
B_REVIEW,audit_phase144_6_r5_40.py,root_phase_file,1,False,False,False,False,False,0,,2,phase144_6_r5_40/README.txt | phase144_6_r5_40/run_phase144_6_r5_40.ps1,1,0,,referenced by another phase artifact; contains unique text/code content
B_REVIEW,audit_phase144_6_r5_41.py,root_phase_file,1,False,False,False,False,False,0,,2,phase144_6_r5_41/README.txt | phase144_6_r5_41/run_phase144_6_r5_41.ps1,1,0,,referenced by another phase artifact; contains unique text/code content
B_REVIEW,audit_phase144_6_r5_43_1.py,root_phase_file,1,False,False,False,False,False,0,,1,phase144_6_r5_43_1_pi6_connected_narrative_output_audit/run_phase144_6_r5_43_1.ps1,1,0,,referenced by another phase artifact; contains unique text/code content
B_REVIEW,audit_phase144_6_r5_43_11.py,root_phase_file,1,False,False,False,False,False,0,,2,phase144_6_r5_43_11_completion_cross_group_narrative_audit/run_phase144_6_r5_43_11.ps1 | phase144_6_r5_43_11_r2_visibility_aware_completion_audit/run_phase144_6_r5_43_11_r2.ps1,1,0,,referenced by another phase artifact; contains unique text/code content
B_REVIEW,audit_phase144_6_r5_43_11a.py,root_phase_file,1,False,False,False,False,False,0,,1,phase144_6_r5_43_11a_insertion_failure_classification_audit/run_phase144_6_r5_43_11a.ps1,1,0,,referenced by another phase artifact; contains unique text/code content
B_REVIEW,audit_phase144_6_r5_43_11b.py,root_phase_file,1,False,False,False,False,False,0,,1,phase144_6_r5_43_11b_detached_argument_boundary_audit/run_phase144_6_r5_43_11b.ps1,1,0,,referenced by another phase artifact; contains unique text/code content
B_REVIEW,audit_phase144_6_r5_43_11d.py,root_phase_file,1,False,False,False,False,False,0,,5,phase144_6_finalization_r25_30_boundary_gate_r1/README.txt | phase144_6_r25_12_local_190_192_focused_audit/phase144_6_r25_12_local_diff_report.txt | phase144_6_r5_43_11d_final_completion_audit/run_phase144_6_r5_43_11d.ps1 | phase144_final_historical_snapshot_repair_r3/README.txt | phase144_final_historical_snapshot_repair_r3/apply_phase144_final_historical_snapshot_repair_r3.py,1,0,,referenced by another phase artifact; contains unique text/code content
B_REVIEW,audit_phase144_6_r5_43_2.py,root_phase_file,1,False,False,False,False,False,0,,1,phase144_6_r5_43_2_placement_aware_contribution_insertion/run_phase144_6_r5_43_2.ps1,1,0,,referenced by another phase artifact; contains unique text/code content
B_REVIEW,audit_phase144_6_r5_43_3.py,root_phase_file,1,False,False,False,False,False,0,,1,phase144_6_r5_43_3_contribution_transition_prose_audit/run_phase144_6_r5_43_3.ps1,1,0,,referenced by another phase artifact; contains unique text/code content
B_REVIEW,audit_phase144_6_r5_43_4.py,root_phase_file,1,False,False,False,False,False,0,,1,phase144_6_r5_43_4_dependency_aware_contribution_connector/run_phase144_6_r5_43_4.ps1,1,0,,referenced by another phase artifact; contains unique text/code content
B_REVIEW,audit_phase144_6_r5_43_5.py,root_phase_file,1,False,False,False,False,False,0,,2,phase144_6_r5_43_5_r2_shortest_path_reconstruction_repair/run_phase144_6_r5_43_5_r2.ps1 | phase144_6_r5_43_5_transitive_contribution_chain_audit/run_phase144_6_r5_43_5.ps1,1,0,,referenced by another phase artifact; contains unique text/code content
B_REVIEW,audit_phase144_6_r5_43_6.py,root_phase_file,1,False,False,False,False,False,0,,1,phase144_6_r5_43_6_hidden_bridge_classification_audit/run_phase144_6_r5_43_6.ps1,1,0,,referenced by another phase artifact; contains unique text/code content
B_REVIEW,audit_phase144_6_r5_43_7.py,root_phase_file,1,False,False,False,False,False,0,,1,phase144_6_r5_43_7_hidden_bridge_semantic_classification_foundation/run_phase144_6_r5_43_7.ps1,1,0,,referenced by another phase artifact; contains unique text/code content
B_REVIEW,audit_phase144_6_r5_43_8.py,root_phase_file,1,False,False,False,False,False,0,,1,phase144_6_r5_43_8_transport_chain_narrative_compression_audit/run_phase144_6_r5_43_8.ps1,1,0,,referenced by another phase artifact; contains unique text/code content
B_REVIEW,audit_phase144_6_r5_43_9.py,root_phase_file,1,False,False,False,False,False,0,,3,phase144_6_r5_43_9_r2_powershell_copy_item_repair/README_R2.txt | phase144_6_r5_43_9_r2_powershell_copy_item_repair/run_phase144_6_r5_43_9.ps1 | phase144_6_r5_43_9_transport_chain_compression_prose_design_audit/run_phase144_6_r5_43_9.ps1,1,0,,referenced by another phase artifact; contains unique text/code content
B_REVIEW,PHASE131_4_INSTRUCTIONS.txt,root_phase_file,1,False,False,False,False,False,0,,0,,1,0,,contains unique text/code content
B_REVIEW,PHASE131_5_README.txt,root_phase_file,1,False,False,False,False,False,0,,0,,1,0,,contains unique text/code content
B_REVIEW,PHASE132_4_README.txt,root_phase_file,1,False,False,False,False,False,0,,0,,1,0,,contains unique text/code content
B_REVIEW,PHASE132_5_README.txt,root_phase_file,1,False,False,False,False,False,0,,0,,1,0,,contains unique text/code content
B_REVIEW,PHASE132_6_README.txt,root_phase_file,1,False,False,False,False,False,0,,0,,1,0,,contains unique text/code content
B_REVIEW,PHASE132_7_README.txt,root_phase_file,1,False,False,False,False,False,0,,0,,1,0,,contains unique text/code content
B_REVIEW,PHASE132_8_README.txt,root_phase_file,1,False,False,False,False,False,0,,0,,1,0,,contains unique text/code content
B_REVIEW,PHASE132_9_README.txt,root_phase_file,1,False,False,False,False,False,0,,0,,1,0,,contains unique text/code content
B_REVIEW,PHASE142_2_README.md,root_phase_file,1,False,False,False,False,False,0,,0,,1,0,,contains unique text/code content
B_REVIEW,PHASE142_3_FIX1_README.md,root_phase_file,1,False,False,False,False,False,0,,0,,1,0,,contains unique text/code content
B_REVIEW,phase143_10_fix2,phase_directory,1,True,False,False,False,False,0,,0,,0,0,,contains apply script
B_REVIEW,phase143_12_fix1,phase_directory,1,True,False,False,False,False,0,,0,,0,0,,contains apply script
B_REVIEW,PHASE143_1_README.md,root_phase_file,1,False,False,False,False,False,0,,0,,1,0,,contains unique text/code content
B_REVIEW,phase143_32_fix,phase_directory,3,True,False,False,True,False,0,,0,,2,2,phase143_32_fix/tests/test_phase143_32_exactness_component_latex.py | phase143_32_fix/toda_group_proof_narrative_exactness_method_renderer.py,contains apply script; contains test material
B_REVIEW,phase143_3_fix2,phase_directory,1,True,False,False,False,False,0,,0,,0,0,,contains apply script
B_REVIEW,phase143_45,phase_directory,1,False,False,False,False,False,0,,0,,1,0,,contains unique text/code content
B_REVIEW,phase143_47_impl,phase_directory,5,True,False,False,True,False,0,,0,,4,0,,contains apply script; contains test material; contains unique text/code content
B_REVIEW,phase143_48,phase_directory,1,False,False,False,False,False,0,,0,,1,0,,contains unique text/code content
B_REVIEW,phase143_49_impl,phase_directory,3,True,False,False,True,False,0,,0,,2,0,,contains apply script; contains test material; contains unique text/code content
B_REVIEW,phase143_50_impl,phase_directory,3,True,False,False,True,False,0,,0,,2,0,,contains apply script; contains test material; contains unique text/code content
B_REVIEW,phase143_50R,phase_directory,3,True,False,False,True,False,0,,0,,2,1,phase143_50R/tests/test_phase143_42_argument_body_contribution_renderer.py,contains apply script; contains test material; contains unique text/code content
B_REVIEW,phase143_51_audit,phase_directory,2,False,False,False,False,False,0,,0,,1,0,,contains unique text/code content
B_REVIEW,phase143_51A_impl,phase_directory,3,True,False,False,True,False,0,,1,phase143_51B_R_impl/apply_phase143_51B_R.py,2,0,,contains apply script; contains test material; referenced by another phase artifact; contains unique text/code content
B_REVIEW,phase143_51A_R_impl,phase_directory,4,True,False,False,True,False,0,,0,,3,0,,contains apply script; contains test material; contains unique text/code content
B_REVIEW,phase143_51B_impl,phase_directory,4,True,False,False,True,False,0,,0,,3,1,phase143_51B_impl/tests/test_phase143_51b_aggregate_statement_prose.py,contains apply script; contains test material; contains unique text/code content
B_REVIEW,phase143_51B_R_impl,phase_directory,2,True,False,False,False,False,0,,0,,0,0,,contains apply script
B_REVIEW,phase143_53A_impl,phase_directory,4,True,False,False,True,False,0,,0,,3,1,phase143_53A_impl/tests/test_phase143_53a_narrative_transitions.py,contains apply script; contains test material; contains unique text/code content
B_REVIEW,phase143_53A_R_fix,phase_directory,4,True,False,False,True,False,0,,0,,3,1,phase143_53A_R_fix/toda_group_proof_narrative_transitions.py,contains apply script; contains test material; contains unique text/code content
B_REVIEW,phase143_53A_R_impl,phase_directory,6,True,False,False,True,False,0,,0,,5,2,phase143_53A_R_impl/toda_group_proof_aggregate_statement_catalog.py | phase143_53A_R_impl/toda_group_proof_aggregate_statement_renderer.py,contains apply script; contains test material; contains unique text/code content
B_REVIEW,phase143_53B_impl,phase_directory,5,True,False,False,True,False,0,,0,,4,2,phase143_53B_impl/tests/test_phase143_53b_transition_connectors.py | phase143_53B_impl/toda_group_proof_narrative_transition_renderer.py,contains apply script; contains test material; contains unique text/code content
B_REVIEW,phase143_53B_R_impl,phase_directory,5,True,False,False,True,False,0,,0,,4,1,phase143_53B_R_impl/tests/test_phase143_53b_r_conclusion_aware_connector.py,contains apply script; contains test material; contains unique text/code content
B_REVIEW,phase143_55A_impl,phase_directory,4,True,False,False,True,False,0,,0,,3,1,phase143_55A_impl/tests/test_phase143_55a_argument_conclusion_step.py,contains apply script; contains test material; contains unique text/code content
B_REVIEW,phase143_55B_impl,phase_directory,4,True,False,False,True,False,0,,0,,3,1,phase143_55B_impl/tests/test_phase143_55b_conclusion_step_ordering.py,contains apply script; contains test material; contains unique text/code content
B_REVIEW,phase143_57A_impl,phase_directory,4,True,False,False,True,False,0,,0,,3,1,phase143_57A_impl/toda_group_proof_narrative_step_transitions.py,contains apply script; contains test material; contains unique text/code content
B_REVIEW,phase143_57A_R_impl,phase_directory,2,True,False,False,False,False,0,,0,,1,0,,contains apply script; contains unique text/code content
B_REVIEW,phase143_57C_impl,phase_directory,4,True,False,False,True,False,0,,0,,3,0,,contains apply script; contains test material; contains unique text/code content
B_REVIEW,phase143_58A_impl,phase_directory,4,True,False,False,True,False,0,,0,,3,0,,contains apply script; contains test material; contains unique text/code content
B_REVIEW,phase143_59A_impl,phase_directory,4,True,False,False,True,False,0,,0,,3,0,,contains apply script; contains test material; contains unique text/code content
B_REVIEW,phase143_59B_impl,phase_directory,4,True,False,False,True,False,0,,0,,3,1,phase143_59B_impl/toda_group_proof_narrative_group_structure_semantics.py,contains apply script; contains test material; contains unique text/code content
B_REVIEW,phase143_61A_impl,phase_directory,4,True,False,False,True,False,0,,0,,3,2,phase143_61A_impl/tests/test_phase143_61a_argument_conclusion_direct_premises.py | phase143_61A_impl/toda_group_proof_narrative_argument_direct_premises.py,contains apply script; contains test material; contains unique text/code content
B_REVIEW,phase143_61B_impl,phase_directory,3,True,False,False,True,False,0,,0,,2,0,,contains apply script; contains test material; contains unique text/code content
B_REVIEW,phase143_61B_R_impl,phase_directory,4,True,False,False,True,False,0,,0,,3,0,,contains apply script; contains test material; contains unique text/code content
B_REVIEW,phase143_63A_impl,phase_directory,3,True,False,False,True,False,0,,0,,2,1,phase143_63A_impl/tests/test_phase143_63a_residual_fallback_provenance.py,contains apply script; contains test material; contains unique text/code content
B_REVIEW,phase143_63A_R_impl,phase_directory,4,True,False,False,True,False,0,,0,,3,2,phase143_63A_R_impl/tests/test_phase143_63a_r_exactness_repair.py | phase143_63A_R_impl/tests/test_phase143_63a_residual_fallback_provenance.py,contains apply script; contains test material; contains unique text/code content
B_REVIEW,phase143_68,phase_directory,1,False,False,False,False,False,0,,0,,1,0,,contains unique text/code content
B_REVIEW,phase143_70_impl,phase_directory,4,True,False,False,True,False,0,,0,,2,1,phase143_70_impl/tests/test_phase143_70_provenance_only_residual.py,contains apply script; contains test material; contains unique text/code content
B_REVIEW,phase143_71a_impl,phase_directory,3,True,False,False,True,False,0,,0,,2,0,,contains apply script; contains test material; contains unique text/code content
B_REVIEW,phase143_71a_r2_fix,phase_directory,1,False,False,False,False,False,0,,0,,1,0,,contains unique text/code content
B_REVIEW,phase143_71a_r_fix,phase_directory,3,True,False,False,True,False,0,,0,,2,1,phase143_71a_r_fix/tests/test_phase143_71a_eta_definition_visibility.py,contains apply script; contains test material; contains unique text/code content
B_REVIEW,phase143_72a_narrative_audit,phase_directory,2,False,False,False,False,False,0,,0,,1,0,,contains unique text/code content
B_REVIEW,phase143_72a_r2,phase_directory,1,True,False,False,False,False,0,,0,,0,0,,contains apply script
B_REVIEW,phase143_72a_r3,phase_directory,1,True,False,False,False,False,0,,0,,0,0,,contains apply script
B_REVIEW,phase143_72a_r4,phase_directory,1,False,False,False,False,False,0,,0,,1,0,,contains unique text/code content
B_REVIEW,phase143_73a_narrative_audit,phase_directory,2,False,False,False,False,False,0,,0,,1,0,,contains unique text/code content
B_REVIEW,phase143_73a_presence_scan,phase_directory,1,False,False,False,False,False,0,,0,,1,0,,contains unique text/code content
B_REVIEW,phase143_73a_r2,phase_directory,1,True,False,False,False,False,0,,0,,0,0,,contains apply script
B_REVIEW,phase143_73a_r3,phase_directory,2,False,False,False,False,False,0,,0,,2,0,,contains unique text/code content
B_REVIEW,phase143_73a_r4,phase_directory,2,False,False,False,False,False,0,,0,,2,0,,contains unique text/code content
B_REVIEW,phase143_73a_r5,phase_directory,2,False,False,False,False,False,0,,0,,2,0,,contains unique text/code content
B_REVIEW,phase143_74a_r2,phase_directory,2,False,False,False,True,False,0,,0,,2,1,phase143_74a_r2/test_phase143_74a_map_narrative.py,contains test material; contains unique text/code content
B_REVIEW,phase143_75_r2,phase_directory,2,False,False,False,False,False,0,,0,,2,0,,contains unique text/code content
B_REVIEW,phase143_75aa_audit,phase_directory,2,False,True,False,False,False,0,,0,,0,0,,not proven safe by conservative rules
B_REVIEW,phase143_75aa_r2,phase_directory,2,True,True,False,False,False,0,,0,,0,0,,contains apply script
B_REVIEW,phase143_75ab2,phase_directory,3,False,True,False,False,False,0,,0,,1,0,,contains unique text/code content
B_REVIEW,phase143_75ab3_r2,phase_directory,3,False,True,False,False,False,0,,0,,1,0,,contains unique text/code content
B_REVIEW,phase143_75ab3_r3,phase_directory,3,False,True,False,False,False,0,,0,,1,0,,contains unique text/code content
B_REVIEW,phase143_75ab_completion_audit,phase_directory,2,False,True,False,False,False,0,,0,,0,0,,not proven safe by conservative rules
B_REVIEW,phase143_75ac2,phase_directory,3,False,True,False,False,False,0,,0,,1,0,,contains unique text/code content
B_REVIEW,phase143_75ac3,phase_directory,3,False,True,False,False,False,0,,0,,1,0,,contains unique text/code content
B_REVIEW,phase143_75ac_completion_audit,phase_directory,2,False,True,False,False,False,0,,0,,0,0,,not proven safe by conservative rules
B_REVIEW,phase143_75ad_completion,phase_directory,2,False,True,False,False,False,0,,0,,0,0,,not proven safe by conservative rules
B_REVIEW,phase143_75ad_impl,phase_directory,4,False,True,False,True,False,0,,0,,2,1,phase143_75ad_impl/test_phase143_75ad_double_suspension_rendering.py,contains test material; contains unique text/code content
B_REVIEW,phase143_75ae,phase_directory,3,False,True,False,False,False,0,,10,phase143_75ae_completion/run_phase143_75ae_completion.ps1 | phase143_75ae_impl/README.txt | phase143_75ae_impl/repair_phase143_75ae.py | phase143_75ae_impl/run_phase143_75ae.ps1 | phase143_75ae_impl/test_phase143_75ae_suspension_zero_rendering.py | phase143_75ae_impl_r2/repair_phase143_75ae_r2.py | phase143_75ae_impl_r2/run_phase143_75ae_r2.ps1 | phase143_75ae_impl_r2/test_phase143_75ae_suspension_zero_rendering.py | phase143_75ae_impl_r3/run_phase143_75ae_r3.ps1 | phase143_75ae_impl_r3/test_phase143_75ae_suspension_zero_rendering.py,1,0,,referenced by another phase artifact; contains unique text/code content
B_REVIEW,phase143_75ae_completion,phase_directory,3,False,True,False,False,False,0,,0,,1,0,,contains unique text/code content
B_REVIEW,phase143_75ae_impl,phase_directory,4,False,True,False,True,False,0,,2,phase143_75ae_impl_r2/run_phase143_75ae_r2.ps1 | phase143_75ae_impl_r3/run_phase143_75ae_r3.ps1,2,0,,contains test material; referenced by another phase artifact; contains unique text/code content
B_REVIEW,phase143_75ae_impl_r2,phase_directory,4,False,True,False,True,False,0,,0,,2,0,,contains test material; contains unique text/code content
B_REVIEW,phase143_75ae_impl_r3,phase_directory,4,False,True,False,True,False,0,,0,,2,0,,contains test material; contains unique text/code content
B_REVIEW,phase143_75af,phase_directory,3,False,True,False,False,False,0,,8,phase143_75af_completion/run_phase143_75af_completion.ps1 | phase143_75af_impl/README.txt | phase143_75af_impl/repair_phase143_75af.py | phase143_75af_impl/run_phase143_75af.ps1 | phase143_75af_impl/test_phase143_75af_first_summand_rendering.py | phase143_75af_impl_r2/README.txt | phase143_75af_impl_r2/repair_phase143_75af_r2.py | phase143_75af_impl_r2/run_phase143_75af_r2.ps1,1,0,,referenced by another phase artifact; contains unique text/code content
B_REVIEW,phase143_75af_completion,phase_directory,3,False,True,False,False,False,0,,0,,1,0,,contains unique text/code content
B_REVIEW,phase143_75af_impl,phase_directory,4,False,True,False,True,False,0,,3,phase143_75af_impl_r2/README.txt | phase143_75af_impl_r2/repair_phase143_75af_r2.py | phase143_75af_impl_r2/run_phase143_75af_r2.ps1,2,0,,contains test material; referenced by another phase artifact; contains unique text/code content
B_REVIEW,phase143_75af_impl_r2,phase_directory,3,False,True,False,False,False,0,,0,,1,0,,contains unique text/code content
B_REVIEW,phase143_75ag,phase_directory,3,False,True,False,False,False,0,,13,phase143_75ag_impl/repair_phase143_75ag.py | phase143_75ag_impl/run_phase143_75ag.ps1 | phase143_75ag_impl/test_phase143_75ag_bracket_modulo_rendering.py | phase143_75ag_impl_r2/README.txt | phase143_75ag_impl_r2/repair_phase143_75ag_r2.py | phase143_75ag_impl_r2/run_phase143_75ag_r2.ps1 | phase143_75ag_impl_r2/test_phase143_75ag_bracket_modulo_rendering.py | phase143_75ag_impl_r3/run_phase143_75ag_r3.ps1 | phase143_75ag_impl_r3/test_phase143_75ag_bracket_modulo_rendering.py | phase143_75ag_impl_r4/run_phase143_75ag_r4.ps1 | phase143_75ag_impl_r4/test_phase143_75ag_bracket_modulo_rendering.py | phase143_75ag_r5_completion/run_phase143_75ag_r5_completion.ps1 | phase143_75ag_r5_completion/test_phase143_75ag_bracket_modulo_rendering.py,1,0,,referenced by another phase artifact; contains unique text/code content
B_REVIEW,phase143_75ag_impl,phase_directory,4,False,True,False,True,False,0,,4,phase143_75ag_impl_r2/README.txt | phase143_75ag_impl_r2/run_phase143_75ag_r2.ps1 | phase143_75ag_impl_r3/run_phase143_75ag_r3.ps1 | phase143_75ag_impl_r4/run_phase143_75ag_r4.ps1,2,0,,contains test material; referenced by another phase artifact; contains unique text/code content
B_REVIEW,phase143_75ag_impl_r2,phase_directory,4,False,True,False,True,False,0,,0,,2,0,,contains test material; contains unique text/code content
B_REVIEW,phase143_75ag_impl_r3,phase_directory,4,False,True,False,True,False,0,,0,,2,0,,contains test material; contains unique text/code content
B_REVIEW,phase143_75ag_impl_r4,phase_directory,4,False,True,False,True,False,0,,0,,2,0,,contains test material; contains unique text/code content
B_REVIEW,phase143_75ag_r5_completion,phase_directory,4,False,True,False,True,False,0,,0,,2,0,,contains test material; contains unique text/code content
B_REVIEW,phase143_75ah,phase_directory,3,False,True,False,False,False,0,,6,phase143_75ah_completion/run_phase143_75ah_completion.ps1 | phase143_75ah_impl/repair_phase143_75ah.py | phase143_75ah_impl/run_phase143_75ah.ps1 | phase143_75ah_impl/test_phase143_75ah_two_iota5_rendering.py | phase143_75ah_r2/run_phase143_75ah_r2.ps1 | phase143_75ah_r2/test_phase143_75ah_two_iota5_rendering.py,1,0,,referenced by another phase artifact; contains unique text/code content
B_REVIEW,phase143_75ah_completion,phase_directory,3,False,True,False,False,False,0,,0,,1,0,,contains unique text/code content
B_REVIEW,phase143_75ah_impl,phase_directory,4,False,True,False,True,False,0,,0,,2,0,,contains test material; contains unique text/code content
B_REVIEW,phase143_75ah_r2,phase_directory,3,False,True,False,True,False,0,,0,,1,0,,contains test material; contains unique text/code content
B_REVIEW,phase143_75ai,phase_directory,3,False,True,False,False,False,0,,4,phase143_75ai_completion/run_phase143_75ai_completion.ps1 | phase143_75ai_impl/repair_phase143_75ai.py | phase143_75ai_impl/run_phase143_75ai.ps1 | phase143_75ai_impl/test_phase143_75ai_delta_kernel_rendering.py,1,0,,referenced by another phase artifact; contains unique text/code content
B_REVIEW,phase143_75ai_completion,phase_directory,3,False,True,False,False,False,0,,0,,1,0,,contains unique text/code content
B_REVIEW,phase143_75ai_impl,phase_directory,4,False,True,False,True,False,0,,0,,2,0,,contains test material; contains unique text/code content
B_REVIEW,phase143_75aj,phase_directory,3,False,True,False,False,False,0,,4,phase143_75aj_completion/run_phase143_75aj_completion.ps1 | phase143_75aj_impl/repair_phase143_75aj.py | phase143_75aj_impl/run_phase143_75aj.ps1 | phase143_75aj_impl/test_phase143_75aj_toda36_rendering.py,1,0,,referenced by another phase artifact; contains unique text/code content
B_REVIEW,phase143_75aj_completion,phase_directory,3,False,True,False,False,False,0,,0,,1,0,,contains unique text/code content
B_REVIEW,phase143_75aj_impl,phase_directory,4,False,True,False,True,False,0,,0,,2,0,,contains test material; contains unique text/code content
B_REVIEW,phase143_75ak,phase_directory,3,False,True,False,False,False,0,,7,phase143_75ak_completion/run_phase143_75ak_completion.ps1 | phase143_75ak_impl/repair_phase143_75ak.py | phase143_75ak_impl/run_phase143_75ak.ps1 | phase143_75ak_impl/test_phase143_75ak_sigma_double_prime_rendering.py | phase143_75ak_r2/repair_phase143_75ak_r2.py | phase143_75ak_r2/run_phase143_75ak_r2.ps1 | phase143_75ak_r2/test_phase143_75ak_sigma_double_prime_rendering.py,1,0,,referenced by another phase artifact; contains unique text/code content
B_REVIEW,phase143_75ak_completion,phase_directory,3,False,True,False,False,False,0,,0,,1,0,,contains unique text/code content
B_REVIEW,phase143_75ak_impl,phase_directory,4,False,True,False,True,False,0,,0,,2,0,,contains test material; contains unique text/code content
B_REVIEW,phase143_75ak_r2,phase_directory,4,False,True,False,True,False,0,,0,,2,0,,contains test material; contains unique text/code content
B_REVIEW,phase143_75al,phase_directory,3,False,True,False,False,False,0,,4,phase143_75al_completion/run_phase143_75al_completion.ps1 | phase143_75al_impl/repair_phase143_75al.py | phase143_75al_impl/run_phase143_75al.ps1 | phase143_75al_impl/test_phase143_75al_first_short_exact_rendering.py,1,0,,referenced by another phase artifact; contains unique text/code content
B_REVIEW,phase143_75al_completion,phase_directory,3,False,True,False,False,False,0,,0,,1,0,,contains unique text/code content
B_REVIEW,phase143_75al_impl,phase_directory,4,False,True,False,True,False,0,,0,,2,0,,contains test material; contains unique text/code content
B_REVIEW,phase143_75am,phase_directory,3,False,True,False,False,False,0,,4,phase143_75am_completion/run_phase143_75am_completion.ps1 | phase143_75am_impl/repair_phase143_75am.py | phase143_75am_impl/run_phase143_75am.ps1 | phase143_75am_impl/test_phase143_75am_second_short_exact_rendering.py,1,0,,referenced by another phase artifact; contains unique text/code content
B_REVIEW,phase143_75am_completion,phase_directory,3,False,True,False,False,False,0,,0,,1,0,,contains unique text/code content
B_REVIEW,phase143_75am_impl,phase_directory,4,False,True,False,True,False,0,,0,,2,0,,contains test material; contains unique text/code content
B_REVIEW,phase143_75an,phase_directory,3,False,True,False,False,False,0,,6,phase143_75an_completion/run_phase143_75an_completion.ps1 | phase143_75an_impl/repair_phase143_75an.py | phase143_75an_impl/run_phase143_75an.ps1 | phase143_75an_impl/test_phase143_75an_indeterminacy_rendering.py | phase143_75an_r2/repair_phase143_75an_r2.py | phase143_75an_r2/run_phase143_75an_r2.ps1,1,0,,referenced by another phase artifact; contains unique text/code content
B_REVIEW,phase143_75an_completion,phase_directory,3,False,True,False,False,False,0,,0,,1,0,,contains unique text/code content
B_REVIEW,phase143_75an_impl,phase_directory,4,False,True,False,True,False,0,,2,phase143_75an_r2/repair_phase143_75an_r2.py | phase143_75an_r2/run_phase143_75an_r2.ps1,2,0,,contains test material; referenced by another phase artifact; contains unique text/code content
B_REVIEW,phase143_75an_r2,phase_directory,3,False,True,False,False,False,0,,0,,1,0,,contains unique text/code content
B_REVIEW,phase143_75ao_bulk_audit,phase_directory,3,False,True,False,False,False,0,,1,phase143_75ao_bulk_impl/test_phase143_75ao_bulk_rendering.py,1,0,,referenced by another phase artifact; contains unique text/code content
B_REVIEW,phase143_75ao_bulk_impl,phase_directory,4,False,True,False,True,False,0,,2,phase143_75ao_bulk_r2/repair_phase143_75ao_bulk_r2.py | phase143_75ao_bulk_r2/run_phase143_75ao_bulk_r2.ps1,2,0,,contains test material; referenced by another phase artifact; contains unique text/code content
B_REVIEW,phase143_75ao_bulk_r2,phase_directory,3,False,True,False,False,False,0,,0,,1,0,,contains unique text/code content
B_REVIEW,phase143_75ao_bulk_r3,phase_directory,4,True,True,False,True,False,0,,0,,1,0,,contains apply script; contains test material; contains unique text/code content
B_REVIEW,phase143_75ao_completion,phase_directory,3,False,True,False,False,False,0,,0,,1,0,,contains unique text/code content
B_REVIEW,phase143_75ap_completion_audit,phase_directory,2,False,True,False,False,False,0,,0,,0,0,,not proven safe by conservative rules
B_REVIEW,phase143_75ap_final_bulk,phase_directory,4,True,True,False,True,False,0,,0,,1,0,,contains apply script; contains test material; contains unique text/code content
B_REVIEW,phase143_75ap_r10,phase_directory,3,True,True,False,False,False,0,,5,phase143_75ap_r10_audit/run_phase143_75ap_r10_audit.ps1 | phase143_75ap_r10b_audit/run_phase143_75ap_r10b_audit.ps1 | phase143_75ap_r10c_audit/run_phase143_75ap_r10c_audit.ps1 | phase143_75ap_r10d_audit/run_phase143_75ap_r10d_audit.ps1 | phase143_75ap_r10e_audit/run_phase143_75ap_r10e_audit.ps1,0,0,,contains apply script; referenced by another phase artifact
B_REVIEW,phase143_75ap_r10_audit,phase_directory,3,False,True,False,False,False,0,,0,,1,0,,contains unique text/code content
B_REVIEW,phase143_75ap_r10b_audit,phase_directory,3,False,True,False,False,False,0,,0,,1,0,,contains unique text/code content
B_REVIEW,phase143_75ap_r10c_audit,phase_directory,3,False,True,False,False,False,0,,0,,1,0,,contains unique text/code content
B_REVIEW,phase143_75ap_r10d_audit,phase_directory,3,False,True,False,False,False,0,,0,,1,0,,contains unique text/code content
B_REVIEW,phase143_75ap_r10e_audit,phase_directory,3,False,True,False,False,False,0,,0,,1,0,,contains unique text/code content
B_REVIEW,phase143_75ap_r11,phase_directory,3,True,True,False,False,False,0,,5,phase143_75ap_r11_import_audit/run_phase143_75ap_r11_import_audit.ps1 | phase143_75ap_r11_r2/run_phase143_75ap_r11_r2.ps1 | phase143_75ap_r11_r3/run_phase143_75ap_r11_r3.ps1 | phase143_75ap_r11_r4/run_phase143_75ap_r11_r4.ps1 | phase143_75ap_r11_r5/run_phase143_75ap_r11_r5.ps1,0,0,,contains apply script; referenced by another phase artifact
B_REVIEW,phase143_75ap_r11_import_audit,phase_directory,2,False,True,False,False,False,0,,0,,1,0,,contains unique text/code content
B_REVIEW,phase143_75ap_r11_r2,phase_directory,3,True,True,False,False,False,0,,0,,0,0,,contains apply script
B_REVIEW,phase143_75ap_r11_r3,phase_directory,3,True,True,False,False,False,0,,0,,0,0,,contains apply script
B_REVIEW,phase143_75ap_r11_r4,phase_directory,3,True,True,False,False,False,0,,0,,0,0,,contains apply script
B_REVIEW,phase143_75ap_r11_r5,phase_directory,3,True,True,False,False,False,0,,0,,0,0,,contains apply script
B_REVIEW,phase143_75ap_r12_trace_audit,phase_directory,3,False,True,False,False,False,0,,0,,1,0,,contains unique text/code content
B_REVIEW,phase143_75ap_r12b_selection_audit,phase_directory,3,False,True,False,False,False,0,,0,,1,0,,contains unique text/code content
B_REVIEW,phase143_75ap_r12c_exclusion_audit,phase_directory,3,False,True,False,False,False,0,,0,,1,0,,contains unique text/code content
B_REVIEW,phase143_75ap_r12d_step_filter_audit,phase_directory,3,False,True,False,False,False,0,,0,,1,0,,contains unique text/code content
B_REVIEW,phase143_75ap_r13,phase_directory,3,True,True,False,False,False,0,,0,,0,0,,contains apply script
B_REVIEW,phase143_75ap_r14_completion_audit,phase_directory,3,False,True,False,False,False,0,,0,,1,0,,contains unique text/code content
B_REVIEW,phase143_75ap_r15_boundary_audit,phase_directory,4,False,True,False,False,False,0,,0,,2,0,,contains unique text/code content
B_REVIEW,phase143_75ap_r16,phase_directory,3,True,True,False,False,False,0,,2,phase143_75ap_r16_import_audit/run.ps1 | phase143_75ap_r16_r2/run_phase143_75ap_r16_r2.ps1,0,0,,contains apply script; referenced by another phase artifact
B_REVIEW,phase143_75ap_r16_import_audit,phase_directory,4,False,False,False,False,False,0,,0,,3,0,,contains unique text/code content
B_REVIEW,phase143_75ap_r16_r2,phase_directory,3,True,True,False,False,False,0,,0,,0,0,,contains apply script
B_REVIEW,phase143_75ap_r17,phase_directory,5,True,True,False,False,False,0,,4,phase143_75ap_r17_audit/run.ps1 | phase143_75ap_r17_completion_audit/run.ps1 | phase143_75ap_r17_completion_audit_r2/run.ps1 | phase143_75ap_r17_completion_audit_r3/run.ps1,2,0,,contains apply script; referenced by another phase artifact; contains unique text/code content
B_REVIEW,phase143_75ap_r17_audit,phase_directory,4,False,False,False,False,False,0,,0,,3,0,,contains unique text/code content
B_REVIEW,phase143_75ap_r17_completion_audit,phase_directory,4,False,True,False,False,False,0,,2,phase143_75ap_r17_completion_audit_r2/run.ps1 | phase143_75ap_r17_completion_audit_r3/run.ps1,2,0,,referenced by another phase artifact; contains unique text/code content
B_REVIEW,phase143_75ap_r17_completion_audit_r2,phase_directory,4,False,False,False,False,False,0,,0,,3,0,,contains unique text/code content
B_REVIEW,phase143_75ap_r17_completion_audit_r3,phase_directory,4,False,False,False,False,False,0,,0,,3,0,,contains unique text/code content
B_REVIEW,phase143_75ap_r2,phase_directory,4,True,True,False,False,False,0,,0,,1,0,,contains apply script; contains unique text/code content
B_REVIEW,phase143_75ap_r3,phase_directory,3,True,True,False,False,False,0,,0,,0,0,,contains apply script
B_REVIEW,phase143_75ap_r4,phase_directory,3,True,True,False,False,False,0,,0,,0,0,,contains apply script
B_REVIEW,phase143_75ap_r5,phase_directory,3,True,True,False,False,False,0,,0,,0,0,,contains apply script
B_REVIEW,phase143_75ap_r6,phase_directory,3,True,True,False,False,False,0,,0,,0,0,,contains apply script
B_REVIEW,phase143_75ap_r7,phase_directory,3,True,True,False,False,False,0,,0,,0,0,,contains apply script
B_REVIEW,phase143_75ap_r8,phase_directory,3,True,True,False,False,False,0,,1,phase143_75ap_r17_completion_audit/run_existing_completion_audit.py,0,0,,contains apply script; referenced by another phase artifact
B_REVIEW,phase143_75ap_r9,phase_directory,3,True,True,False,False,False,0,,0,,0,0,,contains apply script
B_REVIEW,phase143_75b,phase_directory,2,False,False,False,False,False,0,,0,,1,0,,contains unique text/code content
B_REVIEW,phase143_75d,phase_directory,2,False,True,False,False,False,0,,0,,0,0,,not proven safe by conservative rules
B_REVIEW,phase143_75e,phase_directory,2,False,False,False,False,False,0,,0,,1,0,,contains unique text/code content
B_REVIEW,phase143_75g,phase_directory,2,False,True,False,False,False,0,,0,,0,0,,not proven safe by conservative rules
B_REVIEW,phase143_75h,phase_directory,3,False,True,False,False,False,0,,0,,1,0,,contains unique text/code content
B_REVIEW,phase143_75i_r2,phase_directory,3,False,False,False,True,False,0,,0,,2,1,phase143_75i_r2/test_phase143_75i_whitehead_hopf_semantic_rendering.py,contains test material; contains unique text/code content
B_REVIEW,phase143_75j,phase_directory,2,False,True,False,False,False,0,,0,,0,0,,not proven safe by conservative rules
B_REVIEW,phase143_75k,phase_directory,3,False,True,False,False,False,0,,0,,1,0,,contains unique text/code content
B_REVIEW,phase143_75l,phase_directory,3,False,True,False,False,False,0,,0,,1,0,,contains unique text/code content
B_REVIEW,phase143_75m_r2,phase_directory,5,False,True,False,True,False,0,,2,phase143_75m_r3/run_phase143_75m_r3.ps1 | phase143_75m_r4/run_phase143_75m_r4.ps1,3,0,,contains test material; referenced by another phase artifact; contains unique text/code content
B_REVIEW,phase143_75m_r3,phase_directory,3,False,True,False,False,False,0,,0,,1,0,,contains unique text/code content
B_REVIEW,phase143_75m_r4,phase_directory,3,False,True,False,False,False,0,,0,,1,0,,contains unique text/code content
B_REVIEW,phase143_75n,phase_directory,3,False,True,False,False,False,0,,0,,1,0,,contains unique text/code content
B_REVIEW,phase143_75o,phase_directory,3,False,True,False,False,False,0,,0,,1,0,,contains unique text/code content
B_REVIEW,phase143_75q,phase_directory,3,False,True,False,False,False,0,,0,,1,0,,contains unique text/code content
B_REVIEW,phase143_75r,phase_directory,3,False,True,False,False,False,0,,0,,1,0,,contains unique text/code content
B_REVIEW,phase143_75s_r2,phase_directory,3,False,True,False,False,False,0,,0,,1,0,,contains unique text/code content
B_REVIEW,phase143_75u,phase_directory,3,False,True,False,False,False,0,,33,phase143_75ab2/run_phase143_75ab2.ps1 | phase143_75ab_completion_audit/run_phase143_75ab_completion_audit.ps1 | phase143_75ac/run_phase143_75ac.ps1 | phase143_75ac2/audit_phase143_75ac2.py | phase143_75ac3/audit_phase143_75ac3.py | phase143_75ac_completion_audit/run_phase143_75ac_completion_audit.ps1 | phase143_75ad/audit_phase143_75ad.py | phase143_75ad_completion/run_phase143_75ad_completion.ps1 | phase143_75ae/audit_phase143_75ae.py | phase143_75ae_completion/audit_phase143_75ae_completion.py | phase143_75af/audit_phase143_75af.py | phase143_75af_completion/audit_phase143_75af_completion.py | phase143_75ag/audit_phase143_75ag.py | phase143_75ag_r5_completion/audit_phase143_75ag_completion.py | phase143_75ah/audit_phase143_75ah.py | phase143_75ah_completion/audit_phase143_75ah_completion.py | phase143_75ai/audit_phase143_75ai.py | phase143_75ai_completion/audit_phase143_75ai_completion.py | phase143_75aj/audit_phase143_75aj.py | phase143_75aj_completion/audit_phase143_75aj_completion.py,1,0,,referenced by another phase artifact; contains unique text/code content
B_REVIEW,phase143_75v,phase_directory,3,False,True,False,False,False,0,,0,,1,0,,contains unique text/code content
B_REVIEW,phase143_75x,phase_directory,3,False,True,False,False,False,0,,0,,1,0,,contains unique text/code content
B_REVIEW,phase143_75z,phase_directory,3,False,True,False,False,False,0,,3,phase143_75aa_audit/run_phase143_75aa_audit.ps1 | phase143_75ab/audit_phase143_75ab.py | phase143_75ab/run_phase143_75ab.ps1,1,0,,referenced by another phase artifact; contains unique text/code content
B_REVIEW,PHASE143_7_README.txt,root_phase_file,1,False,False,False,False,False,0,,0,,1,0,,contains unique text/code content
B_REVIEW,phase143_docs_completion,phase_directory,8,True,True,False,False,False,0,,0,,4,0,,contains apply script; contains unique text/code content
B_REVIEW,phase143_final_regression,phase_directory,2,False,True,False,False,False,0,,0,,0,0,,not proven safe by conservative rules
B_REVIEW,phase143_final_regression_r2,phase_directory,2,False,True,False,False,False,0,,0,,0,0,,not proven safe by conservative rules
B_REVIEW,phase144_1_representative_narrative_path_audit,phase_directory,4,False,True,False,False,False,0,,0,,2,0,,contains unique text/code content
B_REVIEW,phase144_2_definition_hierarchy_audit,phase_directory,3,False,True,False,False,False,0,,0,,1,0,,contains unique text/code content
B_REVIEW,phase144_2_definition_relevance_audit,phase_directory,3,False,True,False,False,False,0,,0,,1,0,,contains unique text/code content
B_REVIEW,phase144_2_definition_statement_shape_audit,phase_directory,4,False,True,False,False,False,0,,0,,2,0,,contains unique text/code content
B_REVIEW,phase144_2_other_block_semantic_audit,phase_directory,4,False,True,False,False,False,0,,1,phase144_2_other_block_semantic_audit_r2/run_phase144_2_r2.ps1,2,0,,referenced by another phase artifact; contains unique text/code content
B_REVIEW,phase144_2_other_block_semantic_audit_r2,phase_directory,4,False,True,False,False,False,0,,0,,2,0,,contains unique text/code content
B_REVIEW,phase144_2_post_impl_audit_r2,phase_directory,3,False,True,False,False,False,0,,0,,1,0,,contains unique text/code content
B_REVIEW,phase144_2_sigma_definition_semantic_path_audit,phase_directory,4,False,True,False,False,False,0,,0,,2,0,,contains unique text/code content
B_REVIEW,phase144_2_sigma_triple_prime_definition_impl,phase_directory,6,True,True,False,True,False,0,,0,,3,1,phase144_2_sigma_triple_prime_definition_impl/test_phase144_2_sigma_triple_prime_definition.py,contains apply script; contains test material; contains unique text/code content
B_REVIEW,phase144_4_pi6_3_legacy_generic_audit,phase_directory,7,False,True,False,False,False,0,,0,,5,0,,contains unique text/code content
B_REVIEW,phase144_5_generic_definition_order_equations,phase_directory,6,True,True,False,True,False,0,,29,phase144_5_r1_test_fix/README.txt | phase144_5_r1_test_fix/apply_phase144_5_r1.py | phase144_5_r1_test_fix/run_phase144_5_r1.ps1 | phase144_5_r2_generic_equation_references/README.txt | phase144_5_r2_generic_equation_references/apply_phase144_5_r2.py | phase144_5_r2_generic_equation_references/run_phase144_5_r2.ps1 | phase144_5_r2_r1_transition_fix/run_phase144_5_r2_r1.ps1 | phase144_5_r2_r2_api_fix/run_phase144_5_r2_r2.ps1 | phase144_6_final_completion_regression/run_phase144_6_final_completion_regression.ps1 | phase144_6_final_regression_repair_r11/README.md | phase144_6_final_regression_repair_r11/apply_phase144_6_final_regression_repair_r11.py | phase144_6_final_regression_repair_r11/run_phase144_6_final_regression_repair_r11.ps1 | phase144_6_final_regression_repair_r16/README.md | phase144_6_final_regression_repair_r16/run_phase144_6_final_regression_repair_r16.ps1 | phase144_6_final_regression_repair_r17/run_phase144_6_final_regression_repair_r17.ps1 | phase144_6_final_regression_repair_r19/run_phase144_6_final_regression_repair_r19.ps1 | phase144_6_final_regression_repair_r22/run_phase144_6_final_regression_repair_r22.ps1 | phase144_6_final_regression_repair_r23/run_phase144_6_final_regression_repair_r23.ps1 | phase144_6_final_regression_repair_r24/run_phase144_6_final_regression_repair_r24.ps1 | phase144_6_finalization_focused_gate/run_phase144_6_finalization_focused_gate.ps1,3,0,,contains apply script; contains test material; referenced by another phase artifact; contains unique text/code content
B_REVIEW,phase144_5_r1_test_fix,phase_directory,4,True,True,False,True,False,0,,0,,1,0,,contains apply script; contains test material; contains unique text/code content
B_REVIEW,phase144_5_r2_generic_equation_references,phase_directory,6,True,True,False,True,False,0,,0,,3,0,,contains apply script; contains test material; contains unique text/code content
B_REVIEW,phase144_5_r2_r1_transition_fix,phase_directory,3,True,True,False,False,False,0,,0,,0,0,,contains apply script
B_REVIEW,phase144_5_r2_r2_api_fix,phase_directory,5,True,True,False,True,False,0,,0,,2,2,phase144_5_r2_r2_api_fix/test_phase144_5_r2_r2_api.py | phase144_5_r2_r2_api_fix/toda_group_proof_narrative_equation_numbering.py,contains apply script; contains test material
B_REVIEW,phase144_6_abort_historical_audit_restore,phase_directory,2,False,False,False,False,False,0,,0,,1,0,,contains unique text/code content
B_REVIEW,phase144_6_final_completion_audit_and_full_pytest,phase_directory,3,False,True,False,False,False,0,,0,,1,0,,contains unique text/code content
B_REVIEW,phase144_6_final_completion_regression,phase_directory,2,False,True,False,False,False,0,,0,,0,0,,not proven safe by conservative rules
B_REVIEW,phase144_6_final_full_suite,phase_directory,2,False,True,False,False,False,0,,1,phase144_6_final_full_suite_r2/README.txt,0,0,,referenced by another phase artifact
B_REVIEW,phase144_6_final_full_suite_r2,phase_directory,2,False,True,False,False,False,0,,0,,0,0,,not proven safe by conservative rules
B_REVIEW,phase144_6_final_full_suite_r4,phase_directory,2,False,True,False,False,False,0,,0,,0,0,,not proven safe by conservative rules
B_REVIEW,phase144_6_final_regression_repair,phase_directory,12,True,True,False,True,False,0,,13,phase144_6_final_regression_repair_r10/run_phase144_6_final_regression_repair_r10.ps1 | phase144_6_final_regression_repair_r11/run_phase144_6_final_regression_repair_r11.ps1 | phase144_6_final_regression_repair_r12/run_phase144_6_final_regression_repair_r12.ps1 | phase144_6_final_regression_repair_r15/run_phase144_6_final_regression_repair_r15.ps1 | phase144_6_final_regression_repair_r16/run_phase144_6_final_regression_repair_r16.ps1 | phase144_6_final_regression_repair_r17/run_phase144_6_final_regression_repair_r17.ps1 | phase144_6_final_regression_repair_r19/run_phase144_6_final_regression_repair_r19.ps1 | phase144_6_final_regression_repair_r2/README.txt | phase144_6_final_regression_repair_r22/run_phase144_6_final_regression_repair_r22.ps1 | phase144_6_final_regression_repair_r23/run_phase144_6_final_regression_repair_r23.ps1 | phase144_6_final_regression_repair_r5/README.md | phase144_6_final_regression_repair_r9/README.md | phase144_6_r25_12_local_190_192_focused_audit/phase144_6_r25_12_local_diff_report.txt,9,9,phase144_6_final_regression_repair/tests/test_phase133_7_group_proof_narrative_labels.py | phase144_6_final_regression_repair/tests/test_phase134_16_presentation_catalog.py | phase144_6_final_regression_repair/tests/test_phase134_3_pi6_3_numbered_narrative.py | phase144_6_final_regression_repair/tests/test_phase134_5_pi6_3_reference_fact_split.py | phase144_6_final_regression_repair/tests/test_phase134_6_pi6_3_mathbook_narrative.py | phase144_6_final_regression_repair/tests/test_phase134_7_pi6_3_final_narrative.py | phase144_6_final_regression_repair/tests/test_phase134_9_pi6_3_snapshot.py | phase144_6_final_regression_repair/tests/test_phase136_1_pi6_3_narrative_prose.py | phase144_6_final_regression_repair/tests/test_phase136_2_pi6_3_narrative_structure.py,contains apply script; contains test material; referenced by another phase artifact
B_REVIEW,phase144_6_final_regression_repair_r10,phase_directory,3,True,True,False,False,False,0,,1,phase144_6_r25_12_local_190_192_focused_audit/phase144_6_r25_12_local_diff_report.txt,0,0,,contains apply script; referenced by another phase artifact
B_REVIEW,phase144_6_final_regression_repair_r11,phase_directory,3,True,True,False,False,False,0,,1,phase144_6_r25_12_local_190_192_focused_audit/phase144_6_r25_12_local_diff_report.txt,0,0,,contains apply script; referenced by another phase artifact
B_REVIEW,phase144_6_final_regression_repair_r12,phase_directory,3,True,True,False,False,False,0,,1,phase144_6_r25_12_local_190_192_focused_audit/phase144_6_r25_12_local_diff_report.txt,0,0,,contains apply script; referenced by another phase artifact
B_REVIEW,phase144_6_final_regression_repair_r15,phase_directory,3,True,True,False,False,False,0,,1,phase144_6_r25_12_local_190_192_focused_audit/phase144_6_r25_12_local_diff_report.txt,0,0,,contains apply script; referenced by another phase artifact
B_REVIEW,phase144_6_final_regression_repair_r16,phase_directory,3,True,True,False,False,False,0,,1,phase144_6_r25_12_local_190_192_focused_audit/phase144_6_r25_12_local_diff_report.txt,0,0,,contains apply script; referenced by another phase artifact
B_REVIEW,phase144_6_final_regression_repair_r17,phase_directory,3,True,True,False,False,False,0,,1,phase144_6_r25_12_local_190_192_focused_audit/phase144_6_r25_12_local_diff_report.txt,0,0,,contains apply script; referenced by another phase artifact
B_REVIEW,phase144_6_final_regression_repair_r19,phase_directory,3,True,True,False,False,False,0,,1,phase144_6_r25_12_local_190_192_focused_audit/phase144_6_r25_12_local_diff_report.txt,0,0,,contains apply script; referenced by another phase artifact
B_REVIEW,phase144_6_final_regression_repair_r2,phase_directory,2,False,True,False,False,False,0,,3,phase144_6_final_regression_repair_r22/run_phase144_6_final_regression_repair_r22.ps1 | phase144_6_final_regression_repair_r23/run_phase144_6_final_regression_repair_r23.ps1 | phase144_6_r25_12_local_190_192_focused_audit/phase144_6_r25_12_local_diff_report.txt,0,0,,referenced by another phase artifact
B_REVIEW,phase144_6_final_regression_repair_r22,phase_directory,3,True,True,False,False,False,0,,1,phase144_6_r25_12_local_190_192_focused_audit/phase144_6_r25_12_local_diff_report.txt,0,0,,contains apply script; referenced by another phase artifact
B_REVIEW,phase144_6_final_regression_repair_r23,phase_directory,3,True,True,False,False,False,0,,1,phase144_6_r25_12_local_190_192_focused_audit/phase144_6_r25_12_local_diff_report.txt,0,0,,contains apply script; referenced by another phase artifact
B_REVIEW,phase144_6_final_regression_repair_r24,phase_directory,5,True,True,False,False,False,0,,1,phase144_6_r25_12_local_190_192_focused_audit/phase144_6_r25_12_local_diff_report.txt,1,0,,contains apply script; referenced by another phase artifact; contains unique text/code content
B_REVIEW,phase144_6_final_regression_repair_r5,phase_directory,3,False,True,False,True,False,0,,0,,1,0,,contains test material; contains unique text/code content
B_REVIEW,phase144_6_finalization,phase_directory,4,False,True,False,False,False,0,,11,phase144_6_finalization_focused_gate/README.txt | phase144_6_finalization_focused_gate/phase144_6_finalization_focused_gate_output.txt | phase144_6_finalization_focused_gate/run_phase144_6_finalization_focused_gate.ps1 | phase144_6_finalization_r25_30_boundary_gate/phase144_6_finalization_r25_30_boundary_gate_output.txt | phase144_6_finalization_r25_30_boundary_gate/run_phase144_6_finalization_r25_30_boundary_gate.ps1 | phase144_6_finalization_r25_30_boundary_gate_r1/README.txt | phase144_6_finalization_r25_30_boundary_gate_r1/phase144_6_finalization_r25_30_boundary_gate_r1_output.txt | phase144_6_finalization_r25_30_boundary_gate_r1/run_phase144_6_finalization_r25_30_boundary_gate_r1.ps1 | phase144_6_finalization_r25_30_boundary_gate_r2/README.txt | phase144_6_finalization_r25_30_boundary_gate_r2/phase144_6_finalization_r25_30_boundary_gate_r2_output.txt | phase144_6_finalization_r25_30_boundary_gate_r2/run_phase144_6_finalization_r25_30_boundary_gate_r2.ps1,2,0,,referenced by another phase artifact; contains unique text/code content
B_REVIEW,phase144_6_finalization_focused_gate,phase_directory,4,False,True,False,False,False,0,,0,,2,0,,contains unique text/code content
B_REVIEW,phase144_6_finalization_r25_30_boundary_gate,phase_directory,3,False,True,False,False,False,0,,6,phase144_6_finalization_r25_30_boundary_gate_r1/README.txt | phase144_6_finalization_r25_30_boundary_gate_r1/phase144_6_finalization_r25_30_boundary_gate_r1_output.txt | phase144_6_finalization_r25_30_boundary_gate_r1/run_phase144_6_finalization_r25_30_boundary_gate_r1.ps1 | phase144_6_finalization_r25_30_boundary_gate_r2/README.txt | phase144_6_finalization_r25_30_boundary_gate_r2/phase144_6_finalization_r25_30_boundary_gate_r2_output.txt | phase144_6_finalization_r25_30_boundary_gate_r2/run_phase144_6_finalization_r25_30_boundary_gate_r2.ps1,1,0,,referenced by another phase artifact; contains unique text/code content
B_REVIEW,phase144_6_finalization_r25_30_boundary_gate_r1,phase_directory,3,False,True,False,False,False,0,,0,,1,0,,contains unique text/code content
B_REVIEW,phase144_6_finalization_r25_30_boundary_gate_r2,phase_directory,3,False,True,False,False,False,0,,0,,1,0,,contains unique text/code content
B_REVIEW,phase144_6_pi6_generic_production_route,phase_directory,5,True,True,False,True,False,0,,53,phase144_6_final_completion_regression/run_phase144_6_final_completion_regression.ps1 | phase144_6_final_regression_repair_r11/README.md | phase144_6_final_regression_repair_r11/apply_phase144_6_final_regression_repair_r11.py | phase144_6_final_regression_repair_r11/run_phase144_6_final_regression_repair_r11.ps1 | phase144_6_final_regression_repair_r24/run_phase144_6_final_regression_repair_r24.ps1 | phase144_6_finalization/phase144_6_finalization_output.txt | phase144_6_finalization_focused_gate/run_phase144_6_finalization_focused_gate.ps1 | phase144_6_finalization_r25_30_boundary_gate/run_phase144_6_finalization_r25_30_boundary_gate.ps1 | phase144_6_finalization_r25_30_boundary_gate_r1/run_phase144_6_finalization_r25_30_boundary_gate_r1.ps1 | phase144_6_finalization_r25_30_boundary_gate_r2/run_phase144_6_finalization_r25_30_boundary_gate_r2.ps1 | phase144_6_r1_cli_depth_fix/apply_phase144_6_r1.py | phase144_6_r1_cli_depth_fix/run_phase144_6_r1.ps1 | phase144_6_r25_10_final_regression_ownership_audit/run_phase144_6_r25_10.ps1 | phase144_6_r25_12_local_190_192_focused_audit/phase144_6_r25_12_local_diff_report.txt | phase144_6_r25_13_definition_scoped_evidence_repair/run_phase144_6_r25_13.ps1 | phase144_6_r25_15_final_ownership_repair/run_phase144_6_r25_15.ps1 | phase144_6_r25_16_depth2_derivation_support_repair/run_phase144_6_r25_16.ps1 | phase144_6_r25_17_restore_cli_narrative_completeness/run_phase144_6_r25_17.ps1 | phase144_6_r25_19_complete_replay_api/run_phase144_6_r25_19.ps1 | phase144_6_r25_22_cli_web_narrative_replay_parity/run_phase144_6_r25_22.ps1,2,0,,contains apply script; contains test material; referenced by another phase artifact; contains unique text/code content
B_REVIEW,phase144_6_public_route_cutover,phase_directory,5,True,True,True,True,False,0,,15,phase144_6_final_regression_repair/run_phase144_6_final_regression_repair.ps1 | phase144_6_final_regression_repair_r2/README.txt | phase144_6_final_regression_repair_r2/run_phase144_6_final_regression_repair_r2.ps1 | phase144_6_finalization/phase144_6_finalization_output.txt | phase144_6_finalization_focused_gate/run_phase144_6_finalization_focused_gate.ps1 | phase144_6_finalization_r25_30_boundary_gate/run_phase144_6_finalization_r25_30_boundary_gate.ps1 | phase144_6_finalization_r25_30_boundary_gate_r1/run_phase144_6_finalization_r25_30_boundary_gate_r1.ps1 | phase144_6_finalization_r25_30_boundary_gate_r2/run_phase144_6_finalization_r25_30_boundary_gate_r2.ps1 | phase144_6_public_route_cutover_r2/README.txt | phase144_6_public_route_cutover_r2/install_phase144_6_public_route_cutover_r2.py | phase144_6_public_route_cutover_r2/run_phase144_6_public_route_cutover_r2.ps1 | phase144_6_public_route_cutover_r3/README.txt | phase144_6_public_route_cutover_r3/run_phase144_6_public_route_cutover_r3.ps1 | phase144_6_r25_12_local_190_192_focused_audit/phase144_6_r25_12_local_diff_report.txt | phase144_final_regression_repair_r2/run_phase144_final_regression_repair_r2.ps1,2,1,phase144_6_public_route_cutover/payload/tests/test_phase144_6_public_route_cutover.py,contains apply script; contains payload; contains test material; referenced by another phase artifact; contains unique text/code content
B_REVIEW,phase144_6_public_route_cutover_r2,phase_directory,4,False,True,True,True,False,0,,1,phase144_6_r25_12_local_190_192_focused_audit/phase144_6_r25_12_local_diff_report.txt,2,0,,contains payload; contains test material; referenced by another phase artifact; contains unique text/code content
B_REVIEW,phase144_6_public_route_cutover_r3,phase_directory,4,False,True,True,True,False,0,,1,phase144_6_r25_12_local_190_192_focused_audit/phase144_6_r25_12_local_diff_report.txt,2,1,phase144_6_public_route_cutover_r3/payload/tests/test_phase135_1_web_narrative_display_math.py,contains payload; contains test material; referenced by another phase artifact; contains unique text/code content
B_REVIEW,phase144_6_r14_import_origin_preflight,phase_directory,3,False,True,False,False,False,0,,1,phase144_6_r25_12_local_190_192_focused_audit/phase144_6_r25_12_local_diff_report.txt,1,0,,referenced by another phase artifact; contains unique text/code content
B_REVIEW,phase144_6_r1_cli_depth_fix,phase_directory,3,True,True,False,True,False,0,,0,,1,0,,contains apply script; contains test material; contains unique text/code content
B_REVIEW,phase144_6_r20_local_multi_context_capture,phase_directory,3,False,True,False,False,False,0,,1,phase144_6_r25_12_local_190_192_focused_audit/phase144_6_r25_12_local_diff_report.txt,1,0,,referenced by another phase artifact; contains unique text/code content
B_REVIEW,phase144_6_r21_local_body_context_capture,phase_directory,3,False,True,False,False,False,0,,1,phase144_6_r25_12_local_190_192_focused_audit/phase144_6_r25_12_local_diff_report.txt,1,0,,referenced by another phase artifact; contains unique text/code content
B_REVIEW,phase144_6_r25_10_final_regression_ownership_audit,phase_directory,4,False,True,False,False,False,0,,10,phase144_6_r25_10_r1_import_path_repair/README.md | phase144_6_r25_10_r1_import_path_repair/apply_phase144_6_r25_10_r1.ps1 | phase144_6_r25_10_r1_import_path_repair/run_phase144_6_r25_10_r1.ps1 | phase144_6_r25_10_r2_audit_environment_repair/run_phase144_6_r25_10_r2.ps1 | phase144_6_r25_10_r3_contribution_import_repair/apply_phase144_6_r25_10_r3.ps1 | phase144_6_r25_10_r3_contribution_import_repair/run_phase144_6_r25_10_r3.ps1 | phase144_6_r25_10_r4_utf8_audit_runner/run_phase144_6_r25_10_r4.ps1 | phase144_6_r25_10_r5_argument_api_audit_repair/apply_phase144_6_r25_10_r5.ps1 | phase144_6_r25_10_r5_argument_api_audit_repair/run_phase144_6_r25_10_r5.ps1 | phase144_6_r25_10_r6_utf8_and_argument_api_runner/run_phase144_6_r25_10_r6.ps1,2,0,,referenced by another phase artifact; contains unique text/code content
B_REVIEW,phase144_6_r25_10_r1_import_path_repair,phase_directory,3,True,True,False,False,False,0,,0,,0,0,,contains apply script
B_REVIEW,phase144_6_r25_10_r2_audit_environment_repair,phase_directory,2,False,True,False,False,False,0,,0,,0,0,,not proven safe by conservative rules
B_REVIEW,phase144_6_r25_10_r3_contribution_import_repair,phase_directory,3,True,True,False,False,False,0,,0,,0,0,,contains apply script
B_REVIEW,phase144_6_r25_10_r4_utf8_audit_runner,phase_directory,2,False,True,False,False,False,0,,0,,0,0,,not proven safe by conservative rules
B_REVIEW,phase144_6_r25_10_r5_argument_api_audit_repair,phase_directory,3,True,True,False,False,False,0,,2,phase144_6_r25_11_production_repair/run_phase144_6_r25_11.ps1 | phase144_6_r25_11_r2_semantic_closure_ownership_repair/run_phase144_6_r25_11_r2.ps1,0,0,,contains apply script; referenced by another phase artifact
B_REVIEW,phase144_6_r25_10_r6_utf8_and_argument_api_runner,phase_directory,2,False,True,False,False,False,0,,0,,0,0,,not proven safe by conservative rules
B_REVIEW,phase144_6_r25_11_production_repair,phase_directory,4,True,True,False,True,False,0,,1,phase144_6_r25_12_local_190_192_focused_audit/phase144_6_r25_12_local_diff_report.txt,1,0,,contains apply script; contains test material; referenced by another phase artifact; contains unique text/code content
B_REVIEW,phase144_6_r25_11_r2_semantic_closure_ownership_repair,phase_directory,4,True,True,False,True,False,0,,1,phase144_6_r25_12_local_190_192_focused_audit/phase144_6_r25_12_local_diff_report.txt,1,0,,contains apply script; contains test material; referenced by another phase artifact; contains unique text/code content
B_REVIEW,phase144_6_r25_11_r4_closure_origin_boundary_audit,phase_directory,4,False,True,False,True,False,0,,1,phase144_6_r25_12_local_190_192_focused_audit/phase144_6_r25_12_local_diff_report.txt,2,0,,contains test material; referenced by another phase artifact; contains unique text/code content
B_REVIEW,phase144_6_r25_11_r5_full_depth_plus2_ownership_delta_audit,phase_directory,4,False,True,False,True,False,0,,1,phase144_6_r25_12_local_190_192_focused_audit/phase144_6_r25_12_local_diff_report.txt,2,0,,contains test material; referenced by another phase artifact; contains unique text/code content
B_REVIEW,phase144_6_r25_11_r6_historical_190_192_exact_delta_audit,phase_directory,6,False,True,False,True,False,0,,1,phase144_6_r25_12_local_190_192_focused_audit/phase144_6_r25_12_local_diff_report.txt,4,0,,contains test material; referenced by another phase artifact; contains unique text/code content
B_REVIEW,phase144_6_r25_11_r6_r1_r1_runner_repair,phase_directory,6,True,True,True,True,False,0,,1,phase144_6_r25_12_local_190_192_focused_audit/phase144_6_r25_12_local_diff_report.txt,2,0,,contains apply script; contains payload; contains test material; referenced by another phase artifact; contains unique text/code content
B_REVIEW,phase144_6_r25_11_r6_r1_r2_r1_powershell51_syntax_repair,phase_directory,5,True,True,True,True,False,0,,1,phase144_6_r25_12_local_190_192_focused_audit/phase144_6_r25_12_local_diff_report.txt,2,0,,contains apply script; contains payload; contains test material; referenced by another phase artifact; contains unique text/code content
B_REVIEW,phase144_6_r25_11_r6_r1_r2_r1_r1_audit_test_compatibility_repair,phase_directory,4,True,True,True,True,False,0,,1,phase144_6_r25_12_local_190_192_focused_audit/phase144_6_r25_12_local_diff_report.txt,1,0,,contains apply script; contains payload; contains test material; referenced by another phase artifact; contains unique text/code content
B_REVIEW,phase144_6_r25_11_r6_r1_r2_r1_r2_native_git_error_handling_repair,phase_directory,5,True,True,True,True,False,0,,1,phase144_6_r25_12_local_190_192_focused_audit/phase144_6_r25_12_local_diff_report.txt,2,0,,contains apply script; contains payload; contains test material; referenced by another phase artifact; contains unique text/code content
B_REVIEW,phase144_6_r25_11_r6_r1_r2_r1_r2_r1_powershell51_native_git_syntax_repair,phase_directory,5,False,True,True,True,False,0,,1,phase144_6_r25_12_local_190_192_focused_audit/phase144_6_r25_12_local_diff_report.txt,3,0,,contains payload; contains test material; referenced by another phase artifact; contains unique text/code content
B_REVIEW,phase144_6_r25_11_r6_r1_r2_r1_r2_r2_git_object_path_distinction_repair,phase_directory,5,False,True,True,True,False,0,,1,phase144_6_r25_12_local_190_192_focused_audit/phase144_6_r25_12_local_diff_report.txt,3,0,,contains payload; contains test material; referenced by another phase artifact; contains unique text/code content
B_REVIEW,phase144_6_r25_11_r6_r1_r2_r1_r2_r2_r1_audit_test_compatibility_repair,phase_directory,5,True,True,True,True,False,0,,1,phase144_6_r25_12_local_190_192_focused_audit/phase144_6_r25_12_local_diff_report.txt,2,0,,contains apply script; contains payload; contains test material; referenced by another phase artifact; contains unique text/code content
B_REVIEW,phase144_6_r25_11_r6_r1_r2_r1_r2_r2_r2_r1_diagnostic_audit_test_repair,phase_directory,4,True,True,True,True,True,0,,1,phase144_6_r25_12_local_190_192_focused_audit/phase144_6_r25_12_local_diff_report.txt,1,0,,contains apply script; contains payload; contains test material; referenced by another phase artifact; contains unique text/code content
B_REVIEW,phase144_6_r25_11_r6_r1_r2_r1_r2_r2_r2_worktree_creation_failure_diagnostic_audit,phase_directory,4,False,True,False,True,True,0,,2,phase144_6_r25_11_r6_r1_r2_r1_r2_r2_r2_r1_diagnostic_audit_test_repair/run_phase144_6_r25_11_r6_r1_r2_r1_r2_r2_r2_r1.ps1 | phase144_6_r25_12_local_190_192_focused_audit/phase144_6_r25_12_local_diff_report.txt,2,0,,contains test material; referenced by another phase artifact; contains unique text/code content
B_REVIEW,phase144_6_r25_11_r6_r1_r2_r1_r2_r2_r3_native_command_scalar_exit_code_repair,phase_directory,7,False,True,True,True,False,0,,1,phase144_6_r25_12_local_190_192_focused_audit/phase144_6_r25_12_local_diff_report.txt,5,0,,contains payload; contains test material; referenced by another phase artifact; contains unique text/code content
B_REVIEW,phase144_6_r25_11_r6_r1_r2_r1_r2_r2_r3_r1_installer_syntax_repair,phase_directory,7,False,True,True,True,False,0,,1,phase144_6_r25_12_local_190_192_focused_audit/phase144_6_r25_12_local_diff_report.txt,5,0,,contains payload; contains test material; referenced by another phase artifact; contains unique text/code content
B_REVIEW,phase144_6_r25_11_r6_r1_r2_r1_r2_r2_r3_r2_cleanup_syntax_repair,phase_directory,7,False,True,True,True,False,0,,1,phase144_6_r25_12_local_190_192_focused_audit/phase144_6_r25_12_local_diff_report.txt,5,0,,contains payload; contains test material; referenced by another phase artifact; contains unique text/code content
B_REVIEW,phase144_6_r25_11_r6_r1_r2_r1_r2_r2_r3_r3_payload_powershell51_syntax_repair,phase_directory,7,False,True,True,True,False,0,,1,phase144_6_r25_12_local_190_192_focused_audit/phase144_6_r25_12_local_diff_report.txt,5,0,,contains payload; contains test material; referenced by another phase artifact; contains unique text/code content
B_REVIEW,phase144_6_r25_11_r6_r1_r2_r1_r2_r2_r3_r4_measure_commit_whole_function_repair,phase_directory,7,False,True,True,True,False,0,,1,phase144_6_r25_12_local_190_192_focused_audit/phase144_6_r25_12_local_diff_report.txt,5,0,,contains payload; contains test material; referenced by another phase artifact; contains unique text/code content
B_REVIEW,phase144_6_r25_11_r6_r1_r2_r1_r2_r2_r3_r4_r1_focused_test_manifest_repair,phase_directory,4,False,True,True,True,False,0,,1,phase144_6_r25_12_local_190_192_focused_audit/phase144_6_r25_12_local_diff_report.txt,2,0,,contains payload; contains test material; referenced by another phase artifact; contains unique text/code content
B_REVIEW,phase144_6_r25_11_r6_r1_r2_r1_r2_r2_r3_r4_r2_read_population_cache_restoration,phase_directory,5,False,True,True,True,False,0,,1,phase144_6_r25_12_local_190_192_focused_audit/phase144_6_r25_12_local_diff_report.txt,3,0,,contains payload; contains test material; referenced by another phase artifact; contains unique text/code content
B_REVIEW,phase144_6_r25_11_r6_r1_r2_r1_r2_r2_r3_r4_r3_r1_prune_contract_restoration,phase_directory,5,False,True,True,True,False,0,,1,phase144_6_r25_12_local_190_192_focused_audit/phase144_6_r25_12_local_diff_report.txt,3,0,,contains payload; contains test material; referenced by another phase artifact; contains unique text/code content
B_REVIEW,phase144_6_r25_11_r6_r1_r2_r1_r2_r2_r3_r4_r3_stale_worktree_path_cleanup,phase_directory,5,False,True,True,True,False,0,,1,phase144_6_r25_12_local_190_192_focused_audit/phase144_6_r25_12_local_diff_report.txt,3,0,,contains payload; contains test material; referenced by another phase artifact; contains unique text/code content
B_REVIEW,phase144_6_r25_11_r6_r1_r2_r1_r2_r2_r3_r4_r4_collector_native_error_handling,phase_directory,4,False,True,True,True,False,0,,1,phase144_6_r25_12_local_190_192_focused_audit/phase144_6_r25_12_local_diff_report.txt,2,0,,contains payload; contains test material; referenced by another phase artifact; contains unique text/code content
B_REVIEW,phase144_6_r25_11_r6_r1_r2_windows_worktree_cache_robustness_repair,phase_directory,5,True,True,True,True,False,0,,1,phase144_6_r25_12_local_190_192_focused_audit/phase144_6_r25_12_local_diff_report.txt,2,0,,contains apply script; contains payload; contains test material; referenced by another phase artifact; contains unique text/code content
B_REVIEW,phase144_6_r25_11_r6_r1_r4_r5_idempotent_post_measure_cleanup,phase_directory,5,False,True,True,True,False,0,,1,phase144_6_r25_12_local_190_192_focused_audit/phase144_6_r25_12_local_diff_report.txt,3,0,,contains payload; contains test material; referenced by another phase artifact; contains unique text/code content
B_REVIEW,phase144_6_r25_11_r6_r1_r4_r5_r1_registration_contract_compatibility,phase_directory,4,False,True,True,True,False,0,,1,phase144_6_r25_12_local_190_192_focused_audit/phase144_6_r25_12_local_diff_report.txt,2,0,,contains payload; contains test material; referenced by another phase artifact; contains unique text/code content
B_REVIEW,phase144_6_r25_12_local_190_192_focused_audit,phase_directory,3,False,True,False,False,False,0,,0,,1,0,,contains unique text/code content
B_REVIEW,phase144_6_r25_13_definition_scoped_evidence_repair,phase_directory,4,True,True,False,True,False,0,,0,,1,0,,contains apply script; contains test material; contains unique text/code content
B_REVIEW,phase144_6_r25_15_final_ownership_repair,phase_directory,4,True,True,False,True,False,0,,0,,1,0,,contains apply script; contains test material; contains unique text/code content
B_REVIEW,phase144_6_r25_16_depth2_derivation_support_repair,phase_directory,4,True,True,False,True,False,0,,0,,1,0,,contains apply script; contains test material; contains unique text/code content
B_REVIEW,phase144_6_r25_17_restore_cli_narrative_completeness,phase_directory,4,True,True,False,True,False,0,,0,,1,0,,contains apply script; contains test material; contains unique text/code content
B_REVIEW,phase144_6_r25_19_complete_replay_api,phase_directory,5,True,True,False,True,False,0,,0,,2,0,,contains apply script; contains test material; contains unique text/code content
B_REVIEW,phase144_6_r25_20_six_group_generic_production_narrative,phase_directory,12,False,True,True,True,False,0,,1,phase144_6_finalization/phase144_6_finalization_output.txt,10,1,phase144_6_r25_20_six_group_generic_production_narrative/payload/test_phase144_6_r25_20_six_group_generic_production_narrative.py,contains payload; contains test material; referenced by another phase artifact; contains unique text/code content
B_REVIEW,phase144_6_r25_21_presentation_rules_audit,phase_directory,4,False,True,False,True,False,0,,1,phase144_6_r25_21_r2_import_repair/run_phase144_6_r25_21.ps1,2,0,,contains test material; referenced by another phase artifact; contains unique text/code content
B_REVIEW,phase144_6_r25_21_r2_import_repair,phase_directory,13,False,True,False,True,False,0,,0,,10,0,,contains test material; contains unique text/code content
B_REVIEW,phase144_6_r25_22_cli_web_narrative_replay_parity,phase_directory,4,True,True,False,True,False,0,,0,,1,0,,contains apply script; contains test material; contains unique text/code content
B_REVIEW,phase144_6_r25_22_r2_web_numbered_equation_adapter,phase_directory,4,True,True,False,True,False,0,,2,phase144_6_r25_22_r3_test_assertion_repair/repair_phase144_6_r25_22_r3.py | phase144_6_r25_22_r3_test_assertion_repair/run_phase144_6_r25_22_r3.ps1,1,0,,contains apply script; contains test material; referenced by another phase artifact; contains unique text/code content
B_REVIEW,phase144_6_r25_22_r3_test_assertion_repair,phase_directory,3,False,True,False,False,False,0,,0,,1,0,,contains unique text/code content
B_REVIEW,phase144_6_r25_23_evidence_selection_dependency_order_audit,phase_directory,5,False,True,False,True,False,0,,2,phase144_6_r25_23_r2_audit_harness_import_api_repair/repair_phase144_6_r25_23_r2.py | phase144_6_r25_23_r2_audit_harness_import_api_repair/run_phase144_6_r25_23_r2.ps1,3,0,,contains test material; referenced by another phase artifact; contains unique text/code content
B_REVIEW,phase144_6_r25_23_r2_audit_harness_import_api_repair,phase_directory,4,False,True,False,False,False,0,,0,,2,0,,contains unique text/code content
B_REVIEW,phase144_6_r25_24_method_evidence_minimal_ownership_boundary,phase_directory,6,True,True,False,True,False,0,,0,,3,0,,contains apply script; contains test material; contains unique text/code content
B_REVIEW,phase144_6_r25_25_ownership_pipeline_diagnosis,phase_directory,7,False,True,False,True,True,0,,0,,5,0,,contains test material; contains unique text/code content
B_REVIEW,phase144_6_r25_26_dependency_source_closure_audit,phase_directory,5,False,True,False,True,False,0,,0,,3,0,,contains test material; contains unique text/code content
B_REVIEW,phase144_6_r25_27_proof_edge_ownership_boundary_audit,phase_directory,5,False,True,False,True,False,0,,6,phase144_6_r25_27_r2_boundary_harness_repair/apply_phase144_6_r25_27_r2.py | phase144_6_r25_27_r2_boundary_harness_repair/run_phase144_6_r25_27_r2.ps1 | phase144_6_r25_27_r2_boundary_harness_repair/test_phase144_6_r25_27_r2.py | phase144_6_r25_27_r3_cycle_isolated_premise_audit/apply_phase144_6_r25_27_r3.py | phase144_6_r25_27_r3_cycle_isolated_premise_audit/run_phase144_6_r25_27_r3.ps1 | phase144_6_r25_27_r3_cycle_isolated_premise_audit/test_phase144_6_r25_27_r3.py,3,0,,contains test material; referenced by another phase artifact; contains unique text/code content
B_REVIEW,phase144_6_r25_27_r2_boundary_harness_repair,phase_directory,4,True,True,False,True,False,0,,0,,1,0,,contains apply script; contains test material; contains unique text/code content
B_REVIEW,phase144_6_r25_27_r3_cycle_isolated_premise_audit,phase_directory,4,True,True,False,True,False,0,,0,,1,0,,contains apply script; contains test material; contains unique text/code content
B_REVIEW,phase144_6_r25_28_proof_edge_fanout_block_aggregation_audit,phase_directory,5,False,True,False,True,False,0,,0,,3,0,,contains test material; contains unique text/code content
B_REVIEW,phase144_6_r25_29_entry_step_preserving_block_dependency_audit,phase_directory,5,False,True,False,True,False,0,,0,,3,0,,contains test material; contains unique text/code content
B_REVIEW,phase144_6_r25_30_group_structure_definition_entry_branch_ownership_audit,phase_directory,4,False,True,False,True,False,0,,1,phase144_6_r25_30_r2_cycle_consistent_entry_branch_audit/run_phase144_6_r25_30.ps1,2,0,,contains test material; referenced by another phase artifact; contains unique text/code content
B_REVIEW,phase144_6_r25_30_r2_cycle_consistent_entry_branch_audit,phase_directory,5,False,True,False,True,False,0,,0,,2,0,,contains test material; contains unique text/code content
B_REVIEW,phase144_6_r25_30_r3_argument_boundary_entry_classification_audit,phase_directory,5,False,True,False,True,False,0,,2,phase144_6_finalization_r25_30_boundary_gate_r1/phase144_6_finalization_r25_30_boundary_gate_r1_output.txt | phase144_6_finalization_r25_30_boundary_gate_r2/phase144_6_finalization_r25_30_boundary_gate_r2_output.txt,3,0,,contains test material; referenced by another phase artifact; contains unique text/code content
B_REVIEW,phase144_6_r25_6_upstream_ownership_audit,phase_directory,3,False,True,False,False,False,0,,0,,1,0,,contains unique text/code content
B_REVIEW,phase144_6_r25_7_root_construction_exact_block_path_audit,phase_directory,3,False,True,False,False,False,0,,0,,1,0,,contains unique text/code content
B_REVIEW,phase144_6_r25_7r1_cycle_safe_audit,phase_directory,3,False,True,False,False,False,0,,0,,1,0,,contains unique text/code content
B_REVIEW,phase144_6_r25_8_production_repair,phase_directory,3,True,True,False,False,False,0,,1,phase144_6_r25_12_local_190_192_focused_audit/phase144_6_r25_12_local_diff_report.txt,0,0,,contains apply script; referenced by another phase artifact
B_REVIEW,phase144_6_r25_8r1_r1_semantic_route_audit,phase_directory,3,False,True,False,False,False,0,,0,,1,0,,contains unique text/code content
B_REVIEW,phase144_6_r25_8r1_rollback_semantic_route_audit,phase_directory,3,False,True,False,False,False,0,,0,,1,0,,contains unique text/code content
B_REVIEW,phase144_6_r25_9a_pi5_suppression_isolated_repair,phase_directory,4,True,True,False,True,False,0,,1,phase144_6_r25_12_local_190_192_focused_audit/phase144_6_r25_12_local_diff_report.txt,1,1,phase144_6_r25_9a_pi5_suppression_isolated_repair/test_phase144_6_r25_9a_pi5_suppression.py,contains apply script; contains test material; referenced by another phase artifact
B_REVIEW,phase144_6_r25_9a_r1_r1_preflight_fix,phase_directory,5,True,True,False,True,False,0,,1,phase144_6_r25_12_local_190_192_focused_audit/phase144_6_r25_12_local_diff_report.txt,2,0,,contains apply script; contains test material; referenced by another phase artifact; contains unique text/code content
B_REVIEW,phase144_6_r25_9a_r1_r2_test_api_fix,phase_directory,3,False,True,False,True,False,0,,1,phase144_6_r25_12_local_190_192_focused_audit/phase144_6_r25_12_local_diff_report.txt,1,0,,contains test material; referenced by another phase artifact; contains unique text/code content
B_REVIEW,phase144_6_r25_9a_r1_relocation_hidden_repair,phase_directory,4,True,True,False,True,False,0,,1,phase144_6_r25_12_local_190_192_focused_audit/phase144_6_r25_12_local_diff_report.txt,1,0,,contains apply script; contains test material; referenced by another phase artifact; contains unique text/code content
B_REVIEW,phase144_6_r25_9b_nu_prime_definition_depth2_selection_repair,phase_directory,4,True,True,False,True,False,0,,3,phase144_6_r25_11_production_repair/run_phase144_6_r25_11.ps1 | phase144_6_r25_11_r2_semantic_closure_ownership_repair/run_phase144_6_r25_11_r2.ps1 | phase144_6_r25_12_local_190_192_focused_audit/phase144_6_r25_12_local_diff_report.txt,1,0,,contains apply script; contains test material; referenced by another phase artifact; contains unique text/code content
B_REVIEW,phase144_6_r2_information_preservation_audit,phase_directory,3,False,True,False,False,False,0,,0,,2,0,,contains unique text/code content
B_REVIEW,phase144_6_r3_equation_regression_audit,phase_directory,3,False,True,False,False,False,0,,0,,1,0,,contains unique text/code content
B_REVIEW,phase144_6_r3_impl,phase_directory,3,True,True,False,False,False,0,,0,,1,0,,contains apply script; contains unique text/code content
B_REVIEW,phase144_6_r3_provenance_source_audit,phase_directory,3,False,True,False,False,False,0,,0,,2,0,,contains unique text/code content
B_REVIEW,phase144_6_r3_r1_syntax_repair,phase_directory,3,False,True,False,False,False,0,,0,,2,1,phase144_6_r3_r1_syntax_repair/toda_group_proof_narrative_references.py,contains unique text/code content
B_REVIEW,phase144_6_r3_reference_mapping_audit,phase_directory,3,False,True,False,False,False,0,,0,,2,0,,contains unique text/code content
B_REVIEW,phase144_6_r3_second_half,phase_directory,4,True,True,False,False,False,0,,4,phase144_6_r3_second_half_r1/run_phase144_6_r3_second_half_r1.ps1 | phase144_6_r3_second_half_r2/run_phase144_6_r3_second_half_r2.ps1 | phase144_6_r3_second_half_r3/run_phase144_6_r3_second_half_r3.ps1 | phase144_6_r3_second_half_r4_test_alignment/run_phase144_6_r3_second_half_r4.ps1,2,0,,contains apply script; referenced by another phase artifact; contains unique text/code content
B_REVIEW,phase144_6_r3_second_half_r1,phase_directory,3,False,True,False,False,False,0,,0,,2,0,,contains unique text/code content
B_REVIEW,phase144_6_r3_second_half_r2,phase_directory,4,False,True,False,True,False,0,,0,,3,1,phase144_6_r3_second_half_r2/test_phase144_6_r3_production_references.py,contains test material; contains unique text/code content
B_REVIEW,phase144_6_r3_second_half_r3,phase_directory,4,False,True,False,False,False,0,,0,,3,0,,contains unique text/code content
B_REVIEW,phase144_6_r3_second_half_r4_test_alignment,phase_directory,4,True,True,False,False,False,0,,0,,2,0,,contains apply script; contains unique text/code content
B_REVIEW,phase144_6_r4_definition_dependency_audit,phase_directory,3,False,True,False,False,False,0,,0,,1,0,,contains unique text/code content
B_REVIEW,phase144_6_r4_dependency_distance_audit,phase_directory,3,False,True,False,False,False,0,,0,,1,0,,contains unique text/code content
B_REVIEW,phase144_6_r4_duplicate_call_audit,phase_directory,3,False,True,False,False,False,0,,0,,1,0,,contains unique text/code content
B_REVIEW,phase144_6_r4_frontier_audit,phase_directory,3,False,True,False,False,False,0,,0,,1,0,,contains unique text/code content
B_REVIEW,phase144_6_r4_frontier_filter_impl,phase_directory,5,True,True,False,True,False,0,,7,phase144_6_r4_r1_transition_scope_repair/run_phase144_6_r4_r1.ps1 | phase144_6_r4_r2_blocks_parameter_repair/run_phase144_6_r4_r2.ps1 | phase144_6_r4_r3_ast_repair/run_phase144_6_r4_r3.ps1 | phase144_6_r4_r4_literal_newline_repair/run_phase144_6_r4_r4.ps1 | phase144_6_r4_r5_duplicate_cleanup/run_phase144_6_r4_r5.ps1 | phase144_6_r4_r6_definition_frontier/run_phase144_6_r4_r6.ps1 | phase144_6_r4_r7_semantic_definition_frontier/run_phase144_6_r4_r7.ps1,3,1,phase144_6_r4_frontier_filter_impl/test_phase144_6_r4_supporting_fact_filtering.py,contains apply script; contains test material; referenced by another phase artifact; contains unique text/code content
B_REVIEW,phase144_6_r4_helper_source_audit,phase_directory,3,False,True,False,False,False,0,,0,,1,0,,contains unique text/code content
B_REVIEW,phase144_6_r4_r1_transition_scope_repair,phase_directory,3,True,True,False,False,False,0,,0,,1,0,,contains apply script; contains unique text/code content
B_REVIEW,phase144_6_r4_r2_blocks_parameter_repair,phase_directory,3,True,True,False,False,False,0,,0,,1,0,,contains apply script; contains unique text/code content
B_REVIEW,phase144_6_r4_r3_ast_repair,phase_directory,3,True,True,False,False,False,0,,0,,1,0,,contains apply script; contains unique text/code content
B_REVIEW,phase144_6_r4_r4_literal_newline_repair,phase_directory,3,True,True,False,False,False,0,,0,,1,0,,contains apply script; contains unique text/code content
B_REVIEW,phase144_6_r4_r5_duplicate_cleanup,phase_directory,3,True,True,False,False,False,0,,0,,1,0,,contains apply script; contains unique text/code content
B_REVIEW,phase144_6_r4_r6_definition_frontier,phase_directory,3,True,True,False,False,False,0,,0,,1,0,,contains apply script; contains unique text/code content
B_REVIEW,phase144_6_r4_r7_semantic_definition_frontier,phase_directory,3,True,True,False,False,False,0,,0,,1,0,,contains apply script; contains unique text/code content
B_REVIEW,phase144_6_r4_supporting_fact_audit,phase_directory,3,False,True,False,False,False,0,,0,,1,0,,contains unique text/code content
B_REVIEW,phase144_6_r5_10_claim_provider_classification_audit,phase_directory,3,False,True,False,False,False,0,,0,,1,0,,contains unique text/code content
B_REVIEW,phase144_6_r5_11_structural_provider_semantics_audit,phase_directory,3,False,True,False,False,False,0,,0,,1,0,,contains unique text/code content
B_REVIEW,phase144_6_r5_12_typed_provider_semantics_prototype_audit,phase_directory,3,False,True,False,False,False,0,,0,,1,0,,contains unique text/code content
B_REVIEW,phase144_6_r5_13_atomic_transport_integration_provider_audit,phase_directory,3,False,True,False,False,False,0,,0,,1,0,,contains unique text/code content
B_REVIEW,phase144_6_r5_14_provider_closure_required_depth_audit,phase_directory,3,False,True,False,False,False,0,,0,,1,0,,contains unique text/code content
B_REVIEW,phase144_6_r5_15_semantic_provider_boundary_audit,phase_directory,3,False,True,False,False,False,0,,0,,1,0,,contains unique text/code content
B_REVIEW,phase144_6_r5_15b_argument_local_semantic_boundary_audit,phase_directory,3,False,True,False,False,False,0,,0,,1,0,,contains unique text/code content
B_REVIEW,phase144_6_r5_15c_claim_provider_conclusion_depth_sufficiency_audit,phase_directory,3,False,True,False,False,False,0,,0,,1,0,,contains unique text/code content
B_REVIEW,phase144_6_r5_15d_supporting_evidence_minimum_depth_audit,phase_directory,3,False,True,False,False,False,0,,0,,1,0,,contains unique text/code content
B_REVIEW,phase144_6_r5_15e_supporting_evidence_ownership_relevance_audit,phase_directory,3,False,True,False,False,False,0,,0,,1,0,,contains unique text/code content
B_REVIEW,phase144_6_r5_15f_nested_evidence_semantic_promotion_audit,phase_directory,3,False,True,False,False,False,0,,0,,1,0,,contains unique text/code content
B_REVIEW,phase144_6_r5_15g_promotion_locality_ownership_audit,phase_directory,3,False,True,False,False,False,0,,0,,1,0,,contains unique text/code content
B_REVIEW,phase144_6_r5_15h_evidence_function_ownership_relation_audit,phase_directory,3,False,True,False,False,False,0,,0,,1,0,,contains unique text/code content
B_REVIEW,phase144_6_r5_15i_support_only_relation_decomposition_audit,phase_directory,3,False,True,False,False,False,0,,0,,1,0,,contains unique text/code content
B_REVIEW,phase144_6_r5_15j_r1_import_fix,phase_directory,3,False,True,False,False,False,0,,0,,1,0,,contains unique text/code content
B_REVIEW,phase144_6_r5_15j_typed_provider_residual_statement_shape_audit,phase_directory,3,False,True,False,False,False,0,,0,,1,0,,contains unique text/code content
B_REVIEW,phase144_6_r5_15k_consumer_purpose_evidence_contribution_audit,phase_directory,3,False,True,False,False,False,0,,0,,1,0,,contains unique text/code content
B_REVIEW,phase144_6_r5_15l_explicit_evidence_contribution_metadata_design_audit,phase_directory,3,False,True,False,False,False,0,,0,,1,0,,contains unique text/code content
B_REVIEW,phase144_6_r5_15m_r1_replay_depth_fix,phase_directory,5,False,True,False,True,False,0,,0,,3,1,phase144_6_r5_15m_r1_replay_depth_fix/tests/test_phase144_6_r5_15m_evidence_contributions.py,contains test material; contains unique text/code content
B_REVIEW,phase144_6_r5_15m_r2_audit_replay_depth_fix,phase_directory,5,False,True,False,True,False,0,,0,,3,1,phase144_6_r5_15m_r2_audit_replay_depth_fix/tests/test_phase144_6_r5_15m_evidence_contributions.py,contains test material; contains unique text/code content
B_REVIEW,phase144_6_r5_15m_typed_evidence_contribution_metadata_prototype,phase_directory,5,False,True,False,True,False,0,,0,,3,0,,contains test material; contains unique text/code content
B_REVIEW,phase144_6_r5_15n_r1_argument_builder_api_fix,phase_directory,3,False,True,False,False,False,0,,0,,1,0,,contains unique text/code content
B_REVIEW,phase144_6_r5_15n_typed_contribution_narrative_relevance_coverage_audit,phase_directory,3,False,True,False,False,False,0,,0,,1,0,,contains unique text/code content
B_REVIEW,phase144_6_r5_15o_top3_unresolved_semantic_gap_audit,phase_directory,3,False,True,False,False,False,0,,0,,1,0,,contains unique text/code content
B_REVIEW,phase144_6_r5_15p_generic_evidence_contribution_vocabulary_extension,phase_directory,5,True,True,False,True,False,0,,0,,2,1,phase144_6_r5_15p_generic_evidence_contribution_vocabulary_extension/tests/test_phase144_6_r5_15p_evidence_contribution_vocabulary.py,contains apply script; contains test material; contains unique text/code content
B_REVIEW,phase144_6_r5_15p_r1_mapper_shape_fix,phase_directory,6,True,True,False,True,False,0,,0,,3,1,phase144_6_r5_15p_r1_mapper_shape_fix/tests/test_phase144_6_r5_15p_evidence_contribution_vocabulary.py,contains apply script; contains test material; contains unique text/code content
B_REVIEW,phase144_6_r5_15q_remaining_49_visible_unresolved_edge_audit,phase_directory,3,False,True,False,False,False,0,,0,,1,0,,contains unique text/code content
B_REVIEW,phase144_6_r5_15r_remaining_9_edge_semantic_structure_audit,phase_directory,3,False,True,False,False,False,0,,0,,1,0,,contains unique text/code content
B_REVIEW,phase144_6_r5_15s_aggregate_semantic_metadata_design_audit,phase_directory,3,False,True,False,False,False,0,,0,,1,0,,contains unique text/code content
B_REVIEW,phase144_6_r5_15t_aggregate_semantic_metadata_prototype,phase_directory,6,True,True,False,True,False,0,,0,,3,2,phase144_6_r5_15t_aggregate_semantic_metadata_prototype/tests/test_phase144_6_r5_15t_aggregate_semantics.py | phase144_6_r5_15t_aggregate_semantic_metadata_prototype/toda_group_proof_narrative_aggregate_semantics.py,contains apply script; contains test material; contains unique text/code content
B_REVIEW,phase144_6_r5_15u_aggregate_semantic_evidence_integration,phase_directory,5,True,True,False,True,False,0,,0,,2,1,phase144_6_r5_15u_aggregate_semantic_evidence_integration/tests/test_phase144_6_r5_15u_evidence_integration.py,contains apply script; contains test material; contains unique text/code content
B_REVIEW,phase144_6_r5_15u_r1_safe_builder_replacement,phase_directory,5,True,True,False,True,False,0,,0,,2,1,phase144_6_r5_15u_r1_safe_builder_replacement/tests/test_phase144_6_r5_15u_r1_evidence_integration.py,contains apply script; contains test material; contains unique text/code content
B_REVIEW,phase144_6_r5_16_narrative_evidence_relevance_policy_audit,phase_directory,3,False,True,False,False,False,0,,0,,1,0,,contains unique text/code content
B_REVIEW,phase144_6_r5_17a_audit_package,phase_directory,5,True,True,True,True,False,0,,0,,2,0,,contains apply script; contains payload; contains test material; contains unique text/code content
B_REVIEW,phase144_6_r5_22_r1,phase_directory,2,False,True,False,False,False,0,,0,,0,0,,not proven safe by conservative rules
B_REVIEW,phase144_6_r5_23_r1,phase_directory,2,False,True,False,False,False,0,,0,,0,0,,not proven safe by conservative rules
B_REVIEW,phase144_6_r5_2_frontier_required_depth_audit,phase_directory,3,False,True,False,False,False,0,,0,,2,0,,contains unique text/code content
B_REVIEW,phase144_6_r5_38_r2,phase_directory,4,False,True,True,True,False,0,,0,,2,0,,contains payload; contains test material; contains unique text/code content
B_REVIEW,phase144_6_r5_39_r2,phase_directory,4,False,True,True,True,False,0,,0,,2,0,,contains payload; contains test material; contains unique text/code content
B_REVIEW,phase144_6_r5_39_r3,phase_directory,4,False,True,True,True,False,0,,0,,2,0,,contains payload; contains test material; contains unique text/code content
B_REVIEW,phase144_6_r5_3_root_argument_dependency_audit,phase_directory,3,False,True,False,False,False,0,,0,,2,0,,contains unique text/code content
B_REVIEW,phase144_6_r5_42_generic_narrative_contribution_production_foundation,phase_directory,4,False,True,True,True,False,0,,10,phase144_6_finalization/phase144_6_finalization_output.txt | phase144_6_r5_42_r1_occurrence_downstream_repair/run_phase144_6_r5_42_r1.ps1 | phase144_6_r5_42_r2_provider_key_semantics_repair/run_phase144_6_r5_42_r2.ps1 | phase144_6_r5_43_2_placement_aware_contribution_insertion/run_phase144_6_r5_43_2.ps1 | phase144_6_r5_43_4_dependency_aware_contribution_connector/run_phase144_6_r5_43_4.ps1 | phase144_6_r5_43_generic_renderer_contribution_connection/run_phase144_6_r5_43.ps1 | phase144_6_r5_43_r2_recursive_repr_repair/run_phase144_6_r5_43_r2.ps1 | phase144_6_r5_43_r3_current_markdown_plumbing_repair/run_phase144_6_r5_43_r3.ps1 | phase144_final_historical_snapshot_repair_r3/apply_phase144_final_historical_snapshot_repair_r3.py | phase144_final_historical_snapshot_repair_r3/run_phase144_final_historical_snapshot_repair_r3.ps1,2,0,,contains payload; contains test material; referenced by another phase artifact; contains unique text/code content
B_REVIEW,phase144_6_r5_42_r1_occurrence_downstream_repair,phase_directory,4,False,True,True,True,False,0,,0,,2,0,,contains payload; contains test material; contains unique text/code content
B_REVIEW,phase144_6_r5_42_r2_provider_key_semantics_repair,phase_directory,4,False,True,True,True,False,0,,0,,2,0,,contains payload; contains test material; contains unique text/code content
B_REVIEW,phase144_6_r5_43_10_transport_chain_compression_production,phase_directory,5,False,True,False,True,False,0,,5,phase144_6_finalization/phase144_6_finalization_output.txt | phase144_6_r5_43_10_r2_phase_boundary_test_update/run_phase144_6_r5_43_10_r2.ps1 | phase144_6_r5_43_10_r3_direct_connector_regression_update/run_phase144_6_r5_43_10_r3.ps1 | phase144_6_r5_43_11c_non_detached_fallback_placement_repair/run_phase144_6_r5_43_11c.ps1 | phase144_6_r5_43_11c_r2_argument_participation_guard/run_phase144_6_r5_43_11c_r2.ps1,3,2,phase144_6_r5_43_10_transport_chain_compression_production/test_phase144_6_r5_43_10_transport_chain_compression_production.py | phase144_6_r5_43_10_transport_chain_compression_production/toda_group_proof_narrative_hidden_bridge_semantics.py,contains test material; referenced by another phase artifact; contains unique text/code content
B_REVIEW,phase144_6_r5_43_11_completion_cross_group_narrative_audit,phase_directory,4,False,True,False,True,False,0,,4,phase144_6_finalization/phase144_6_finalization_output.txt | phase144_6_r5_43_11_r2_visibility_aware_completion_audit/run_phase144_6_r5_43_11_r2.ps1 | phase144_final_historical_snapshot_repair_r3/apply_phase144_final_historical_snapshot_repair_r3.py | phase144_final_historical_snapshot_repair_r3/run_phase144_final_historical_snapshot_repair_r3.ps1,2,0,,contains test material; referenced by another phase artifact; contains unique text/code content
B_REVIEW,phase144_6_r5_43_11_r2_visibility_aware_completion_audit,phase_directory,4,False,True,False,True,False,0,,0,,2,0,,contains test material; contains unique text/code content
B_REVIEW,phase144_6_r5_43_11a_insertion_failure_classification_audit,phase_directory,4,False,True,False,True,False,0,,3,phase144_6_finalization/phase144_6_finalization_output.txt | phase144_final_historical_snapshot_repair_r3/apply_phase144_final_historical_snapshot_repair_r3.py | phase144_final_historical_snapshot_repair_r3/run_phase144_final_historical_snapshot_repair_r3.ps1,2,0,,contains test material; referenced by another phase artifact; contains unique text/code content
B_REVIEW,phase144_6_r5_43_11b_detached_argument_boundary_audit,phase_directory,4,False,True,False,True,False,0,,3,phase144_6_finalization/phase144_6_finalization_output.txt | phase144_final_historical_snapshot_repair_r3/apply_phase144_final_historical_snapshot_repair_r3.py | phase144_final_historical_snapshot_repair_r3/run_phase144_final_historical_snapshot_repair_r3.ps1,2,0,,contains test material; referenced by another phase artifact; contains unique text/code content
B_REVIEW,phase144_6_r5_43_11c_non_detached_fallback_placement_repair,phase_directory,4,False,True,False,True,False,0,,4,phase144_6_finalization/phase144_6_finalization_output.txt | phase144_6_r5_43_11c_r2_argument_participation_guard/run_phase144_6_r5_43_11c_r2.ps1 | phase144_final_historical_snapshot_repair_r3/apply_phase144_final_historical_snapshot_repair_r3.py | phase144_final_historical_snapshot_repair_r3/run_phase144_final_historical_snapshot_repair_r3.ps1,2,0,,contains test material; referenced by another phase artifact; contains unique text/code content
B_REVIEW,phase144_6_r5_43_11c_r2_argument_participation_guard,phase_directory,4,False,True,False,True,False,0,,9,phase144_6_finalization/phase144_6_finalization_output.txt | phase144_6_r25_10_final_regression_ownership_audit/audit_phase144_6_r25_10.py | phase144_6_r25_10_r1_import_path_repair/apply_phase144_6_r25_10_r1.ps1 | phase144_6_r25_11_production_repair/run_phase144_6_r25_11.ps1 | phase144_6_r25_11_r2_semantic_closure_ownership_repair/run_phase144_6_r25_11_r2.ps1 | phase144_6_r25_11_r4_closure_origin_boundary_audit/README.md | phase144_6_r25_11_r5_full_depth_plus2_ownership_delta_audit/README.md | phase144_final_historical_snapshot_repair_r3/apply_phase144_final_historical_snapshot_repair_r3.py | phase144_final_historical_snapshot_repair_r3/run_phase144_final_historical_snapshot_repair_r3.ps1,2,1,phase144_6_r5_43_11c_r2_argument_participation_guard/toda_group_proof_narrative_contribution_renderer.py,contains test material; referenced by another phase artifact; contains unique text/code content
B_REVIEW,phase144_6_r5_43_11d_final_completion_audit,phase_directory,4,False,True,False,True,False,0,,18,phase144_6_final_regression_repair/run_phase144_6_final_regression_repair.ps1 | phase144_6_final_regression_repair_r2/run_phase144_6_final_regression_repair_r2.ps1 | phase144_6_finalization/phase144_6_finalization_output.txt | phase144_6_finalization_focused_gate/run_phase144_6_finalization_focused_gate.ps1 | phase144_6_public_route_cutover/run_phase144_6_public_route_cutover.ps1 | phase144_6_public_route_cutover_r2/run_phase144_6_public_route_cutover_r2.ps1 | phase144_6_public_route_cutover_r3/run_phase144_6_public_route_cutover_r3.ps1 | phase144_6_r25_10_final_regression_ownership_audit/audit_phase144_6_r25_10.py | phase144_6_r25_10_final_regression_ownership_audit/run_phase144_6_r25_10.ps1 | phase144_6_r25_10_r1_import_path_repair/apply_phase144_6_r25_10_r1.ps1 | phase144_6_r25_11_production_repair/run_phase144_6_r25_11.ps1 | phase144_6_r25_11_r2_semantic_closure_ownership_repair/run_phase144_6_r25_11_r2.ps1 | phase144_6_r25_11_r5_full_depth_plus2_ownership_delta_audit/README.md | phase144_6_r25_12_local_190_192_focused_audit/phase144_6_r25_12_local_diff_report.txt | phase144_6_r25_13_definition_scoped_evidence_repair/run_phase144_6_r25_13.ps1 | phase144_6_r25_15_final_ownership_repair/run_phase144_6_r25_15.ps1 | phase144_final_historical_snapshot_repair_r3/apply_phase144_final_historical_snapshot_repair_r3.py | phase144_final_historical_snapshot_repair_r3/run_phase144_final_historical_snapshot_repair_r3.ps1,2,0,,contains test material; referenced by another phase artifact; contains unique text/code content
B_REVIEW,phase144_6_r5_43_1_pi6_connected_narrative_output_audit,phase_directory,4,False,True,False,True,False,0,,0,,2,0,,contains test material; contains unique text/code content
B_REVIEW,phase144_6_r5_43_2_placement_aware_contribution_insertion,phase_directory,6,False,True,True,True,False,0,,4,audit_phase144_6_r5_43_2.py | phase144_6_finalization/phase144_6_finalization_output.txt | phase144_6_r5_43_11c_non_detached_fallback_placement_repair/run_phase144_6_r5_43_11c.ps1 | phase144_6_r5_43_11c_r2_argument_participation_guard/run_phase144_6_r5_43_11c_r2.ps1,4,1,phase144_6_r5_43_2_placement_aware_contribution_insertion/payload/tests/test_phase144_6_r5_43_2_placement_aware_contribution_insertion.py,contains payload; contains test material; referenced by another phase artifact; contains unique text/code content
B_REVIEW,phase144_6_r5_43_3_contribution_transition_prose_audit,phase_directory,4,False,True,False,True,False,0,,0,,2,0,,contains test material; contains unique text/code content
B_REVIEW,phase144_6_r5_43_4_dependency_aware_contribution_connector,phase_directory,6,False,True,True,True,False,0,,5,audit_phase144_6_r5_43_4.py | phase144_6_finalization/phase144_6_finalization_output.txt | phase144_6_r5_43_10_r2_phase_boundary_test_update/run_phase144_6_r5_43_10_r2.ps1 | phase144_6_r5_43_10_r3_direct_connector_regression_update/run_phase144_6_r5_43_10_r3.ps1 | phase144_6_r5_43_10_transport_chain_compression_production/run_phase144_6_r5_43_10.ps1,4,0,,contains payload; contains test material; referenced by another phase artifact; contains unique text/code content
B_REVIEW,phase144_6_r5_43_5_r2_shortest_path_reconstruction_repair,phase_directory,4,False,True,False,True,False,0,,0,,2,1,phase144_6_r5_43_5_r2_shortest_path_reconstruction_repair/test_phase144_6_r5_43_5.py,contains test material; contains unique text/code content
B_REVIEW,phase144_6_r5_43_5_transitive_contribution_chain_audit,phase_directory,4,False,True,False,True,False,0,,0,,2,1,phase144_6_r5_43_5_transitive_contribution_chain_audit/test_phase144_6_r5_43_5.py,contains test material; contains unique text/code content
B_REVIEW,phase144_6_r5_43_6_hidden_bridge_classification_audit,phase_directory,4,False,True,False,True,False,0,,0,,2,1,phase144_6_r5_43_6_hidden_bridge_classification_audit/test_phase144_6_r5_43_6.py,contains test material; contains unique text/code content
B_REVIEW,phase144_6_r5_43_7_hidden_bridge_semantic_classification_foundation,phase_directory,5,False,True,True,True,False,0,,4,phase144_6_finalization/phase144_6_finalization_output.txt | phase144_6_r5_43_10_r2_phase_boundary_test_update/README.txt | phase144_6_r5_43_10_r2_phase_boundary_test_update/run_phase144_6_r5_43_10_r2.ps1 | phase144_6_r5_43_10_transport_chain_compression_production/run_phase144_6_r5_43_10.ps1,3,0,,contains payload; contains test material; referenced by another phase artifact; contains unique text/code content
B_REVIEW,phase144_6_r5_43_8_transport_chain_narrative_compression_audit,phase_directory,4,False,True,False,True,False,0,,0,,2,1,phase144_6_r5_43_8_transport_chain_narrative_compression_audit/test_phase144_6_r5_43_8.py,contains test material; contains unique text/code content
B_REVIEW,phase144_6_r5_43_9_r2_powershell_copy_item_repair,phase_directory,5,False,True,False,True,False,0,,0,,3,1,phase144_6_r5_43_9_r2_powershell_copy_item_repair/test_phase144_6_r5_43_9.py,contains test material; contains unique text/code content
B_REVIEW,phase144_6_r5_43_9_transport_chain_compression_prose_design_audit,phase_directory,4,False,True,False,True,False,0,,0,,2,1,phase144_6_r5_43_9_transport_chain_compression_prose_design_audit/test_phase144_6_r5_43_9.py,contains test material; contains unique text/code content
B_REVIEW,phase144_6_r5_43_generic_renderer_contribution_connection,phase_directory,5,False,True,True,True,False,0,,5,phase144_6_finalization/phase144_6_finalization_output.txt | phase144_6_r5_43_r2_recursive_repr_repair/run_phase144_6_r5_43_r2.ps1 | phase144_6_r5_43_r3_current_markdown_plumbing_repair/run_phase144_6_r5_43_r3.ps1 | phase144_final_historical_snapshot_repair_r3/apply_phase144_final_historical_snapshot_repair_r3.py | phase144_final_historical_snapshot_repair_r3/run_phase144_final_historical_snapshot_repair_r3.ps1,3,0,,contains payload; contains test material; referenced by another phase artifact; contains unique text/code content
B_REVIEW,phase144_6_r5_43_r2_recursive_repr_repair,phase_directory,6,False,True,True,True,False,0,,9,phase144_6_finalization/phase144_6_finalization_output.txt | phase144_6_finalization_focused_gate/run_phase144_6_finalization_focused_gate.ps1 | phase144_6_r25_10_final_regression_ownership_audit/audit_phase144_6_r25_10.py | phase144_6_r25_10_final_regression_ownership_audit/run_phase144_6_r25_10.ps1 | phase144_6_r25_10_r1_import_path_repair/apply_phase144_6_r25_10_r1.ps1 | phase144_6_r25_10_r3_contribution_import_repair/README.md | phase144_6_r25_11_production_repair/run_phase144_6_r25_11.ps1 | phase144_final_historical_snapshot_repair_r3/apply_phase144_final_historical_snapshot_repair_r3.py | phase144_final_historical_snapshot_repair_r3/run_phase144_final_historical_snapshot_repair_r3.ps1,4,0,,contains payload; contains test material; referenced by another phase artifact; contains unique text/code content
B_REVIEW,phase144_6_r5_43_r3_current_markdown_plumbing_repair,phase_directory,6,False,True,True,True,False,0,,2,phase144_6_finalization/phase144_6_finalization_output.txt | phase144_6_finalization_focused_gate/run_phase144_6_finalization_focused_gate.ps1,4,1,phase144_6_r5_43_r3_current_markdown_plumbing_repair/payload/tests/test_phase144_6_r5_43_r3_current_markdown_plumbing_repair.py,contains payload; contains test material; referenced by another phase artifact; contains unique text/code content
B_REVIEW,phase144_6_r5_4_argument_dependency_gap_audit,phase_directory,3,False,True,False,False,False,0,,0,,1,0,,contains unique text/code content
B_REVIEW,phase144_6_r5_4_r1_group_result_fix,phase_directory,3,False,True,False,False,False,0,,0,,1,0,,contains unique text/code content
B_REVIEW,phase144_6_r5_5_argument_boundary_compression_audit,phase_directory,3,False,True,False,False,False,0,,0,,1,0,,contains unique text/code content
B_REVIEW,phase144_6_r5_6_full_provenance_required_depth_audit,phase_directory,3,False,True,False,False,False,0,,0,,1,0,,contains unique text/code content
B_REVIEW,phase144_6_r5_7_narrative_required_argument_selection_audit,phase_directory,3,False,True,False,False,False,0,,0,,1,0,,contains unique text/code content
B_REVIEW,phase144_6_r5_8_purpose_subject_consumption_audit,phase_directory,3,False,True,False,False,False,0,,0,,1,0,,contains unique text/code content
B_REVIEW,phase144_6_r5_9_narrative_claim_consumer_audit,phase_directory,3,False,True,False,False,False,0,,0,,1,0,,contains unique text/code content
B_REVIEW,phase144_6_r5_depth_policy_audit,phase_directory,3,False,True,False,False,False,0,,0,,1,0,,contains unique text/code content
B_REVIEW,phase144_documentation_closure,phase_directory,13,True,True,False,False,False,0,,0,,9,4,phase144_documentation_closure/full_files/design.md | phase144_documentation_closure/full_files/development_log.md | phase144_documentation_closure/full_files/proof_records.md | phase144_documentation_closure/full_files/roadmap.md,contains apply script; contains unique text/code content
B_REVIEW,phase144_final_historical_snapshot_repair_r3,phase_directory,3,True,True,False,False,True,0,,0,,0,0,,contains apply script
B_REVIEW,phase144_final_regression_repair_r1,phase_directory,6,False,True,True,True,False,0,,0,,4,3,phase144_final_regression_repair_r1/payload/tests/test_phase144_6_pi6_generic_production_route.py | phase144_final_regression_repair_r1/payload/tests/test_phase144_6_r5_37_genuinely_missing_semantic_equivalence_and_rendering_audit.py | phase144_final_regression_repair_r1/payload/tests/test_phase144_6_r5_38_visibility_gap_explanatory_contribution_dedup_ownership_audit.py,contains payload; contains test material; contains unique text/code content
B_REVIEW,phase144_final_regression_repair_r2,phase_directory,3,True,True,False,False,False,0,,0,,0,0,,contains apply script
B_REVIEW,phase144_r2_final_repository_wide_pytest,phase_directory,3,False,True,False,False,False,0,,1,phase144_r2_final_repository_wide_pytest_r2/run_phase144_r2_final_repository_wide_pytest_r2.ps1,0,0,,referenced by another phase artifact
B_REVIEW,phase144_r2_final_repository_wide_pytest_r2,phase_directory,4,False,True,False,False,False,0,,0,,1,0,,contains unique text/code content
B_REVIEW,phase144_repository_wide_pytest,phase_directory,3,False,True,False,False,False,0,,3,phase144_repository_wide_pytest_r1/README.txt | phase144_repository_wide_pytest_r1/phase144_repository_wide_pytest_r1_output.txt | phase144_repository_wide_pytest_r1/run_phase144_repository_wide_pytest_r1.ps1,1,0,,referenced by another phase artifact; contains unique text/code content
B_REVIEW,phase144_repository_wide_pytest_r1,phase_directory,4,False,True,False,False,False,0,,0,,2,0,,contains unique text/code content
C_SAVE,phase143_10,phase_directory,3,True,False,False,True,False,2,tests/test_phase143_10_fix1_compatibility.py | tests/test_phase143_10_local_argument_boundaries.py,2,phase143_10_fix1/tests/test_phase143_10_fix1_compatibility.py | phase143_10_fix2/apply_phase143_10_fix2.py,2,1,phase143_10/tests/test_phase143_10_local_argument_boundaries.py,canonical production/test/docs directly reference this artifact name
C_SAVE,phase143_10_fix1,phase_directory,2,True,False,False,True,False,1,tests/test_phase143_10_fix1_compatibility.py,1,phase143_10_fix2/apply_phase143_10_fix2.py,1,0,,canonical production/test/docs directly reference this artifact name
C_SAVE,phase143_12,phase_directory,3,True,False,False,True,False,7,tests/test_phase143_12_fix2_order_subject.py | tests/test_phase143_12_fix2b_order_subject.py | tests/test_phase143_12_fix2c_order_subject.py | tests/test_phase143_12_purpose_subject.py | tests/test_phase143_13_purpose_sentence.py | tests/test_phase143_15_argument_ordering.py | tests/test_phase143_17_argument_discourse.py,15,phase143_12_fix2/audit_phase143_12_fix2.py | phase143_12_fix2/tests/test_phase143_12_fix2_order_subject.py | phase143_12_fix2b/audit_phase143_12_fix2b.py | phase143_12_fix2b/tests/test_phase143_12_fix2b_order_subject.py | phase143_12_fix2c/audit_phase143_12_fix2c.py | phase143_12_fix2c/tests/test_phase143_12_fix2c_order_subject.py | phase143_13/audit_phase143_13.py | phase143_13/tests/test_phase143_13_purpose_sentence.py | phase143_15/audit_phase143_15.py | phase143_15/tests/test_phase143_15_argument_ordering.py | phase143_17/audit_phase143_17.py | phase143_17/tests/test_phase143_17_argument_discourse.py | phase144_6_final_regression_diagnosis_r6/diagnose_phase144_6_pi16_9_ordering.py | phase144_6_final_regression_repair_r5/tests/test_phase143_15_argument_ordering.py | phase144_6_final_regression_repair_r9/tests/test_phase143_15_argument_ordering.py,2,1,phase143_12/tests/test_phase143_12_purpose_subject.py,canonical production/test/docs directly reference this artifact name
C_SAVE,phase143_12_fix2,phase_directory,3,True,False,False,True,False,3,tests/test_phase143_12_fix2_order_subject.py | tests/test_phase143_12_fix2b_order_subject.py | tests/test_phase143_12_fix2c_order_subject.py,2,phase143_12_fix2b/tests/test_phase143_12_fix2b_order_subject.py | phase143_12_fix2c/tests/test_phase143_12_fix2c_order_subject.py,2,1,phase143_12_fix2/tests/test_phase143_12_fix2_order_subject.py,canonical production/test/docs directly reference this artifact name
C_SAVE,phase143_12_fix2b,phase_directory,3,True,False,False,True,False,1,tests/test_phase143_12_fix2b_order_subject.py,0,,2,1,phase143_12_fix2b/tests/test_phase143_12_fix2b_order_subject.py,canonical production/test/docs directly reference this artifact name
C_SAVE,phase143_12_fix2c,phase_directory,3,True,False,False,True,False,1,tests/test_phase143_12_fix2c_order_subject.py,0,,2,1,phase143_12_fix2c/tests/test_phase143_12_fix2c_order_subject.py,canonical production/test/docs directly reference this artifact name
C_SAVE,phase143_13,phase_directory,4,True,False,False,True,False,1,tests/test_phase143_13_purpose_sentence.py,0,,3,1,phase143_13/tests/test_phase143_13_purpose_sentence.py,canonical production/test/docs directly reference this artifact name
C_SAVE,phase143_15,phase_directory,4,True,False,False,True,False,1,tests/test_phase143_15_argument_ordering.py,7,phase144_6_final_regression_repair_r5/README.md | phase144_6_final_regression_repair_r5/run_phase144_6_final_regression_repair_r5.ps1 | phase144_6_final_regression_repair_r5/tests/test_phase143_15_argument_ordering.py | phase144_6_final_regression_repair_r9/README.md | phase144_6_final_regression_repair_r9/run_phase144_6_final_regression_repair_r9.ps1 | phase144_6_final_regression_repair_r9/tests/test_phase143_15_argument_ordering.py | phase144_6_r25_12_local_190_192_focused_audit/phase144_6_r25_12_local_diff_report.txt,3,1,phase143_15/toda_group_proof_narrative_argument_ordering.py,canonical production/test/docs directly reference this artifact name
C_SAVE,phase143_17,phase_directory,4,True,False,False,True,False,1,tests/test_phase143_17_argument_discourse.py,4,phase144_6_final_regression_repair_r10/README.md | phase144_6_final_regression_repair_r10/apply_phase144_6_final_regression_repair_r10.py | phase144_6_final_regression_repair_r10/run_phase144_6_final_regression_repair_r10.ps1 | phase144_6_r25_12_local_190_192_focused_audit/phase144_6_r25_12_local_diff_report.txt,3,1,phase143_17/toda_group_proof_narrative_argument_discourse.py,canonical production/test/docs directly reference this artifact name
C_SAVE,phase143_19,phase_directory,4,True,False,False,True,False,50,tests/test_phase133_7_group_proof_narrative_labels.py | tests/test_phase134_3_pi6_3_numbered_narrative.py | tests/test_phase134_5_pi6_3_reference_fact_split.py | tests/test_phase134_6_pi6_3_mathbook_narrative.py | tests/test_phase134_7_pi6_3_final_narrative.py | tests/test_phase134_9_pi6_3_snapshot.py | tests/test_phase136_1_pi6_3_narrative_prose.py | tests/test_phase136_2_pi6_3_narrative_structure.py | tests/test_phase143_19_method_evidence.py | tests/test_phase143_22_exactness_components.py | tests/test_phase143_25_relevant_groups.py | tests/test_phase143_26_exactness_relevance.py | tests/test_phase143_28_exactness_selection.py | tests/test_phase143_30_exactness_method_transition.py | tests/test_phase143_32_exactness_component_latex.py | tests/test_phase143_34_argument_header_method.py | tests/test_phase143_36_argument_body_blocks.py | tests/test_phase143_38_exactness_display_contributions.py | tests/test_phase143_39_exactness_contribution_ownership.py | tests/test_phase143_41_argument_local_body.py | tests/test_phase143_42_argument_body_contribution_renderer.py | tests/test_phase143_44_single_argument_narrative_renderer.py | tests/test_phase143_46_multi_argument_narrative_assembler.py | tests/test_phase143_47_multi_argument_shared_contribution_dedup.py | tests/test_phase143_49_dependency_label_narrative_policy.py | tests/test_phase143_50_generic_statement_prose_renderer.py | tests/test_phase143_51a_r_provenance_semantic_catalog.py | tests/test_phase143_51b_aggregate_statement_prose.py | tests/test_phase143_53a_narrative_transitions.py | tests/test_phase143_53a_r_aggregate_derivation.py | tests/test_phase143_53b_r_conclusion_aware_connector.py | tests/test_phase143_53b_transition_connectors.py | tests/test_phase143_55a_argument_conclusion_step.py | tests/test_phase143_55b_conclusion_step_ordering.py | tests/test_phase143_57a_step_calculation_chain.py | tests/test_phase143_57c_step_derivation_connector.py | tests/test_phase143_58a_negative_scalar_sum.py | tests/test_phase143_59b_group_structure_duplicate_suppression.py | tests/test_phase143_61a_argument_conclusion_direct_premises.py | tests/test_phase143_61b_direct_premise_narrative.py | tests/test_phase143_61b_r_semantic_suppression_priority.py | tests/test_phase143_63a_r_exactness_repair.py | tests/test_phase143_63a_residual_fallback_provenance.py | tests/test_phase143_71a_eta_definition_visibility.py | tests/test_phase144_5_generic_definition_order_equations.py | tests/test_phase144_6_pi6_generic_production_route.py | tests/test_phase144_6_public_route_cutover.py | tests/test_phase144_6_r25_9a_pi5_suppression.py | tests/test_phase144_6_r25_9a_r1_relocation_hidden.py | tests/test_phase144_6_r4_supporting_fact_filtering.py,132,phase143_22/audit_phase143_22.py | phase143_22/tests/test_phase143_22_exactness_components.py | phase143_25/audit_phase143_25.py | phase143_25/tests/test_phase143_25_relevant_groups.py | phase143_26/audit_phase143_26.py | phase143_26/tests/test_phase143_26_exactness_relevance.py | phase143_28/audit_phase143_28.py | phase143_28/tests/test_phase143_28_exactness_selection.py | phase143_30/audit_phase143_30.py | phase143_30/tests/test_phase143_30_exactness_method_transition.py | phase143_32/audit_phase143_32.py | phase143_32/tests/test_phase143_32_exactness_component_latex.py | phase143_32_fix/tests/test_phase143_32_exactness_component_latex.py | phase143_34/audit_phase143_34.py | phase143_34/tests/test_phase143_34_argument_header_method.py | phase143_36/audit_phase143_36.py | phase143_36/tests/test_phase143_36_argument_body_blocks.py | phase143_36a/audit_phase143_36a.py | phase143_36a/tests/test_phase143_36_argument_body_blocks.py | phase143_38/audit_phase143_38.py,3,1,phase143_19/tests/test_phase143_19_method_evidence.py,canonical production/test/docs directly reference this artifact name
C_SAVE,phase143_22,phase_directory,4,True,False,False,True,False,1,tests/test_phase143_22_exactness_components.py,2,phase144_6_r25_24_method_evidence_minimal_ownership_boundary/run_phase144_6_r25_24.ps1 | phase144_6_r25_25_ownership_pipeline_diagnosis/run_phase144_6_r25_25.ps1,3,2,phase143_22/tests/test_phase143_22_exactness_components.py | phase143_22/toda_group_proof_narrative_exactness_components.py,canonical production/test/docs directly reference this artifact name
C_SAVE,phase143_25,phase_directory,4,True,False,False,True,False,1,tests/test_phase143_25_relevant_groups.py,0,,3,2,phase143_25/tests/test_phase143_25_relevant_groups.py | phase143_25/toda_group_proof_narrative_relevant_groups.py,canonical production/test/docs directly reference this artifact name
C_SAVE,phase143_26,phase_directory,4,True,False,False,True,False,1,tests/test_phase143_26_exactness_relevance.py,1,phase144_6_r25_24_method_evidence_minimal_ownership_boundary/run_phase144_6_r25_24.ps1,3,2,phase143_26/tests/test_phase143_26_exactness_relevance.py | phase143_26/toda_group_proof_narrative_exactness_relevance.py,canonical production/test/docs directly reference this artifact name
C_SAVE,phase143_28,phase_directory,4,True,False,False,True,False,1,tests/test_phase143_28_exactness_selection.py,1,phase144_6_r25_24_method_evidence_minimal_ownership_boundary/run_phase144_6_r25_24.ps1,3,2,phase143_28/tests/test_phase143_28_exactness_selection.py | phase143_28/toda_group_proof_narrative_exactness_selection.py,canonical production/test/docs directly reference this artifact name
C_SAVE,phase143_30,phase_directory,4,True,False,False,True,False,1,tests/test_phase143_30_exactness_method_transition.py,0,,3,1,phase143_30/tests/test_phase143_30_exactness_method_transition.py,canonical production/test/docs directly reference this artifact name
C_SAVE,phase143_32,phase_directory,4,True,False,False,True,False,1,tests/test_phase143_32_exactness_component_latex.py,2,phase143_32_fix/apply_phase143_32_fix.py | phase143_32_fix/tests/test_phase143_32_exactness_component_latex.py,3,1,phase143_32/tests/test_phase143_32_exactness_component_latex.py,canonical production/test/docs directly reference this artifact name
C_SAVE,phase143_34,phase_directory,4,True,False,False,True,False,1,tests/test_phase143_34_argument_header_method.py,0,,3,2,phase143_34/tests/test_phase143_34_argument_header_method.py | phase143_34/toda_group_proof_narrative_argument_renderer.py,canonical production/test/docs directly reference this artifact name
C_SAVE,phase143_36,phase_directory,4,True,False,False,True,False,1,tests/test_phase143_36_argument_body_blocks.py,3,phase143_36a/apply_phase143_36a.py | phase143_36a/tests/test_phase143_36_argument_body_blocks.py | phase144_6_r25_24_method_evidence_minimal_ownership_boundary/run_phase144_6_r25_24.ps1,3,0,,canonical production/test/docs directly reference this artifact name
C_SAVE,phase143_36a,phase_directory,4,True,False,False,True,False,1,tests/test_phase143_36_argument_body_blocks.py,0,,3,2,phase143_36a/tests/test_phase143_36_argument_body_blocks.py | phase143_36a/toda_group_proof_narrative_argument_body.py,canonical production/test/docs directly reference this artifact name
C_SAVE,phase143_38,phase_directory,4,True,False,False,True,False,1,tests/test_phase143_38_exactness_display_contributions.py,0,,3,2,phase143_38/tests/test_phase143_38_exactness_display_contributions.py | phase143_38/toda_group_proof_narrative_exactness_display_contributions.py,canonical production/test/docs directly reference this artifact name
C_SAVE,phase143_39,phase_directory,4,True,False,False,True,False,1,tests/test_phase143_39_exactness_contribution_ownership.py,2,phase144_6_r25_24_method_evidence_minimal_ownership_boundary/run_phase144_6_r25_24.ps1 | phase144_6_r25_25_ownership_pipeline_diagnosis/run_phase144_6_r25_25.ps1,3,2,phase143_39/tests/test_phase143_39_exactness_contribution_ownership.py | phase143_39/toda_group_proof_narrative_exactness_contribution_ownership.py,canonical production/test/docs directly reference this artifact name
C_SAVE,phase143_41,phase_directory,4,True,False,False,True,False,1,tests/test_phase143_41_argument_local_body.py,10,phase144_6_r25_26_dependency_source_closure_audit/run_phase144_6_r25_26.ps1 | phase144_6_r25_27_proof_edge_ownership_boundary_audit/run_phase144_6_r25_27.ps1 | phase144_6_r25_27_r2_boundary_harness_repair/run_phase144_6_r25_27_r2.ps1 | phase144_6_r25_27_r3_cycle_isolated_premise_audit/run_phase144_6_r25_27_r3.ps1 | phase144_6_r25_28_proof_edge_fanout_block_aggregation_audit/run_phase144_6_r25_28.ps1 | phase144_6_r25_29_entry_step_preserving_block_dependency_audit/run_phase144_6_r25_29.ps1 | phase144_6_r25_30_group_structure_definition_entry_branch_ownership_audit/run_phase144_6_r25_30.ps1 | phase144_6_r25_30_r2_cycle_consistent_entry_branch_audit/run_phase144_6_r25_30.ps1 | phase144_6_r25_30_r2_cycle_consistent_entry_branch_audit/run_phase144_6_r25_30_r2.ps1 | phase144_6_r25_30_r3_argument_boundary_entry_classification_audit/run_phase144_6_r25_30_r3.ps1,3,2,phase143_41/tests/test_phase143_41_argument_local_body.py | phase143_41/toda_group_proof_narrative_argument_local_body.py,canonical production/test/docs directly reference this artifact name
C_SAVE,phase143_42,phase_directory,4,True,False,False,True,False,1,tests/test_phase143_42_argument_body_contribution_renderer.py,2,phase143_50R/apply_phase143_50R.py | phase143_50R/tests/test_phase143_42_argument_body_contribution_renderer.py,3,0,,canonical production/test/docs directly reference this artifact name
C_SAVE,phase143_44,phase_directory,4,True,False,False,True,False,1,tests/test_phase143_44_single_argument_narrative_renderer.py,0,,3,1,phase143_44/toda_group_proof_narrative_argument_single_renderer.py,canonical production/test/docs directly reference this artifact name
C_SAVE,phase143_46,phase_directory,4,True,False,False,True,False,1,tests/test_phase143_46_multi_argument_narrative_assembler.py,4,phase144_6_final_regression_repair_r10/README.md | phase144_6_final_regression_repair_r10/apply_phase144_6_final_regression_repair_r10.py | phase144_6_final_regression_repair_r10/run_phase144_6_final_regression_repair_r10.ps1 | phase144_6_r25_12_local_190_192_focused_audit/phase144_6_r25_12_local_diff_report.txt,3,0,,canonical production/test/docs directly reference this artifact name
C_SAVE,phase143_47,phase_directory,1,False,False,False,False,False,1,tests/test_phase143_47_multi_argument_shared_contribution_dedup.py,12,phase143_47_impl/apply_phase143_47_impl.py | phase143_47_impl/tests/test_phase143_47_multi_argument_shared_contribution_dedup.py | phase143_50R/apply_phase143_50R.py | phase143_50R/tests/test_phase143_47_multi_argument_shared_contribution_dedup.py | phase144_6_final_regression_repair_r10/README.md | phase144_6_final_regression_repair_r10/apply_phase144_6_final_regression_repair_r10.py | phase144_6_final_regression_repair_r10/run_phase144_6_final_regression_repair_r10.ps1 | phase144_6_r25_12_local_190_192_focused_audit/phase144_6_r25_12_local_diff_report.txt | phase144_final_regression_repair_r1/run_phase144_final_regression_repair_r1.ps1 | phase144_final_regression_repair_r2/README.txt | phase144_final_regression_repair_r2/apply_phase144_final_regression_repair_r2.py | phase144_final_regression_repair_r2/run_phase144_final_regression_repair_r2.ps1,1,0,,canonical production/test/docs directly reference this artifact name
C_SAVE,phase143_72a,phase_directory,2,True,False,False,False,False,1,tests/test_phase143_72a_negative_scalar_product_latex.py,4,phase143_72a_narrative_audit/README.txt | phase143_72a_r2/apply_phase143_72a_r2.ps1 | phase143_72a_r3/apply_phase143_72a_r3.ps1 | phase143_72a_r4/repair_phase143_72a_r4.ps1,0,0,,canonical production/test/docs directly reference this artifact name
C_SAVE,phase143_73a,phase_directory,2,True,False,False,False,False,1,tests/test_phase143_73a_internal_statement_narrative.py,6,phase143_73a_r2/apply_phase143_73a_r2.ps1 | phase143_73a_r3/repair_phase143_73a_r3.ps1 | phase143_73a_r3/repair_phase143_73a_r3.py | phase143_73a_r4/repair_phase143_73a_r4.ps1 | phase143_73a_r4/repair_phase143_73a_r4.py | phase143_73a_r5/repair_phase143_73a_r5.ps1,0,0,,canonical production/test/docs directly reference this artifact name
C_SAVE,phase143_74,phase_directory,2,False,False,False,False,False,2,tests/test_phase143_74a_map_narrative.py | tests/test_phase143_74b_remaining_internal_narrative.py,6,phase143_74a/apply_phase143_74a.ps1 | phase143_74a/tests/test_phase143_74a_map_narrative.py | phase143_74a_r2/repair_phase143_74a_r2.ps1 | phase143_74a_r2/test_phase143_74a_map_narrative.py | phase143_74b/apply_phase143_74b.ps1 | phase143_74b/tests/test_phase143_74b_remaining_internal_narrative.py,1,0,,canonical production/test/docs directly reference this artifact name
C_SAVE,phase143_74a,phase_directory,3,True,False,False,True,False,1,tests/test_phase143_74a_map_narrative.py,2,phase143_74a_r2/repair_phase143_74a_r2.ps1 | phase143_74a_r2/test_phase143_74a_map_narrative.py,1,0,,canonical production/test/docs directly reference this artifact name
C_SAVE,phase143_74b,phase_directory,3,True,False,False,True,False,1,tests/test_phase143_74b_remaining_internal_narrative.py,0,,1,1,phase143_74b/tests/test_phase143_74b_remaining_internal_narrative.py,canonical production/test/docs directly reference this artifact name
C_SAVE,phase143_75,phase_directory,2,False,False,False,False,False,14,tests/test_phase143_75aa_toda56_nu4_prop44_specialization_rendering.py | tests/test_phase143_75ab3_whitehead_correction_rendering.py | tests/test_phase143_75ac4_hopf_odd_multiple_rendering.py | tests/test_phase143_75ad_double_suspension_rendering.py | tests/test_phase143_75c_generic_semantic_rendering.py | tests/test_phase143_75f_ehp_semantic_rendering.py | tests/test_phase143_75i_whitehead_hopf_semantic_rendering.py | tests/test_phase143_75m_finite_dimensional_semantic_rendering.py | tests/test_phase143_75p_prop44_suspension_injective_semantic_rendering.py | tests/test_phase143_75s_toda58_whitehead_square_semantic_rendering.py | tests/test_phase143_75t_toda58_equation_aggregate_semantic_rendering.py | tests/test_phase143_75w_toda54_bracket_up_to_sign_semantic_rendering.py | tests/test_phase143_75y_nu4_construction_semantic_rendering.py | toda_proof_narrative_renderer.py,251,phase143_75_r2/repair_phase143_75_r2.ps1 | phase143_75aa/apply_phase143_75aa.py | phase143_75aa/run_phase143_75aa.ps1 | phase143_75aa_audit/run_phase143_75aa_audit.ps1 | phase143_75aa_r2/apply_phase143_75aa_r2.py | phase143_75aa_r2/run_phase143_75aa_r2.ps1 | phase143_75ab/audit_phase143_75ab.py | phase143_75ab/run_phase143_75ab.ps1 | phase143_75ab2/run_phase143_75ab2.ps1 | phase143_75ab3/README.txt | phase143_75ab3/apply_phase143_75ab3.py | phase143_75ab3/run_phase143_75ab3.ps1 | phase143_75ab3_r2/repair_phase143_75ab3_r2.py | phase143_75ab3_r2/run_phase143_75ab3_r2.ps1 | phase143_75ab3_r3/README.txt | phase143_75ab3_r3/repair_phase143_75ab3_r3.py | phase143_75ab3_r3/run_phase143_75ab3_r3.ps1 | phase143_75ab_completion_audit/run_phase143_75ab_completion_audit.ps1 | phase143_75ac/run_phase143_75ac.ps1 | phase143_75ac2/audit_phase143_75ac2.py,1,0,,canonical production/test/docs directly reference this artifact name
C_SAVE,phase143_75a,phase_directory,2,False,False,False,False,False,5,tests/test_phase143_75aa_toda56_nu4_prop44_specialization_rendering.py | tests/test_phase143_75ab3_whitehead_correction_rendering.py | tests/test_phase143_75ac4_hopf_odd_multiple_rendering.py | tests/test_phase143_75ad_double_suspension_rendering.py | toda_proof_narrative_renderer.py,163,phase143_75aa/apply_phase143_75aa.py | phase143_75aa/run_phase143_75aa.ps1 | phase143_75aa_r2/apply_phase143_75aa_r2.py | phase143_75aa_r2/run_phase143_75aa_r2.ps1 | phase143_75ab2/run_phase143_75ab2.ps1 | phase143_75ab3/README.txt | phase143_75ab3/apply_phase143_75ab3.py | phase143_75ab3/run_phase143_75ab3.ps1 | phase143_75ab3_r2/repair_phase143_75ab3_r2.py | phase143_75ab3_r2/run_phase143_75ab3_r2.ps1 | phase143_75ab3_r3/README.txt | phase143_75ab3_r3/repair_phase143_75ab3_r3.py | phase143_75ab3_r3/run_phase143_75ab3_r3.ps1 | phase143_75ac/run_phase143_75ac.ps1 | phase143_75ac2/run_phase143_75ac2.ps1 | phase143_75ac3/run_phase143_75ac3.ps1 | phase143_75ac4/README.txt | phase143_75ac4/repair_phase143_75ac4.py | phase143_75ac4/run_phase143_75ac4.ps1 | phase143_75ac4/test_phase143_75ac4_hopf_odd_multiple_rendering.py,1,0,,canonical production/test/docs directly reference this artifact name
C_SAVE,phase143_75aa,phase_directory,3,True,True,False,False,False,1,tests/test_phase143_75aa_toda56_nu4_prop44_specialization_rendering.py,2,phase143_75aa_r2/apply_phase143_75aa_r2.py | phase143_75aa_r2/run_phase143_75aa_r2.ps1,0,0,,canonical production/test/docs directly reference this artifact name
C_SAVE,phase143_75ab,phase_directory,3,False,True,False,False,False,1,tests/test_phase143_75ab3_whitehead_correction_rendering.py,9,phase143_75ab2/run_phase143_75ab2.ps1 | phase143_75ab3/README.txt | phase143_75ab3/apply_phase143_75ab3.py | phase143_75ab3/run_phase143_75ab3.ps1 | phase143_75ab3_r2/repair_phase143_75ab3_r2.py | phase143_75ab3_r2/run_phase143_75ab3_r2.ps1 | phase143_75ab3_r3/README.txt | phase143_75ab3_r3/repair_phase143_75ab3_r3.py | phase143_75ab3_r3/run_phase143_75ab3_r3.ps1,1,0,,canonical production/test/docs directly reference this artifact name
C_SAVE,phase143_75ab3,phase_directory,3,True,True,False,False,False,1,tests/test_phase143_75ab3_whitehead_correction_rendering.py,5,phase143_75ab3_r2/repair_phase143_75ab3_r2.py | phase143_75ab3_r2/run_phase143_75ab3_r2.ps1 | phase143_75ab3_r3/README.txt | phase143_75ab3_r3/repair_phase143_75ab3_r3.py | phase143_75ab3_r3/run_phase143_75ab3_r3.ps1,0,0,,canonical production/test/docs directly reference this artifact name
C_SAVE,phase143_75ac,phase_directory,3,False,True,False,False,False,1,tests/test_phase143_75ac4_hopf_odd_multiple_rendering.py,6,phase143_75ac2/run_phase143_75ac2.ps1 | phase143_75ac3/run_phase143_75ac3.ps1 | phase143_75ac4/README.txt | phase143_75ac4/repair_phase143_75ac4.py | phase143_75ac4/run_phase143_75ac4.ps1 | phase143_75ac4/test_phase143_75ac4_hopf_odd_multiple_rendering.py,1,0,,canonical production/test/docs directly reference this artifact name
C_SAVE,phase143_75ac4,phase_directory,4,False,True,False,True,False,1,tests/test_phase143_75ac4_hopf_odd_multiple_rendering.py,0,,2,1,phase143_75ac4/test_phase143_75ac4_hopf_odd_multiple_rendering.py,canonical production/test/docs directly reference this artifact name
C_SAVE,phase143_75ad,phase_directory,3,False,True,False,False,False,1,tests/test_phase143_75ad_double_suspension_rendering.py,4,phase143_75ad_impl/README.txt | phase143_75ad_impl/repair_phase143_75ad.py | phase143_75ad_impl/run_phase143_75ad.ps1 | phase143_75ad_impl/test_phase143_75ad_double_suspension_rendering.py,1,0,,canonical production/test/docs directly reference this artifact name
C_SAVE,phase143_75c,phase_directory,4,True,False,False,True,False,1,tests/test_phase143_75c_generic_semantic_rendering.py,0,,2,1,phase143_75c/test_phase143_75c_generic_semantic_rendering.py,canonical production/test/docs directly reference this artifact name
C_SAVE,phase143_75f,phase_directory,4,True,False,False,True,False,1,tests/test_phase143_75f_ehp_semantic_rendering.py,0,,2,1,phase143_75f/test_phase143_75f_ehp_semantic_rendering.py,canonical production/test/docs directly reference this artifact name
C_SAVE,phase143_75i,phase_directory,5,True,False,False,True,False,1,tests/test_phase143_75i_whitehead_hopf_semantic_rendering.py,2,phase143_75i_r2/repair_phase143_75i_r2.ps1 | phase143_75i_r2/test_phase143_75i_whitehead_hopf_semantic_rendering.py,2,0,,canonical production/test/docs directly reference this artifact name
C_SAVE,phase143_75m,phase_directory,5,True,True,False,True,False,1,tests/test_phase143_75m_finite_dimensional_semantic_rendering.py,9,phase143_75m_r2/repair_phase143_75m_r2.py | phase143_75m_r2/run_phase143_75m_r2.ps1 | phase143_75m_r2/test_phase143_75m_finite_dimensional_semantic_rendering.py | phase143_75m_r3/README.txt | phase143_75m_r3/repair_phase143_75m_r3.py | phase143_75m_r3/run_phase143_75m_r3.ps1 | phase143_75m_r4/README.txt | phase143_75m_r4/repair_phase143_75m_r4.py | phase143_75m_r4/run_phase143_75m_r4.ps1,2,0,,canonical production/test/docs directly reference this artifact name
C_SAVE,phase143_75p,phase_directory,5,False,True,False,True,False,1,tests/test_phase143_75p_prop44_suspension_injective_semantic_rendering.py,0,,3,1,phase143_75p/test_phase143_75p_prop44_suspension_injective_semantic_rendering.py,canonical production/test/docs directly reference this artifact name
C_SAVE,phase143_75s,phase_directory,5,False,True,False,True,False,1,tests/test_phase143_75s_toda58_whitehead_square_semantic_rendering.py,3,phase143_75s_r2/README.txt | phase143_75s_r2/repair_phase143_75s_r2.py | phase143_75s_r2/run_phase143_75s_r2.ps1,3,1,phase143_75s/test_phase143_75s_toda58_whitehead_square_semantic_rendering.py,canonical production/test/docs directly reference this artifact name
C_SAVE,phase143_75t,phase_directory,6,False,True,False,True,False,1,tests/test_phase143_75t_toda58_equation_aggregate_semantic_rendering.py,1,phase143_75ab2/run_phase143_75ab2.ps1,4,1,phase143_75t/test_phase143_75t_toda58_equation_aggregate_semantic_rendering.py,canonical production/test/docs directly reference this artifact name
C_SAVE,phase143_75w,phase_directory,6,False,True,False,True,False,1,tests/test_phase143_75w_toda54_bracket_up_to_sign_semantic_rendering.py,0,,4,1,phase143_75w/test_phase143_75w_toda54_bracket_up_to_sign_semantic_rendering.py,canonical production/test/docs directly reference this artifact name
C_SAVE,phase143_75y,phase_directory,6,False,True,False,True,False,1,tests/test_phase143_75y_nu4_construction_semantic_rendering.py,0,,4,1,phase143_75y/test_phase143_75y_nu4_construction_semantic_rendering.py,canonical production/test/docs directly reference this artifact name
C_SAVE,phase143_7_fix1,phase_directory,2,True,False,False,True,False,1,tests/test_phase143_7_fix1_argument_cycle.py,0,,1,1,phase143_7_fix1/tests/test_phase143_7_fix1_argument_cycle.py,canonical production/test/docs directly reference this artifact name
C_SAVE,phase143_8_audit,phase_directory,2,False,False,False,True,False,1,tests/test_phase143_8_argument_audit.py,0,,2,1,phase143_8_audit/tests/test_phase143_8_argument_audit.py,canonical production/test/docs directly reference this artifact name
C_SAVE,phase144_6_r5_17a_r1,phase_directory,4,False,True,True,True,False,1,tests/test_phase144_6_r5_17a_proof_chain_selection_audit.py,0,,2,1,phase144_6_r5_17a_r1/payload/tests/test_phase144_6_r5_17a_proof_chain_selection_audit.py,canonical production/test/docs directly reference this artifact name
C_SAVE,phase144_6_r5_17a_r2,phase_directory,4,False,True,True,True,False,1,tests/test_phase144_6_r5_17a_r2_argument_support_edge_integration.py,1,phase144_6_finalization/phase144_6_finalization_output.txt,2,1,phase144_6_r5_17a_r2/payload/tests/test_phase144_6_r5_17a_r2_argument_support_edge_integration.py,canonical production/test/docs directly reference this artifact name
C_SAVE,phase144_6_r5_17a_r3,phase_directory,4,False,True,True,True,False,1,tests/test_phase144_6_r5_17a_r3_support_edge_correspondence.py,1,phase144_6_finalization/phase144_6_finalization_output.txt,2,1,phase144_6_r5_17a_r3/payload/tests/test_phase144_6_r5_17a_r3_support_edge_correspondence.py,canonical production/test/docs directly reference this artifact name
C_SAVE,phase144_6_r5_17b,phase_directory,4,False,True,True,True,False,1,tests/test_phase144_6_r5_17b_generic_proof_chain_types.py,1,phase144_6_finalization/phase144_6_finalization_output.txt,2,1,phase144_6_r5_17b/payload/tests/test_phase144_6_r5_17b_generic_proof_chain_types.py,canonical production/test/docs directly reference this artifact name
C_SAVE,phase144_6_r5_17c,phase_directory,4,False,True,True,True,False,1,tests/test_phase144_6_r5_17c_cross_group_generic_proof_chain.py,1,phase144_6_finalization/phase144_6_finalization_output.txt,2,1,phase144_6_r5_17c/payload/tests/test_phase144_6_r5_17c_cross_group_generic_proof_chain.py,canonical production/test/docs directly reference this artifact name
C_SAVE,phase144_6_r5_17d,phase_directory,4,False,True,True,True,False,2,tests/test_phase144_6_r5_17d_failure_novelty_classification.py | tests/test_phase144_6_r5_17d_r1_other_semantic_role_resolution.py,3,phase144_6_finalization/phase144_6_finalization_output.txt | phase144_6_r5_17d_r1/payload/tests/test_phase144_6_r5_17d_r1_other_semantic_role_resolution.py | phase144_6_r5_17d_r1/run_phase144_6_r5_17d_r1.ps1,2,1,phase144_6_r5_17d/payload/tests/test_phase144_6_r5_17d_failure_novelty_classification.py,canonical production/test/docs directly reference this artifact name
C_SAVE,phase144_6_r5_17d_r1,phase_directory,4,False,True,True,True,False,1,tests/test_phase144_6_r5_17d_r1_other_semantic_role_resolution.py,1,phase144_6_finalization/phase144_6_finalization_output.txt,2,1,phase144_6_r5_17d_r1/payload/tests/test_phase144_6_r5_17d_r1_other_semantic_role_resolution.py,canonical production/test/docs directly reference this artifact name
C_SAVE,phase144_6_r5_17e,phase_directory,4,False,True,True,True,False,1,tests/test_phase144_6_r5_17e_proof_chain_architecture_decision.py,1,phase144_6_finalization/phase144_6_finalization_output.txt,2,1,phase144_6_r5_17e/payload/tests/test_phase144_6_r5_17e_proof_chain_architecture_decision.py,canonical production/test/docs directly reference this artifact name
C_SAVE,phase144_6_r5_18,phase_directory,5,False,True,True,True,False,29,tests/test_phase144_6_r5_18_production_generic_proof_chain_foundation.py | tests/test_phase144_6_r5_19_proof_chain_narrative_integration.py | tests/test_phase144_6_r5_24_generic_visibility_policy_correction_design_audit.py | tests/test_phase144_6_r5_26_step_level_dedup_derivation_path_relevance_audit.py | tests/test_phase144_6_r5_27_bounded_derivation_visibility_step_dedup_readiness_audit.py | tests/test_phase144_6_r5_28_narrative_contribution_ownership_audit.py | tests/test_phase144_6_r5_29_narrative_contribution_chain_ownership_audit.py | tests/test_phase144_6_r5_30_upstream_calculation_attachment_audit.py | tests/test_phase144_6_r5_32_visible_contribution_assembly_dedup_audit.py | tests/test_phase144_6_r5_34_provider_anchored_visibility_gap_audit.py | tests/test_phase144_6_r5_35_hidden_anchored_contribution_necessity_audit.py | tests/test_phase144_6_r5_36_necessary_contribution_current_display_coverage_audit.py | tests/test_phase144_6_r5_37_genuinely_missing_semantic_equivalence_and_rendering_audit.py | tests/test_phase144_6_r5_38_visibility_gap_explanatory_contribution_dedup_ownership_audit.py | tests/test_phase144_6_r5_39_explanatory_contribution_narrative_necessity_audit.py | tests/test_phase144_6_r5_40_narrative_contribution_placement_order_audit.py | tests/test_phase144_6_r5_41_contribution_topological_order_determinism_audit.py | tests/test_phase144_6_r5_42_generic_narrative_contribution_production_foundation.py | tests/test_phase144_6_r5_43_1.py | tests/test_phase144_6_r5_43_10_transport_chain_compression_production.py | tests/test_phase144_6_r5_43_11c_non_detached_fallback_placement_repair.py | tests/test_phase144_6_r5_43_11c_r2_argument_participation_guard.py | tests/test_phase144_6_r5_43_2_placement_aware_contribution_insertion.py | tests/test_phase144_6_r5_43_4_dependency_aware_contribution_connector.py | tests/test_phase144_6_r5_43_6.py | tests/test_phase144_6_r5_43_7_hidden_bridge_semantic_classification_foundation.py | tests/test_phase144_6_r5_43_generic_renderer_contribution_connection.py | tests/test_phase144_6_r5_43_r2_recursive_repr_repair.py | tests/test_phase144_6_r5_43_r3_current_markdown_plumbing_repair.py,138,audit_phase144_6_r5_18.py | audit_phase144_6_r5_19.py | audit_phase144_6_r5_20.py | audit_phase144_6_r5_21.py | audit_phase144_6_r5_22.py | audit_phase144_6_r5_23.py | audit_phase144_6_r5_24.py | audit_phase144_6_r5_25.py | audit_phase144_6_r5_26.py | audit_phase144_6_r5_27.py | audit_phase144_6_r5_28.py | audit_phase144_6_r5_29.py | audit_phase144_6_r5_30.py | audit_phase144_6_r5_31.py | audit_phase144_6_r5_32.py | audit_phase144_6_r5_33.py | audit_phase144_6_r5_34.py | audit_phase144_6_r5_35.py | audit_phase144_6_r5_36.py | audit_phase144_6_r5_37.py,3,2,phase144_6_r5_18/payload/tests/test_phase144_6_r5_18_production_generic_proof_chain_foundation.py | phase144_6_r5_18/payload/toda_group_proof_narrative_proof_chains.py,canonical production/test/docs directly reference this artifact name
C_SAVE,phase144_6_r5_19,phase_directory,5,False,True,True,True,False,1,tests/test_phase144_6_r5_19_proof_chain_narrative_integration.py,3,phase144_6_final_completion_regression/run_phase144_6_final_completion_regression.ps1 | phase144_6_finalization/phase144_6_finalization_output.txt | phase144_6_r5_20/run_phase144_6_r5_20.ps1,3,2,phase144_6_r5_19/payload/tests/test_phase144_6_r5_19_proof_chain_narrative_integration.py | phase144_6_r5_19/payload/toda_group_proof_narrative_proof_chain_renderer.py,canonical production/test/docs directly reference this artifact name
C_SAVE,phase144_6_r5_20,phase_directory,4,False,True,True,True,False,1,tests/test_phase144_6_r5_20_pi6_3_proof_chain_generic_parity.py,8,audit_phase144_6_r5_21.py | audit_phase144_6_r5_33.py | phase144_6_final_completion_regression/run_phase144_6_final_completion_regression.ps1 | phase144_6_finalization/phase144_6_finalization_output.txt | phase144_6_r5_21/payload/audit_phase144_6_r5_21.py | phase144_6_r5_21/run_phase144_6_r5_21.ps1 | phase144_6_r5_23_r1/run_phase144_6_r5_23_r1.ps1 | phase144_6_r5_33/payload/audit_phase144_6_r5_33.py,2,1,phase144_6_r5_20/payload/tests/test_phase144_6_r5_20_pi6_3_proof_chain_generic_parity.py,canonical production/test/docs directly reference this artifact name
C_SAVE,phase144_6_r5_21,phase_directory,4,False,True,True,True,False,1,tests/test_phase144_6_r5_21_missing_7_facts_generic_provider_audit.py,5,phase144_6_finalization/phase144_6_finalization_output.txt | phase144_6_r5_22/run_phase144_6_r5_22.ps1 | phase144_6_r5_22_r1/run_phase144_6_r5_22_r1.ps1 | phase144_6_r5_23/run_phase144_6_r5_23.ps1 | phase144_6_r5_23_r1/run_phase144_6_r5_23_r1.ps1,2,1,phase144_6_r5_21/payload/tests/test_phase144_6_r5_21_missing_7_facts_generic_provider_audit.py,canonical production/test/docs directly reference this artifact name
C_SAVE,phase144_6_r5_22,phase_directory,4,False,True,True,True,False,1,tests/test_phase144_6_r5_22_missing_4_facts_statement_structure_audit.py,9,audit_phase144_6_r5_23.py | phase144_6_finalization/phase144_6_finalization_output.txt | phase144_6_r25_10_r2_audit_environment_repair/run_phase144_6_r25_10_r2.ps1 | phase144_6_r25_10_r3_contribution_import_repair/run_phase144_6_r25_10_r3.ps1 | phase144_6_r25_10_r6_utf8_and_argument_api_runner/run_phase144_6_r25_10_r6.ps1 | phase144_6_r5_22_r1/run_phase144_6_r5_22_r1.ps1 | phase144_6_r5_23/payload/audit_phase144_6_r5_23.py | phase144_6_r5_23/run_phase144_6_r5_23.ps1 | phase144_6_r5_23_r1/run_phase144_6_r5_23_r1.ps1,2,1,phase144_6_r5_22/payload/tests/test_phase144_6_r5_22_missing_4_facts_statement_structure_audit.py,canonical production/test/docs directly reference this artifact name
C_SAVE,phase144_6_r5_23,phase_directory,4,False,True,True,True,False,1,tests/test_phase144_6_r5_23_missing_7_facts_generic_visibility_path_audit.py,29,audit_phase144_6_r5_24.py | audit_phase144_6_r5_25.py | audit_phase144_6_r5_26.py | audit_phase144_6_r5_27.py | audit_phase144_6_r5_28.py | audit_phase144_6_r5_29.py | audit_phase144_6_r5_30.py | audit_phase144_6_r5_31.py | audit_phase144_6_r5_32.py | audit_phase144_6_r5_33.py | audit_phase144_6_r5_34.py | audit_phase144_6_r5_35.py | audit_phase144_6_r5_36.py | phase144_6_finalization/phase144_6_finalization_output.txt | phase144_6_r5_23_r1/run_phase144_6_r5_23_r1.ps1 | phase144_6_r5_24/payload/audit_phase144_6_r5_24.py | phase144_6_r5_24/run_phase144_6_r5_24.ps1 | phase144_6_r5_25/payload/audit_phase144_6_r5_25.py | phase144_6_r5_26/payload/audit_phase144_6_r5_26.py | phase144_6_r5_27/payload/audit_phase144_6_r5_27.py,2,1,phase144_6_r5_23/payload/tests/test_phase144_6_r5_23_missing_7_facts_generic_visibility_path_audit.py,canonical production/test/docs directly reference this artifact name
C_SAVE,phase144_6_r5_24,phase_directory,4,False,True,True,True,False,1,tests/test_phase144_6_r5_24_generic_visibility_policy_correction_design_audit.py,2,phase144_6_finalization/phase144_6_finalization_output.txt | phase144_6_r5_25/run_phase144_6_r5_25.ps1,2,1,phase144_6_r5_24/payload/tests/test_phase144_6_r5_24_generic_visibility_policy_correction_design_audit.py,canonical production/test/docs directly reference this artifact name
C_SAVE,phase144_6_r5_25,phase_directory,4,False,True,True,True,False,1,tests/test_phase144_6_r5_25_multi_argument_suppression_selective_frontier_relevance_audit.py,2,phase144_6_finalization/phase144_6_finalization_output.txt | phase144_6_r5_26/run_phase144_6_r5_26.ps1,2,1,phase144_6_r5_25/payload/tests/test_phase144_6_r5_25_multi_argument_suppression_selective_frontier_relevance_audit.py,canonical production/test/docs directly reference this artifact name
C_SAVE,phase144_6_r5_26,phase_directory,4,False,True,True,True,False,1,tests/test_phase144_6_r5_26_step_level_dedup_derivation_path_relevance_audit.py,2,phase144_6_finalization/phase144_6_finalization_output.txt | phase144_6_r5_27/run_phase144_6_r5_27.ps1,2,1,phase144_6_r5_26/payload/tests/test_phase144_6_r5_26_step_level_dedup_derivation_path_relevance_audit.py,canonical production/test/docs directly reference this artifact name
C_SAVE,phase144_6_r5_27,phase_directory,4,False,True,True,True,False,1,tests/test_phase144_6_r5_27_bounded_derivation_visibility_step_dedup_readiness_audit.py,2,phase144_6_finalization/phase144_6_finalization_output.txt | phase144_6_r5_28/run_phase144_6_r5_28.ps1,2,1,phase144_6_r5_27/payload/tests/test_phase144_6_r5_27_bounded_derivation_visibility_step_dedup_readiness_audit.py,canonical production/test/docs directly reference this artifact name
C_SAVE,phase144_6_r5_28,phase_directory,4,False,True,True,True,False,1,tests/test_phase144_6_r5_28_narrative_contribution_ownership_audit.py,7,audit_phase144_6_r5_29.py | phase144_6_finalization/phase144_6_finalization_output.txt | phase144_6_r25_6_upstream_ownership_audit/run_phase144_6_r25_6.ps1 | phase144_6_r25_7_root_construction_exact_block_path_audit/run_phase144_6_r25_7.ps1 | phase144_6_r25_7r1_cycle_safe_audit/run_phase144_6_r25_7r1.ps1 | phase144_6_r5_29/payload/audit_phase144_6_r5_29.py | phase144_6_r5_29/run_phase144_6_r5_29.ps1,2,1,phase144_6_r5_28/payload/tests/test_phase144_6_r5_28_narrative_contribution_ownership_audit.py,canonical production/test/docs directly reference this artifact name
C_SAVE,phase144_6_r5_29,phase_directory,4,False,True,True,True,False,1,tests/test_phase144_6_r5_29_narrative_contribution_chain_ownership_audit.py,11,audit_phase144_6_r5_30.py | audit_phase144_6_r5_31.py | audit_phase144_6_r5_34.py | audit_phase144_6_r5_35.py | phase144_6_finalization/phase144_6_finalization_output.txt | phase144_6_r5_30/payload/audit_phase144_6_r5_30.py | phase144_6_r5_30/run_phase144_6_r5_30.ps1 | phase144_6_r5_31/payload/audit_phase144_6_r5_31.py | phase144_6_r5_34/payload/audit_phase144_6_r5_34.py | phase144_6_r5_34/run_phase144_6_r5_34.ps1 | phase144_6_r5_35/payload/audit_phase144_6_r5_35.py,2,1,phase144_6_r5_29/payload/tests/test_phase144_6_r5_29_narrative_contribution_chain_ownership_audit.py,canonical production/test/docs directly reference this artifact name
C_SAVE,phase144_6_r5_30,phase_directory,4,False,True,True,True,False,1,tests/test_phase144_6_r5_30_upstream_calculation_attachment_audit.py,4,audit_phase144_6_r5_31.py | phase144_6_finalization/phase144_6_finalization_output.txt | phase144_6_r5_31/payload/audit_phase144_6_r5_31.py | phase144_6_r5_31/run_phase144_6_r5_31.ps1,2,1,phase144_6_r5_30/payload/tests/test_phase144_6_r5_30_upstream_calculation_attachment_audit.py,canonical production/test/docs directly reference this artifact name
C_SAVE,phase144_6_r5_31,phase_directory,4,False,True,True,True,False,1,tests/test_phase144_6_r5_31_upstream_calculation_attachment_semantic_audit.py,2,phase144_6_finalization/phase144_6_finalization_output.txt | phase144_6_r5_32/run_phase144_6_r5_32.ps1,2,1,phase144_6_r5_31/payload/tests/test_phase144_6_r5_31_upstream_calculation_attachment_semantic_audit.py,canonical production/test/docs directly reference this artifact name
C_SAVE,phase144_6_r5_32,phase_directory,4,False,True,True,True,False,1,tests/test_phase144_6_r5_32_visible_contribution_assembly_dedup_audit.py,4,audit_phase144_6_r5_33.py | phase144_6_finalization/phase144_6_finalization_output.txt | phase144_6_r5_33/payload/audit_phase144_6_r5_33.py | phase144_6_r5_33/run_phase144_6_r5_33.ps1,2,1,phase144_6_r5_32/payload/tests/test_phase144_6_r5_32_visible_contribution_assembly_dedup_audit.py,canonical production/test/docs directly reference this artifact name
C_SAVE,phase144_6_r5_33,phase_directory,4,False,True,True,True,False,1,tests/test_phase144_6_r5_33_visible_step_rendered_markdown_survival_audit.py,2,phase144_6_finalization/phase144_6_finalization_output.txt | phase144_6_r5_34/run_phase144_6_r5_34.ps1,2,1,phase144_6_r5_33/payload/tests/test_phase144_6_r5_33_visible_step_rendered_markdown_survival_audit.py,canonical production/test/docs directly reference this artifact name
C_SAVE,phase144_6_r5_34,phase_directory,4,False,True,True,True,False,1,tests/test_phase144_6_r5_34_provider_anchored_visibility_gap_audit.py,4,audit_phase144_6_r5_35.py | phase144_6_finalization/phase144_6_finalization_output.txt | phase144_6_r5_35/payload/audit_phase144_6_r5_35.py | phase144_6_r5_35/run_phase144_6_r5_35.ps1,2,1,phase144_6_r5_34/payload/tests/test_phase144_6_r5_34_provider_anchored_visibility_gap_audit.py,canonical production/test/docs directly reference this artifact name
C_SAVE,phase144_6_r5_35,phase_directory,4,False,True,True,True,False,1,tests/test_phase144_6_r5_35_hidden_anchored_contribution_necessity_audit.py,9,audit_phase144_6_r5_36.py | audit_phase144_6_r5_37.py | audit_phase144_6_r5_38.py | phase144_6_finalization/phase144_6_finalization_output.txt | phase144_6_r5_36/payload/audit_phase144_6_r5_36.py | phase144_6_r5_36/run_phase144_6_r5_36.ps1 | phase144_6_r5_37/payload/audit_phase144_6_r5_37.py | phase144_6_r5_38/payload/audit_phase144_6_r5_38.py | phase144_6_r5_38_r2/payload/audit_phase144_6_r5_38.py,2,1,phase144_6_r5_35/payload/tests/test_phase144_6_r5_35_hidden_anchored_contribution_necessity_audit.py,canonical production/test/docs directly reference this artifact name
C_SAVE,phase144_6_r5_36,phase_directory,4,False,True,True,True,False,1,tests/test_phase144_6_r5_36_necessary_contribution_current_display_coverage_audit.py,6,audit_phase144_6_r5_37.py | audit_phase144_6_r5_38.py | phase144_6_finalization/phase144_6_finalization_output.txt | phase144_6_r5_37/payload/audit_phase144_6_r5_37.py | phase144_6_r5_37/run_phase144_6_r5_37.ps1 | phase144_6_r5_38_r2/payload/audit_phase144_6_r5_38.py,2,1,phase144_6_r5_36/payload/tests/test_phase144_6_r5_36_necessary_contribution_current_display_coverage_audit.py,canonical production/test/docs directly reference this artifact name
C_SAVE,phase144_6_r5_37,phase_directory,4,False,True,True,True,False,2,tests/test_phase144_6_r5_37_genuinely_missing_semantic_equivalence_and_rendering_audit.py | tests/test_phase144_6_r5_38_visibility_gap_explanatory_contribution_dedup_ownership_audit.py,12,audit_phase144_6_r5_38.py | phase144_6_finalization/phase144_6_finalization_output.txt | phase144_6_r25_10_final_regression_ownership_audit/audit_phase144_6_r25_10.py | phase144_6_r25_11_production_repair/run_phase144_6_r25_11.ps1 | phase144_6_r25_11_r2_semantic_closure_ownership_repair/run_phase144_6_r25_11_r2.ps1 | phase144_6_r5_38/payload/audit_phase144_6_r5_38.py | phase144_6_r5_38/run_phase144_6_r5_38.ps1 | phase144_6_r5_38_r2/payload/audit_phase144_6_r5_38.py | phase144_6_r5_38_r2/run_phase144_6_r5_38_r2.ps1 | phase144_final_regression_repair_r1/payload/tests/test_phase144_6_r5_37_genuinely_missing_semantic_equivalence_and_rendering_audit.py | phase144_final_regression_repair_r1/payload/tests/test_phase144_6_r5_38_visibility_gap_explanatory_contribution_dedup_ownership_audit.py | phase144_final_regression_repair_r1/run_phase144_final_regression_repair_r1.ps1,2,0,,canonical production/test/docs directly reference this artifact name
C_SAVE,phase144_6_r5_38,phase_directory,4,False,True,True,True,False,2,tests/test_phase144_6_r5_38_visibility_gap_explanatory_contribution_dedup_ownership_audit.py | tests/test_phase144_6_r5_39_explanatory_contribution_narrative_necessity_audit.py,20,audit_phase144_6_r5_39.py | audit_phase144_6_r5_40.py | audit_phase144_6_r5_41.py | phase144_6_finalization/phase144_6_finalization_output.txt | phase144_6_r25_10_final_regression_ownership_audit/audit_phase144_6_r25_10.py | phase144_6_r25_11_production_repair/run_phase144_6_r25_11.ps1 | phase144_6_r25_11_r2_semantic_closure_ownership_repair/run_phase144_6_r25_11_r2.ps1 | phase144_6_r5_38_r2/payload/tests/test_phase144_6_r5_38_visibility_gap_explanatory_contribution_dedup_ownership_audit.py | phase144_6_r5_38_r2/run_phase144_6_r5_38_r2.ps1 | phase144_6_r5_39/payload/audit_phase144_6_r5_39.py | phase144_6_r5_39/run_phase144_6_r5_39.ps1 | phase144_6_r5_39_r2/payload/audit_phase144_6_r5_39.py | phase144_6_r5_39_r2/run_phase144_6_r5_39_r2.ps1 | phase144_6_r5_39_r3/payload/audit_phase144_6_r5_39.py | phase144_6_r5_39_r3/run_phase144_6_r5_39_r3.ps1 | phase144_6_r5_40/payload/audit_phase144_6_r5_40.py | phase144_6_r5_41/payload/audit_phase144_6_r5_41.py | phase144_final_regression_repair_r1/payload/tests/test_phase144_6_r5_38_visibility_gap_explanatory_contribution_dedup_ownership_audit.py | phase144_final_regression_repair_r1/payload/tests/test_phase144_6_r5_39_explanatory_contribution_narrative_necessity_audit.py | phase144_final_regression_repair_r1/run_phase144_final_regression_repair_r1.ps1,2,0,,canonical production/test/docs directly reference this artifact name
C_SAVE,phase144_6_r5_39,phase_directory,4,False,True,True,True,False,1,tests/test_phase144_6_r5_39_explanatory_contribution_narrative_necessity_audit.py,14,phase144_6_finalization/phase144_6_finalization_output.txt | phase144_6_r25_10_final_regression_ownership_audit/audit_phase144_6_r25_10.py | phase144_6_r25_10_final_regression_ownership_audit/run_phase144_6_r25_10.ps1 | phase144_6_r25_11_production_repair/run_phase144_6_r25_11.ps1 | phase144_6_r25_11_r2_semantic_closure_ownership_repair/run_phase144_6_r25_11_r2.ps1 | phase144_6_r5_39_r2/payload/tests/test_phase144_6_r5_39_explanatory_contribution_narrative_necessity_audit.py | phase144_6_r5_39_r2/run_phase144_6_r5_39_r2.ps1 | phase144_6_r5_39_r3/payload/tests/test_phase144_6_r5_39_explanatory_contribution_narrative_necessity_audit.py | phase144_6_r5_39_r3/run_phase144_6_r5_39_r3.ps1 | phase144_6_r5_40/run_phase144_6_r5_40.ps1 | phase144_final_historical_snapshot_repair_r3/apply_phase144_final_historical_snapshot_repair_r3.py | phase144_final_historical_snapshot_repair_r3/run_phase144_final_historical_snapshot_repair_r3.ps1 | phase144_final_regression_repair_r1/payload/tests/test_phase144_6_r5_39_explanatory_contribution_narrative_necessity_audit.py | phase144_final_regression_repair_r1/run_phase144_final_regression_repair_r1.ps1,2,0,,canonical production/test/docs directly reference this artifact name
C_SAVE,phase144_6_r5_40,phase_directory,4,False,True,True,True,False,4,tests/test_phase144_6_r5_40_narrative_contribution_placement_order_audit.py | tests/test_phase144_6_r5_41_contribution_topological_order_determinism_audit.py | tests/test_phase144_6_r5_42_generic_narrative_contribution_production_foundation.py | tests/test_phase144_6_r5_43_r2_recursive_repr_repair.py,11,phase144_6_finalization/phase144_6_finalization_output.txt | phase144_6_r25_10_final_regression_ownership_audit/audit_phase144_6_r25_10.py | phase144_6_r25_11_production_repair/run_phase144_6_r25_11.ps1 | phase144_6_r25_11_r2_semantic_closure_ownership_repair/run_phase144_6_r25_11_r2.ps1 | phase144_6_r25_11_r5_full_depth_plus2_ownership_delta_audit/README.md | phase144_6_r5_41/run_phase144_6_r5_41.ps1 | phase144_6_r5_42_generic_narrative_contribution_production_foundation/payload/tests/test_phase144_6_r5_42_generic_narrative_contribution_production_foundation.py | phase144_6_r5_42_r1_occurrence_downstream_repair/payload/tests/test_phase144_6_r5_42_generic_narrative_contribution_production_foundation.py | phase144_6_r5_42_r2_provider_key_semantics_repair/payload/tests/test_phase144_6_r5_42_generic_narrative_contribution_production_foundation.py | phase144_final_historical_snapshot_repair_r3/apply_phase144_final_historical_snapshot_repair_r3.py | phase144_final_historical_snapshot_repair_r3/run_phase144_final_historical_snapshot_repair_r3.ps1,2,0,,canonical production/test/docs directly reference this artifact name
C_SAVE,phase144_6_r5_41,phase_directory,4,False,True,True,True,False,2,tests/test_phase144_6_r5_41_contribution_topological_order_determinism_audit.py | tests/test_phase144_6_r5_42_generic_narrative_contribution_production_foundation.py,6,phase144_6_finalization/phase144_6_finalization_output.txt | phase144_6_r5_42_generic_narrative_contribution_production_foundation/payload/tests/test_phase144_6_r5_42_generic_narrative_contribution_production_foundation.py | phase144_6_r5_42_r1_occurrence_downstream_repair/payload/tests/test_phase144_6_r5_42_generic_narrative_contribution_production_foundation.py | phase144_6_r5_42_r2_provider_key_semantics_repair/payload/tests/test_phase144_6_r5_42_generic_narrative_contribution_production_foundation.py | phase144_final_historical_snapshot_repair_r3/apply_phase144_final_historical_snapshot_repair_r3.py | phase144_final_historical_snapshot_repair_r3/run_phase144_final_historical_snapshot_repair_r3.ps1,2,0,,canonical production/test/docs directly reference this artifact name
