test_id,file,function,function_hash,semantic_function_hash,dependency_hash,dependency_symbols,source_available,source_error
tests/test_expression.py::test_phase22_2_generator_symbol_different_family_is_not_equal,tests/test_expression.py,test_phase22_2_generator_symbol_different_family_is_not_equal,87baffc2a2c13de896714aaf7c887055bf32d545f7b49d5d6fcf77945e0865a7,87baffc2a2c13de896714aaf7c887055bf32d545f7b49d5d6fcf77945e0865a7,589e1aac89b1bff8c43c3abb5c42826cbf0c07b919ff9e9a8b6a43c8c5d4ffa7,GeneratorSymbol,True,
tests/test_expression.py::test_phase22_5_indexed_generator_families_remain_distinct,tests/test_expression.py,test_phase22_5_indexed_generator_families_remain_distinct,87baffc2a2c13de896714aaf7c887055bf32d545f7b49d5d6fcf77945e0865a7,87baffc2a2c13de896714aaf7c887055bf32d545f7b49d5d6fcf77945e0865a7,589e1aac89b1bff8c43c3abb5c42826cbf0c07b919ff9e9a8b6a43c8c5d4ffa7,GeneratorSymbol,True,
tests/test_expression.py::test_phase31_2_smash_product_is_distinct_from_composition,tests/test_expression.py,test_phase31_2_smash_product_is_distinct_from_composition,37fb33b8e09d7a18a4184f6062ccee8f76bf4dc356564429b5e8bd489d784eff,37fb33b8e09d7a18a4184f6062ccee8f76bf4dc356564429b5e8bd489d784eff,87f9c9f62830b17d338d0c1b50c251a55923e22051285a1153c31bbb8d2b4917,CompositionHomotopyElementSmashProduct,True,
tests/test_expression.py::test_phase31_7_smash_product_is_not_implicitly_composition,tests/test_expression.py,test_phase31_7_smash_product_is_not_implicitly_composition,37fb33b8e09d7a18a4184f6062ccee8f76bf4dc356564429b5e8bd489d784eff,37fb33b8e09d7a18a4184f6062ccee8f76bf4dc356564429b5e8bd489d784eff,87f9c9f62830b17d338d0c1b50c251a55923e22051285a1153c31bbb8d2b4917,CompositionHomotopyElementSmashProduct,True,
tests/test_inference_rule_pattern.py::test_inference_rule_applicability_searches_available_steps,tests/test_inference_rule_pattern.py,test_inference_rule_applicability_searches_available_steps,e3a5af3d9b88d38b758b86635b4d68406dd4b0c0508db3538b5844acb228fb7a,e3a5af3d9b88d38b758b86635b4d68406dd4b0c0508db3538b5844acb228fb7a,6bd89f51366e29522f7a336ed2fc12478afa480ff164a5085e84fd0e2ae777c1,InferenceRulePremisePatternProofRuleProofStepis_inference_rule_applicable,True,
tests/test_inference_rule_pattern.py::test_inference_rule_applicable_with_multiple_patterns,tests/test_inference_rule_pattern.py,test_inference_rule_applicable_with_multiple_patterns,e3a5af3d9b88d38b758b86635b4d68406dd4b0c0508db3538b5844acb228fb7a,e3a5af3d9b88d38b758b86635b4d68406dd4b0c0508db3538b5844acb228fb7a,6bd89f51366e29522f7a336ed2fc12478afa480ff164a5085e84fd0e2ae777c1,InferenceRulePremisePatternProofRuleProofStepis_inference_rule_applicable,True,
tests/test_map_facts.py::test_phase30_3a_ehp_h_map_is_canonical_generalized_hopf_invariant_map,tests/test_map_facts.py,test_phase30_3a_ehp_h_map_is_canonical_generalized_hopf_invariant_map,d22d52816035841073dc77d5dc19511997a16f11afe4b1c2cdf9c33c2993db18,d22d52816035841073dc77d5dc19511997a16f11afe4b1c2cdf9c33c2993db18,29e5bba0950e876b502345735170ffa12be529fb7e30ceba9970c0db41c760a8,EHP_H_MAPMapSymbol,True,
tests/test_phase45_toda_prop42_sequence.py::test_phase45_2_canonical_h_map_remains_existing_map_symbol,tests/test_phase45_toda_prop42_sequence.py,test_phase45_2_canonical_h_map_remains_existing_map_symbol,d22d52816035841073dc77d5dc19511997a16f11afe4b1c2cdf9c33c2993db18,d22d52816035841073dc77d5dc19511997a16f11afe4b1c2cdf9c33c2993db18,7367ab9257edd47a3698ae28591f186ebaa99d01760d8a7e6a9ee009c1dbea11,EHP_H_MAPMapSymbol,True,
tests/test_phase100_12b_standard_repository_integration.py::test_phase100_12b_standard_integration_has_deterministic_entry_order,tests/test_phase100_12b_standard_repository_integration.py,test_phase100_12b_standard_integration_has_deterministic_entry_order,16b553b80901648ee3fcd5adf4aa23092b1e89e819011e2d052e5691df36c201,16b553b80901648ee3fcd5adf4aa23092b1e89e819011e2d052e5691df36c201,7c7cc049ad8ac351bf28128dd4fc841a40fe908c063a3ef1c10fe8da15baf022,build_standard_production_proof_repository,True,
tests/test_phase109_24_generic_indexed_sigma_proof_scope_integration.py::test_phase109_24_standard_repository_roots_remain_unchanged,tests/test_phase109_24_generic_indexed_sigma_proof_scope_integration.py,test_phase109_24_standard_repository_roots_remain_unchanged,16b553b80901648ee3fcd5adf4aa23092b1e89e819011e2d052e5691df36c201,16b553b80901648ee3fcd5adf4aa23092b1e89e819011e2d052e5691df36c201,7c7cc049ad8ac351bf28128dd4fc841a40fe908c063a3ef1c10fe8da15baf022,build_standard_production_proof_repository,True,
tests/test_phase109_20_sigma10_concrete_specialization.py::test_phase109_20_standard_repository_root_entries_remain_unchanged,tests/test_phase109_20_sigma10_concrete_specialization.py,test_phase109_20_standard_repository_root_entries_remain_unchanged,16b553b80901648ee3fcd5adf4aa23092b1e89e819011e2d052e5691df36c201,16b553b80901648ee3fcd5adf4aa23092b1e89e819011e2d052e5691df36c201,7c7cc049ad8ac351bf28128dd4fc841a40fe908c063a3ef1c10fe8da15baf022,build_standard_production_proof_repository,True,
tests/test_phase109_22_generic_indexed_sigma_specialization.py::test_phase109_22_standard_repository_root_entries_remain_unchanged,tests/test_phase109_22_generic_indexed_sigma_specialization.py,test_phase109_22_standard_repository_root_entries_remain_unchanged,16b553b80901648ee3fcd5adf4aa23092b1e89e819011e2d052e5691df36c201,16b553b80901648ee3fcd5adf4aa23092b1e89e819011e2d052e5691df36c201,7c7cc049ad8ac351bf28128dd4fc841a40fe908c063a3ef1c10fe8da15baf022,build_standard_production_proof_repository,True,
tests/test_phase100_12c2_minimal_cli_integration.py::test_phase100_12c2_cli_not_found_is_explicit_and_nonzero,tests/test_phase100_12c2_minimal_cli_integration.py,test_phase100_12c2_cli_not_found_is_explicit_and_nonzero,1d724a3c42255ee2a11b1dd8dd0b27e5130521fed8da438f5ff6908ef48d4a89,1d724a3c42255ee2a11b1dd8dd0b27e5130521fed8da438f5ff6908ef48d4a89,ce4769b79ad1c730abccbbaca5b7cf91750d85b2348ad300c10668fd4a7374d8,SimpleNamespaceTodaCalculationStatuscli_main,True,
tests/test_phase101_cli_boundary_alias_unknown_regression.py::test_phase101_5_legacy_not_found_exit_code_remains_one,tests/test_phase101_cli_boundary_alias_unknown_regression.py,test_phase101_5_legacy_not_found_exit_code_remains_one,1d724a3c42255ee2a11b1dd8dd0b27e5130521fed8da438f5ff6908ef48d4a89,1d724a3c42255ee2a11b1dd8dd0b27e5130521fed8da438f5ff6908ef48d4a89,ce4769b79ad1c730abccbbaca5b7cf91750d85b2348ad300c10668fd4a7374d8,SimpleNamespaceTodaCalculationStatuscli_main,True,
tests/test_phase100_minimal_generator_resolver.py::test_phase100_3_resolves_plain_family_aliases,tests/test_phase100_minimal_generator_resolver.py,test_phase100_3_resolves_plain_family_aliases,369790541bb6392ef2682d8f815af8e94ce95bdcebf5bb1355cb7827c62bb476,369790541bb6392ef2682d8f815af8e94ce95bdcebf5bb1355cb7827c62bb476,8b917c663cb5db2b37fd48a73a44403dccecd6a379bdfd01aa2c86f6c963b029,GeneratorSymbolpytestresolve_generator_input,True,
tests/test_phase100_minimal_generator_resolver.py::test_phase100_3_resolves_positive_integer_indices,tests/test_phase100_minimal_generator_resolver.py,test_phase100_3_resolves_positive_integer_indices,369790541bb6392ef2682d8f815af8e94ce95bdcebf5bb1355cb7827c62bb476,369790541bb6392ef2682d8f815af8e94ce95bdcebf5bb1355cb7827c62bb476,8b917c663cb5db2b37fd48a73a44403dccecd6a379bdfd01aa2c86f6c963b029,GeneratorSymbolpytestresolve_generator_input,True,
tests/test_phase100_minimal_generator_resolver.py::test_phase100_3_rejects_invalid_index_syntax,tests/test_phase100_minimal_generator_resolver.py,test_phase100_3_rejects_invalid_index_syntax,97853cf2927540a24b21578afc61eee354977929d738f3dba3dbdf9d99abb089,97853cf2927540a24b21578afc61eee354977929d738f3dba3dbdf9d99abb089,1797a3fa320627c4d356abbb96e03a309c8a24b5cedac411a9c0bd49372c7a36,pytestresolve_generator_input,True,
tests/test_phase100_minimal_generator_resolver.py::test_phase100_3_rejects_unsupported_free_form_input,tests/test_phase100_minimal_generator_resolver.py,test_phase100_3_rejects_unsupported_free_form_input,97853cf2927540a24b21578afc61eee354977929d738f3dba3dbdf9d99abb089,97853cf2927540a24b21578afc61eee354977929d738f3dba3dbdf9d99abb089,1797a3fa320627c4d356abbb96e03a309c8a24b5cedac411a9c0bd49372c7a36,pytestresolve_generator_input,True,
tests/test_phase101_production_element_exploration_facade.py::test_phase101_2_reuses_existing_invalid_input_validation,tests/test_phase101_production_element_exploration_facade.py,test_phase101_2_reuses_existing_invalid_input_validation,245f96b16b12e4216349dd410f4ea75bcb6f53b0fdbba7b755e0108919ba594e,245f96b16b12e4216349dd410f4ea75bcb6f53b0fdbba7b755e0108919ba594e,2d4d1317333bc5ff6ff3d2a80c261ad91260d5a5bc069c1c929474c843c0c93e,explore_standard_repository_generator_inputpytest,True,
tests/test_phase101_production_exploration_validation.py::test_phase101_4_invalid_string_input_reuses_resolver_validation,tests/test_phase101_production_exploration_validation.py,test_phase101_4_invalid_string_input_reuses_resolver_validation,245f96b16b12e4216349dd410f4ea75bcb6f53b0fdbba7b755e0108919ba594e,245f96b16b12e4216349dd410f4ea75bcb6f53b0fdbba7b755e0108919ba594e,3fd229220d1a07c3a943ad04b444e0277a1cfa297a9b99d5dc54a42c7f2176fc,explore_standard_repository_generator_inputpytest,True,
tests/test_phase103_6d101_toda_lemma54_nu4_membership_theorem_specific_classification.py::test_phase103_6d101_preserves_other_category_counts,tests/test_phase103_6d101_toda_lemma54_nu4_membership_theorem_specific_classification.py,test_phase103_6d101_preserves_other_category_counts,f6fbd0f32479642ef4e2b982e2326ab5edac8fd67ae94264889868a99d7770df,f6fbd0f32479642ef4e2b982e2326ab5edac8fd67ae94264889868a99d7770df,ee75c8f395beefef4d7b2bd0eb0fe9fb84218273f32cd5b439123eb8f002638f,CounterRuleRelevanceCategory_build_catalog,True,
tests/test_phase103_6d98_toda53_eta3_twice_zero_theorem_specific_classification.py::test_phase103_6d98_preserves_other_category_counts,tests/test_phase103_6d98_toda53_eta3_twice_zero_theorem_specific_classification.py,test_phase103_6d98_preserves_other_category_counts,f6fbd0f32479642ef4e2b982e2326ab5edac8fd67ae94264889868a99d7770df,f6fbd0f32479642ef4e2b982e2326ab5edac8fd67ae94264889868a99d7770df,db45291d75ff0238a2a43017ecbc5d6f589811281c671bd35e115c6f560c96cf,CounterRuleRelevanceCategory_build_catalog,True,
tests/test_phase103_6d106_toda53_nu_prime_lemma52_membership_theorem_specific_classification.py::test_phase103_6d106_preserves_other_category_counts,tests/test_phase103_6d106_toda53_nu_prime_lemma52_membership_theorem_specific_classification.py,test_phase103_6d106_preserves_other_category_counts,f6fbd0f32479642ef4e2b982e2326ab5edac8fd67ae94264889868a99d7770df,f6fbd0f32479642ef4e2b982e2326ab5edac8fd67ae94264889868a99d7770df,d3f6e3ea652a24ebd4a132d76c520286ddb8c38bbd76fb58120d982c355e0d9e,CounterRuleRelevanceCategory_build_catalog,True,
tests/test_phase103_6d101_toda_lemma54_nu4_membership_theorem_specific_classification.py::test_phase103_6d101_catalog_size_and_fixed_point_safety_are_unchanged,tests/test_phase103_6d101_toda_lemma54_nu4_membership_theorem_specific_classification.py,test_phase103_6d101_catalog_size_and_fixed_point_safety_are_unchanged,f941b1d186cb710be4b3a85fee959814164ff28bc0f478bd725a074a6c5b0ad5,f941b1d186cb710be4b3a85fee959814164ff28bc0f478bd725a074a6c5b0ad5,0af9790b505d3278a338721d4d1a40d529d3c728ea2c2d388104955df55f647b,_build_catalog,True,
tests/test_phase103_6d98_toda53_eta3_twice_zero_theorem_specific_classification.py::test_phase103_6d98_catalog_size_and_fixed_point_safety_are_unchanged,tests/test_phase103_6d98_toda53_eta3_twice_zero_theorem_specific_classification.py,test_phase103_6d98_catalog_size_and_fixed_point_safety_are_unchanged,f941b1d186cb710be4b3a85fee959814164ff28bc0f478bd725a074a6c5b0ad5,f941b1d186cb710be4b3a85fee959814164ff28bc0f478bd725a074a6c5b0ad5,77b6a42585310cdeb28a822e853dd2ea17f5e9468db7950a81845fc98498b8f0,_build_catalog,True,
tests/test_phase103_6d106_toda53_nu_prime_lemma52_membership_theorem_specific_classification.py::test_phase103_6d106_catalog_size_and_fixed_point_safety_are_unchanged,tests/test_phase103_6d106_toda53_nu_prime_lemma52_membership_theorem_specific_classification.py,test_phase103_6d106_catalog_size_and_fixed_point_safety_are_unchanged,f941b1d186cb710be4b3a85fee959814164ff28bc0f478bd725a074a6c5b0ad5,f941b1d186cb710be4b3a85fee959814164ff28bc0f478bd725a074a6c5b0ad5,0bb97859e56e509a92482a08f84c23aa748d9944481422ab2e21d18dc466fcdf,_build_catalog,True,
tests/test_phase103_6d108_remaining_strict_self_identifying_nu_prime_grouped_relevance_classification.py::test_phase103_6d108_catalog_size_and_fixed_point_safety_are_unchanged,tests/test_phase103_6d108_remaining_strict_self_identifying_nu_prime_grouped_relevance_classification.py,test_phase103_6d108_catalog_size_and_fixed_point_safety_are_unchanged,f941b1d186cb710be4b3a85fee959814164ff28bc0f478bd725a074a6c5b0ad5,f941b1d186cb710be4b3a85fee959814164ff28bc0f478bd725a074a6c5b0ad5,f361f4b21b954e1ce46fce5d8e88874323e18e395c2a764f9aad4f2775f76e69,_build_catalog,True,
tests/test_phase103_6d35_residual_suspension_injectivity_structural_classification.py::test_phase103_6d35_catalog_size_and_fixed_point_safety_are_unchanged,tests/test_phase103_6d35_residual_suspension_injectivity_structural_classification.py,test_phase103_6d35_catalog_size_and_fixed_point_safety_are_unchanged,f941b1d186cb710be4b3a85fee959814164ff28bc0f478bd725a074a6c5b0ad5,f941b1d186cb710be4b3a85fee959814164ff28bc0f478bd725a074a6c5b0ad5,aee4c0b7db6b046df7ffb04b11f302698595630731e30756dc4145fe39817f86,_build_catalog,True,
tests/test_phase103_6d38_zero_group_exactness_structural_classification.py::test_phase103_6d38_catalog_size_and_fixed_point_safety_are_unchanged,tests/test_phase103_6d38_zero_group_exactness_structural_classification.py,test_phase103_6d38_catalog_size_and_fixed_point_safety_are_unchanged,f941b1d186cb710be4b3a85fee959814164ff28bc0f478bd725a074a6c5b0ad5,f941b1d186cb710be4b3a85fee959814164ff28bc0f478bd725a074a6c5b0ad5,49c81a787e2a7843bde89d2c1323ff94921c072447d16f7601d2aecf28aa1474,_build_catalog,True,
tests/test_phase103_6d41_prop53_dependent_theorem_specific_classification.py::test_phase103_6d41_catalog_size_and_fixed_point_safety_are_unchanged,tests/test_phase103_6d41_prop53_dependent_theorem_specific_classification.py,test_phase103_6d41_catalog_size_and_fixed_point_safety_are_unchanged,f941b1d186cb710be4b3a85fee959814164ff28bc0f478bd725a074a6c5b0ad5,f941b1d186cb710be4b3a85fee959814164ff28bc0f478bd725a074a6c5b0ad5,591f728acd31f29d8cdb7f809ca9304b79f8bdc228ce58a4e85d75132948f6f2,_build_catalog,True,
tests/test_phase103_6d44_prop56_specialization_theorem_specific_classification.py::test_phase103_6d44_catalog_size_and_fixed_point_safety_are_unchanged,tests/test_phase103_6d44_prop56_specialization_theorem_specific_classification.py,test_phase103_6d44_catalog_size_and_fixed_point_safety_are_unchanged,f941b1d186cb710be4b3a85fee959814164ff28bc0f478bd725a074a6c5b0ad5,f941b1d186cb710be4b3a85fee959814164ff28bc0f478bd725a074a6c5b0ad5,0cf86a7afe7e66c6b979e1ac98acfd3875ea37f64026fe0d2300aba4dea5a34c,_build_catalog,True,
tests/test_phase103_6d47_stable_zero_transport_structural_classification.py::test_phase103_6d47_catalog_size_and_fixed_point_safety_are_unchanged,tests/test_phase103_6d47_stable_zero_transport_structural_classification.py,test_phase103_6d47_catalog_size_and_fixed_point_safety_are_unchanged,f941b1d186cb710be4b3a85fee959814164ff28bc0f478bd725a074a6c5b0ad5,f941b1d186cb710be4b3a85fee959814164ff28bc0f478bd725a074a6c5b0ad5,9f26cba6c37a3a9e8806de81e63a245e19c24f16e49c40f3ad160a6d74c10715,_build_catalog,True,
tests/test_phase103_6d50_toda52_finite_cyclic_transport_theorem_specific_classification.py::test_phase103_6d50_catalog_size_and_fixed_point_safety_are_unchanged,tests/test_phase103_6d50_toda52_finite_cyclic_transport_theorem_specific_classification.py,test_phase103_6d50_catalog_size_and_fixed_point_safety_are_unchanged,f941b1d186cb710be4b3a85fee959814164ff28bc0f478bd725a074a6c5b0ad5,f941b1d186cb710be4b3a85fee959814164ff28bc0f478bd725a074a6c5b0ad5,ce764cc0dd6e95f62ba9b3cfae0fe587e8053d17a1b2c1912a757c31255ba690,_build_catalog,True,
tests/test_phase103_6d53_concrete_composition_zero_theorem_specific_classification.py::test_phase103_6d53_catalog_size_and_fixed_point_safety_are_unchanged,tests/test_phase103_6d53_concrete_composition_zero_theorem_specific_classification.py,test_phase103_6d53_catalog_size_and_fixed_point_safety_are_unchanged,f941b1d186cb710be4b3a85fee959814164ff28bc0f478bd725a074a6c5b0ad5,f941b1d186cb710be4b3a85fee959814164ff28bc0f478bd725a074a6c5b0ad5,9bd83eeeb78880ebbf9755827d94d8c08eb47625102630311450a4df4541d11f,_build_catalog,True,
tests/test_phase103_6d56_prop53_finite_cyclic_suspension_transport_theorem_specific_classification.py::test_phase103_6d56_catalog_size_and_fixed_point_safety_are_unchanged,tests/test_phase103_6d56_prop53_finite_cyclic_suspension_transport_theorem_specific_classification.py,test_phase103_6d56_catalog_size_and_fixed_point_safety_are_unchanged,f941b1d186cb710be4b3a85fee959814164ff28bc0f478bd725a074a6c5b0ad5,f941b1d186cb710be4b3a85fee959814164ff28bc0f478bd725a074a6c5b0ad5,6b0bcee8c3628eb76d2bdf3876942574b3f445031d3f098e735b6b61a15d6df1,_build_catalog,True,
tests/test_phase103_6d59_prop53_eta_square_suspension_bridge_classification.py::test_phase103_6d59_catalog_size_and_fixed_point_safety_are_unchanged,tests/test_phase103_6d59_prop53_eta_square_suspension_bridge_classification.py,test_phase103_6d59_catalog_size_and_fixed_point_safety_are_unchanged,f941b1d186cb710be4b3a85fee959814164ff28bc0f478bd725a074a6c5b0ad5,f941b1d186cb710be4b3a85fee959814164ff28bc0f478bd725a074a6c5b0ad5,77ce709338fbcf71fc413c2701b321fa13448911a087b7223c8409149d56ad57,_build_catalog,True,
tests/test_phase103_6d62_lemma54_nu4_construction_consequence_theorem_specific_classification.py::test_phase103_6d62_catalog_size_and_fixed_point_safety_are_unchanged,tests/test_phase103_6d62_lemma54_nu4_construction_consequence_theorem_specific_classification.py,test_phase103_6d62_catalog_size_and_fixed_point_safety_are_unchanged,f941b1d186cb710be4b3a85fee959814164ff28bc0f478bd725a074a6c5b0ad5,f941b1d186cb710be4b3a85fee959814164ff28bc0f478bd725a074a6c5b0ad5,6779de25cf74083d6ddd408918a61002fb2e8e34e9d47332684c28e545007c35,_build_catalog,True,
tests/test_phase103_6d65_prop511_finite_dimensional_nu_squared_transport_theorem_specific_classification.py::test_phase103_6d65_catalog_size_and_fixed_point_safety_are_unchanged,tests/test_phase103_6d65_prop511_finite_dimensional_nu_squared_transport_theorem_specific_classification.py,test_phase103_6d65_catalog_size_and_fixed_point_safety_are_unchanged,f941b1d186cb710be4b3a85fee959814164ff28bc0f478bd725a074a6c5b0ad5,f941b1d186cb710be4b3a85fee959814164ff28bc0f478bd725a074a6c5b0ad5,dfffd890c7f141d54a73db971e09d849357a1388af56f9ccfd90bc14567d3166,_build_catalog,True,
tests/test_phase103_6d68_cross_theorem_stable_range_transport_theorem_specific_classification.py::test_phase103_6d68_catalog_size_and_fixed_point_safety_are_unchanged,tests/test_phase103_6d68_cross_theorem_stable_range_transport_theorem_specific_classification.py,test_phase103_6d68_catalog_size_and_fixed_point_safety_are_unchanged,f941b1d186cb710be4b3a85fee959814164ff28bc0f478bd725a074a6c5b0ad5,f941b1d186cb710be4b3a85fee959814164ff28bc0f478bd725a074a6c5b0ad5,b4b2bcd119187555590730d77f598f24b18bd14e772ada1993f694ae019976de,_build_catalog,True,
tests/test_phase103_6d71_prop51_derived_eta_zero_relation_theorem_specific_classification.py::test_phase103_6d71_catalog_size_and_fixed_point_safety_are_unchanged,tests/test_phase103_6d71_prop51_derived_eta_zero_relation_theorem_specific_classification.py,test_phase103_6d71_catalog_size_and_fixed_point_safety_are_unchanged,f941b1d186cb710be4b3a85fee959814164ff28bc0f478bd725a074a6c5b0ad5,f941b1d186cb710be4b3a85fee959814164ff28bc0f478bd725a074a6c5b0ad5,820935aab0ccc97726754595e3db7b9732473709fa6e1f1cac1ba68ad0649759,_build_catalog,True,
tests/test_phase103_6d73_prop511_pi14_13_eta13_group_identification_theorem_specific_classification.py::test_phase103_6d73_catalog_size_and_fixed_point_safety_are_unchanged,tests/test_phase103_6d73_prop511_pi14_13_eta13_group_identification_theorem_specific_classification.py,test_phase103_6d73_catalog_size_and_fixed_point_safety_are_unchanged,f941b1d186cb710be4b3a85fee959814164ff28bc0f478bd725a074a6c5b0ad5,f941b1d186cb710be4b3a85fee959814164ff28bc0f478bd725a074a6c5b0ad5,3e09567e22a4fc2cf2a19b4d895f105034369cd13b86e785e06a40089c7bcff7,_build_catalog,True,
tests/test_phase103_6d76_prop56_nu_prime_order_four_theorem_specific_classification.py::test_phase103_6d76_catalog_size_and_fixed_point_safety_are_unchanged,tests/test_phase103_6d76_prop56_nu_prime_order_four_theorem_specific_classification.py,test_phase103_6d76_catalog_size_and_fixed_point_safety_are_unchanged,f941b1d186cb710be4b3a85fee959814164ff28bc0f478bd725a074a6c5b0ad5,f941b1d186cb710be4b3a85fee959814164ff28bc0f478bd725a074a6c5b0ad5,5c8cdede145d0387290b94f3f4afe46c87bab595ebdee8a0b104214d45ba9352,_build_catalog,True,
tests/test_phase103_6d79_prop59_delta_eta11_theorem_specific_classification.py::test_phase103_6d79_catalog_size_and_fixed_point_safety_are_unchanged,tests/test_phase103_6d79_prop59_delta_eta11_theorem_specific_classification.py,test_phase103_6d79_catalog_size_and_fixed_point_safety_are_unchanged,f941b1d186cb710be4b3a85fee959814164ff28bc0f478bd725a074a6c5b0ad5,f941b1d186cb710be4b3a85fee959814164ff28bc0f478bd725a074a6c5b0ad5,1b9268b53c4ff803c17ace66ae9f831f7fc10d2e8898b6aedbbeb9525543d95f,_build_catalog,True,
tests/test_phase103_6d82_prop59_delta_eta9_squared_theorem_specific_classification.py::test_phase103_6d82_catalog_size_and_fixed_point_safety_are_unchanged,tests/test_phase103_6d82_prop59_delta_eta9_squared_theorem_specific_classification.py,test_phase103_6d82_catalog_size_and_fixed_point_safety_are_unchanged,f941b1d186cb710be4b3a85fee959814164ff28bc0f478bd725a074a6c5b0ad5,f941b1d186cb710be4b3a85fee959814164ff28bc0f478bd725a074a6c5b0ad5,c537f6b99c0754cf068ee2ea07d114d2b91e27011b19c8702e15df6d9498b87d,_build_catalog,True,
tests/test_phase103_6d85_prop59_e_nu4_eta7_squared_bridge_theorem_specific_classification.py::test_phase103_6d85_catalog_size_and_fixed_point_safety_are_unchanged,tests/test_phase103_6d85_prop59_e_nu4_eta7_squared_bridge_theorem_specific_classification.py,test_phase103_6d85_catalog_size_and_fixed_point_safety_are_unchanged,f941b1d186cb710be4b3a85fee959814164ff28bc0f478bd725a074a6c5b0ad5,f941b1d186cb710be4b3a85fee959814164ff28bc0f478bd725a074a6c5b0ad5,9c8442a8a9297cfa853338dd083a718391d489d530eb0e946378b87196642393,_build_catalog,True,
tests/test_phase103_6d88_prop59_e_nu5_eta8_squared_zero_theorem_specific_classification.py::test_phase103_6d88_catalog_size_and_fixed_point_safety_are_unchanged,tests/test_phase103_6d88_prop59_e_nu5_eta8_squared_zero_theorem_specific_classification.py,test_phase103_6d88_catalog_size_and_fixed_point_safety_are_unchanged,f941b1d186cb710be4b3a85fee959814164ff28bc0f478bd725a074a6c5b0ad5,f941b1d186cb710be4b3a85fee959814164ff28bc0f478bd725a074a6c5b0ad5,54ceeacc978076749b7c2db17b8405add7cdd903a4a9c29b0201ecdc6fae876f,_build_catalog,True,
tests/test_phase103_6d91_prop59_pi7_2_suspension_zero_theorem_specific_classification.py::test_phase103_6d91_catalog_size_and_fixed_point_safety_are_unchanged,tests/test_phase103_6d91_prop59_pi7_2_suspension_zero_theorem_specific_classification.py,test_phase103_6d91_catalog_size_and_fixed_point_safety_are_unchanged,f941b1d186cb710be4b3a85fee959814164ff28bc0f478bd725a074a6c5b0ad5,f941b1d186cb710be4b3a85fee959814164ff28bc0f478bd725a074a6c5b0ad5,bb0a1adda5f7728df1d3051e45ebb0202b6b6f633fca23de133942aa8c911485,_build_catalog,True,
tests/test_phase103_6d94_paired_symbolic_eta_family_generator_bridge_classification.py::test_phase103_6d94_catalog_size_and_fixed_point_safety_are_unchanged,tests/test_phase103_6d94_paired_symbolic_eta_family_generator_bridge_classification.py,test_phase103_6d94_catalog_size_and_fixed_point_safety_are_unchanged,f941b1d186cb710be4b3a85fee959814164ff28bc0f478bd725a074a6c5b0ad5,f941b1d186cb710be4b3a85fee959814164ff28bc0f478bd725a074a6c5b0ad5,a435827205915a6d7082844f17208879a7cafd0860f7c7b02dfcb66c0fc4298d,_build_catalog,True,
tests/test_phase103_6d10_second_wave_classification.py::test_phase103_6d10_catalog_size_and_fixed_point_safety_are_unchanged,tests/test_phase103_6d10_second_wave_classification.py,test_phase103_6d10_catalog_size_and_fixed_point_safety_are_unchanged,2d6714557872fc135537183a1866b72efc764b346e976f2b1327f6f2e66f56a3,2d6714557872fc135537183a1866b72efc764b346e976f2b1327f6f2e66f56a3,e79f1b6a65e723a3ae390f16dda24e93624901edb07cdb30f965534ed1a43a66,build_standard_production_applicability_catalog,True,
tests/test_phase103_6d8_first_wave_classification.py::test_phase103_6d8_catalog_entry_count_and_discovery_safety_are_unchanged,tests/test_phase103_6d8_first_wave_classification.py,test_phase103_6d8_catalog_entry_count_and_discovery_safety_are_unchanged,2d6714557872fc135537183a1866b72efc764b346e976f2b1327f6f2e66f56a3,2d6714557872fc135537183a1866b72efc764b346e976f2b1327f6f2e66f56a3,e79f1b6a65e723a3ae390f16dda24e93624901edb07cdb30f965534ed1a43a66,build_standard_production_applicability_catalog,True,
tests/test_phase103_6d35_residual_suspension_injectivity_structural_classification.py::test_phase103_6d35_preserves_delta_injectivity_closure,tests/test_phase103_6d35_residual_suspension_injectivity_structural_classification.py,test_phase103_6d35_preserves_delta_injectivity_closure,e3cd3c8b60478d16ad6bab76973618c5b4e6823e0e186f304672df0f20ca9211,e3cd3c8b60478d16ad6bab76973618c5b4e6823e0e186f304672df0f20ca9211,1b282e9f915fc9926c1ff53fddabd24619ff82942c79607e3297f5a7a87e31db,CounterRuleRelevanceCategory_build_catalog,True,
tests/test_phase103_6d44_prop56_specialization_theorem_specific_classification.py::test_phase103_6d44_preserves_delta_injectivity_closure,tests/test_phase103_6d44_prop56_specialization_theorem_specific_classification.py,test_phase103_6d44_preserves_delta_injectivity_closure,e3cd3c8b60478d16ad6bab76973618c5b4e6823e0e186f304672df0f20ca9211,e3cd3c8b60478d16ad6bab76973618c5b4e6823e0e186f304672df0f20ca9211,adee54c1192c1ca9aea4454a689f8cf83a9dff91e7393e49e208d4aab9b7f17e,CounterRuleRelevanceCategory_build_catalog,True,
tests/test_phase103_6d38_zero_group_exactness_structural_classification.py::test_phase103_6d38_preserves_delta_injectivity_closure,tests/test_phase103_6d38_zero_group_exactness_structural_classification.py,test_phase103_6d38_preserves_delta_injectivity_closure,e3cd3c8b60478d16ad6bab76973618c5b4e6823e0e186f304672df0f20ca9211,e3cd3c8b60478d16ad6bab76973618c5b4e6823e0e186f304672df0f20ca9211,3a6c590e71e892e02da65f6cc0049a3eff4ec25a9b6f7a93cc83353f7e25f366,CounterRuleRelevanceCategory_build_catalog,True,
tests/test_phase103_6d41_prop53_dependent_theorem_specific_classification.py::test_phase103_6d41_preserves_delta_injectivity_closure,tests/test_phase103_6d41_prop53_dependent_theorem_specific_classification.py,test_phase103_6d41_preserves_delta_injectivity_closure,e3cd3c8b60478d16ad6bab76973618c5b4e6823e0e186f304672df0f20ca9211,e3cd3c8b60478d16ad6bab76973618c5b4e6823e0e186f304672df0f20ca9211,dc5630584f54fdf4b716f965bc77ce4c13351e2958dfb9a97f5c34dd4edb6032,CounterRuleRelevanceCategory_build_catalog,True,
tests/test_phase103_6d41_prop53_dependent_theorem_specific_classification.py::test_phase103_6d41_preserves_6d38_zero_group_exactness_closure,tests/test_phase103_6d41_prop53_dependent_theorem_specific_classification.py,test_phase103_6d41_preserves_6d38_zero_group_exactness_closure,57b4d515f80dd9f474355b132963ab68d84bbbe6c313aa48e53ced1785f21fe9,57b4d515f80dd9f474355b132963ab68d84bbbe6c313aa48e53ced1785f21fe9,facbb3d529ca10e2c0982cf1ecf610099a29319a8ef49889b8bdec45844e9305,RuleRelevanceCategory_build_catalog,True,
tests/test_phase103_6d47_stable_zero_transport_structural_classification.py::test_phase103_6d47_preserves_6d38_zero_group_exactness_closure,tests/test_phase103_6d47_stable_zero_transport_structural_classification.py,test_phase103_6d47_preserves_6d38_zero_group_exactness_closure,57b4d515f80dd9f474355b132963ab68d84bbbe6c313aa48e53ced1785f21fe9,57b4d515f80dd9f474355b132963ab68d84bbbe6c313aa48e53ced1785f21fe9,c92943aae9661f5ed796ac596d219a897915a03ec57278bbcc33901ae46cbec1,RuleRelevanceCategory_build_catalog,True,
tests/test_phase103_6d44_prop56_specialization_theorem_specific_classification.py::test_phase103_6d44_preserves_6d38_zero_group_exactness_closure,tests/test_phase103_6d44_prop56_specialization_theorem_specific_classification.py,test_phase103_6d44_preserves_6d38_zero_group_exactness_closure,57b4d515f80dd9f474355b132963ab68d84bbbe6c313aa48e53ced1785f21fe9,57b4d515f80dd9f474355b132963ab68d84bbbe6c313aa48e53ced1785f21fe9,f3577a535af205f7308acdb27a819ffb9d5d17827ba5e302238c189c154608a1,RuleRelevanceCategory_build_catalog,True,
tests/test_phase103_6d47_stable_zero_transport_structural_classification.py::test_phase103_6d47_preserves_6d44_prop56_specialization_closure,tests/test_phase103_6d47_stable_zero_transport_structural_classification.py,test_phase103_6d47_preserves_6d44_prop56_specialization_closure,884fb2b5c9adfd88a589409e15c9c32871b819e69dc3e8a9e1035cc97351b1cc,884fb2b5c9adfd88a589409e15c9c32871b819e69dc3e8a9e1035cc97351b1cc,c92943aae9661f5ed796ac596d219a897915a03ec57278bbcc33901ae46cbec1,RuleRelevanceCategory_build_catalog,True,
tests/test_phase103_6d50_toda52_finite_cyclic_transport_theorem_specific_classification.py::test_phase103_6d50_preserves_6d44_prop56_specialization_closure,tests/test_phase103_6d50_toda52_finite_cyclic_transport_theorem_specific_classification.py,test_phase103_6d50_preserves_6d44_prop56_specialization_closure,884fb2b5c9adfd88a589409e15c9c32871b819e69dc3e8a9e1035cc97351b1cc,884fb2b5c9adfd88a589409e15c9c32871b819e69dc3e8a9e1035cc97351b1cc,dc438ea3cc8d27c41c47644eab2481be66c226bcc9d361f2a3d47abd975c14bb,RuleRelevanceCategory_build_catalog,True,
tests/test_phase103_6d4_relevance_metadata_propagation.py::test_phase103_6d4_catalog_remains_discovery_only,tests/test_phase103_6d4_relevance_metadata_propagation.py,test_phase103_6d4_catalog_remains_discovery_only,62e8fcd41e8117bccbc7abdc3494566a2510eaac0527c3bae6a9300fa45b0f6e,62e8fcd41e8117bccbc7abdc3494566a2510eaac0527c3bae6a9300fa45b0f6e,6d9bc8daa7d2d1d99be05b6dd526b8f078e06005b72f4cd7aef193a4c43ab86f,build_standard_production_applicability_catalog,True,
tests/test_phase103_standard_applicability_catalog.py::test_phase103_6_standard_catalog_is_discovery_only,tests/test_phase103_standard_applicability_catalog.py,test_phase103_6_standard_catalog_is_discovery_only,62e8fcd41e8117bccbc7abdc3494566a2510eaac0527c3bae6a9300fa45b0f6e,62e8fcd41e8117bccbc7abdc3494566a2510eaac0527c3bae6a9300fa45b0f6e,e79f1b6a65e723a3ae390f16dda24e93624901edb07cdb30f965534ed1a43a66,build_standard_production_applicability_catalog,True,
tests/test_phase103_6d50_toda52_finite_cyclic_transport_theorem_specific_classification.py::test_phase103_6d50_preserves_6d47_stable_zero_transport_closure,tests/test_phase103_6d50_toda52_finite_cyclic_transport_theorem_specific_classification.py,test_phase103_6d50_preserves_6d47_stable_zero_transport_closure,859079e8e7b96546d9515b36dc93e308733b335dfa65f27b342144fc0d0718d0,859079e8e7b96546d9515b36dc93e308733b335dfa65f27b342144fc0d0718d0,dc438ea3cc8d27c41c47644eab2481be66c226bcc9d361f2a3d47abd975c14bb,RuleRelevanceCategory_build_catalog,True,
tests/test_phase103_6d53_concrete_composition_zero_theorem_specific_classification.py::test_phase103_6d53_preserves_6d47_stable_zero_transport_closure,tests/test_phase103_6d53_concrete_composition_zero_theorem_specific_classification.py,test_phase103_6d53_preserves_6d47_stable_zero_transport_closure,859079e8e7b96546d9515b36dc93e308733b335dfa65f27b342144fc0d0718d0,859079e8e7b96546d9515b36dc93e308733b335dfa65f27b342144fc0d0718d0,5b8300f5633f421dfb5b8802bfc07ec2d16f8f9557b605237ce79d579d91a749,RuleRelevanceCategory_build_catalog,True,
tests/test_phase103_6d53_concrete_composition_zero_theorem_specific_classification.py::test_phase103_6d53_preserves_6d50_toda52_transport_closure,tests/test_phase103_6d53_concrete_composition_zero_theorem_specific_classification.py,test_phase103_6d53_preserves_6d50_toda52_transport_closure,e7bf7699f1fed4ccdf30cdee146a7cc04e8aa9e6fdf5cabc79018677b03ab239,e7bf7699f1fed4ccdf30cdee146a7cc04e8aa9e6fdf5cabc79018677b03ab239,5b8300f5633f421dfb5b8802bfc07ec2d16f8f9557b605237ce79d579d91a749,RuleRelevanceCategory_build_catalog,True,
tests/test_phase103_6d56_prop53_finite_cyclic_suspension_transport_theorem_specific_classification.py::test_phase103_6d56_preserves_6d50_toda52_transport_closure,tests/test_phase103_6d56_prop53_finite_cyclic_suspension_transport_theorem_specific_classification.py,test_phase103_6d56_preserves_6d50_toda52_transport_closure,e7bf7699f1fed4ccdf30cdee146a7cc04e8aa9e6fdf5cabc79018677b03ab239,e7bf7699f1fed4ccdf30cdee146a7cc04e8aa9e6fdf5cabc79018677b03ab239,858f0f4103d98ead120735fb4a7264e5759297e8f2a5e599946e9f90bd105f20,RuleRelevanceCategory_build_catalog,True,
tests/test_phase103_6d56_prop53_finite_cyclic_suspension_transport_theorem_specific_classification.py::test_phase103_6d56_preserves_6d53_composition_zero_closure,tests/test_phase103_6d56_prop53_finite_cyclic_suspension_transport_theorem_specific_classification.py,test_phase103_6d56_preserves_6d53_composition_zero_closure,b4a89c43887d8536a1b6cb4f041289d9a563b463154f703d9e7c30a94e6b2231,b4a89c43887d8536a1b6cb4f041289d9a563b463154f703d9e7c30a94e6b2231,858f0f4103d98ead120735fb4a7264e5759297e8f2a5e599946e9f90bd105f20,RuleRelevanceCategory_build_catalog,True,
tests/test_phase103_6d59_prop53_eta_square_suspension_bridge_classification.py::test_phase103_6d59_preserves_6d53_composition_zero_closure,tests/test_phase103_6d59_prop53_eta_square_suspension_bridge_classification.py,test_phase103_6d59_preserves_6d53_composition_zero_closure,b4a89c43887d8536a1b6cb4f041289d9a563b463154f703d9e7c30a94e6b2231,b4a89c43887d8536a1b6cb4f041289d9a563b463154f703d9e7c30a94e6b2231,2dd876cf2a414ff68ca305577fb09f5d2fdb1921d9471a6844c665e65d5c9670,RuleRelevanceCategory_build_catalog,True,
tests/test_phase103_6d59_prop53_eta_square_suspension_bridge_classification.py::test_phase103_6d59_preserves_6d56_prop53_transport_closure,tests/test_phase103_6d59_prop53_eta_square_suspension_bridge_classification.py,test_phase103_6d59_preserves_6d56_prop53_transport_closure,d46e27acbe6b04cb56fd6666f5da811f0b79ff40e460edc70306af6bd9168725,d46e27acbe6b04cb56fd6666f5da811f0b79ff40e460edc70306af6bd9168725,2dd876cf2a414ff68ca305577fb09f5d2fdb1921d9471a6844c665e65d5c9670,RuleRelevanceCategory_build_catalog,True,
tests/test_phase103_6d62_lemma54_nu4_construction_consequence_theorem_specific_classification.py::test_phase103_6d62_preserves_6d56_prop53_transport_closure,tests/test_phase103_6d62_lemma54_nu4_construction_consequence_theorem_specific_classification.py,test_phase103_6d62_preserves_6d56_prop53_transport_closure,d46e27acbe6b04cb56fd6666f5da811f0b79ff40e460edc70306af6bd9168725,d46e27acbe6b04cb56fd6666f5da811f0b79ff40e460edc70306af6bd9168725,132fa74092d6540b48d74fcfd456805218a6dbddf1a294761cb0fc6cb0a529d4,RuleRelevanceCategory_build_catalog,True,
tests/test_phase103_6d62_lemma54_nu4_construction_consequence_theorem_specific_classification.py::test_phase103_6d62_preserves_6d59_eta_square_bridge_closure,tests/test_phase103_6d62_lemma54_nu4_construction_consequence_theorem_specific_classification.py,test_phase103_6d62_preserves_6d59_eta_square_bridge_closure,8542edfdd582ec8b317b0a8d2c8bc4adc828f1353601ccc805fdc2311f252341,8542edfdd582ec8b317b0a8d2c8bc4adc828f1353601ccc805fdc2311f252341,132fa74092d6540b48d74fcfd456805218a6dbddf1a294761cb0fc6cb0a529d4,RuleRelevanceCategory_build_catalog,True,
tests/test_phase103_6d65_prop511_finite_dimensional_nu_squared_transport_theorem_specific_classification.py::test_phase103_6d65_preserves_6d59_eta_square_bridge_closure,tests/test_phase103_6d65_prop511_finite_dimensional_nu_squared_transport_theorem_specific_classification.py,test_phase103_6d65_preserves_6d59_eta_square_bridge_closure,8542edfdd582ec8b317b0a8d2c8bc4adc828f1353601ccc805fdc2311f252341,8542edfdd582ec8b317b0a8d2c8bc4adc828f1353601ccc805fdc2311f252341,18087a956fec4438b71908fa96e9f0bf23de8616ed31e7f1a7725b43d522fee4,RuleRelevanceCategory_build_catalog,True,
tests/test_phase103_6d65_prop511_finite_dimensional_nu_squared_transport_theorem_specific_classification.py::test_phase103_6d65_preserves_6d62_lemma54_nu4_consequence_closure,tests/test_phase103_6d65_prop511_finite_dimensional_nu_squared_transport_theorem_specific_classification.py,test_phase103_6d65_preserves_6d62_lemma54_nu4_consequence_closure,e2ff97c678b54a7379e807a0914361222e0e17ef611c1672c1fb080a6dee5f6e,e2ff97c678b54a7379e807a0914361222e0e17ef611c1672c1fb080a6dee5f6e,18087a956fec4438b71908fa96e9f0bf23de8616ed31e7f1a7725b43d522fee4,RuleRelevanceCategory_build_catalog,True,
tests/test_phase103_6d68_cross_theorem_stable_range_transport_theorem_specific_classification.py::test_phase103_6d68_preserves_6d62_lemma54_nu4_consequence_closure,tests/test_phase103_6d68_cross_theorem_stable_range_transport_theorem_specific_classification.py,test_phase103_6d68_preserves_6d62_lemma54_nu4_consequence_closure,e2ff97c678b54a7379e807a0914361222e0e17ef611c1672c1fb080a6dee5f6e,e2ff97c678b54a7379e807a0914361222e0e17ef611c1672c1fb080a6dee5f6e,a7dfca9ad5a2673c90e6ba89aa43cbdc4151ffb0c46411400e9bbcc173a59b59,RuleRelevanceCategory_build_catalog,True,
tests/test_phase103_6d71_prop51_derived_eta_zero_relation_theorem_specific_classification.py::test_phase103_6d71_preserves_6d68_stable_range_transport_closure,tests/test_phase103_6d71_prop51_derived_eta_zero_relation_theorem_specific_classification.py,test_phase103_6d71_preserves_6d68_stable_range_transport_closure,d97f129eda69c4e87144c9801bc502c5f22903f0d037f9598f0b8ab4a514fff6,d97f129eda69c4e87144c9801bc502c5f22903f0d037f9598f0b8ab4a514fff6,da934fdbf9dd431a271f95a984846bd8c41e9d6cf4ad9dd242fae35c5ff7256d,RuleRelevanceCategory_build_catalog,True,
tests/test_phase103_6d73_prop511_pi14_13_eta13_group_identification_theorem_specific_classification.py::test_phase103_6d73_preserves_6d68_stable_range_transport_closure,tests/test_phase103_6d73_prop511_pi14_13_eta13_group_identification_theorem_specific_classification.py,test_phase103_6d73_preserves_6d68_stable_range_transport_closure,d97f129eda69c4e87144c9801bc502c5f22903f0d037f9598f0b8ab4a514fff6,d97f129eda69c4e87144c9801bc502c5f22903f0d037f9598f0b8ab4a514fff6,832c246306185a0a0600df01d72fca0a86cb53739cecf6d30b9b029382aba0bb,RuleRelevanceCategory_build_catalog,True,
tests/test_phase103_6d76_prop56_nu_prime_order_four_theorem_specific_classification.py::test_phase103_6d76_preserves_structural_and_map_property_counts,tests/test_phase103_6d76_prop56_nu_prime_order_four_theorem_specific_classification.py,test_phase103_6d76_preserves_structural_and_map_property_counts,958481033b99be7c206404c70b1393a49599b9ea4b3e8b2e6e90e27997133090,958481033b99be7c206404c70b1393a49599b9ea4b3e8b2e6e90e27997133090,6c1381e8aaabf5e98cb4efd673901e74d0b1aabae60a17f89d4adff80f67859f,CounterRuleRelevanceCategory_build_catalog,True,
tests/test_phase103_6d91_prop59_pi7_2_suspension_zero_theorem_specific_classification.py::test_phase103_6d91_preserves_structural_and_map_property_counts,tests/test_phase103_6d91_prop59_pi7_2_suspension_zero_theorem_specific_classification.py,test_phase103_6d91_preserves_structural_and_map_property_counts,958481033b99be7c206404c70b1393a49599b9ea4b3e8b2e6e90e27997133090,958481033b99be7c206404c70b1393a49599b9ea4b3e8b2e6e90e27997133090,7467a388d2642e9925f961f32c9df079bda12bd2f8aa48784f567f3946772357,CounterRuleRelevanceCategory_build_catalog,True,
tests/test_phase103_6d79_prop59_delta_eta11_theorem_specific_classification.py::test_phase103_6d79_preserves_structural_and_map_property_counts,tests/test_phase103_6d79_prop59_delta_eta11_theorem_specific_classification.py,test_phase103_6d79_preserves_structural_and_map_property_counts,958481033b99be7c206404c70b1393a49599b9ea4b3e8b2e6e90e27997133090,958481033b99be7c206404c70b1393a49599b9ea4b3e8b2e6e90e27997133090,a3b35cae7244e4deac938d6cce77f58d70088ecf9f3688f82c31079c25f84157,CounterRuleRelevanceCategory_build_catalog,True,
tests/test_phase103_6d82_prop59_delta_eta9_squared_theorem_specific_classification.py::test_phase103_6d82_preserves_structural_and_map_property_counts,tests/test_phase103_6d82_prop59_delta_eta9_squared_theorem_specific_classification.py,test_phase103_6d82_preserves_structural_and_map_property_counts,958481033b99be7c206404c70b1393a49599b9ea4b3e8b2e6e90e27997133090,958481033b99be7c206404c70b1393a49599b9ea4b3e8b2e6e90e27997133090,19d12452a0ef5aa54f2b92c0b497562393c75dceafe1fb92c2600a80bb21d7a9,CounterRuleRelevanceCategory_build_catalog,True,
tests/test_phase103_6d85_prop59_e_nu4_eta7_squared_bridge_theorem_specific_classification.py::test_phase103_6d85_preserves_structural_and_map_property_counts,tests/test_phase103_6d85_prop59_e_nu4_eta7_squared_bridge_theorem_specific_classification.py,test_phase103_6d85_preserves_structural_and_map_property_counts,958481033b99be7c206404c70b1393a49599b9ea4b3e8b2e6e90e27997133090,958481033b99be7c206404c70b1393a49599b9ea4b3e8b2e6e90e27997133090,84fae5bdd8f208481682dace6ed210f048f728d68ab3459555e300b58277923c,CounterRuleRelevanceCategory_build_catalog,True,
tests/test_phase103_6d88_prop59_e_nu5_eta8_squared_zero_theorem_specific_classification.py::test_phase103_6d88_preserves_structural_and_map_property_counts,tests/test_phase103_6d88_prop59_e_nu5_eta8_squared_zero_theorem_specific_classification.py,test_phase103_6d88_preserves_structural_and_map_property_counts,958481033b99be7c206404c70b1393a49599b9ea4b3e8b2e6e90e27997133090,958481033b99be7c206404c70b1393a49599b9ea4b3e8b2e6e90e27997133090,a9ea0ea93bbced1342e10433ec133dd14f686a0dac04b8c6e09bb20f497be3f1,CounterRuleRelevanceCategory_build_catalog,True,
tests/test_phase109_12_nu5_proof_derived_ambient_fallback.py::test_phase109_12_sigma7_remains_out_of_stable_sigma_specialization_scope,tests/test_phase109_12_nu5_proof_derived_ambient_fallback.py,test_phase109_12_sigma7_remains_out_of_stable_sigma_specialization_scope,ec3f4f1ed7c9d6ca1f1c8e55ecf5dcae69315a3f2efc0d585c46ffe443b5ca9f,ec3f4f1ed7c9d6ca1f1c8e55ecf5dcae69315a3f2efc0d585c46ffe443b5ca9f,f07578db19ba962124cc2a20fb221ff9bd4044ce178b836d0c095aedb000ff20,GENERATOR_FACT_REPOSITORYGeneratorSymbolfind_standard_repository_generator_known_group_identity_nodes,True,
tests/test_phase109_18_sigma9_indexed_finite_cyclic_fallback.py::test_phase109_18_sigma7_remains_below_stable_symbolic_specialization_boundary,tests/test_phase109_18_sigma9_indexed_finite_cyclic_fallback.py,test_phase109_18_sigma7_remains_below_stable_symbolic_specialization_boundary,ec3f4f1ed7c9d6ca1f1c8e55ecf5dcae69315a3f2efc0d585c46ffe443b5ca9f,ec3f4f1ed7c9d6ca1f1c8e55ecf5dcae69315a3f2efc0d585c46ffe443b5ca9f,f07578db19ba962124cc2a20fb221ff9bd4044ce178b836d0c095aedb000ff20,GENERATOR_FACT_REPOSITORYGeneratorSymbolfind_standard_repository_generator_known_group_identity_nodes,True,
tests/test_phase109_14_decorated_sigma_finite_cyclic_fallback.py::test_phase109_14_sigma7_stable_specialization_boundary_remains_unsupported,tests/test_phase109_14_decorated_sigma_finite_cyclic_fallback.py,test_phase109_14_sigma7_stable_specialization_boundary_remains_unsupported,ec3f4f1ed7c9d6ca1f1c8e55ecf5dcae69315a3f2efc0d585c46ffe443b5ca9f,ec3f4f1ed7c9d6ca1f1c8e55ecf5dcae69315a3f2efc0d585c46ffe443b5ca9f,f07578db19ba962124cc2a20fb221ff9bd4044ce178b836d0c095aedb000ff20,GENERATOR_FACT_REPOSITORYGeneratorSymbolfind_standard_repository_generator_known_group_identity_nodes,True,
tests/test_phase109_16_sigma8_direct_sum_fallback.py::test_phase109_16_sigma7_stable_specialization_remains_unsupported,tests/test_phase109_16_sigma8_direct_sum_fallback.py,test_phase109_16_sigma7_stable_specialization_remains_unsupported,ec3f4f1ed7c9d6ca1f1c8e55ecf5dcae69315a3f2efc0d585c46ffe443b5ca9f,ec3f4f1ed7c9d6ca1f1c8e55ecf5dcae69315a3f2efc0d585c46ffe443b5ca9f,5c64082ae28d17b3fbaa9ac4c184c7c2ff5753a71dd16b721406f0a12c7bf434,GENERATOR_FACT_REPOSITORYGeneratorSymbolfind_standard_repository_generator_known_group_identity_nodes,True,
tests/test_phase109_14_decorated_sigma_finite_cyclic_fallback.py::test_phase109_14_sigma_prime_does_not_select_pi15_8_suspended_occurrence,tests/test_phase109_14_decorated_sigma_finite_cyclic_fallback.py,test_phase109_14_sigma_prime_does_not_select_pi15_8_suspended_occurrence,3f38ce0523d0eb91cc8b0413078f2c9c5ff72ab98793e220c90ff6a9d578de9f,3f38ce0523d0eb91cc8b0413078f2c9c5ff72ab98793e220c90ff6a9d578de9f,1b849aceeb4e577325d96cc2056ec5ed553646179803f2c2ef1a9c09ef3289d2,SIGMA_PRIMETodaPrimaryGroupfind_standard_repository_generator_known_group_identity_nodes,True,
tests/test_phase109_16_sigma8_direct_sum_fallback.py::test_phase109_16_sigma_prime_still_selects_pi14_7_not_pi15_8,tests/test_phase109_16_sigma8_direct_sum_fallback.py,test_phase109_16_sigma_prime_still_selects_pi14_7_not_pi15_8,3f38ce0523d0eb91cc8b0413078f2c9c5ff72ab98793e220c90ff6a9d578de9f,3f38ce0523d0eb91cc8b0413078f2c9c5ff72ab98793e220c90ff6a9d578de9f,d1d581f666a21dbd060e2d4ecc0609f3047a435608cff6d2923fe91cc5b6b677,SIGMA_PRIMETodaPrimaryGroupfind_standard_repository_generator_known_group_identity_nodes,True,
tests/test_phase109_14_decorated_sigma_finite_cyclic_fallback.py::test_phase109_14_nu5_phase109_12_fallback_still_works,tests/test_phase109_14_decorated_sigma_finite_cyclic_fallback.py,test_phase109_14_nu5_phase109_12_fallback_still_works,5efd1814887984e11ebf88dbff5408dcde300165b0db53efdec2ba2f22da042a,5efd1814887984e11ebf88dbff5408dcde300165b0db53efdec2ba2f22da042a,6a43a1b62d03940ab270b03a85d858a34009b09a59178b84534c77e6bdbac69b,GeneratorSymbolTodaPrimaryGroupfind_standard_repository_generator_known_group_identity_nodes,True,
tests/test_phase109_18_sigma9_indexed_finite_cyclic_fallback.py::test_phase109_18_nu5_fallback_still_works,tests/test_phase109_18_sigma9_indexed_finite_cyclic_fallback.py,test_phase109_18_nu5_fallback_still_works,5efd1814887984e11ebf88dbff5408dcde300165b0db53efdec2ba2f22da042a,5efd1814887984e11ebf88dbff5408dcde300165b0db53efdec2ba2f22da042a,6a43a1b62d03940ab270b03a85d858a34009b09a59178b84534c77e6bdbac69b,GeneratorSymbolTodaPrimaryGroupfind_standard_repository_generator_known_group_identity_nodes,True,
tests/test_phase109_16_sigma8_direct_sum_fallback.py::test_phase109_16_nu5_finite_cyclic_fallback_still_works,tests/test_phase109_16_sigma8_direct_sum_fallback.py,test_phase109_16_nu5_finite_cyclic_fallback_still_works,5efd1814887984e11ebf88dbff5408dcde300165b0db53efdec2ba2f22da042a,5efd1814887984e11ebf88dbff5408dcde300165b0db53efdec2ba2f22da042a,6f31891c8c529bda4f784e287ebe0875ed0b8e5559d3f8b428d846239c8600be,GeneratorSymbolTodaPrimaryGroupfind_standard_repository_generator_known_group_identity_nodes,True,
tests/test_phase110_10_operation_query_proof_replay_cli.py::test_phase110_10_existing_query_command_is_unchanged,tests/test_phase110_10_operation_query_proof_replay_cli.py,test_phase110_10_existing_query_command_is_unchanged,8bf50c3b77adb8fab7a48871441f3dd163f3139fe75d86d9f358c27a7a282892,8bf50c3b77adb8fab7a48871441f3dd163f3139fe75d86d9f358c27a7a282892,d9d4ccd2075bbb9830db2d9a7d4881a89e24c0cecbe8a2d1283e66cbdbaf68e4,SimpleNamespacecli_main,True,
tests/test_phase110_6_operation_query_cli_integration.py::test_phase110_6_query_not_found_is_exit_one,tests/test_phase110_6_operation_query_cli_integration.py,test_phase110_6_query_not_found_is_exit_one,8bf50c3b77adb8fab7a48871441f3dd163f3139fe75d86d9f358c27a7a282892,8bf50c3b77adb8fab7a48871441f3dd163f3139fe75d86d9f358c27a7a282892,d9d4ccd2075bbb9830db2d9a7d4881a89e24c0cecbe8a2d1283e66cbdbaf68e4,SimpleNamespacecli_main,True,
tests/test_phase114_3_nu5_operation_query_handoff.py::test_phase114_4_direct_h_fact_still_has_priority,tests/test_phase114_3_nu5_operation_query_handoff.py,test_phase114_4_direct_h_fact_still_has_priority,0c2ad03696538778b81b63575e40cd4ce1d936a74aa199658a66bb41c1cfc58c,0c2ad03696538778b81b63575e40cd4ce1d936a74aa199658a66bb41c1cfc58c,fe46a10d27a1728b02d3116e79fe7ad65fee6d74fb9555608f582a9b6e7ba02b,_assert_facade_preserves_direct_result,True,
tests/test_phase115_sigma11_operation_query_handoff.py::test_phase115_4_existing_direct_fact_still_has_priority,tests/test_phase115_sigma11_operation_query_handoff.py,test_phase115_4_existing_direct_fact_still_has_priority,0c2ad03696538778b81b63575e40cd4ce1d936a74aa199658a66bb41c1cfc58c,0c2ad03696538778b81b63575e40cd4ce1d936a74aa199658a66bb41c1cfc58c,fe46a10d27a1728b02d3116e79fe7ad65fee6d74fb9555608f582a9b6e7ba02b,_assert_facade_preserves_direct_result,True,
tests/test_phase117_web_app.py::test_phase117_1_post_sigma11_query_exposes_latex_to_katex,tests/test_phase117_web_app.py,test_phase117_1_post_sigma11_query_exposes_latex_to_katex,a5dc8f3257d7996437010e718d430829ab31cc3e56b9dc7eec859c5fb02ab77d,a5dc8f3257d7996437010e718d430829ab31cc3e56b9dc7eec859c5fb02ab77d,466155fb62d1bda0c0c7ba6fec0ce1b5ef9170eb6cb76267c3b1e361650b3f3c,_build_test_client,True,
tests/test_phase118_web_app.py::test_phase118_2_existing_group_query_remains_available,tests/test_phase118_web_app.py,test_phase118_2_existing_group_query_remains_available,a5dc8f3257d7996437010e718d430829ab31cc3e56b9dc7eec859c5fb02ab77d,a5dc8f3257d7996437010e718d430829ab31cc3e56b9dc7eec859c5fb02ab77d,466155fb62d1bda0c0c7ba6fec0ce1b5ef9170eb6cb76267c3b1e361650b3f3c,_build_test_client,True,
tests/test_phase133_7_group_proof_narrative_labels.py::test_phase144_6_supersedes_legacy_pi6_3_narrative_contract,tests/test_phase133_7_group_proof_narrative_labels.py,test_phase144_6_supersedes_legacy_pi6_3_narrative_contract,75550598c88662ecfdc0a878f53a18bc2d4be62c00fd2e64ba201818355cf732,75550598c88662ecfdc0a878f53a18bc2d4be62c00fd2e64ba201818355cf732,5268652bd20d6b513ef928c1a5b5a589fda72de026b470b2056be9d643c0a1f4,_phase144_6_pi6_3_renderings,True,
tests/test_phase136_2_pi6_3_narrative_structure.py::test_phase144_6_supersedes_legacy_pi6_3_narrative_contract,tests/test_phase136_2_pi6_3_narrative_structure.py,test_phase144_6_supersedes_legacy_pi6_3_narrative_contract,75550598c88662ecfdc0a878f53a18bc2d4be62c00fd2e64ba201818355cf732,75550598c88662ecfdc0a878f53a18bc2d4be62c00fd2e64ba201818355cf732,5268652bd20d6b513ef928c1a5b5a589fda72de026b470b2056be9d643c0a1f4,_phase144_6_pi6_3_renderings,True,
tests/test_phase134_3_pi6_3_numbered_narrative.py::test_phase144_6_supersedes_legacy_pi6_3_narrative_contract,tests/test_phase134_3_pi6_3_numbered_narrative.py,test_phase144_6_supersedes_legacy_pi6_3_narrative_contract,75550598c88662ecfdc0a878f53a18bc2d4be62c00fd2e64ba201818355cf732,75550598c88662ecfdc0a878f53a18bc2d4be62c00fd2e64ba201818355cf732,5268652bd20d6b513ef928c1a5b5a589fda72de026b470b2056be9d643c0a1f4,_phase144_6_pi6_3_renderings,True,
tests/test_phase134_5_pi6_3_reference_fact_split.py::test_phase144_6_supersedes_legacy_pi6_3_narrative_contract,tests/test_phase134_5_pi6_3_reference_fact_split.py,test_phase144_6_supersedes_legacy_pi6_3_narrative_contract,75550598c88662ecfdc0a878f53a18bc2d4be62c00fd2e64ba201818355cf732,75550598c88662ecfdc0a878f53a18bc2d4be62c00fd2e64ba201818355cf732,5268652bd20d6b513ef928c1a5b5a589fda72de026b470b2056be9d643c0a1f4,_phase144_6_pi6_3_renderings,True,
tests/test_phase134_6_pi6_3_mathbook_narrative.py::test_phase144_6_supersedes_legacy_pi6_3_narrative_contract,tests/test_phase134_6_pi6_3_mathbook_narrative.py,test_phase144_6_supersedes_legacy_pi6_3_narrative_contract,75550598c88662ecfdc0a878f53a18bc2d4be62c00fd2e64ba201818355cf732,75550598c88662ecfdc0a878f53a18bc2d4be62c00fd2e64ba201818355cf732,5268652bd20d6b513ef928c1a5b5a589fda72de026b470b2056be9d643c0a1f4,_phase144_6_pi6_3_renderings,True,
tests/test_phase134_7_pi6_3_final_narrative.py::test_phase144_6_supersedes_legacy_pi6_3_narrative_contract,tests/test_phase134_7_pi6_3_final_narrative.py,test_phase144_6_supersedes_legacy_pi6_3_narrative_contract,75550598c88662ecfdc0a878f53a18bc2d4be62c00fd2e64ba201818355cf732,75550598c88662ecfdc0a878f53a18bc2d4be62c00fd2e64ba201818355cf732,5268652bd20d6b513ef928c1a5b5a589fda72de026b470b2056be9d643c0a1f4,_phase144_6_pi6_3_renderings,True,
tests/test_phase134_9_pi6_3_snapshot.py::test_phase144_6_supersedes_legacy_pi6_3_narrative_contract,tests/test_phase134_9_pi6_3_snapshot.py,test_phase144_6_supersedes_legacy_pi6_3_narrative_contract,75550598c88662ecfdc0a878f53a18bc2d4be62c00fd2e64ba201818355cf732,75550598c88662ecfdc0a878f53a18bc2d4be62c00fd2e64ba201818355cf732,5268652bd20d6b513ef928c1a5b5a589fda72de026b470b2056be9d643c0a1f4,_phase144_6_pi6_3_renderings,True,
tests/test_phase136_1_pi6_3_narrative_prose.py::test_phase144_6_supersedes_legacy_pi6_3_narrative_contract,tests/test_phase136_1_pi6_3_narrative_prose.py,test_phase144_6_supersedes_legacy_pi6_3_narrative_contract,75550598c88662ecfdc0a878f53a18bc2d4be62c00fd2e64ba201818355cf732,75550598c88662ecfdc0a878f53a18bc2d4be62c00fd2e64ba201818355cf732,5268652bd20d6b513ef928c1a5b5a589fda72de026b470b2056be9d643c0a1f4,_phase144_6_pi6_3_renderings,True,
tests/test_phase133_7_group_proof_narrative_labels.py::test_phase144_6_pi6_3_generic_route_preserves_target,tests/test_phase133_7_group_proof_narrative_labels.py,test_phase144_6_pi6_3_generic_route_preserves_target,cd73f0ea7486b13f3c6dcfec8cb6af167e45141959e96501df84dbcbc4b514ad,cd73f0ea7486b13f3c6dcfec8cb6af167e45141959e96501df84dbcbc4b514ad,5268652bd20d6b513ef928c1a5b5a589fda72de026b470b2056be9d643c0a1f4,_phase144_6_pi6_3_renderings,True,
tests/test_phase136_2_pi6_3_narrative_structure.py::test_phase144_6_pi6_3_generic_route_preserves_target,tests/test_phase136_2_pi6_3_narrative_structure.py,test_phase144_6_pi6_3_generic_route_preserves_target,cd73f0ea7486b13f3c6dcfec8cb6af167e45141959e96501df84dbcbc4b514ad,cd73f0ea7486b13f3c6dcfec8cb6af167e45141959e96501df84dbcbc4b514ad,5268652bd20d6b513ef928c1a5b5a589fda72de026b470b2056be9d643c0a1f4,_phase144_6_pi6_3_renderings,True,
tests/test_phase134_3_pi6_3_numbered_narrative.py::test_phase144_6_pi6_3_generic_route_preserves_target,tests/test_phase134_3_pi6_3_numbered_narrative.py,test_phase144_6_pi6_3_generic_route_preserves_target,cd73f0ea7486b13f3c6dcfec8cb6af167e45141959e96501df84dbcbc4b514ad,cd73f0ea7486b13f3c6dcfec8cb6af167e45141959e96501df84dbcbc4b514ad,5268652bd20d6b513ef928c1a5b5a589fda72de026b470b2056be9d643c0a1f4,_phase144_6_pi6_3_renderings,True,
tests/test_phase134_5_pi6_3_reference_fact_split.py::test_phase144_6_pi6_3_generic_route_preserves_target,tests/test_phase134_5_pi6_3_reference_fact_split.py,test_phase144_6_pi6_3_generic_route_preserves_target,cd73f0ea7486b13f3c6dcfec8cb6af167e45141959e96501df84dbcbc4b514ad,cd73f0ea7486b13f3c6dcfec8cb6af167e45141959e96501df84dbcbc4b514ad,5268652bd20d6b513ef928c1a5b5a589fda72de026b470b2056be9d643c0a1f4,_phase144_6_pi6_3_renderings,True,
tests/test_phase134_6_pi6_3_mathbook_narrative.py::test_phase144_6_pi6_3_generic_route_preserves_target,tests/test_phase134_6_pi6_3_mathbook_narrative.py,test_phase144_6_pi6_3_generic_route_preserves_target,cd73f0ea7486b13f3c6dcfec8cb6af167e45141959e96501df84dbcbc4b514ad,cd73f0ea7486b13f3c6dcfec8cb6af167e45141959e96501df84dbcbc4b514ad,5268652bd20d6b513ef928c1a5b5a589fda72de026b470b2056be9d643c0a1f4,_phase144_6_pi6_3_renderings,True,
tests/test_phase134_7_pi6_3_final_narrative.py::test_phase144_6_pi6_3_generic_route_preserves_target,tests/test_phase134_7_pi6_3_final_narrative.py,test_phase144_6_pi6_3_generic_route_preserves_target,cd73f0ea7486b13f3c6dcfec8cb6af167e45141959e96501df84dbcbc4b514ad,cd73f0ea7486b13f3c6dcfec8cb6af167e45141959e96501df84dbcbc4b514ad,5268652bd20d6b513ef928c1a5b5a589fda72de026b470b2056be9d643c0a1f4,_phase144_6_pi6_3_renderings,True,
tests/test_phase134_9_pi6_3_snapshot.py::test_phase144_6_pi6_3_generic_route_preserves_target,tests/test_phase134_9_pi6_3_snapshot.py,test_phase144_6_pi6_3_generic_route_preserves_target,cd73f0ea7486b13f3c6dcfec8cb6af167e45141959e96501df84dbcbc4b514ad,cd73f0ea7486b13f3c6dcfec8cb6af167e45141959e96501df84dbcbc4b514ad,5268652bd20d6b513ef928c1a5b5a589fda72de026b470b2056be9d643c0a1f4,_phase144_6_pi6_3_renderings,True,
tests/test_phase136_1_pi6_3_narrative_prose.py::test_phase144_6_pi6_3_generic_route_preserves_target,tests/test_phase136_1_pi6_3_narrative_prose.py,test_phase144_6_pi6_3_generic_route_preserves_target,cd73f0ea7486b13f3c6dcfec8cb6af167e45141959e96501df84dbcbc4b514ad,cd73f0ea7486b13f3c6dcfec8cb6af167e45141959e96501df84dbcbc4b514ad,5268652bd20d6b513ef928c1a5b5a589fda72de026b470b2056be9d643c0a1f4,_phase144_6_pi6_3_renderings,True,
tests/test_phase134_11_pi8_5_narrative.py::test_phase134_11_pi8_5_has_two_references_in_use_order,tests/test_phase134_11_pi8_5_narrative.py,test_phase134_11_pi8_5_has_two_references_in_use_order,af2d2ba5ab626ad90408d4d9507de949c529786f5ae3edc7ea8d547ad7581e51,af2d2ba5ab626ad90408d4d9507de949c529786f5ae3edc7ea8d547ad7581e51,b4568cb164c52510756bf301a53b771263315d7abf5c9b690bea4d883ccd497f,_render_pi8_5,True,
tests/test_phase134_11_testfix_v3.py::test_phase134_11_testfix_v3_keeps_reference_order,tests/test_phase134_11_testfix_v3.py,test_phase134_11_testfix_v3_keeps_reference_order,af2d2ba5ab626ad90408d4d9507de949c529786f5ae3edc7ea8d547ad7581e51,af2d2ba5ab626ad90408d4d9507de949c529786f5ae3edc7ea8d547ad7581e51,b4568cb164c52510756bf301a53b771263315d7abf5c9b690bea4d883ccd497f,_render_pi8_5,True,
tests/test_phase134_16_presentation_catalog.py::test_phase134_16_reference_candidate_catalog_contains_existing_types,tests/test_phase134_16_presentation_catalog.py,test_phase134_16_reference_candidate_catalog_contains_existing_types,ebcd34d0209ce0619d78f7e576b7854a27387f786b854de12d11bb7f4a316ca6,ebcd34d0209ce0619d78f7e576b7854a27387f786b854de12d11bb7f4a316ca6,ac57b3449f4b1b64e12a3eec7714d900511a4012e427bb0405d59f7064eb68c1,REFERENCE_CANDIDATE_STATEMENT_TYPESToda52CompositionIsomorphismStatementToda55NuFamilyFiniteDimensionalStatementToda56Nu4DecompositionStatementTodaProp44IsomorphismStatementTodaProp51FiniteDimensionalStatement,True,
tests/test_phase141_9_catalog_compatibility.py::test_phase141_9_reference_candidate_catalog_remains_backward_compatible,tests/test_phase141_9_catalog_compatibility.py,test_phase141_9_reference_candidate_catalog_remains_backward_compatible,ebcd34d0209ce0619d78f7e576b7854a27387f786b854de12d11bb7f4a316ca6,ebcd34d0209ce0619d78f7e576b7854a27387f786b854de12d11bb7f4a316ca6,efb6ff4538760e811656d696d145624b624273af3485a611b79f5642291f7b5a,REFERENCE_CANDIDATE_STATEMENT_TYPESToda52CompositionIsomorphismStatementToda55NuFamilyFiniteDimensionalStatementToda56Nu4DecompositionStatementTodaProp44IsomorphismStatementTodaProp51FiniteDimensionalStatement,True,
tests/test_phase143_12_fix2_order_subject.py::test_phase143_12_fix2_pi6_3_order_subject_uses_local_calculation,tests/test_phase143_12_fix2_order_subject.py,test_phase143_12_fix2_pi6_3_order_subject_uses_local_calculation,a03fcaf83bebda9fe4b1c8c4d016713c857cd28ffb40a7c76c65d0ddef604e91,a03fcaf83bebda9fe4b1c8c4d016713c857cd28ffb40a7c76c65d0ddef604e91,c5feeb5f2a6dd722a481507b4f31dd1d1564779bd785db2caa551cb9ca555af3,TodaGroupProofNarrativeArgumentRole_argumentsextract_toda_group_proof_narrative_argument_purpose_subject,True,
tests/test_phase143_12_purpose_subject.py::test_phase143_12_pi6_3_order_subject_is_nu_prime,tests/test_phase143_12_purpose_subject.py,test_phase143_12_pi6_3_order_subject_is_nu_prime,a03fcaf83bebda9fe4b1c8c4d016713c857cd28ffb40a7c76c65d0ddef604e91,a03fcaf83bebda9fe4b1c8c4d016713c857cd28ffb40a7c76c65d0ddef604e91,b878fe079aeea3d96a6805720dd896771c1ca60d03410d59f980b867d0c2c83b,TodaGroupProofNarrativeArgumentRole_argumentsextract_toda_group_proof_narrative_argument_purpose_subject,True,
tests/test_phase143_12_fix2b_order_subject.py::test_phase143_12_fix2b_pi6_3_order_subject_uses_local_calculation,tests/test_phase143_12_fix2b_order_subject.py,test_phase143_12_fix2b_pi6_3_order_subject_uses_local_calculation,a03fcaf83bebda9fe4b1c8c4d016713c857cd28ffb40a7c76c65d0ddef604e91,a03fcaf83bebda9fe4b1c8c4d016713c857cd28ffb40a7c76c65d0ddef604e91,c5feeb5f2a6dd722a481507b4f31dd1d1564779bd785db2caa551cb9ca555af3,TodaGroupProofNarrativeArgumentRole_argumentsextract_toda_group_proof_narrative_argument_purpose_subject,True,
tests/test_phase143_12_fix2_order_subject.py::test_phase143_12_fix2_pi8_5_order_subjects_are_unambiguous,tests/test_phase143_12_fix2_order_subject.py,test_phase143_12_fix2_pi8_5_order_subjects_are_unambiguous,845ddad70bfada61eb82698258416b883357512e20f7844e43681f3f30e35ca3,845ddad70bfada61eb82698258416b883357512e20f7844e43681f3f30e35ca3,c5feeb5f2a6dd722a481507b4f31dd1d1564779bd785db2caa551cb9ca555af3,TodaGroupProofNarrativeArgumentRole_argumentsextract_toda_group_proof_narrative_argument_purpose_subject,True,
tests/test_phase143_12_fix2c_order_subject.py::test_phase143_12_fix2c_pi8_5_order_subjects_remain_resolved,tests/test_phase143_12_fix2c_order_subject.py,test_phase143_12_fix2c_pi8_5_order_subjects_remain_resolved,845ddad70bfada61eb82698258416b883357512e20f7844e43681f3f30e35ca3,845ddad70bfada61eb82698258416b883357512e20f7844e43681f3f30e35ca3,c5feeb5f2a6dd722a481507b4f31dd1d1564779bd785db2caa551cb9ca555af3,TodaGroupProofNarrativeArgumentRole_argumentsextract_toda_group_proof_narrative_argument_purpose_subject,True,
tests/test_phase143_12_fix2b_order_subject.py::test_phase143_12_fix2b_pi8_5_order_subjects_are_unambiguous,tests/test_phase143_12_fix2b_order_subject.py,test_phase143_12_fix2b_pi8_5_order_subjects_are_unambiguous,845ddad70bfada61eb82698258416b883357512e20f7844e43681f3f30e35ca3,845ddad70bfada61eb82698258416b883357512e20f7844e43681f3f30e35ca3,c5feeb5f2a6dd722a481507b4f31dd1d1564779bd785db2caa551cb9ca555af3,TodaGroupProofNarrativeArgumentRole_argumentsextract_toda_group_proof_narrative_argument_purpose_subject,True,
tests/test_phase143_1_generic_proof_order.py::test_phase143_1_generic_order_has_no_pi6_specific_hardcoding,tests/test_phase143_1_generic_proof_order.py,test_phase143_1_generic_order_has_no_pi6_specific_hardcoding,8fd7b4999f073473c2bf3eab1c9f0c917c915ca052132269a19e938420dd812e,8fd7b4999f073473c2bf3eab1c9f0c917c915ca052132269a19e938420dd812e,92aefe4824294c0adfee32357e6bf93eb8d8c8069c01788b5c3961d7656fc91b,generic_rendererinspect,True,
tests/test_phase143_1b_semantic_proof_order.py::test_phase143_1b_generic_order_has_no_pi6_specific_hardcoding,tests/test_phase143_1b_semantic_proof_order.py,test_phase143_1b_generic_order_has_no_pi6_specific_hardcoding,8fd7b4999f073473c2bf3eab1c9f0c917c915ca052132269a19e938420dd812e,8fd7b4999f073473c2bf3eab1c9f0c917c915ca052132269a19e938420dd812e,92aefe4824294c0adfee32357e6bf93eb8d8c8069c01788b5c3961d7656fc91b,generic_rendererinspect,True,
tests/test_phase143_30_exactness_method_transition.py::test_phase143_30_pi6_3_order_renders_exactness_transition,tests/test_phase143_30_exactness_method_transition.py,test_phase143_30_pi6_3_order_renders_exactness_transition,3f4215d34ffd709335ff3678ff0fb4573c861abc1cd1d98580f19b27c281c041,3f4215d34ffd709335ff3678ff0fb4573c861abc1cd1d98580f19b27c281c041,01f7336b156556e179423f792d0009a6c9fb2c4c4e087a2e9cfc9aafaca2ebe8,TodaGroupProofNarrativeArgumentRole_transition_data,True,
tests/test_phase154_r6_2_repair1_missing_shared_sources.py::test_phase154_r6_2_repair1_exactness_transition_uses_ascii_comma,tests/test_phase154_r6_2_repair1_missing_shared_sources.py,test_phase154_r6_2_repair1_exactness_transition_uses_ascii_comma,3f4215d34ffd709335ff3678ff0fb4573c861abc1cd1d98580f19b27c281c041,3f4215d34ffd709335ff3678ff0fb4573c861abc1cd1d98580f19b27c281c041,30149d115968eb84b82f5fb952f60a60294ccc2f18d842bcd3fd847823958c51,TodaGroupProofNarrativeArgumentRole_transition_data,True,
tests/test_phase143_53b_r_conclusion_aware_connector.py::test_phase143_53b_r_pi15_8_connector_still_precedes_target,tests/test_phase143_53b_r_conclusion_aware_connector.py,test_phase143_53b_r_pi15_8_connector_still_precedes_target,2144b4b808b736df3f032fc47949dd3ad1e48532281d3acc689727bd07e0c0d1,2144b4b808b736df3f032fc47949dd3ad1e48532281d3acc689727bd07e0c0d1,a14dc6859c3a20a122fe923a3f3750a1fdb12b2808c76ab8e9bdd3eeb8d33815,_render,True,
tests/test_phase143_61b_r_semantic_suppression_priority.py::test_phase143_61b_r_keeps_pi15_8_final_conclusion,tests/test_phase143_61b_r_semantic_suppression_priority.py,test_phase143_61b_r_keeps_pi15_8_final_conclusion,2144b4b808b736df3f032fc47949dd3ad1e48532281d3acc689727bd07e0c0d1,2144b4b808b736df3f032fc47949dd3ad1e48532281d3acc689727bd07e0c0d1,a14dc6859c3a20a122fe923a3f3750a1fdb12b2808c76ab8e9bdd3eeb8d33815,_render,True,
tests/test_phase143_53b_transition_connectors.py::test_phase143_53b_pi15_8_aggregate_derivation_connects_target,tests/test_phase143_53b_transition_connectors.py,test_phase143_53b_pi15_8_aggregate_derivation_connects_target,2144b4b808b736df3f032fc47949dd3ad1e48532281d3acc689727bd07e0c0d1,2144b4b808b736df3f032fc47949dd3ad1e48532281d3acc689727bd07e0c0d1,a14dc6859c3a20a122fe923a3f3750a1fdb12b2808c76ab8e9bdd3eeb8d33815,_render,True,
tests/test_phase143_55b_conclusion_step_ordering.py::test_phase143_55b_pi15_8_target_connector_remains_correct,tests/test_phase143_55b_conclusion_step_ordering.py,test_phase143_55b_pi15_8_target_connector_remains_correct,2144b4b808b736df3f032fc47949dd3ad1e48532281d3acc689727bd07e0c0d1,2144b4b808b736df3f032fc47949dd3ad1e48532281d3acc689727bd07e0c0d1,a14dc6859c3a20a122fe923a3f3750a1fdb12b2808c76ab8e9bdd3eeb8d33815,_render,True,
tests/test_phase143_59b_group_structure_duplicate_suppression.py::test_phase143_59b_pi15_8_keeps_final_group_conclusion,tests/test_phase143_59b_group_structure_duplicate_suppression.py,test_phase143_59b_pi15_8_keeps_final_group_conclusion,2144b4b808b736df3f032fc47949dd3ad1e48532281d3acc689727bd07e0c0d1,2144b4b808b736df3f032fc47949dd3ad1e48532281d3acc689727bd07e0c0d1,a14dc6859c3a20a122fe923a3f3750a1fdb12b2808c76ab8e9bdd3eeb8d33815,_render,True,
tests/test_phase143_53b_r_conclusion_aware_connector.py::test_phase143_53b_r_pi16_9_support_definition_stays_unconnected,tests/test_phase143_53b_r_conclusion_aware_connector.py,test_phase143_53b_r_pi16_9_support_definition_stays_unconnected,534dddc23441addb46708ffe2d1424422a73b394d1754b100b1adcd4049c2d73,205e18ca47212c236c4b346504ddeb94edce425d6927f055f19349915ba042a8,a14dc6859c3a20a122fe923a3f3750a1fdb12b2808c76ab8e9bdd3eeb8d33815,_render,True,
tests/test_phase143_55b_conclusion_step_ordering.py::test_phase143_55b_sigma9_definition_still_has_no_derivation_connector,tests/test_phase143_55b_conclusion_step_ordering.py,test_phase143_55b_sigma9_definition_still_has_no_derivation_connector,534dddc23441addb46708ffe2d1424422a73b394d1754b100b1adcd4049c2d73,205e18ca47212c236c4b346504ddeb94edce425d6927f055f19349915ba042a8,a14dc6859c3a20a122fe923a3f3750a1fdb12b2808c76ab8e9bdd3eeb8d33815,_render,True,
tests/test_phase143_53b_transition_connectors.py::test_phase143_53b_pi16_9_definition_support_has_no_connector,tests/test_phase143_53b_transition_connectors.py,test_phase143_53b_pi16_9_definition_support_has_no_connector,534dddc23441addb46708ffe2d1424422a73b394d1754b100b1adcd4049c2d73,205e18ca47212c236c4b346504ddeb94edce425d6927f055f19349915ba042a8,a14dc6859c3a20a122fe923a3f3750a1fdb12b2808c76ab8e9bdd3eeb8d33815,_render,True,
tests/test_phase143_53b_r_conclusion_aware_connector.py::test_phase143_53b_r_pi16_9_connector_still_precedes_target,tests/test_phase143_53b_r_conclusion_aware_connector.py,test_phase143_53b_r_pi16_9_connector_still_precedes_target,a067710943366b1f2d0feda649ab0ac404e151699dcc9b230f86b7e23952b08a,a067710943366b1f2d0feda649ab0ac404e151699dcc9b230f86b7e23952b08a,a14dc6859c3a20a122fe923a3f3750a1fdb12b2808c76ab8e9bdd3eeb8d33815,_render,True,
tests/test_phase143_61b_direct_premise_narrative.py::test_phase143_61b_pi16_9_final_conclusion_remains,tests/test_phase143_61b_direct_premise_narrative.py,test_phase143_61b_pi16_9_final_conclusion_remains,a067710943366b1f2d0feda649ab0ac404e151699dcc9b230f86b7e23952b08a,a067710943366b1f2d0feda649ab0ac404e151699dcc9b230f86b7e23952b08a,a14dc6859c3a20a122fe923a3f3750a1fdb12b2808c76ab8e9bdd3eeb8d33815,_render,True,
tests/test_phase143_53b_transition_connectors.py::test_phase143_53b_pi16_9_derivation_connects_target,tests/test_phase143_53b_transition_connectors.py,test_phase143_53b_pi16_9_derivation_connects_target,a067710943366b1f2d0feda649ab0ac404e151699dcc9b230f86b7e23952b08a,a067710943366b1f2d0feda649ab0ac404e151699dcc9b230f86b7e23952b08a,a14dc6859c3a20a122fe923a3f3750a1fdb12b2808c76ab8e9bdd3eeb8d33815,_render,True,
tests/test_phase143_55b_conclusion_step_ordering.py::test_phase143_55b_pi16_9_target_connector_remains_correct,tests/test_phase143_55b_conclusion_step_ordering.py,test_phase143_55b_pi16_9_target_connector_remains_correct,a067710943366b1f2d0feda649ab0ac404e151699dcc9b230f86b7e23952b08a,a067710943366b1f2d0feda649ab0ac404e151699dcc9b230f86b7e23952b08a,a14dc6859c3a20a122fe923a3f3750a1fdb12b2808c76ab8e9bdd3eeb8d33815,_render,True,
tests/test_phase143_53b_transition_connectors.py::test_phase143_53b_pi6_3_derivation_connects_order_and_target,tests/test_phase143_53b_transition_connectors.py,test_phase143_53b_pi6_3_derivation_connects_order_and_target,e8ccbf14e59df0a6d1a48c30c9dbf80892f634a1c40fb8313a3cba4713a2cee7,e8ccbf14e59df0a6d1a48c30c9dbf80892f634a1c40fb8313a3cba4713a2cee7,a14dc6859c3a20a122fe923a3f3750a1fdb12b2808c76ab8e9bdd3eeb8d33815,_render,True,
tests/test_phase143_57c_step_derivation_connector.py::test_phase143_57c_argument_level_connector_remains_separate,tests/test_phase143_57c_step_derivation_connector.py,test_phase143_57c_argument_level_connector_remains_separate,e8ccbf14e59df0a6d1a48c30c9dbf80892f634a1c40fb8313a3cba4713a2cee7,e8ccbf14e59df0a6d1a48c30c9dbf80892f634a1c40fb8313a3cba4713a2cee7,a14dc6859c3a20a122fe923a3f3750a1fdb12b2808c76ab8e9bdd3eeb8d33815,_render,True,
tests/test_phase143_59b_group_structure_duplicate_suppression.py::test_phase143_59b_pi15_8_keeps_transported_semantic_decomposition,tests/test_phase143_59b_group_structure_duplicate_suppression.py,test_phase143_59b_pi15_8_keeps_transported_semantic_decomposition,14f6347fa1e75e693fc35fb0b9573e6a468f3a0c3297c5d06d672057f94511e1,14f6347fa1e75e693fc35fb0b9573e6a468f3a0c3297c5d06d672057f94511e1,a14dc6859c3a20a122fe923a3f3750a1fdb12b2808c76ab8e9bdd3eeb8d33815,_render,True,
tests/test_phase143_61b_r_semantic_suppression_priority.py::test_phase143_61b_r_semantic_aggregate_survives_relocation,tests/test_phase143_61b_r_semantic_suppression_priority.py,test_phase143_61b_r_semantic_aggregate_survives_relocation,14f6347fa1e75e693fc35fb0b9573e6a468f3a0c3297c5d06d672057f94511e1,14f6347fa1e75e693fc35fb0b9573e6a468f3a0c3297c5d06d672057f94511e1,a14dc6859c3a20a122fe923a3f3750a1fdb12b2808c76ab8e9bdd3eeb8d33815,_render,True,
tests/test_phase143_61b_r_semantic_suppression_priority.py::test_phase143_61b_r_keeps_pi8_5_relocated_direct_premise,tests/test_phase143_61b_r_semantic_suppression_priority.py,test_phase143_61b_r_keeps_pi8_5_relocated_direct_premise,c95b04dc52e99cd07c60220c3ab821b6c2b99cbb8684e4cbd0d9a2ed6160fa8f,c95b04dc52e99cd07c60220c3ab821b6c2b99cbb8684e4cbd0d9a2ed6160fa8f,a14dc6859c3a20a122fe923a3f3750a1fdb12b2808c76ab8e9bdd3eeb8d33815,_render,True,
tests/test_phase143_63a_residual_fallback_provenance.py::test_phase143_63a_pi8_5_direct_premise_placement_remains,tests/test_phase143_63a_residual_fallback_provenance.py,test_phase143_63a_pi8_5_direct_premise_placement_remains,c95b04dc52e99cd07c60220c3ab821b6c2b99cbb8684e4cbd0d9a2ed6160fa8f,c95b04dc52e99cd07c60220c3ab821b6c2b99cbb8684e4cbd0d9a2ed6160fa8f,a14dc6859c3a20a122fe923a3f3750a1fdb12b2808c76ab8e9bdd3eeb8d33815,_render,True,
tests/test_phase143_63a_r_exactness_repair.py::test_phase143_63a_r_pi8_5_direct_premise_placement_remains,tests/test_phase143_63a_r_exactness_repair.py,test_phase143_63a_r_pi8_5_direct_premise_placement_remains,c95b04dc52e99cd07c60220c3ab821b6c2b99cbb8684e4cbd0d9a2ed6160fa8f,c95b04dc52e99cd07c60220c3ab821b6c2b99cbb8684e4cbd0d9a2ed6160fa8f,a14dc6859c3a20a122fe923a3f3750a1fdb12b2808c76ab8e9bdd3eeb8d33815,_render,True,
tests/test_phase144_6_r5_15u_evidence_integration.py::test_phase144_6_r5_15u_resolves_all_edge_local_visible_contributions,tests/test_phase144_6_r5_15u_evidence_integration.py,test_phase144_6_r5_15u_resolves_all_edge_local_visible_contributions,1657f2ba6fe4b5aa6e278f71443a1a53e2e8a9fd63f358fda5142c0b99388494,1657f2ba6fe4b5aa6e278f71443a1a53e2e8a9fd63f358fda5142c0b99388494,fffdaa710f2f3ca2c9cc7aab75b436543956d348c56b49bac7cea40610a06e07,TARGETS_context_edge_local_visible_unresolved_count,True,
tests/test_phase144_6_r5_15u_r1_evidence_integration.py::test_phase144_6_r5_15u_r1_resolves_all_edge_local_visible_contributions,tests/test_phase144_6_r5_15u_r1_evidence_integration.py,test_phase144_6_r5_15u_r1_resolves_all_edge_local_visible_contributions,1657f2ba6fe4b5aa6e278f71443a1a53e2e8a9fd63f358fda5142c0b99388494,1657f2ba6fe4b5aa6e278f71443a1a53e2e8a9fd63f358fda5142c0b99388494,fffdaa710f2f3ca2c9cc7aab75b436543956d348c56b49bac7cea40610a06e07,TARGETS_context_edge_local_visible_unresolved_count,True,
tests/test_phase144_6_r5_17a_proof_chain_selection_audit.py::test_phase144_6_r5_17a_pi6_3_has_three_argument_chain_roots,tests/test_phase144_6_r5_17a_proof_chain_selection_audit.py,test_phase144_6_r5_17a_pi6_3_has_three_argument_chain_roots,089a5b07ec7429fe1f956bc5d049d3f4cac401d3f0361b64864380a5b710f613,089a5b07ec7429fe1f956bc5d049d3f4cac401d3f0361b64864380a5b710f613,b204a25f69e93ba5a275c0350ddcdc06bd5555beb48e9d710d1ca6373a79337c,audit_pi6_3,True,
tests/test_phase144_6_r5_17b_generic_proof_chain_types.py::test_phase144_6_r5_17b_extracts_three_argument_chain_sets,tests/test_phase144_6_r5_17b_generic_proof_chain_types.py,test_phase144_6_r5_17b_extracts_three_argument_chain_sets,089a5b07ec7429fe1f956bc5d049d3f4cac401d3f0361b64864380a5b710f613,089a5b07ec7429fe1f956bc5d049d3f4cac401d3f0361b64864380a5b710f613,8470dee4d414dc3c3c0b38c4fe2f4a6667b6b48e6ed725001f525364644f16ed,audit_pi6_3,True,
tests/test_phase144_6_r5_17a_r2_argument_support_edge_integration.py::test_phase144_6_r5_17a_r2_preserves_three_pi6_3_arguments,tests/test_phase144_6_r5_17a_r2_argument_support_edge_integration.py,test_phase144_6_r5_17a_r2_preserves_three_pi6_3_arguments,089a5b07ec7429fe1f956bc5d049d3f4cac401d3f0361b64864380a5b710f613,089a5b07ec7429fe1f956bc5d049d3f4cac401d3f0361b64864380a5b710f613,0f18e43c0f5878daa1ab083eca5282d174979863d1c7bf96eb0c33f34c40a950,audit_pi6_3,True,
tests/test_phase144_6_r5_17a_r3_support_edge_correspondence.py::test_phase144_6_r5_17a_r3_preserves_three_pi6_3_arguments,tests/test_phase144_6_r5_17a_r3_support_edge_correspondence.py,test_phase144_6_r5_17a_r3_preserves_three_pi6_3_arguments,089a5b07ec7429fe1f956bc5d049d3f4cac401d3f0361b64864380a5b710f613,089a5b07ec7429fe1f956bc5d049d3f4cac401d3f0361b64864380a5b710f613,12c7aab1a93357d0a3f3d2ca3c25bd2c7bdd1a4fc3eaaca3e912956c3a1553c2,audit_pi6_3,True,
tests/test_phase144_6_r5_39_explanatory_contribution_narrative_necessity_audit.py::test_phase144_6_r5_39_contribution_groups_share_occurrence_identity_space,tests/test_phase144_6_r5_39_explanatory_contribution_narrative_necessity_audit.py,test_phase144_6_r5_39_contribution_groups_share_occurrence_identity_space,ab67c4e94ac09af4079ab666dbd62944fa37c54668bade93f5b5d4ab13db5750,ab67c4e94ac09af4079ab666dbd62944fa37c54668bade93f5b5d4ab13db5750,5575da25d8793604dba9a35003a3cd74258f41f28ddb1fcadee4a354436610b8,explanatory_contribution_groupsnarrative_necessity_rows,True,
tests/test_phase144_6_r5_39_explanatory_contribution_narrative_necessity_audit.py::test_phase144_6_r5_39_inventory_matches_phase38_contribution_count,tests/test_phase144_6_r5_39_explanatory_contribution_narrative_necessity_audit.py,test_phase144_6_r5_39_inventory_matches_phase38_contribution_count,ab67c4e94ac09af4079ab666dbd62944fa37c54668bade93f5b5d4ab13db5750,ab67c4e94ac09af4079ab666dbd62944fa37c54668bade93f5b5d4ab13db5750,5575da25d8793604dba9a35003a3cd74258f41f28ddb1fcadee4a354436610b8,explanatory_contribution_groupsnarrative_necessity_rows,True,
tests/test_phase144_6_r5_41_contribution_topological_order_determinism_audit.py::test_phase144_6_r5_41_pi6_five_contributions_are_unique_chain,tests/test_phase144_6_r5_41_contribution_topological_order_determinism_audit.py,test_phase144_6_r5_41_pi6_five_contributions_are_unique_chain,2551496c680a57a67fa980c0386bb8b3577b3d85ec0c807e50114714ac761643,2551496c680a57a67fa980c0386bb8b3577b3d85ec0c807e50114714ac761643,672364597ebae682ae9f4e44fb9d9e2636485e7becc171347fc95c6058de5441,topological_order_audit,True,
tests/test_phase144_6_r5_41_contribution_topological_order_determinism_audit.py::test_phase144_6_r5_41_pi6_order_has_five_distinct_keys,tests/test_phase144_6_r5_41_contribution_topological_order_determinism_audit.py,test_phase144_6_r5_41_pi6_order_has_five_distinct_keys,2551496c680a57a67fa980c0386bb8b3577b3d85ec0c807e50114714ac761643,2551496c680a57a67fa980c0386bb8b3577b3d85ec0c807e50114714ac761643,672364597ebae682ae9f4e44fb9d9e2636485e7becc171347fc95c6058de5441,topological_order_audit,True,
tests/test_phase144_6_r5_43_10_transport_chain_compression_production.py::test_phase144_6_r5_43_10_has_no_pi6_specific_branch,tests/test_phase144_6_r5_43_10_transport_chain_compression_production.py,test_phase144_6_r5_43_10_has_no_pi6_specific_branch,f2850ab966b6c7370fdcbd852984443c682edc173a273f673080e7e330010893,f2850ab966b6c7370fdcbd852984443c682edc173a273f673080e7e330010893,e3b0c44298fc1c149afbf4c8996fb92427ae41e4649b934ca495991b7852b855,,True,
tests/test_phase144_6_r5_43_generic_renderer_contribution_connection.py::test_phase144_6_r5_43_has_no_pi6_specific_branch,tests/test_phase144_6_r5_43_generic_renderer_contribution_connection.py,test_phase144_6_r5_43_has_no_pi6_specific_branch,f2850ab966b6c7370fdcbd852984443c682edc173a273f673080e7e330010893,f2850ab966b6c7370fdcbd852984443c682edc173a273f673080e7e330010893,e3b0c44298fc1c149afbf4c8996fb92427ae41e4649b934ca495991b7852b855,,True,
tests/test_phase144_6_r5_43_2_placement_aware_contribution_insertion.py::test_phase144_6_r5_43_2_has_no_pi6_specific_branch,tests/test_phase144_6_r5_43_2_placement_aware_contribution_insertion.py,test_phase144_6_r5_43_2_has_no_pi6_specific_branch,f2850ab966b6c7370fdcbd852984443c682edc173a273f673080e7e330010893,f2850ab966b6c7370fdcbd852984443c682edc173a273f673080e7e330010893,e3b0c44298fc1c149afbf4c8996fb92427ae41e4649b934ca495991b7852b855,,True,
tests/test_phase144_6_r5_43_4_dependency_aware_contribution_connector.py::test_phase144_6_r5_43_4_has_no_pi6_specific_branch,tests/test_phase144_6_r5_43_4_dependency_aware_contribution_connector.py,test_phase144_6_r5_43_4_has_no_pi6_specific_branch,f2850ab966b6c7370fdcbd852984443c682edc173a273f673080e7e330010893,f2850ab966b6c7370fdcbd852984443c682edc173a273f673080e7e330010893,e3b0c44298fc1c149afbf4c8996fb92427ae41e4649b934ca495991b7852b855,,True,
tests/test_phase144_6_r5_43_11c_non_detached_fallback_placement_repair.py::test_phase144_6_r5_43_11c_connects_all_non_detached_selected_contributions,tests/test_phase144_6_r5_43_11c_non_detached_fallback_placement_repair.py,test_phase144_6_r5_43_11c_connects_all_non_detached_selected_contributions,f5302ef607207d7511e414ba70d6f682c5dd3865c34508bca874872681a7120a,f5302ef607207d7511e414ba70d6f682c5dd3865c34508bca874872681a7120a,b96f46a69256d80ffc07e435643ae6a75762c382ab726ebc15c94877adf8058a,TodaGroupProofNarrativeArgumentDiscourseRoleinventory,True,
tests/test_phase144_6_r5_43_11c_r2_argument_participation_guard.py::test_phase144_6_r5_43_11c_r2_all_non_detached_contributions_are_insertable,tests/test_phase144_6_r5_43_11c_r2_argument_participation_guard.py,test_phase144_6_r5_43_11c_r2_all_non_detached_contributions_are_insertable,f5302ef607207d7511e414ba70d6f682c5dd3865c34508bca874872681a7120a,f5302ef607207d7511e414ba70d6f682c5dd3865c34508bca874872681a7120a,b96f46a69256d80ffc07e435643ae6a75762c382ab726ebc15c94877adf8058a,TodaGroupProofNarrativeArgumentDiscourseRoleinventory,True,
tests/test_phase144_6_r5_43_11c_non_detached_fallback_placement_repair.py::test_phase144_6_r5_43_11c_keeps_detached_contributions_uninserted,tests/test_phase144_6_r5_43_11c_non_detached_fallback_placement_repair.py,test_phase144_6_r5_43_11c_keeps_detached_contributions_uninserted,136326f2e8083d593fa37e7237cdd078f461d85de86599821faf382f2bf1f659,136326f2e8083d593fa37e7237cdd078f461d85de86599821faf382f2bf1f659,b96f46a69256d80ffc07e435643ae6a75762c382ab726ebc15c94877adf8058a,TodaGroupProofNarrativeArgumentDiscourseRoleinventory,True,
tests/test_phase144_6_r5_43_11c_r2_argument_participation_guard.py::test_phase144_6_r5_43_11c_r2_shared_provider_does_not_reactivate_detached_argument,tests/test_phase144_6_r5_43_11c_r2_argument_participation_guard.py,test_phase144_6_r5_43_11c_r2_shared_provider_does_not_reactivate_detached_argument,136326f2e8083d593fa37e7237cdd078f461d85de86599821faf382f2bf1f659,136326f2e8083d593fa37e7237cdd078f461d85de86599821faf382f2bf1f659,b96f46a69256d80ffc07e435643ae6a75762c382ab726ebc15c94877adf8058a,TodaGroupProofNarrativeArgumentDiscourseRoleinventory,True,
tests/test_phase148_rc2_3_exactness_exposure.py::test_phase148_rc2_3_pi6_3_keeps_derived_short_exact_sequence,tests/test_phase148_rc2_3_exactness_exposure.py,test_phase148_rc2_3_pi6_3_keeps_derived_short_exact_sequence,b25c339882aef284c871b2ba6c3361b7e29b7f7c2d0c02700b537f1949661368,b25c339882aef284c871b2ba6c3361b7e29b7f7c2d0c02700b537f1949661368,a14dc6859c3a20a122fe923a3f3750a1fdb12b2808c76ab8e9bdd3eeb8d33815,_render,True,
tests/test_phase148_rc2_3_repair_r1.py::test_phase148_rc2_3_repair_r1_pi6_3_keeps_owned_short_exact_sequence,tests/test_phase148_rc2_3_repair_r1.py,test_phase148_rc2_3_repair_r1_pi6_3_keeps_owned_short_exact_sequence,b25c339882aef284c871b2ba6c3361b7e29b7f7c2d0c02700b537f1949661368,b25c339882aef284c871b2ba6c3361b7e29b7f7c2d0c02700b537f1949661368,a14dc6859c3a20a122fe923a3f3750a1fdb12b2808c76ab8e9bdd3eeb8d33815,_render,True,
tests/test_phase148_rc2_3_exactness_exposure.py::test_phase148_rc2_3_pi10_4_hides_unowned_recursive_exactness_windows,tests/test_phase148_rc2_3_exactness_exposure.py,test_phase148_rc2_3_pi10_4_hides_unowned_recursive_exactness_windows,67e001034a71ce2eee25c0fd83056a47a749f5927e04f4b2cf77622a3fc2044f,67e001034a71ce2eee25c0fd83056a47a749f5927e04f4b2cf77622a3fc2044f,a14dc6859c3a20a122fe923a3f3750a1fdb12b2808c76ab8e9bdd3eeb8d33815,_render,True,
tests/test_phase148_rc2_3_repair_r1.py::test_phase148_rc2_3_repair_r1_pi10_4_closes_relocation_bypass,tests/test_phase148_rc2_3_repair_r1.py,test_phase148_rc2_3_repair_r1_pi10_4_closes_relocation_bypass,67e001034a71ce2eee25c0fd83056a47a749f5927e04f4b2cf77622a3fc2044f,67e001034a71ce2eee25c0fd83056a47a749f5927e04f4b2cf77622a3fc2044f,a14dc6859c3a20a122fe923a3f3750a1fdb12b2808c76ab8e9bdd3eeb8d33815,_render,True,
tests/test_phase148_rc2_3_exactness_exposure.py::test_phase148_rc2_3_pi16_9_hides_unowned_recursive_exactness_window,tests/test_phase148_rc2_3_exactness_exposure.py,test_phase148_rc2_3_pi16_9_hides_unowned_recursive_exactness_window,b20b885addbee592654626d5d90ea0c1c8f06104b2ada83b3e9eb7b2abb7809c,b20b885addbee592654626d5d90ea0c1c8f06104b2ada83b3e9eb7b2abb7809c,a14dc6859c3a20a122fe923a3f3750a1fdb12b2808c76ab8e9bdd3eeb8d33815,_render,True,
tests/test_phase148_rc2_3_repair_r1.py::test_phase148_rc2_3_repair_r1_pi16_9_keeps_recursive_window_hidden,tests/test_phase148_rc2_3_repair_r1.py,test_phase148_rc2_3_repair_r1_pi16_9_keeps_recursive_window_hidden,b20b885addbee592654626d5d90ea0c1c8f06104b2ada83b3e9eb7b2abb7809c,b20b885addbee592654626d5d90ea0c1c8f06104b2ada83b3e9eb7b2abb7809c,a14dc6859c3a20a122fe923a3f3750a1fdb12b2808c76ab8e9bdd3eeb8d33815,_render,True,
tests/test_phase150_rc4_5d_3_multiple_relation_to_order.py::test_phase150_rc4_5d_3_renderer_has_no_target_or_proposition_special_case,tests/test_phase150_rc4_5d_3_multiple_relation_to_order.py,test_phase150_rc4_5d_3_renderer_has_no_target_or_proposition_special_case,f3a8dc4698224ed8cbd4c86f2d4726439740863797b2ddebe49914ba5ae4102f,f3a8dc4698224ed8cbd4c86f2d4726439740863797b2ddebe49914ba5ae4102f,e6112505fa3f626e0fc4ff78beba0412e6c9c2c52db4e1149636d1f35b1b04f1,inspect,True,
tests/test_phase150_rc4_5f_2_final_group_structure_reason.py::test_phase150_rc4_5f_2_renderer_has_no_target_or_proposition_special_case,tests/test_phase150_rc4_5f_2_final_group_structure_reason.py,test_phase150_rc4_5f_2_renderer_has_no_target_or_proposition_special_case,f3a8dc4698224ed8cbd4c86f2d4726439740863797b2ddebe49914ba5ae4102f,f3a8dc4698224ed8cbd4c86f2d4726439740863797b2ddebe49914ba5ae4102f,e6112505fa3f626e0fc4ff78beba0412e6c9c2c52db4e1149636d1f35b1b04f1,inspect,True,
tests/test_phase153_r7_independent_root_path.py::test_phase153_r7_repair_keeps_reference_use_and_final_group,tests/test_phase153_r7_independent_root_path.py,test_phase153_r7_repair_keeps_reference_use_and_final_group,5fdaa5ebf36f3d0369a2d7be8f2b393eae670c6300cc77e63da759432dadcb62,5fdaa5ebf36f3d0369a2d7be8f2b393eae670c6300cc77e63da759432dadcb62,c1a5ec8fea17d9308dee99a57831be8da420b80d21903fd8338569ef32032e60,_pi6_2_body,True,
tests/test_phase153_r7_sibling_boundary.py::test_phase153_r7_r4_keeps_consumed_reference_and_target,tests/test_phase153_r7_sibling_boundary.py,test_phase153_r7_r4_keeps_consumed_reference_and_target,5fdaa5ebf36f3d0369a2d7be8f2b393eae670c6300cc77e63da759432dadcb62,5fdaa5ebf36f3d0369a2d7be8f2b393eae670c6300cc77e63da759432dadcb62,c1a5ec8fea17d9308dee99a57831be8da420b80d21903fd8338569ef32032e60,_pi6_2_body,True,
tests/test_phase153_r7_scalar_suppression_key.py::test_phase153_r7_r6_keeps_reference_and_target,tests/test_phase153_r7_scalar_suppression_key.py,test_phase153_r7_r6_keeps_reference_and_target,5fdaa5ebf36f3d0369a2d7be8f2b393eae670c6300cc77e63da759432dadcb62,5fdaa5ebf36f3d0369a2d7be8f2b393eae670c6300cc77e63da759432dadcb62,c1a5ec8fea17d9308dee99a57831be8da420b80d21903fd8338569ef32032e60,_pi6_2_body,True,
tests/test_phase153_r7_scalar_suppression_key.py::test_phase153_r7_r6_removes_scalar_range_with_matching_suppression_key,tests/test_phase153_r7_scalar_suppression_key.py,test_phase153_r7_r6_removes_scalar_range_with_matching_suppression_key,afd6127e4f3b4396b8ffdc0839aa22be982c2fbfea8601f1c71e8075636b3426,afd6127e4f3b4396b8ffdc0839aa22be982c2fbfea8601f1c71e8075636b3426,c1a5ec8fea17d9308dee99a57831be8da420b80d21903fd8338569ef32032e60,_pi6_2_body,True,
tests/test_phase153_r7_sibling_boundary.py::test_phase153_r7_r4_suppresses_range_shared_only_inside_unselected_sibling_branch,tests/test_phase153_r7_sibling_boundary.py,test_phase153_r7_r4_suppresses_range_shared_only_inside_unselected_sibling_branch,afd6127e4f3b4396b8ffdc0839aa22be982c2fbfea8601f1c71e8075636b3426,afd6127e4f3b4396b8ffdc0839aa22be982c2fbfea8601f1c71e8075636b3426,c1a5ec8fea17d9308dee99a57831be8da420b80d21903fd8338569ef32032e60,_pi6_2_body,True,
tests/test_phase153_r8_reference_use_prose_normalization.py::test_phase153_r8_pi6_2_keeps_final_conclusion,tests/test_phase153_r8_reference_use_prose_normalization.py,test_phase153_r8_pi6_2_keeps_final_conclusion,33615372039474d3a465126818e6c0a9d59843639f5802df8b805c805272d8cd,33615372039474d3a465126818e6c0a9d59843639f5802df8b805c805272d8cd,c1a5ec8fea17d9308dee99a57831be8da420b80d21903fd8338569ef32032e60,_pi6_2_body,True,
tests/test_phase153_r9_reference_reuse_derivation_suppression.py::test_phase153_r9_pi6_2_keeps_final_conclusion,tests/test_phase153_r9_reference_reuse_derivation_suppression.py,test_phase153_r9_pi6_2_keeps_final_conclusion,33615372039474d3a465126818e6c0a9d59843639f5802df8b805c805272d8cd,33615372039474d3a465126818e6c0a9d59843639f5802df8b805c805272d8cd,28da1e1a608229b90b9398691fd570e8083f8d3e86d80dd326558aed3b2c482e,_pi6_2_body,True,
tests/test_phase154_r2_fix2_semantic_sentence_composition.py::test_phase154_r2_fix2_keeps_pi10_4_fixed1_result,tests/test_phase154_r2_fix2_semantic_sentence_composition.py,test_phase154_r2_fix2_keeps_pi10_4_fixed1_result,396eec90c0042bdda8f76e1fcc49c61775cdb12b540ed8cbc1369b37c2e4931a,396eec90c0042bdda8f76e1fcc49c61775cdb12b540ed8cbc1369b37c2e4931a,01a987be7be331489baaecc1215dda843d673bf865ff0fb2319062bf9b32d5b2,_render_group,True,
tests/test_phase154_r2_fixed1_nu4_decomposition_semantic_prose.py::test_phase154_r2_fixed1_pi10_4_replaces_raw_nu4_rule_name_with_semantic_prose,tests/test_phase154_r2_fixed1_nu4_decomposition_semantic_prose.py,test_phase154_r2_fixed1_pi10_4_replaces_raw_nu4_rule_name_with_semantic_prose,396eec90c0042bdda8f76e1fcc49c61775cdb12b540ed8cbc1369b37c2e4931a,396eec90c0042bdda8f76e1fcc49c61775cdb12b540ed8cbc1369b37c2e4931a,01a987be7be331489baaecc1215dda843d673bf865ff0fb2319062bf9b32d5b2,_render_group,True,
tests/test_phase154_r2_fix3_reference_marker_completion.py::test_phase154_r2_fix3_pi11_4_has_complete_reference_use_sentence,tests/test_phase154_r2_fix3_reference_marker_completion.py,test_phase154_r2_fix3_pi11_4_has_complete_reference_use_sentence,cd5ec890ebaec34b3a925a12859b29bbeb8dd1ff6f64ab8925ef77b9afddb702,cd5ec890ebaec34b3a925a12859b29bbeb8dd1ff6f64ab8925ef77b9afddb702,01a987be7be331489baaecc1215dda843d673bf865ff0fb2319062bf9b32d5b2,_render_group,True,
tests/test_phase154_r5_fix1_graph_backed_reference_linkage.py::test_phase154_r5_fix1_pi11_4_links_prop44_reference_to_visible_consumer,tests/test_phase154_r5_fix1_graph_backed_reference_linkage.py,test_phase154_r5_fix1_pi11_4_links_prop44_reference_to_visible_consumer,cd5ec890ebaec34b3a925a12859b29bbeb8dd1ff6f64ab8925ef77b9afddb702,cd5ec890ebaec34b3a925a12859b29bbeb8dd1ff6f64ab8925ef77b9afddb702,4804660dea4e86f0bbfbd6f58f2fa61f0e6878ef5ff049edc9ec9c60c1e69c98,_render_group,True,
tests/test_phase154_r5_fix1_graph_backed_reference_linkage.py::test_phase154_r5_fix1_pi11_4_keeps_root_only_reference_neutral,tests/test_phase154_r5_fix1_graph_backed_reference_linkage.py,test_phase154_r5_fix1_pi11_4_keeps_root_only_reference_neutral,0959bc5db799dc6a9d0a4b4dfec1204123fe481fdf74bdd34925ff586b0f162c,0959bc5db799dc6a9d0a4b4dfec1204123fe481fdf74bdd34925ff586b0f162c,4804660dea4e86f0bbfbd6f58f2fa61f0e6878ef5ff049edc9ec9c60c1e69c98,_render_group,True,
tests/test_phase154_r5_fix1_repair2_legacy_route_linkage.py::test_phase154_r5_fix1_repair2_keeps_root_only_reference_neutral,tests/test_phase154_r5_fix1_repair2_legacy_route_linkage.py,test_phase154_r5_fix1_repair2_keeps_root_only_reference_neutral,0959bc5db799dc6a9d0a4b4dfec1204123fe481fdf74bdd34925ff586b0f162c,0959bc5db799dc6a9d0a4b4dfec1204123fe481fdf74bdd34925ff586b0f162c,01a987be7be331489baaecc1215dda843d673bf865ff0fb2319062bf9b32d5b2,_render_group,True,
tests/test_phase154_r5_fix1_repair1_reference_entry_frontier_linkage.py::test_phase154_r5_fix1_repair1_keeps_root_only_reference_neutral,tests/test_phase154_r5_fix1_repair1_reference_entry_frontier_linkage.py,test_phase154_r5_fix1_repair1_keeps_root_only_reference_neutral,0959bc5db799dc6a9d0a4b4dfec1204123fe481fdf74bdd34925ff586b0f162c,0959bc5db799dc6a9d0a4b4dfec1204123fe481fdf74bdd34925ff586b0f162c,378c22b936229587b7c40d35f8be377c35a9884d01d8ba0f8e1dcaa2a58abf7b,_render_group,True,
tests/test_phase154_r5_fix1_graph_backed_reference_linkage.py::test_phase154_r5_fix1_does_not_duplicate_linked_consumer_fact,tests/test_phase154_r5_fix1_graph_backed_reference_linkage.py,test_phase154_r5_fix1_does_not_duplicate_linked_consumer_fact,0fc09029046c99af1056fb0efe8f7576ea2aad6a1a74b56f20d5947fdfbbbda8,0fc09029046c99af1056fb0efe8f7576ea2aad6a1a74b56f20d5947fdfbbbda8,4804660dea4e86f0bbfbd6f58f2fa61f0e6878ef5ff049edc9ec9c60c1e69c98,_render_group,True,
tests/test_phase154_r5_fix1_repair1_reference_entry_frontier_linkage.py::test_phase154_r5_fix1_repair1_does_not_duplicate_consumer_fact,tests/test_phase154_r5_fix1_repair1_reference_entry_frontier_linkage.py,test_phase154_r5_fix1_repair1_does_not_duplicate_consumer_fact,0fc09029046c99af1056fb0efe8f7576ea2aad6a1a74b56f20d5947fdfbbbda8,0fc09029046c99af1056fb0efe8f7576ea2aad6a1a74b56f20d5947fdfbbbda8,378c22b936229587b7c40d35f8be377c35a9884d01d8ba0f8e1dcaa2a58abf7b,_render_group,True,
tests/test_phase154_r5_fix1_repair1_reference_entry_frontier_linkage.py::test_phase154_r5_fix1_repair1_pi11_4_links_prop44_reference_to_consumer,tests/test_phase154_r5_fix1_repair1_reference_entry_frontier_linkage.py,test_phase154_r5_fix1_repair1_pi11_4_links_prop44_reference_to_consumer,fef1d280ee1392aafeedec3c6df20ef7c78bad7fd449e91ba48365999e5c6d93,fef1d280ee1392aafeedec3c6df20ef7c78bad7fd449e91ba48365999e5c6d93,378c22b936229587b7c40d35f8be377c35a9884d01d8ba0f8e1dcaa2a58abf7b,_render_group,True,
tests/test_phase154_r5_fix1_repair2_legacy_route_linkage.py::test_phase154_r5_fix1_repair2_pi11_4_links_reference_after_marker_generation,tests/test_phase154_r5_fix1_repair2_legacy_route_linkage.py,test_phase154_r5_fix1_repair2_pi11_4_links_reference_after_marker_generation,fef1d280ee1392aafeedec3c6df20ef7c78bad7fd449e91ba48365999e5c6d93,fef1d280ee1392aafeedec3c6df20ef7c78bad7fd449e91ba48365999e5c6d93,01a987be7be331489baaecc1215dda843d673bf865ff0fb2319062bf9b32d5b2,_render_group,True,
tests/test_phase154_r6_1_repair3_ascii_period_policy.py::test_phase154_r6_1_repair3_keeps_reference_title_periods,tests/test_phase154_r6_1_repair3_ascii_period_policy.py,test_phase154_r6_1_repair3_keeps_reference_title_periods,1178fc4c049acd5ea1dbe69e9d5b0862f6ea81ff57e9fa7e9ebf843ee47ca557,1178fc4c049acd5ea1dbe69e9d5b0862f6ea81ff57e9fa7e9ebf843ee47ca557,01a987be7be331489baaecc1215dda843d673bf865ff0fb2319062bf9b32d5b2,_render_group,True,
tests/test_phase154_r6_2_ascii_comma_normalization.py::test_phase154_r6_2_keeps_reference_title_punctuation,tests/test_phase154_r6_2_ascii_comma_normalization.py,test_phase154_r6_2_keeps_reference_title_punctuation,1178fc4c049acd5ea1dbe69e9d5b0862f6ea81ff57e9fa7e9ebf843ee47ca557,1178fc4c049acd5ea1dbe69e9d5b0862f6ea81ff57e9fa7e9ebf843ee47ca557,01a987be7be331489baaecc1215dda843d673bf865ff0fb2319062bf9b32d5b2,_render_group,True,
tests/test_phase32_prop22.py::test_phase32_4_left_composition_law_rejects_missing_c,tests/test_phase32_prop22.py,test_phase32_4_left_composition_law_rejects_missing_c,38caab466f3cb47e8ed665953e8083bf6d9f15a0e120aa5aa59815f51cc6ebdd,38caab466f3cb47e8ed665953e8083bf6d9f15a0e120aa5aa59815f51cc6ebdd,fa26f34e2aa1b21a9099f712c97ae0b75dc0394e825534b839b9cf2dbb3843a5,HomotopyElementHopfInvariantStatementfind_inference_matchhopf_invariant_proof_stephopf_left_composition_law_inference_rule,True,
tests/test_phase32_prop22.py::test_phase32_7_left_composition_law_requires_explicit_c,tests/test_phase32_prop22.py,test_phase32_7_left_composition_law_requires_explicit_c,38caab466f3cb47e8ed665953e8083bf6d9f15a0e120aa5aa59815f51cc6ebdd,38caab466f3cb47e8ed665953e8083bf6d9f15a0e120aa5aa59815f51cc6ebdd,fa26f34e2aa1b21a9099f712c97ae0b75dc0394e825534b839b9cf2dbb3843a5,HomotopyElementHopfInvariantStatementfind_inference_matchhopf_invariant_proof_stephopf_left_composition_law_inference_rule,True,
tests/test_phase32_prop22.py::test_phase32_4_left_formula_rejects_plain_hopf_statement,tests/test_phase32_prop22.py,test_phase32_4_left_formula_rejects_plain_hopf_statement,8222cfe395036bf3447f8e2d048de9527a1f1a240312bff8aa351c9b270916bb,8222cfe395036bf3447f8e2d048de9527a1f1a240312bff8aa351c9b270916bb,70517a53c2e2878ff50c3d404d4600f0cf015ada772a310af63995b7b76ecfa3,HomotopyElementHopfInvariantStatementfind_inference_matchhopf_invariant_proof_stephopf_left_composition_formula_inference_rule,True,
tests/test_phase32_prop22.py::test_phase32_7_left_formula_requires_explicit_law_statement,tests/test_phase32_prop22.py,test_phase32_7_left_formula_requires_explicit_law_statement,8222cfe395036bf3447f8e2d048de9527a1f1a240312bff8aa351c9b270916bb,8222cfe395036bf3447f8e2d048de9527a1f1a240312bff8aa351c9b270916bb,70517a53c2e2878ff50c3d404d4600f0cf015ada772a310af63995b7b76ecfa3,HomotopyElementHopfInvariantStatementfind_inference_matchhopf_invariant_proof_stephopf_left_composition_formula_inference_rule,True,
tests/test_phase33_barratt_hilton.py::test_phase33_2_scalar_sum_is_not_implicitly_commutative,tests/test_phase33_barratt_hilton.py,test_phase33_2_scalar_sum_is_not_implicitly_commutative,354d2d5bc981d4282c17739e75e440e5c4138347f815fa0ddfc1a4cb6ec9432d,354d2d5bc981d4282c17739e75e440e5c4138347f815fa0ddfc1a4cb6ec9432d,aff8d183f816e8617af190104ca6d4201c3052733aa80bab17cd013a7977b8b7,ScalarSumScalarSymbol,True,
tests/test_phase33_barratt_hilton.py::test_phase33_7_scalar_sum_is_not_implicitly_commutative,tests/test_phase33_barratt_hilton.py,test_phase33_7_scalar_sum_is_not_implicitly_commutative,354d2d5bc981d4282c17739e75e440e5c4138347f815fa0ddfc1a4cb6ec9432d,354d2d5bc981d4282c17739e75e440e5c4138347f815fa0ddfc1a4cb6ec9432d,aff8d183f816e8617af190104ca6d4201c3052733aa80bab17cd013a7977b8b7,ScalarSumScalarSymbol,True,
tests/test_phase33_barratt_hilton.py::test_phase33_2_scalar_product_is_not_implicitly_commutative,tests/test_phase33_barratt_hilton.py,test_phase33_2_scalar_product_is_not_implicitly_commutative,ad6599a8854558eafa0b99fd8293f9b9cf60245cf8636700842ad8e784b63d8e,ad6599a8854558eafa0b99fd8293f9b9cf60245cf8636700842ad8e784b63d8e,2f74d4aa6c5880c22d9fe0b888c73314fe344d2d9d669d567dfb0cf617d16706,ScalarProductScalarSymbol,True,
tests/test_phase33_barratt_hilton.py::test_phase33_7_scalar_product_is_not_implicitly_commutative,tests/test_phase33_barratt_hilton.py,test_phase33_7_scalar_product_is_not_implicitly_commutative,ad6599a8854558eafa0b99fd8293f9b9cf60245cf8636700842ad8e784b63d8e,ad6599a8854558eafa0b99fd8293f9b9cf60245cf8636700842ad8e784b63d8e,2f74d4aa6c5880c22d9fe0b888c73314fe344d2d9d669d567dfb0cf617d16706,ScalarProductScalarSymbol,True,
tests/test_phase33_barratt_hilton.py::test_phase33_2_scalar_product_does_not_distribute_automatically,tests/test_phase33_barratt_hilton.py,test_phase33_2_scalar_product_does_not_distribute_automatically,60b8e09cca23dc38c1ceda3137469d3c21ed8670fac5ca891318dca15e985f38,60b8e09cca23dc38c1ceda3137469d3c21ed8670fac5ca891318dca15e985f38,b5f1e2836cc8a6fcb2cade6fb5ba6eae3a0a5abd40e8824a2dce73b50b353be2,ScalarProductScalarSumScalarSymbol,True,
tests/test_phase33_barratt_hilton.py::test_phase33_7_scalar_product_does_not_distribute_over_sum_automatically,tests/test_phase33_barratt_hilton.py,test_phase33_7_scalar_product_does_not_distribute_over_sum_automatically,60b8e09cca23dc38c1ceda3137469d3c21ed8670fac5ca891318dca15e985f38,60b8e09cca23dc38c1ceda3137469d3c21ed8670fac5ca891318dca15e985f38,b5f1e2836cc8a6fcb2cade6fb5ba6eae3a0a5abd40e8824a2dce73b50b353be2,ScalarProductScalarSumScalarSymbol,True,
tests/test_phase33_barratt_hilton.py::test_phase33_2_scalar_power_is_not_evaluated_automatically,tests/test_phase33_barratt_hilton.py,test_phase33_2_scalar_power_is_not_evaluated_automatically,6744ee63b8dd81118949507e5afab0255784e8ce443e7cd9f9f021dc2715796e,6744ee63b8dd81118949507e5afab0255784e8ce443e7cd9f9f021dc2715796e,e789ea88577e66dbe201cc90a0680b7d360d5bdb889458a01ed660384286655b,ScalarPower,True,
tests/test_phase33_barratt_hilton.py::test_phase33_7_scalar_power_is_not_constant_folded_automatically,tests/test_phase33_barratt_hilton.py,test_phase33_7_scalar_power_is_not_constant_folded_automatically,6744ee63b8dd81118949507e5afab0255784e8ce443e7cd9f9f021dc2715796e,6744ee63b8dd81118949507e5afab0255784e8ce443e7cd9f9f021dc2715796e,e789ea88577e66dbe201cc90a0680b7d360d5bdb889458a01ed660384286655b,ScalarPower,True,
tests/test_phase33_barratt_hilton.py::test_phase33_5_first_barratt_hilton_composition_is_structurally_representable,tests/test_phase33_barratt_hilton.py,test_phase33_5_first_barratt_hilton_composition_is_structurally_representable,c38071552f6af1dea70f05bec2425971fe4d4aa2af0f9483b2c566d1ad771890,c38071552f6af1dea70f05bec2425971fe4d4aa2af0f9483b2c566d1ad771890,f38ddc4511e05ec6b29e6273286374a24d1e998a731b480dd667bab735a63674,CompositionHomotopyElementIteratedSuspensionScalarSumScalarSymbol,True,
tests/test_phase33_barratt_hilton.py::test_phase33_6_first_formula_preserves_full_suspension_structure,tests/test_phase33_barratt_hilton.py,test_phase33_6_first_formula_preserves_full_suspension_structure,c38071552f6af1dea70f05bec2425971fe4d4aa2af0f9483b2c566d1ad771890,c38071552f6af1dea70f05bec2425971fe4d4aa2af0f9483b2c566d1ad771890,f38ddc4511e05ec6b29e6273286374a24d1e998a731b480dd667bab735a63674,CompositionHomotopyElementIteratedSuspensionScalarSumScalarSymbol,True,
tests/test_phase33_barratt_hilton.py::test_phase33_5_second_barratt_hilton_composition_is_structurally_representable,tests/test_phase33_barratt_hilton.py,test_phase33_5_second_barratt_hilton_composition_is_structurally_representable,c237e40c951ad488f6258033c1c38f5cddced9201adb21f1fc09b1d8217066e6,c237e40c951ad488f6258033c1c38f5cddced9201adb21f1fc09b1d8217066e6,f38ddc4511e05ec6b29e6273286374a24d1e998a731b480dd667bab735a63674,CompositionHomotopyElementIteratedSuspensionScalarSumScalarSymbol,True,
tests/test_phase33_barratt_hilton.py::test_phase33_6_second_formula_preserves_full_suspension_structure,tests/test_phase33_barratt_hilton.py,test_phase33_6_second_formula_preserves_full_suspension_structure,c237e40c951ad488f6258033c1c38f5cddced9201adb21f1fc09b1d8217066e6,c237e40c951ad488f6258033c1c38f5cddced9201adb21f1fc09b1d8217066e6,f38ddc4511e05ec6b29e6273286374a24d1e998a731b480dd667bab735a63674,CompositionHomotopyElementIteratedSuspensionScalarSumScalarSymbol,True,
tests/test_phase33_barratt_hilton.py::test_phase33_6_formula_representation_does_not_add_smash_product_typing,tests/test_phase33_barratt_hilton.py,test_phase33_6_formula_representation_does_not_add_smash_product_typing,3463f851954d716a0a91d903fa58a2bd15d7fe3e2c5fbbc4209b28bdb4fabba0,3463f851954d716a0a91d903fa58a2bd15d7fe3e2c5fbbc4209b28bdb4fabba0,78c54c237ddbb2cea43ed52bf27b83c9e0b04869370c243c3526465c304448f8,HomotopyElementSmashProduct,True,
tests/test_phase33_barratt_hilton.py::test_phase33_7_smash_product_has_no_automatic_typing,tests/test_phase33_barratt_hilton.py,test_phase33_7_smash_product_has_no_automatic_typing,3463f851954d716a0a91d903fa58a2bd15d7fe3e2c5fbbc4209b28bdb4fabba0,3463f851954d716a0a91d903fa58a2bd15d7fe3e2c5fbbc4209b28bdb4fabba0,78c54c237ddbb2cea43ed52bf27b83c9e0b04869370c243c3526465c304448f8,HomotopyElementSmashProduct,True,
tests/test_phase40_toda_primary_group.py::test_phase40_1_primary_component_uses_existing_scalar_value_dimensions,tests/test_phase40_toda_primary_group.py,test_phase40_1_primary_component_uses_existing_scalar_value_dimensions,fa3998b8e985a8ecd88d10d9337fc96f902ca7dbd8de07ca59a50153301bf9d7,fa3998b8e985a8ecd88d10d9337fc96f902ca7dbd8de07ca59a50153301bf9d7,2ae6d83a9509b7418cc0c6f6282d00f5d387e715ff8026eeb6e0d526f811f83a,PrimaryComponentScalarValueget_type_hints,True,
tests/test_phase45_toda_prop42_compatibility.py::test_phase45_1_primary_component_dimensions_use_scalar_value,tests/test_phase45_toda_prop42_compatibility.py,test_phase45_1_primary_component_dimensions_use_scalar_value,fa3998b8e985a8ecd88d10d9337fc96f902ca7dbd8de07ca59a50153301bf9d7,fa3998b8e985a8ecd88d10d9337fc96f902ca7dbd8de07ca59a50153301bf9d7,0fd264d6b7b342132b79d2c42a4adbb7cc1bb6a826c75597450beaf03ce3e845,PrimaryComponentScalarValueget_type_hints,True,
tests/test_phase41_preimage_subgroup.py::test_phase41_2_preimage_subgroup_uses_map_symbol,tests/test_phase41_preimage_subgroup.py,test_phase41_2_preimage_subgroup_uses_map_symbol,d1b975510bd47c1eecea96738ded891a26970e2bfb9e70405fffa343696bc3dd,d1b975510bd47c1eecea96738ded891a26970e2bfb9e70405fffa343696bc3dd,71ad7b708670eb5adc3dc86de136dd0659bd96af3a8bb6e8a98701668afb4baf,MapSymbolPreimageSubgroupget_type_hints,True,
tests/test_phase41_preimage_subgroup.py::test_phase41_4_preimage_subgroup_map_type_remains_map_symbol,tests/test_phase41_preimage_subgroup.py,test_phase41_4_preimage_subgroup_map_type_remains_map_symbol,d1b975510bd47c1eecea96738ded891a26970e2bfb9e70405fffa343696bc3dd,d1b975510bd47c1eecea96738ded891a26970e2bfb9e70405fffa343696bc3dd,71ad7b708670eb5adc3dc86de136dd0659bd96af3a8bb6e8a98701668afb4baf,MapSymbolPreimageSubgroupget_type_hints,True,
tests/test_phase41_preimage_subgroup.py::test_phase41_2_preimage_subgroup_uses_primary_component_target,tests/test_phase41_preimage_subgroup.py,test_phase41_2_preimage_subgroup_uses_primary_component_target,ed2f761beaa460d4d1b6bb33aed39f1dce1e5fc5257be8ccad74b73a6ae321d0,ed2f761beaa460d4d1b6bb33aed39f1dce1e5fc5257be8ccad74b73a6ae321d0,8e75f67b53c29ab6e099ae8b9af3f743b4647d09f7bc963a6df706fc6b5c5594,PreimageSubgroupPrimaryComponentget_type_hints,True,
tests/test_phase41_preimage_subgroup.py::test_phase41_4_preimage_subgroup_target_type_remains_primary_component,tests/test_phase41_preimage_subgroup.py,test_phase41_4_preimage_subgroup_target_type_remains_primary_component,ed2f761beaa460d4d1b6bb33aed39f1dce1e5fc5257be8ccad74b73a6ae321d0,ed2f761beaa460d4d1b6bb33aed39f1dce1e5fc5257be8ccad74b73a6ae321d0,8e75f67b53c29ab6e099ae8b9af3f743b4647d09f7bc963a6df706fc6b5c5594,PreimageSubgroupPrimaryComponentget_type_hints,True,
tests/test_phase45_toda_prop42_compatibility.py::test_phase45_1_map_typing_fact_is_concrete_dimension_only,tests/test_phase45_toda_prop42_compatibility.py,test_phase45_1_map_typing_fact_is_concrete_dimension_only,2f62a0f2c098caebdd87ca277b52ca5fc739ac1ba02ae10278da8e8a092368b4,2f62a0f2c098caebdd87ca277b52ca5fc739ac1ba02ae10278da8e8a092368b4,b2e754b3bb81de6c395972248a5d7c71aec314a1f71047bfed57f1bd0aacbd62,MapTypingFactget_type_hints,True,
tests/test_phase46_toda_45_compatibility.py::test_phase46_1_map_typing_fact_remains_concrete_dimension_only,tests/test_phase46_toda_45_compatibility.py,test_phase46_1_map_typing_fact_remains_concrete_dimension_only,2f62a0f2c098caebdd87ca277b52ca5fc739ac1ba02ae10278da8e8a092368b4,2f62a0f2c098caebdd87ca277b52ca5fc739ac1ba02ae10278da8e8a092368b4,e5a0ca6aa824344acf5a6806b7b9bf8a626f3acd5f4c91f5106986f298d61a23,MapTypingFactget_type_hints,True,
tests/test_phase45_toda_prop42_sequence.py::test_phase45_2_canonical_e_map_is_structural_map_symbol,tests/test_phase45_toda_prop42_sequence.py,test_phase45_2_canonical_e_map_is_structural_map_symbol,a7bbc9027e111634c5108bafe4e257fe2b66f8c2912144171f0e19f4ca5bdd0a,a7bbc9027e111634c5108bafe4e257fe2b66f8c2912144171f0e19f4ca5bdd0a,f0c82a3d0b358a94ba12c8e77309b756a3133e1e64baf3f59554d85221b5f3cb,EHP_E_MAPMapSymbol,True,
tests/test_phase48_toda_prop44_e_injectivity_compatibility.py::test_phase48_1_canonical_e_map_is_map_symbol,tests/test_phase48_toda_prop44_e_injectivity_compatibility.py,test_phase48_1_canonical_e_map_is_map_symbol,a7bbc9027e111634c5108bafe4e257fe2b66f8c2912144171f0e19f4ca5bdd0a,a7bbc9027e111634c5108bafe4e257fe2b66f8c2912144171f0e19f4ca5bdd0a,348685744d5f4c2408e3acdebfc885767df8c8d3535269539138efb5cdbbc52f,EHP_E_MAPMapSymbol,True,
tests/test_phase46_toda_45_applicability_compatibility.py::test_phase46_5_generic_isomorphism_statement_map_is_still_map_symbol,tests/test_phase46_toda_45_applicability_compatibility.py,test_phase46_5_generic_isomorphism_statement_map_is_still_map_symbol,8c5042bfe9c7bb2e2a6ce61b9480fc1eb46f6f3890948501dd9394ef6ee68471,8c5042bfe9c7bb2e2a6ce61b9480fc1eb46f6f3890948501dd9394ef6ee68471,45a1b5b2a333efd04aa53d4065cea7c2fd00f31b99e5fc61e88903eef0103627,IsomorphismStatementMapSymbolget_type_hints,True,
tests/test_phase49_concrete_pi3_2_compatibility.py::test_phase49_1_generic_isomorphism_statement_uses_map_symbol,tests/test_phase49_concrete_pi3_2_compatibility.py,test_phase49_1_generic_isomorphism_statement_uses_map_symbol,8c5042bfe9c7bb2e2a6ce61b9480fc1eb46f6f3890948501dd9394ef6ee68471,8c5042bfe9c7bb2e2a6ce61b9480fc1eb46f6f3890948501dd9394ef6ee68471,414ba1c17d07afe1f36d1e6208d0e86477cc7b3e86f4d7523320b058440d36a4,IsomorphismStatementMapSymbolget_type_hints,True,
tests/test_phase47_toda_prop44_applicability_compatibility.py::test_phase47_5_generic_isomorphism_statement_map_remains_map_symbol,tests/test_phase47_toda_prop44_applicability_compatibility.py,test_phase47_5_generic_isomorphism_statement_map_remains_map_symbol,8c5042bfe9c7bb2e2a6ce61b9480fc1eb46f6f3890948501dd9394ef6ee68471,8c5042bfe9c7bb2e2a6ce61b9480fc1eb46f6f3890948501dd9394ef6ee68471,ea8e38694f9fcd05d7bf918cb4ed51198dc54e4922d55f0ec7f20f941ad41f2d,IsomorphismStatementMapSymbolget_type_hints,True,
tests/test_phase48_toda_prop44_e_injectivity_compatibility.py::test_phase48_1_generic_isomorphism_statement_map_type_remains_map_symbol,tests/test_phase48_toda_prop44_e_injectivity_compatibility.py,test_phase48_1_generic_isomorphism_statement_map_type_remains_map_symbol,8c5042bfe9c7bb2e2a6ce61b9480fc1eb46f6f3890948501dd9394ef6ee68471,8c5042bfe9c7bb2e2a6ce61b9480fc1eb46f6f3890948501dd9394ef6ee68471,636723e29f1c7917ed136ea8d3ad43bf062ad7d9657eb9b840e6e66f00cc54e4,IsomorphismStatementMapSymbolget_type_hints,True,
tests/test_phase46_toda_45_applicability_compatibility.py::test_phase46_5_generic_injective_statement_map_is_still_map_symbol,tests/test_phase46_toda_45_applicability_compatibility.py,test_phase46_5_generic_injective_statement_map_is_still_map_symbol,c3d0b4f35275b09c4cca85b00d810b186fe825779873f3a6e23f9780b69604de,c3d0b4f35275b09c4cca85b00d810b186fe825779873f3a6e23f9780b69604de,f0e9b1a46cade70cb2553642de91ce0b089a2a736142892bff385f6f0ae723bd,InjectiveMapStatementMapSymbolget_type_hints,True,
tests/test_phase49_concrete_pi3_2_compatibility.py::test_phase49_1_generic_injective_statement_uses_map_symbol,tests/test_phase49_concrete_pi3_2_compatibility.py,test_phase49_1_generic_injective_statement_uses_map_symbol,c3d0b4f35275b09c4cca85b00d810b186fe825779873f3a6e23f9780b69604de,c3d0b4f35275b09c4cca85b00d810b186fe825779873f3a6e23f9780b69604de,33502c9cb0022f07beab939c9e9251195c151d6a17d24836e5ae80992884ba0a,InjectiveMapStatementMapSymbolget_type_hints,True,
tests/test_phase47_toda_prop44_applicability_compatibility.py::test_phase47_5_generic_injective_statement_map_remains_map_symbol,tests/test_phase47_toda_prop44_applicability_compatibility.py,test_phase47_5_generic_injective_statement_map_remains_map_symbol,c3d0b4f35275b09c4cca85b00d810b186fe825779873f3a6e23f9780b69604de,c3d0b4f35275b09c4cca85b00d810b186fe825779873f3a6e23f9780b69604de,42c4079749ef97a4d579aad8e08d7abd5b2a201dea9a8d4e0bf30971067d0faa,InjectiveMapStatementMapSymbolget_type_hints,True,
tests/test_phase48_toda_prop44_e_injectivity_compatibility.py::test_phase48_1_generic_injective_statement_map_type_remains_map_symbol,tests/test_phase48_toda_prop44_e_injectivity_compatibility.py,test_phase48_1_generic_injective_statement_map_type_remains_map_symbol,c3d0b4f35275b09c4cca85b00d810b186fe825779873f3a6e23f9780b69604de,c3d0b4f35275b09c4cca85b00d810b186fe825779873f3a6e23f9780b69604de,a6c1c6116a10c35fe113defa696eb7705068a9b3e1099d75b93bfb827f1cbc17,InjectiveMapStatementMapSymbolget_type_hints,True,
tests/test_phase47_toda_prop44_compatibility.py::test_phase47_1_direct_sum_group_current_contract_includes_existing_summands,tests/test_phase47_toda_prop44_compatibility.py,test_phase47_1_direct_sum_group_current_contract_includes_existing_summands,fd228ecb2b4a99be48ec94efe65b453792696c2e75e270e744dfdbda2bc7db61,fd228ecb2b4a99be48ec94efe65b453792696c2e75e270e744dfdbda2bc7db61,25e74c5b134fa3ad68513acfdea190c87866c4f98893f6d5154cb334d6b71192,DirectSumGroupPrimaryComponentget_argsget_type_hints,True,
tests/test_phase47_toda_prop44_decomposition_groups.py::test_phase47_2_direct_sum_group_preserves_existing_primary_component_type,tests/test_phase47_toda_prop44_decomposition_groups.py,test_phase47_2_direct_sum_group_preserves_existing_primary_component_type,fd228ecb2b4a99be48ec94efe65b453792696c2e75e270e744dfdbda2bc7db61,fd228ecb2b4a99be48ec94efe65b453792696c2e75e270e744dfdbda2bc7db61,e28fdb86601e71008070ce0a0125d5ea26ddc4147c5abe45845e903c20402bcc,DirectSumGroupPrimaryComponentget_argsget_type_hints,True,
tests/test_phase62_applicability_provenance.py::test_phase62_5_nu_family_definition_rejects_three,tests/test_phase62_applicability_provenance.py,test_phase62_5_nu_family_definition_rejects_three,12b9bb9ae0f2b3ea4fdf51a4fb7577fc8076b8eeb246d500a0ef205b854e3c90,12b9bb9ae0f2b3ea4fdf51a4fb7577fc8076b8eeb246d500a0ef205b854e3c90,c4d054357c417825912767de3be3fa15db87a49077c93c375480e906cfb64bfe,pytesttoda_nu_family_definition_statement,True,
tests/test_phase62_nu_family_definition.py::test_phase62_2_rejects_concrete_index_below_four,tests/test_phase62_nu_family_definition.py,test_phase62_2_rejects_concrete_index_below_four,12b9bb9ae0f2b3ea4fdf51a4fb7577fc8076b8eeb246d500a0ef205b854e3c90,12b9bb9ae0f2b3ea4fdf51a4fb7577fc8076b8eeb246d500a0ef205b854e3c90,c4d054357c417825912767de3be3fa15db87a49077c93c375480e906cfb64bfe,pytesttoda_nu_family_definition_statement,True,
tests/test_phase66_probe.py::test_phase66_probe_output_contains_provenance,tests/test_phase66_probe.py,test_phase66_probe_output_contains_provenance,8989834bcd27f1ab22fdb663d4cec06a9b848e7e9dbe8cc5b8fdd8cd949c0360,8989834bcd27f1ab22fdb663d4cec06a9b848e7e9dbe8cc5b8fdd8cd949c0360,1755508d949076ed7e1829157dc98795499261e5b8c07659bb90194412096a55,main,True,
tests/test_phase68_probe.py::test_phase68_probe_output_contains_provenance,tests/test_phase68_probe.py,test_phase68_probe_output_contains_provenance,8989834bcd27f1ab22fdb663d4cec06a9b848e7e9dbe8cc5b8fdd8cd949c0360,8989834bcd27f1ab22fdb663d4cec06a9b848e7e9dbe8cc5b8fdd8cd949c0360,c9b680cbf46dadc760671e01b44c91c5570480f402baaec3167598e543a905b2,main,True,
tests/test_phase66_probe.py::test_phase66_probe_output_contains_fixed_point,tests/test_phase66_probe.py,test_phase66_probe_output_contains_fixed_point,64224c6197788f92f02e63232c140d1b045b9f92a0cdf5ed4661f12643a905e1,64224c6197788f92f02e63232c140d1b045b9f92a0cdf5ed4661f12643a905e1,1755508d949076ed7e1829157dc98795499261e5b8c07659bb90194412096a55,main,True,
tests/test_phase69_probe.py::test_phase69_probe_output_contains_fixed_point,tests/test_phase69_probe.py,test_phase69_probe_output_contains_fixed_point,64224c6197788f92f02e63232c140d1b045b9f92a0cdf5ed4661f12643a905e1,64224c6197788f92f02e63232c140d1b045b9f92a0cdf5ed4661f12643a905e1,274955bfe84c7abd1fc4edc16c70315023480d6e1f1d61c0a0fa48cfe719dfc0,main,True,
tests/test_phase68_probe.py::test_phase68_probe_output_contains_fixed_point,tests/test_phase68_probe.py,test_phase68_probe_output_contains_fixed_point,64224c6197788f92f02e63232c140d1b045b9f92a0cdf5ed4661f12643a905e1,64224c6197788f92f02e63232c140d1b045b9f92a0cdf5ed4661f12643a905e1,c9b680cbf46dadc760671e01b44c91c5570480f402baaec3167598e543a905b2,main,True,
tests/test_phase66_probe.py::test_phase66_probe_does_not_claim_automatic_narrative,tests/test_phase66_probe.py,test_phase66_probe_does_not_claim_automatic_narrative,78b64939929b0b84ac4772182eb2802c99177e0af902087add635f373ffc9c15,78b64939929b0b84ac4772182eb2802c99177e0af902087add635f373ffc9c15,1755508d949076ed7e1829157dc98795499261e5b8c07659bb90194412096a55,main,True,
tests/test_phase76_probe.py::test_phase76_probe_does_not_claim_automatic_narrative,tests/test_phase76_probe.py,test_phase76_probe_does_not_claim_automatic_narrative,78b64939929b0b84ac4772182eb2802c99177e0af902087add635f373ffc9c15,78b64939929b0b84ac4772182eb2802c99177e0af902087add635f373ffc9c15,bea29876ec598d53fc5cedb6bd6559f2aef01d681fbecabb8d15b8f4405f1b1f,main,True,
tests/test_phase67_probe.py::test_phase67_probe_does_not_claim_automatic_narrative,tests/test_phase67_probe.py,test_phase67_probe_does_not_claim_automatic_narrative,78b64939929b0b84ac4772182eb2802c99177e0af902087add635f373ffc9c15,78b64939929b0b84ac4772182eb2802c99177e0af902087add635f373ffc9c15,d0a4e901738bf77b0cbea25ceaf02bee71d31f2b94d82cc4cfa96a9f5e4bb873,main,True,
tests/test_phase68_probe.py::test_phase68_probe_does_not_claim_automatic_narrative,tests/test_phase68_probe.py,test_phase68_probe_does_not_claim_automatic_narrative,78b64939929b0b84ac4772182eb2802c99177e0af902087add635f373ffc9c15,78b64939929b0b84ac4772182eb2802c99177e0af902087add635f373ffc9c15,c9b680cbf46dadc760671e01b44c91c5570480f402baaec3167598e543a905b2,main,True,
tests/test_phase69_probe.py::test_phase69_probe_does_not_claim_automatic_narrative,tests/test_phase69_probe.py,test_phase69_probe_does_not_claim_automatic_narrative,78b64939929b0b84ac4772182eb2802c99177e0af902087add635f373ffc9c15,78b64939929b0b84ac4772182eb2802c99177e0af902087add635f373ffc9c15,274955bfe84c7abd1fc4edc16c70315023480d6e1f1d61c0a0fa48cfe719dfc0,main,True,
tests/test_phase70_probe.py::test_phase70_probe_does_not_claim_automatic_narrative,tests/test_phase70_probe.py,test_phase70_probe_does_not_claim_automatic_narrative,78b64939929b0b84ac4772182eb2802c99177e0af902087add635f373ffc9c15,78b64939929b0b84ac4772182eb2802c99177e0af902087add635f373ffc9c15,624e2e495bbe25c946ff76e5288c5ac42baadc66738e234c072bba4c69889081,main,True,
tests/test_phase71_probe.py::test_phase71_probe_does_not_claim_automatic_narrative,tests/test_phase71_probe.py,test_phase71_probe_does_not_claim_automatic_narrative,78b64939929b0b84ac4772182eb2802c99177e0af902087add635f373ffc9c15,78b64939929b0b84ac4772182eb2802c99177e0af902087add635f373ffc9c15,caa28a6ac818bb271326d71ce63b52b69535d50c81bfa54f0203b575fe34f00c,main,True,
tests/test_phase72_probe.py::test_phase72_probe_output_marks_hand_authored_presentation,tests/test_phase72_probe.py,test_phase72_probe_output_marks_hand_authored_presentation,78b64939929b0b84ac4772182eb2802c99177e0af902087add635f373ffc9c15,78b64939929b0b84ac4772182eb2802c99177e0af902087add635f373ffc9c15,2b29333b7dd4a17db46e436170c2bc0d3431a9d0489f4ebec71593aef392a963,main,True,
tests/test_phase72r10_corrected_probe.py::test_phase72r10_probe_output_marks_hand_authored_presentation,tests/test_phase72r10_corrected_probe.py,test_phase72r10_probe_output_marks_hand_authored_presentation,78b64939929b0b84ac4772182eb2802c99177e0af902087add635f373ffc9c15,78b64939929b0b84ac4772182eb2802c99177e0af902087add635f373ffc9c15,2b29333b7dd4a17db46e436170c2bc0d3431a9d0489f4ebec71593aef392a963,main,True,
tests/test_phase73_probe.py::test_phase73_probe_does_not_claim_automatic_narrative,tests/test_phase73_probe.py,test_phase73_probe_does_not_claim_automatic_narrative,78b64939929b0b84ac4772182eb2802c99177e0af902087add635f373ffc9c15,78b64939929b0b84ac4772182eb2802c99177e0af902087add635f373ffc9c15,b23078037ee71bfeec29346924d3f2506a91728654c4d1ed730f3b7b18d87c98,main,True,
tests/test_phase74_probe.py::test_phase74_probe_output_marks_hand_authored_presentation,tests/test_phase74_probe.py,test_phase74_probe_output_marks_hand_authored_presentation,78b64939929b0b84ac4772182eb2802c99177e0af902087add635f373ffc9c15,78b64939929b0b84ac4772182eb2802c99177e0af902087add635f373ffc9c15,a36051925d3dfb7fbb0511156f049b986846e8e49098d5c1b4319287b27499a1,main,True,
tests/test_phase75_probe.py::test_phase75_probe_output_marks_hand_authored_presentation,tests/test_phase75_probe.py,test_phase75_probe_output_marks_hand_authored_presentation,78b64939929b0b84ac4772182eb2802c99177e0af902087add635f373ffc9c15,78b64939929b0b84ac4772182eb2802c99177e0af902087add635f373ffc9c15,390e4fc2dbb348403fea856c1bbd506d7b8fd0b209da4a81f36827da36baae16,main,True,
tests/test_phase68_probe.py::test_phase68_probe_does_not_claim_proof_record_added,tests/test_phase68_probe.py,test_phase68_probe_does_not_claim_proof_record_added,002b6239fd74a17348ecf9281f7cee0ee8c9a2090b7c85d8408aade70bf3b60c,002b6239fd74a17348ecf9281f7cee0ee8c9a2090b7c85d8408aade70bf3b60c,c9b680cbf46dadc760671e01b44c91c5570480f402baaec3167598e543a905b2,main,True,
tests/test_phase73_probe.py::test_phase73_probe_does_not_claim_proof_record_added,tests/test_phase73_probe.py,test_phase73_probe_does_not_claim_proof_record_added,002b6239fd74a17348ecf9281f7cee0ee8c9a2090b7c85d8408aade70bf3b60c,002b6239fd74a17348ecf9281f7cee0ee8c9a2090b7c85d8408aade70bf3b60c,b23078037ee71bfeec29346924d3f2506a91728654c4d1ed730f3b7b18d87c98,main,True,
tests/test_phase70_probe.py::test_phase70_probe_does_not_claim_proof_record_added,tests/test_phase70_probe.py,test_phase70_probe_does_not_claim_proof_record_added,002b6239fd74a17348ecf9281f7cee0ee8c9a2090b7c85d8408aade70bf3b60c,002b6239fd74a17348ecf9281f7cee0ee8c9a2090b7c85d8408aade70bf3b60c,624e2e495bbe25c946ff76e5288c5ac42baadc66738e234c072bba4c69889081,main,True,
tests/test_phase70_probe.py::test_phase70_probe_output_contains_proof_style_heading,tests/test_phase70_probe.py,test_phase70_probe_output_contains_proof_style_heading,e631bac9c28972c0d4b61f1295b1dff8ceaf15aaebb9e1588536b9afae051b4c,e631bac9c28972c0d4b61f1295b1dff8ceaf15aaebb9e1588536b9afae051b4c,624e2e495bbe25c946ff76e5288c5ac42baadc66738e234c072bba4c69889081,main,True,
tests/test_phase73_probe.py::test_phase73_probe_output_contains_proof_style_heading,tests/test_phase73_probe.py,test_phase73_probe_output_contains_proof_style_heading,e631bac9c28972c0d4b61f1295b1dff8ceaf15aaebb9e1588536b9afae051b4c,e631bac9c28972c0d4b61f1295b1dff8ceaf15aaebb9e1588536b9afae051b4c,b23078037ee71bfeec29346924d3f2506a91728654c4d1ed730f3b7b18d87c98,main,True,
tests/test_phase71_probe.py::test_phase71_probe_output_contains_proof_style_heading,tests/test_phase71_probe.py,test_phase71_probe_output_contains_proof_style_heading,e631bac9c28972c0d4b61f1295b1dff8ceaf15aaebb9e1588536b9afae051b4c,e631bac9c28972c0d4b61f1295b1dff8ceaf15aaebb9e1588536b9afae051b4c,caa28a6ac818bb271326d71ce63b52b69535d50c81bfa54f0203b575fe34f00c,main,True,
tests/test_phase70_probe.py::test_phase70_probe_output_contains_staged_one_shot_boundary,tests/test_phase70_probe.py,test_phase70_probe_output_contains_staged_one_shot_boundary,8e588959e8e61c8fcd8e8011a14bcba84b7d7a2e9f2db6af7dd822b5d69327ff,8e588959e8e61c8fcd8e8011a14bcba84b7d7a2e9f2db6af7dd822b5d69327ff,624e2e495bbe25c946ff76e5288c5ac42baadc66738e234c072bba4c69889081,main,True,
tests/test_phase73_probe.py::test_phase73_probe_output_contains_staged_boundary,tests/test_phase73_probe.py,test_phase73_probe_output_contains_staged_boundary,8e588959e8e61c8fcd8e8011a14bcba84b7d7a2e9f2db6af7dd822b5d69327ff,8e588959e8e61c8fcd8e8011a14bcba84b7d7a2e9f2db6af7dd822b5d69327ff,b23078037ee71bfeec29346924d3f2506a91728654c4d1ed730f3b7b18d87c98,main,True,
tests/test_phase71_probe.py::test_phase71_probe_output_contains_staged_boundary,tests/test_phase71_probe.py,test_phase71_probe_output_contains_staged_boundary,8e588959e8e61c8fcd8e8011a14bcba84b7d7a2e9f2db6af7dd822b5d69327ff,8e588959e8e61c8fcd8e8011a14bcba84b7d7a2e9f2db6af7dd822b5d69327ff,caa28a6ac818bb271326d71ce63b52b69535d50c81bfa54f0203b575fe34f00c,main,True,
tests/test_phase71_probe.py::test_phase71_probe_output_contains_provenance_heading,tests/test_phase71_probe.py,test_phase71_probe_output_contains_provenance_heading,993634b8a5a3517e1d08b5ab479be1f71ab9cf6511d2bfa336870d0b9bfb87b9,993634b8a5a3517e1d08b5ab479be1f71ab9cf6511d2bfa336870d0b9bfb87b9,caa28a6ac818bb271326d71ce63b52b69535d50c81bfa54f0203b575fe34f00c,main,True,
tests/test_phase73_probe.py::test_phase73_probe_output_contains_provenance_heading,tests/test_phase73_probe.py,test_phase73_probe_output_contains_provenance_heading,993634b8a5a3517e1d08b5ab479be1f71ab9cf6511d2bfa336870d0b9bfb87b9,993634b8a5a3517e1d08b5ab479be1f71ab9cf6511d2bfa336870d0b9bfb87b9,b23078037ee71bfeec29346924d3f2506a91728654c4d1ed730f3b7b18d87c98,main,True,
tests/test_phase72_probe.py::test_phase72_probe_output_contains_retirement_audit,tests/test_phase72_probe.py,test_phase72_probe_output_contains_retirement_audit,5de5a7748088240acb9a8566cabf18c40d692f515c74f8888e4a2f44456c9bb1,5de5a7748088240acb9a8566cabf18c40d692f515c74f8888e4a2f44456c9bb1,2b29333b7dd4a17db46e436170c2bc0d3431a9d0489f4ebec71593aef392a963,main,True,
tests/test_phase72r10_corrected_probe.py::test_phase72r10_probe_output_contains_retirement_audit,tests/test_phase72r10_corrected_probe.py,test_phase72r10_probe_output_contains_retirement_audit,5de5a7748088240acb9a8566cabf18c40d692f515c74f8888e4a2f44456c9bb1,5de5a7748088240acb9a8566cabf18c40d692f515c74f8888e4a2f44456c9bb1,2b29333b7dd4a17db46e436170c2bc0d3431a9d0489f4ebec71593aef392a963,main,True,
tests/test_phase73_prop511_finite_dimensional_integration.py::test_phase73_8e_final_is_inference,tests/test_phase73_prop511_finite_dimensional_integration.py,test_phase73_8e_final_is_inference,7e9319d4e884f823f09ce9b0d932adb095b358cc13e0725b514a8c1900acff33,7e9319d4e884f823f09ce9b0d932adb095b358cc13e0725b514a8c1900acff33,6fa75d2e7c2603d17e36c26a19b829284352701bd87e84ffb2bde95df3114e91,ProofRulebuild_phase73_8e_data,True,
tests/test_phase73_prop511_provenance.py::test_phase73_8e_final_aggregate_is_not_given,tests/test_phase73_prop511_provenance.py,test_phase73_8e_final_aggregate_is_not_given,7e9319d4e884f823f09ce9b0d932adb095b358cc13e0725b514a8c1900acff33,7e9319d4e884f823f09ce9b0d932adb095b358cc13e0725b514a8c1900acff33,06b6fc2ca54720a545fbbe53d934833a2bcab51ee1d3f6faf67d7d5f972d929d,ProofRulebuild_phase73_8e_data,True,
tests/test_phase74_lemma512_final_integration.py::test_phase74_8_does_not_create_nu_square_class,tests/test_phase74_lemma512_final_integration.py,test_phase74_8_does_not_create_nu_square_class,aab6ceb3d576e47b520687024a54693ff5e92143f70d7ced5503dcb03105057c,aab6ceb3d576e47b520687024a54693ff5e92143f70d7ced5503dcb03105057c,329d069b3fa2ff907d79da75de33098eb996f15012f0a2d74c6adf7921e7c588,Compositionbuild_phase74_8_data,True,
tests/test_phase74_lemma512_final_integration.py::test_phase74_8_final_generator_is_composition,tests/test_phase74_lemma512_final_integration.py,test_phase74_8_final_generator_is_composition,aab6ceb3d576e47b520687024a54693ff5e92143f70d7ced5503dcb03105057c,aab6ceb3d576e47b520687024a54693ff5e92143f70d7ced5503dcb03105057c,329d069b3fa2ff907d79da75de33098eb996f15012f0a2d74c6adf7921e7c588,Compositionbuild_phase74_8_data,True,
tests/test_phase87_minimal_retry_policy_representation.py::test_phase87_2_current_search_still_stops_at_ambiguity,tests/test_phase87_minimal_retry_policy_representation.py,test_phase87_2_current_search_still_stops_at_ambiguity,05c9117dd1119a2460334f94645a211f50c5a560e5aefd2e88f60bdc5788bc67,05c9117dd1119a2460334f94645a211f50c5a560e5aefd2e88f60bdc5788bc67,62d8ce058f43452e7b9f270c2ac10321bb3289044bf43463c9db5e0f634f6df6,BoundedProducerSearchStatusbuild_depth_two_producer_search_reportbuild_phase87_2_data,True,
tests/test_phase87_minimal_retry_policy_representation.py::test_phase87_2_fixture_preserves_catalog_candidate_order,tests/test_phase87_minimal_retry_policy_representation.py,test_phase87_2_fixture_preserves_catalog_candidate_order,05c9117dd1119a2460334f94645a211f50c5a560e5aefd2e88f60bdc5788bc67,05c9117dd1119a2460334f94645a211f50c5a560e5aefd2e88f60bdc5788bc67,62d8ce058f43452e7b9f270c2ac10321bb3289044bf43463c9db5e0f634f6df6,BoundedProducerSearchStatusbuild_depth_two_producer_search_reportbuild_phase87_2_data,True,
tests/test_toda_rules.py::test_phase23_5_consistent_indexed_data_allows_theorem_bridge,tests/test_toda_rules.py,test_phase23_5_consistent_indexed_data_allows_theorem_bridge,18400ba3a700204d58701ffefe9cfb40a71c87468819e0908a408dffbfc65bb6,18400ba3a700204d58701ffefe9cfb40a71c87468819e0908a408dffbfc65bb6,cc00f01cb8fcb5042aa6aa4c643e5980506eaf4e7f6d9a690af138961625d771,HomotopyElementIndexedTodaBracketDataInferenceTerminationReasonIteratedSuspensionProofRuleProofStepTodaBracketTodaBracketDefinedStatementTodaBracketMembershipStatementTodaBracketMembershipTheoremStatementfind_inference_matchindexed_toda_bracket_membership_from_theorem_inference_rulerun_inference_until_stable_with_historytoda_bracket_membership_theorem_proof_step,True,
tests/test_toda_rules.py::test_phase23_6_type_compatible_indexed_data_allows_theorem_bridge,tests/test_toda_rules.py,test_phase23_6_type_compatible_indexed_data_allows_theorem_bridge,18400ba3a700204d58701ffefe9cfb40a71c87468819e0908a408dffbfc65bb6,18400ba3a700204d58701ffefe9cfb40a71c87468819e0908a408dffbfc65bb6,cc00f01cb8fcb5042aa6aa4c643e5980506eaf4e7f6d9a690af138961625d771,HomotopyElementIndexedTodaBracketDataInferenceTerminationReasonIteratedSuspensionProofRuleProofStepTodaBracketTodaBracketDefinedStatementTodaBracketMembershipStatementTodaBracketMembershipTheoremStatementfind_inference_matchindexed_toda_bracket_membership_from_theorem_inference_rulerun_inference_until_stable_with_historytoda_bracket_membership_theorem_proof_step,True,
tests/test_phase41_preimage_subgroup.py::test_phase41_1_proof_expression_map_identity_is_distinct_from_group_map,tests/test_phase41_preimage_subgroup.py,test_phase41_1_proof_expression_map_identity_is_distinct_from_group_map,7677ceb71cd2624b9573cecd29dbf7ff30490c4e6b25221646d59cf2af12f7c1,7677ceb71cd2624b9573cecd29dbf7ff30490c4e6b25221646d59cf2af12f7c1,cdc210c0cf3e38e7938bb1518048cf86f8778ce1a832c6f0059a355adc2643b2,GroupMapMapSymbolSUSPENSION_MAP,True,
tests/test_phase32_prop22.py::test_phase32_7_smash_product_typing_remains_unknown,tests/test_phase32_prop22.py,test_phase32_7_smash_product_typing_remains_unknown,b88edc17d84625c9acda9b0cc623d5fb530a5f3f330c7e133a3d0a97490c4b0a,b88edc17d84625c9acda9b0cc623d5fb530a5f3f330c7e133a3d0a97490c4b0a,1c69ea0eeb4af406c1aba697261ef4d87451825fb5360846beea106921f70800,HomotopyElementSmashProduct,True,
tests/test_phase42_whitehead_product.py::test_phase42_1_smash_product_has_no_source_or_target_typing,tests/test_phase42_whitehead_product.py,test_phase42_1_smash_product_has_no_source_or_target_typing,5fd7d42e452964d43d6ea693ccbb619c697f030419dd1b975fa9de94c0d895bb,5fd7d42e452964d43d6ea693ccbb619c697f030419dd1b975fa9de94c0d895bb,7a8ee3585e7dd6f91984f2418f92172f57493ddeefac6883f27ba93bd9a7c8e9,HomotopyElementSmashProduct,True,
tests/test_phase100_12c1_production_one_shot_facade.py::test_phase100_12c1_existing_repository_explicit_facade_remains_available,tests/test_phase100_12c1_production_one_shot_facade.py,test_phase100_12c1_existing_repository_explicit_facade_remains_available,5eac10c94d940d352b53715e78fe325a9f403edeb9bfaeee21bc39d97d9b12ba,5eac10c94d940d352b53715e78fe325a9f403edeb9bfaeee21bc39d97d9b12ba,8c0456473d41c704be8eb79fbd6ab87316a20549a4a3c37ff671ac511badf430,ProofRepositoryTodaCalculationStatusbuild_toda_report,True,
tests/test_phase113_sigma_group_query_integration.py::test_phase113_explicit_empty_repository_does_not_invent_sigma_specialization,tests/test_phase113_sigma_group_query_integration.py,test_phase113_explicit_empty_repository_does_not_invent_sigma_specialization,cee489e496414e6ac792b51ccb7cf9fdeabdd71951a3c4233df7e405677f2d78,cee489e496414e6ac792b51ccb7cf9fdeabdd71951a3c4233df7e405677f2d78,8c0456473d41c704be8eb79fbd6ab87316a20549a4a3c37ff671ac511badf430,ProofRepositoryTodaCalculationStatusbuild_toda_report,True,
tests/test_phase109_29_known_group_proof_replay_cli.py::test_phase109_29_show_proof_also_works_for_existing_nu_prime_identity,tests/test_phase109_29_known_group_proof_replay_cli.py,test_phase109_29_show_proof_also_works_for_existing_nu_prime_identity,924f991ae093b2fbcee3666ae5ef2ab69f733f2ba0e92c276791241350aa2375,924f991ae093b2fbcee3666ae5ef2ab69f733f2ba0e92c276791241350aa2375,d4d0cf95509a6b84844b4faf67445f6522d1a19fd3797e4e26d5141f35b5b1fe,cli_main,True,
tests/test_phase144_6_public_route_cutover.py::test_phase144_6_cli_pi6_3_narrative_uses_public_cutover,tests/test_phase144_6_public_route_cutover.py,test_phase144_6_cli_pi6_3_narrative_uses_public_cutover,7455349d8f99dcd87fa623f18434409f5be6667713bd6f311a09d66ed993fae0,7455349d8f99dcd87fa623f18434409f5be6667713bd6f311a09d66ed993fae0,d4d0cf95509a6b84844b4faf67445f6522d1a19fd3797e4e26d5141f35b5b1fe,cli_main,True,
tests/test_phase131_4_group_result_proof_replay_cli.py::test_phase131_4_group_proof_zero_depth_contains_only_root,tests/test_phase131_4_group_result_proof_replay_cli.py,test_phase131_4_group_proof_zero_depth_contains_only_root,4a4b1be8ea479f56cfd3b00b06c13535ee832146c7be980f534643338f1a9141,4a4b1be8ea479f56cfd3b00b06c13535ee832146c7be980f534643338f1a9141,d4d0cf95509a6b84844b4faf67445f6522d1a19fd3797e4e26d5141f35b5b1fe,cli_main,True,
tests/test_phase132_7_group_proof_cli_modes.py::test_phase132_7_group_proof_explicit_trace_remains_available,tests/test_phase132_7_group_proof_cli_modes.py,test_phase132_7_group_proof_explicit_trace_remains_available,712ff0dfa829cbc2e01b9a16fb5922dd5f1d0e829f672bde2f0a539651cfb2dd,712ff0dfa829cbc2e01b9a16fb5922dd5f1d0e829f672bde2f0a539651cfb2dd,d4d0cf95509a6b84844b4faf67445f6522d1a19fd3797e4e26d5141f35b5b1fe,cli_main,True,
tests/test_phase134_14_pi8_5_snapshot.py::test_phase134_14_pi8_5_output_is_byte_for_byte_unchanged,tests/test_phase134_14_pi8_5_snapshot.py,test_phase134_14_pi8_5_output_is_byte_for_byte_unchanged,8bb8a14653126d90cfe74c14dc3aba3d8ba6f2dd7448363a246304c3edd81651,8bb8a14653126d90cfe74c14dc3aba3d8ba6f2dd7448363a246304c3edd81651,b73634f0bd08746574764b786d631853f2e38754ab99bfdecb520d3ce9340bdd,PI8_5_EXPECTEDcli_main,True,
tests/test_phase144_6_pi6_generic_production_route.py::test_phase144_6_cli_pi6_3_narrative_uses_generic_route,tests/test_phase144_6_pi6_generic_production_route.py,test_phase144_6_cli_pi6_3_narrative_uses_generic_route,f01aa1584cb8d6d91409869388bf5928c4fc1bfb2390d75bb8cb7fcf5a6fcc94,f01aa1584cb8d6d91409869388bf5928c4fc1bfb2390d75bb8cb7fcf5a6fcc94,d4d0cf95509a6b84844b4faf67445f6522d1a19fd3797e4e26d5141f35b5b1fe,cli_main,True,
tests/test_phase101_main_explore_dispatch.py::test_phase101_3_explore_command_uses_production_one_shot_facade,tests/test_phase101_main_explore_dispatch.py,test_phase101_3_explore_command_uses_production_one_shot_facade,5222102051d424111b93dcbe8e25285bb0a33ef0a981cd8c2316b8b78d1a6e42,5222102051d424111b93dcbe8e25285bb0a33ef0a981cd8c2316b8b78d1a6e42,d9d4ccd2075bbb9830db2d9a7d4881a89e24c0cecbe8a2d1283e66cbdbaf68e4,SimpleNamespacecli_main,True,
tests/test_phase102_cli_proof_scope.py::test_phase102_7_existing_explore_command_is_unchanged,tests/test_phase102_cli_proof_scope.py,test_phase102_7_existing_explore_command_is_unchanged,0736ccc3eae661499ea9fe2ffade860f1051ccdb706ee54a212bf66601aaf166,0736ccc3eae661499ea9fe2ffade860f1051ccdb706ee54a212bf66601aaf166,d9d4ccd2075bbb9830db2d9a7d4881a89e24c0cecbe8a2d1283e66cbdbaf68e4,SimpleNamespacecli_main,True,
tests/test_phase101_main_explore_dispatch.py::test_phase101_3_legacy_n_k_path_is_unchanged,tests/test_phase101_main_explore_dispatch.py,test_phase101_3_legacy_n_k_path_is_unchanged,3c84da890a0e2dc967159a723b594c2b210bcbc4d7fa05afd3c77c3be99593d4,3c84da890a0e2dc967159a723b594c2b210bcbc4d7fa05afd3c77c3be99593d4,ce4769b79ad1c730abccbbaca5b7cf91750d85b2348ad300c10668fd4a7374d8,SimpleNamespaceTodaCalculationStatuscli_main,True,
tests/test_phase102_cli_proof_scope.py::test_phase102_7_legacy_n_k_path_is_unchanged,tests/test_phase102_cli_proof_scope.py,test_phase102_7_legacy_n_k_path_is_unchanged,f27af57db63413782fdea09e4ec26b26f6bf4ef7d2bdf09519e5fd574e090645,f27af57db63413782fdea09e4ec26b26f6bf4ef7d2bdf09519e5fd574e090645,ce4769b79ad1c730abccbbaca5b7cf91750d85b2348ad300c10668fd4a7374d8,SimpleNamespaceTodaCalculationStatuscli_main,True,
tests/test_phase108_11_cli_execution_command_integration.py::test_phase108_11_execute_candidate_prints_result_and_proof,tests/test_phase108_11_cli_execution_command_integration.py,test_phase108_11_execute_candidate_prints_result_and_proof,945ae885d1f0f9ecba102ed9faade0faded2a68dfc1eafc9f1551da8cbcf9fbb,945ae885d1f0f9ecba102ed9faade0faded2a68dfc1eafc9f1551da8cbcf9fbb,ce19650e85b5e50f2c2211d4b5cb832ad21177a1cbd8ae3a81eacf0e3a756c67,RepositoryGeneratorUserExecutionWorkflowStatusSimpleNamespacecli_main,True,
tests/test_phase108_11_cli_execution_command_integration.py::test_phase108_11_execute_none_is_exit_one,tests/test_phase108_11_cli_execution_command_integration.py,test_phase108_11_execute_none_is_exit_one,a2e83d8cc5fdcb8b6efae826839d24a828a1dc4cef4edc9d79bb7213c50c7a55,a2e83d8cc5fdcb8b6efae826839d24a828a1dc4cef4edc9d79bb7213c50c7a55,ce19650e85b5e50f2c2211d4b5cb832ad21177a1cbd8ae3a81eacf0e3a756c67,RepositoryGeneratorUserExecutionWorkflowStatusSimpleNamespacecli_main,True,
tests/test_phase110_6_operation_query_cli_integration.py::test_phase110_6_existing_execute_path_is_unchanged,tests/test_phase110_6_operation_query_cli_integration.py,test_phase110_6_existing_execute_path_is_unchanged,38fd134ed42ab04d726d66eaaf83ec171735f6c35fb4f4c7bfa38dd439702fc5,38fd134ed42ab04d726d66eaaf83ec171735f6c35fb4f4c7bfa38dd439702fc5,d9d4ccd2075bbb9830db2d9a7d4881a89e24c0cecbe8a2d1283e66cbdbaf68e4,SimpleNamespacecli_main,True,
tests/test_phase108_11_cli_execution_command_integration.py::test_phase108_11_legacy_n_k_path_is_unchanged,tests/test_phase108_11_cli_execution_command_integration.py,test_phase108_11_legacy_n_k_path_is_unchanged,932279181134840e0075582ea872788f2eb27b1f3672f2914e048e15a2fad37a,932279181134840e0075582ea872788f2eb27b1f3672f2914e048e15a2fad37a,ce4769b79ad1c730abccbbaca5b7cf91750d85b2348ad300c10668fd4a7374d8,SimpleNamespaceTodaCalculationStatuscli_main,True,
tests/test_phase110_6_operation_query_cli_integration.py::test_phase110_6_legacy_n_k_path_is_unchanged,tests/test_phase110_6_operation_query_cli_integration.py,test_phase110_6_legacy_n_k_path_is_unchanged,51ee6c79e94b624ec39c6bfc3ba6619d4259fb6678198071cb66df9da4c37572,51ee6c79e94b624ec39c6bfc3ba6619d4259fb6678198071cb66df9da4c37572,d9d4ccd2075bbb9830db2d9a7d4881a89e24c0cecbe8a2d1283e66cbdbaf68e4,SimpleNamespacecli_main,True,
tests/test_phase101_main_explore_dispatch.py::test_phase101_3_missing_generator_uses_argparse_error_exit,tests/test_phase101_main_explore_dispatch.py,test_phase101_3_missing_generator_uses_argparse_error_exit,860b46d349cc0549f9a4a46ff8391b965c5b2ef9efc4c4b471589477a48290e2,860b46d349cc0549f9a4a46ff8391b965c5b2ef9efc4c4b471589477a48290e2,ef34484c64eaede733b06c40f3c1601a5e723b8cf65133364027332278b4a8ad,cli_mainpytest,True,
tests/test_phase102_cli_proof_scope.py::test_phase102_7_explore_proof_missing_generator_is_argparse_error,tests/test_phase102_cli_proof_scope.py,test_phase102_7_explore_proof_missing_generator_is_argparse_error,efc447387e47fe6c4afa8422e974ccefeebf315e9069418e8f67f9a04d8f5c72,efc447387e47fe6c4afa8422e974ccefeebf315e9069418e8f67f9a04d8f5c72,ef34484c64eaede733b06c40f3c1601a5e723b8cf65133364027332278b4a8ad,cli_mainpytest,True,
tests/test_phase108_11_cli_execution_command_integration.py::test_phase108_11_execute_missing_generator_is_parser_error,tests/test_phase108_11_cli_execution_command_integration.py,test_phase108_11_execute_missing_generator_is_parser_error,94bb865af6d9a5ef1de8701d0c324a932c8b7c84b281122d8c9a080153cdd965,94bb865af6d9a5ef1de8701d0c324a932c8b7c84b281122d8c9a080153cdd965,ef34484c64eaede733b06c40f3c1601a5e723b8cf65133364027332278b4a8ad,cli_mainpytest,True,
tests/test_phase103_cli_applicability.py::test_phase103_6_explore_applicable_missing_generator_is_argparse_error,tests/test_phase103_cli_applicability.py,test_phase103_6_explore_applicable_missing_generator_is_argparse_error,8b8309b3192d3794957e274613b6b834a9f1c39d3657fd890b95ba35a159fc04,8b8309b3192d3794957e274613b6b834a9f1c39d3657fd890b95ba35a159fc04,ef34484c64eaede733b06c40f3c1601a5e723b8cf65133364027332278b4a8ad,cli_mainpytest,True,
tests/test_phase102_cli_proof_scope.py::test_phase102_7_explore_proof_invalid_generator_is_argparse_error,tests/test_phase102_cli_proof_scope.py,test_phase102_7_explore_proof_invalid_generator_is_argparse_error,43196d2ff2b0c2fb7d2ba09474dfd6b08dd8efc931486ec96d96a567125f47ea,43196d2ff2b0c2fb7d2ba09474dfd6b08dd8efc931486ec96d96a567125f47ea,ef34484c64eaede733b06c40f3c1601a5e723b8cf65133364027332278b4a8ad,cli_mainpytest,True,
tests/test_phase103_cli_applicability.py::test_phase103_6_explore_applicable_invalid_generator_is_argparse_error,tests/test_phase103_cli_applicability.py,test_phase103_6_explore_applicable_invalid_generator_is_argparse_error,40b9b18b694e73f8dcf6676cb071abd46818dbdd5588e34ddaf7e35fba07f0bf,40b9b18b694e73f8dcf6676cb071abd46818dbdd5588e34ddaf7e35fba07f0bf,ef34484c64eaede733b06c40f3c1601a5e723b8cf65133364027332278b4a8ad,cli_mainpytest,True,
tests/test_phase111_10_proof_replay_depth_cli.py::test_phase111_10_negative_depth_is_parser_error,tests/test_phase111_10_proof_replay_depth_cli.py,test_phase111_10_negative_depth_is_parser_error,de1b71dafff29b179110234a36c2157135364e92b6fdd9e4f5080183adf6bd33,de1b71dafff29b179110234a36c2157135364e92b6fdd9e4f5080183adf6bd33,ef34484c64eaede733b06c40f3c1601a5e723b8cf65133364027332278b4a8ad,cli_mainpytest,True,
tests/test_phase85_bounded_search_diagnostic_representation.py::test_phase85_2_status_values_are_unique,tests/test_phase85_bounded_search_diagnostic_representation.py,test_phase85_2_status_values_are_unique,eeda611c161c5bcaa845d2611917bed61a67ad4fcab7d0838d28803dd114b0d2,eeda611c161c5bcaa845d2611917bed61a67ad4fcab7d0838d28803dd114b0d2,0b614abe54b1962c325038d9ea23add63f6d6fc6c7e5ed3a2549b09427b0ac09,BoundedProducerSearchStatuspytest,True,
tests/test_phase104_4e_candidate_handoff_validation_representation.py::test_phase104_4e_status_values_are_unique,tests/test_phase104_4e_candidate_handoff_validation_representation.py,test_phase104_4e_status_values_are_unique,8372e02184daddeb14f2e916a5a217bb0b0c99d16d7e28d7ea7baeb80bf7e03e,8372e02184daddeb14f2e916a5a217bb0b0c99d16d7e28d7ea7baeb80bf7e03e,d0ee93d31bae5e6ef83fdfc393bfd3244e49e1a439b19caff93cd58a869f20bd,RepositoryGeneratorApplicabilityHandoffValidationStatuspytest,True,
tests/test_phase110_5_minimal_operation_query_core.py::test_phase110_5_lookup_is_deterministic,tests/test_phase110_5_minimal_operation_query_core.py,test_phase110_5_lookup_is_deterministic,b388a24bb719ed490e2cdc559433c12ab858927b7674b1976c14d33417957211,b388a24bb719ed490e2cdc559433c12ab858927b7674b1976c14d33417957211,4b20b32fd003dd9818b723b3f7e246a2f136f616a92279c4c5d2ac78f3927bc6,query_standard_repository_operation_input,True,
tests/test_phase114_3_nu5_operation_query_handoff.py::test_phase114_3_handoff_is_deterministic,tests/test_phase114_3_nu5_operation_query_handoff.py,test_phase114_3_handoff_is_deterministic,3e6a0f118e6613b04106c1cc73819cb5ca0b4f0d65b664373adbba492864a9fa,3e6a0f118e6613b04106c1cc73819cb5ca0b4f0d65b664373adbba492864a9fa,4b20b32fd003dd9818b723b3f7e246a2f136f616a92279c4c5d2ac78f3927bc6,query_standard_repository_operation_input,True,
tests/test_phase115_sigma11_operation_query_handoff.py::test_phase115_4_handoff_is_deterministic,tests/test_phase115_sigma11_operation_query_handoff.py,test_phase115_4_handoff_is_deterministic,d3fd9eec0950dce5aaa09cf6028356562ee7274b1d0704722e4d61578b1d574a,d3fd9eec0950dce5aaa09cf6028356562ee7274b1d0704722e4d61578b1d574a,4b20b32fd003dd9818b723b3f7e246a2f136f616a92279c4c5d2ac78f3927bc6,query_standard_repository_operation_input,True,
tests/test_phase129_nu_prime_operation_query_handoff.py::test_phase129_4_handoff_is_deterministic,tests/test_phase129_nu_prime_operation_query_handoff.py,test_phase129_4_handoff_is_deterministic,c81a3d05746e985a39ee579f9442bd52b0033be6020ce9f96ed2b6d5d4d3d5d4,c81a3d05746e985a39ee579f9442bd52b0033be6020ce9f96ed2b6d5d4d3d5d4,4b20b32fd003dd9818b723b3f7e246a2f136f616a92279c4c5d2ac78f3927bc6,query_standard_repository_operation_input,True,
tests/test_phase110_5_minimal_operation_query_core.py::test_phase110_5_lookup_does_not_mutate_repository,tests/test_phase110_5_minimal_operation_query_core.py,test_phase110_5_lookup_does_not_mutate_repository,a1f6e4de6a3c813d1a21db4fdde75981ea7ddd1723e4de8c5c8b7a6537b9d6e2,a1f6e4de6a3c813d1a21db4fdde75981ea7ddd1723e4de8c5c8b7a6537b9d6e2,ab8d5fca5d1b627a2e2011daa9fb422a9e3b2efabb53946055c889fc409f2f12,build_standard_production_proof_repositoryquery_repository_operation_input,True,
tests/test_phase114_3_nu5_operation_query_handoff.py::test_phase114_3_handoff_does_not_mutate_repository,tests/test_phase114_3_nu5_operation_query_handoff.py,test_phase114_3_handoff_does_not_mutate_repository,7020573f1632020baf23c32e6f62fc1c6db64655432e990ef29c92bd4a755695,7020573f1632020baf23c32e6f62fc1c6db64655432e990ef29c92bd4a755695,ab8d5fca5d1b627a2e2011daa9fb422a9e3b2efabb53946055c889fc409f2f12,build_standard_production_proof_repositoryquery_repository_operation_input,True,
tests/test_phase115_sigma11_operation_query_handoff.py::test_phase115_4_handoff_does_not_mutate_repository,tests/test_phase115_sigma11_operation_query_handoff.py,test_phase115_4_handoff_does_not_mutate_repository,fd0547dc61bcdb520834512ba6b08211e6c0ca04b3cea42481772b4753d7658c,fd0547dc61bcdb520834512ba6b08211e6c0ca04b3cea42481772b4753d7658c,ab8d5fca5d1b627a2e2011daa9fb422a9e3b2efabb53946055c889fc409f2f12,build_standard_production_proof_repositoryquery_repository_operation_input,True,
tests/test_phase128_nu5_eta8_operation_query_handoff.py::test_phase128_2_handoff_does_not_mutate_repository,tests/test_phase128_nu5_eta8_operation_query_handoff.py,test_phase128_2_handoff_does_not_mutate_repository,2be503c94497e050211f20ffff791945d249ce925dfd75ed4e66521cc6b08942,2be503c94497e050211f20ffff791945d249ce925dfd75ed4e66521cc6b08942,ab8d5fca5d1b627a2e2011daa9fb422a9e3b2efabb53946055c889fc409f2f12,build_standard_production_proof_repositoryquery_repository_operation_input,True,
tests/test_phase129_nu_prime_operation_query_handoff.py::test_phase129_4_handoff_does_not_mutate_repository,tests/test_phase129_nu_prime_operation_query_handoff.py,test_phase129_4_handoff_does_not_mutate_repository,eec218b3dc6de7a9811775cd186d14048bbb31f1c330ff9efed76752935a21ab,eec218b3dc6de7a9811775cd186d14048bbb31f1c330ff9efed76752935a21ab,ab8d5fca5d1b627a2e2011daa9fb422a9e3b2efabb53946055c889fc409f2f12,build_standard_production_proof_repositoryquery_repository_operation_input,True,
tests/test_phase114_3_nu5_operation_query_handoff.py::test_phase114_3_direct_lookup_for_e_nu5_still_misses,tests/test_phase114_3_nu5_operation_query_handoff.py,test_phase114_3_direct_lookup_for_e_nu5_still_misses,092c59b6c9a5c05392c25dbb4920d981f185b0d9087df1fed4aacff2fce5dd73,092c59b6c9a5c05392c25dbb4920d981f185b0d9087df1fed4aacff2fce5dd73,8238a53613f137d1ae2ced6f1409f4e499ce4fbb4227360eee168d28bcc3e73a,build_standard_production_proof_repositoryparse_repository_operation_queryquery_repository_operation,True,
tests/test_phase115_sigma11_operation_query_handoff.py::test_phase115_4_direct_lookup_for_e_sigma11_still_misses,tests/test_phase115_sigma11_operation_query_handoff.py,test_phase115_4_direct_lookup_for_e_sigma11_still_misses,6b2a9544345c545af21abe9247dc165e2270afb62c3992586414b2c361b1cc54,6b2a9544345c545af21abe9247dc165e2270afb62c3992586414b2c361b1cc54,8238a53613f137d1ae2ced6f1409f4e499ce4fbb4227360eee168d28bcc3e73a,build_standard_production_proof_repositoryparse_repository_operation_queryquery_repository_operation,True,
tests/test_phase128_nu5_eta8_operation_query_handoff.py::test_phase128_2_direct_lookup_still_misses,tests/test_phase128_nu5_eta8_operation_query_handoff.py,test_phase128_2_direct_lookup_still_misses,1ebf3e093ee726d9b5a920cb94c0503fc53681ae41817000f9ced4a5c5789fb3,1ebf3e093ee726d9b5a920cb94c0503fc53681ae41817000f9ced4a5c5789fb3,8238a53613f137d1ae2ced6f1409f4e499ce4fbb4227360eee168d28bcc3e73a,build_standard_production_proof_repositoryparse_repository_operation_queryquery_repository_operation,True,
tests/test_phase129_nu_prime_operation_query_handoff.py::test_phase129_4_direct_lookup_for_e_nu_prime_still_misses,tests/test_phase129_nu_prime_operation_query_handoff.py,test_phase129_4_direct_lookup_for_e_nu_prime_still_misses,aec4025f687f4e848a93b1032826fcd7d14f6238954a25574d9f5e927f279561,aec4025f687f4e848a93b1032826fcd7d14f6238954a25574d9f5e927f279561,8238a53613f137d1ae2ced6f1409f4e499ce4fbb4227360eee168d28bcc3e73a,build_standard_production_proof_repositoryparse_repository_operation_queryquery_repository_operation,True,
tests/test_phase114_3_nu5_operation_query_handoff.py::test_phase114_3_query_proof_replays_specialized_root_and_symbolic_bridge,tests/test_phase114_3_nu5_operation_query_handoff.py,test_phase114_3_query_proof_replays_specialized_root_and_symbolic_bridge,3b09207b7bb4aa9e439cb8fbf173139ac6e994186798b064155de2105333ad84,3b09207b7bb4aa9e439cb8fbf173139ac6e994186798b064155de2105333ad84,be798c269345d310a57df9f436794cccc05178fbccba81851a1b6256a7bcbb12,ProofRulebuild_repository_operation_query_presentationbuild_repository_operation_query_proof_replayquery_standard_repository_operation_input,True,
tests/test_phase115_sigma11_operation_query_handoff.py::test_phase115_4_query_proof_replays_specialized_root_and_symbolic_definition,tests/test_phase115_sigma11_operation_query_handoff.py,test_phase115_4_query_proof_replays_specialized_root_and_symbolic_definition,16c1f860aed1b306ead47a5d6dbfc507096622aec36d7e178b487c6681130724,16c1f860aed1b306ead47a5d6dbfc507096622aec36d7e178b487c6681130724,be798c269345d310a57df9f436794cccc05178fbccba81851a1b6256a7bcbb12,ProofRulebuild_repository_operation_query_presentationbuild_repository_operation_query_proof_replayquery_standard_repository_operation_input,True,
tests/test_phase117_web_app.py::test_phase117_1_get_root_shows_minimal_group_query_form,tests/test_phase117_web_app.py,test_phase117_1_get_root_shows_minimal_group_query_form,eb3daa66714658b19aded3da349195d3399196ef97cf9bb25bf9f227dd92dfc9,eb3daa66714658b19aded3da349195d3399196ef97cf9bb25bf9f227dd92dfc9,466155fb62d1bda0c0c7ba6fec0ce1b5ef9170eb6cb76267c3b1e361650b3f3c,_build_test_client,True,
tests/test_phase118_web_app.py::test_phase118_2_get_root_shows_operation_query_form,tests/test_phase118_web_app.py,test_phase118_2_get_root_shows_operation_query_form,8d7a81be98bd9218b1ae9e49763caef94dc8154b124353cc33f41d5acda5244d,8d7a81be98bd9218b1ae9e49763caef94dc8154b124353cc33f41d5acda5244d,466155fb62d1bda0c0c7ba6fec0ce1b5ef9170eb6cb76267c3b1e361650b3f3c,_build_test_client,True,
tests/test_phase117_web_app.py::test_phase117_3_html_does_not_preempt_python_domain_validation,tests/test_phase117_web_app.py,test_phase117_3_html_does_not_preempt_python_domain_validation,591725587e68ecfc9b4fe15b6e4238d912cb4747f7984fdf4f39906d1ca4fbe8,591725587e68ecfc9b4fe15b6e4238d912cb4747f7984fdf4f39906d1ca4fbe8,466155fb62d1bda0c0c7ba6fec0ce1b5ef9170eb6cb76267c3b1e361650b3f3c,_build_test_client,True,
tests/test_phase137_2_web_presentation_cleanup.py::test_phase137_2_group_query_description_uses_inline_katex,tests/test_phase137_2_web_presentation_cleanup.py,test_phase137_2_group_query_description_uses_inline_katex,d60c192c9dc71dd0cc227813095964586be60a550644184b40904ce7082551db,d60c192c9dc71dd0cc227813095964586be60a550644184b40904ce7082551db,466155fb62d1bda0c0c7ba6fec0ce1b5ef9170eb6cb76267c3b1e361650b3f3c,_build_test_client,True,
tests/test_phase120_2_web_app_generator_proof.py::test_phase120_2_existing_group_and_operation_forms_remain_available,tests/test_phase120_2_web_app_generator_proof.py,test_phase120_2_existing_group_and_operation_forms_remain_available,447869a955f6a0523f05b981d9ec557a92cbeaa3ad9e04ee5ef091447d723cf6,447869a955f6a0523f05b981d9ec557a92cbeaa3ad9e04ee5ef091447d723cf6,466155fb62d1bda0c0c7ba6fec0ce1b5ef9170eb6cb76267c3b1e361650b3f3c,_build_test_client,True,
tests/test_phase121_4_web_app_generator_exploration.py::test_phase121_4_existing_web_forms_remain_available,tests/test_phase121_4_web_app_generator_exploration.py,test_phase121_4_existing_web_forms_remain_available,998001767fc10349e2579da68ecd390c1545ffdc1f27917393c558ed1c204f48,998001767fc10349e2579da68ecd390c1545ffdc1f27917393c558ed1c204f48,466155fb62d1bda0c0c7ba6fec0ce1b5ef9170eb6cb76267c3b1e361650b3f3c,_build_test_client,True,
tests/test_phase120_2_web_app_generator_proof.py::test_phase120_2_get_root_shows_generator_proof_form,tests/test_phase120_2_web_app_generator_proof.py,test_phase120_2_get_root_shows_generator_proof_form,53b45bd97885902eb08af3a12ecac3adfef5b272f4fc22132dcde9c0ac4bca78,53b45bd97885902eb08af3a12ecac3adfef5b272f4fc22132dcde9c0ac4bca78,466155fb62d1bda0c0c7ba6fec0ce1b5ef9170eb6cb76267c3b1e361650b3f3c,_build_test_client,True,
tests/test_phase122_4_web_app_generator_proof_scope.py::test_phase122_4_existing_web_forms_remain_available,tests/test_phase122_4_web_app_generator_proof_scope.py,test_phase122_4_existing_web_forms_remain_available,da49604eaa610b54cd1d2c76c9a08487878d7f550f59cbecdf51c0797a35d8a8,da49604eaa610b54cd1d2c76c9a08487878d7f550f59cbecdf51c0797a35d8a8,466155fb62d1bda0c0c7ba6fec0ce1b5ef9170eb6cb76267c3b1e361650b3f3c,_build_test_client,True,
tests/test_phase121_4_web_app_generator_exploration.py::test_phase121_4_get_root_shows_generator_exploration_form,tests/test_phase121_4_web_app_generator_exploration.py,test_phase121_4_get_root_shows_generator_exploration_form,de6aa51afa7362e7f4c4202209fdf12b3218b370fe68e1c0447938a98616a83a,de6aa51afa7362e7f4c4202209fdf12b3218b370fe68e1c0447938a98616a83a,466155fb62d1bda0c0c7ba6fec0ce1b5ef9170eb6cb76267c3b1e361650b3f3c,_build_test_client,True,
tests/test_phase123_4_web_app_generator_applicability.py::test_phase123_4_existing_web_forms_remain_available,tests/test_phase123_4_web_app_generator_applicability.py,test_phase123_4_existing_web_forms_remain_available,c1c92c04f75ba2eb9d4ef1af45379ea6e9ef52a84d04b3b1cfd4f3f6f6b500c7,c1c92c04f75ba2eb9d4ef1af45379ea6e9ef52a84d04b3b1cfd4f3f6f6b500c7,466155fb62d1bda0c0c7ba6fec0ce1b5ef9170eb6cb76267c3b1e361650b3f3c,_build_test_client,True,
tests/test_phase122_4_web_app_generator_proof_scope.py::test_phase122_4_get_root_shows_generator_proof_scope_form,tests/test_phase122_4_web_app_generator_proof_scope.py,test_phase122_4_get_root_shows_generator_proof_scope_form,ee6fff070a26a84d3b6a4fb29c74f81593e54282c429806ae023f652f285ab67,ee6fff070a26a84d3b6a4fb29c74f81593e54282c429806ae023f652f285ab67,466155fb62d1bda0c0c7ba6fec0ce1b5ef9170eb6cb76267c3b1e361650b3f3c,_build_test_client,True,
tests/test_phase124_4_web_workflow_navigation.py::test_phase124_4_existing_form_actions_remain_available,tests/test_phase124_4_web_workflow_navigation.py,test_phase124_4_existing_form_actions_remain_available,6d1b81af86d5f7f47cba68ff49f9da6b40380baf0a98501ad7abb719179f467b,6d1b81af86d5f7f47cba68ff49f9da6b40380baf0a98501ad7abb719179f467b,466155fb62d1bda0c0c7ba6fec0ce1b5ef9170eb6cb76267c3b1e361650b3f3c,_build_test_client,True,
tests/test_phase123_4_web_app_generator_applicability.py::test_phase123_4_get_root_shows_generator_applicability_form,tests/test_phase123_4_web_app_generator_applicability.py,test_phase123_4_get_root_shows_generator_applicability_form,e910cce16c580c35d24c0e80e10e2977117238366e34c85d6f92bd526f11fe71,e910cce16c580c35d24c0e80e10e2977117238366e34c85d6f92bd526f11fe71,466155fb62d1bda0c0c7ba6fec0ce1b5ef9170eb6cb76267c3b1e361650b3f3c,_build_test_client,True,
tests/test_phase125_4_web_generator_execution.py::test_phase125_4_get_root_shows_execute_form_and_navigation,tests/test_phase125_4_web_generator_execution.py,test_phase125_4_get_root_shows_execute_form_and_navigation,8b376e10917e5aeaaae5995f2c375440d5ee393efefd9c470cebb28b9ce4bf05,8b376e10917e5aeaaae5995f2c375440d5ee393efefd9c470cebb28b9ce4bf05,466155fb62d1bda0c0c7ba6fec0ce1b5ef9170eb6cb76267c3b1e361650b3f3c,_build_test_client,True,
tests/test_phase124_4_web_workflow_navigation.py::test_phase124_4_existing_forms_have_workflow_targets,tests/test_phase124_4_web_workflow_navigation.py,test_phase124_4_existing_forms_have_workflow_targets,888dd7b1b941ee181d4b35f5c7a5b5b909e1cd009ea0d1293dd8879e6db618f0,888dd7b1b941ee181d4b35f5c7a5b5b909e1cd009ea0d1293dd8879e6db618f0,466155fb62d1bda0c0c7ba6fec0ce1b5ef9170eb6cb76267c3b1e361650b3f3c,_build_test_client,True,
tests/test_phase124_4_web_workflow_navigation.py::test_phase124_4_existing_workflow_navigation_remains_available_after_execute_extension,tests/test_phase124_4_web_workflow_navigation.py,test_phase124_4_existing_workflow_navigation_remains_available_after_execute_extension,47087882c45ed9029fc0720c2475405982fb8b713da191e23cbae2040ae6edb6,47087882c45ed9029fc0720c2475405982fb8b713da191e23cbae2040ae6edb6,466155fb62d1bda0c0c7ba6fec0ce1b5ef9170eb6cb76267c3b1e361650b3f3c,_build_test_client,True,
tests/test_phase124_4_web_workflow_navigation.py::test_phase124_4_get_root_shows_workflow_navigation,tests/test_phase124_4_web_workflow_navigation.py,test_phase124_4_get_root_shows_workflow_navigation,ae3e4550d3417689601e781060d7da3c60bb15766e1906823e043653f3a66b18,ae3e4550d3417689601e781060d7da3c60bb15766e1906823e043653f3a66b18,466155fb62d1bda0c0c7ba6fec0ce1b5ef9170eb6cb76267c3b1e361650b3f3c,_build_test_client,True,
tests/test_phase124_4_web_workflow_navigation.py::test_phase124_4_workflow_navigation_links_to_existing_forms,tests/test_phase124_4_web_workflow_navigation.py,test_phase124_4_workflow_navigation_links_to_existing_forms,8b5628c5dc7b6b724348fa7366f8285dd56197aa4a229ee11345f23fe75d3a96,8b5628c5dc7b6b724348fa7366f8285dd56197aa4a229ee11345f23fe75d3a96,466155fb62d1bda0c0c7ba6fec0ce1b5ef9170eb6cb76267c3b1e361650b3f3c,_build_test_client,True,
tests/test_phase135_3_web_narrative_readability.py::test_phase135_3_web_page_loads_group_proof_stylesheet,tests/test_phase135_3_web_narrative_readability.py,test_phase135_3_web_page_loads_group_proof_stylesheet,8493811e48adb083eaf5e60ee53787e7e516919c387d86e9ef594babfa1f2037,8493811e48adb083eaf5e60ee53787e7e516919c387d86e9ef594babfa1f2037,466155fb62d1bda0c0c7ba6fec0ce1b5ef9170eb6cb76267c3b1e361650b3f3c,_build_test_client,True,
tests/test_phase117_web_app.py::test_phase117_1_post_domain_invalid_input_shows_existing_validation_message,tests/test_phase117_web_app.py,test_phase117_1_post_domain_invalid_input_shows_existing_validation_message,020ff4d6dc619f40022ee5456a09a93485adbf4c20915315af206e1d09f806b0,020ff4d6dc619f40022ee5456a09a93485adbf4c20915315af206e1d09f806b0,466155fb62d1bda0c0c7ba6fec0ce1b5ef9170eb6cb76267c3b1e361650b3f3c,_build_test_client,True,
tests/test_phase118_4_depth_browser_usability.py::test_phase118_4_browser_form_exposes_only_supported_depth_choices,tests/test_phase118_4_depth_browser_usability.py,test_phase118_4_browser_form_exposes_only_supported_depth_choices,51ed2cf038b3e722ff1aca891aa3f7d326faf11f6e9fb9e428af5070c32ef2e3,51ed2cf038b3e722ff1aca891aa3f7d326faf11f6e9fb9e428af5070c32ef2e3,466155fb62d1bda0c0c7ba6fec0ce1b5ef9170eb6cb76267c3b1e361650b3f3c,_build_test_client,True,
tests/test_phase117_web_app.py::test_phase117_1_post_non_integer_input_shows_validation_message,tests/test_phase117_web_app.py,test_phase117_1_post_non_integer_input_shows_validation_message,56f3ccd58cd0ccf3676b2d700b740a3963dc7a922a5608e94bf2e4e0cda36ef5,56f3ccd58cd0ccf3676b2d700b740a3963dc7a922a5608e94bf2e4e0cda36ef5,466155fb62d1bda0c0c7ba6fec0ce1b5ef9170eb6cb76267c3b1e361650b3f3c,_build_test_client,True,
tests/test_phase117_web_app.py::test_phase117_1_post_not_found_query_is_explicit,tests/test_phase117_web_app.py,test_phase117_1_post_not_found_query_is_explicit,4c95147af104409b18f16f0c306b3f8a6c207b5d129cf0888eec605f5baaed0c,4c95147af104409b18f16f0c306b3f8a6c207b5d129cf0888eec605f5baaed0c,466155fb62d1bda0c0c7ba6fec0ce1b5ef9170eb6cb76267c3b1e361650b3f3c,_build_test_client,True,
tests/test_phase118_4_depth_browser_usability.py::test_phase118_4_safe_fallback_reaches_web_without_python_repr,tests/test_phase118_4_depth_browser_usability.py,test_phase118_4_safe_fallback_reaches_web_without_python_repr,c2ba0c3f6028680886579e66a91d66f1a91cc5e3036151e52501a999240b8ef5,c2ba0c3f6028680886579e66a91d66f1a91cc5e3036151e52501a999240b8ef5,466155fb62d1bda0c0c7ba6fec0ce1b5ef9170eb6cb76267c3b1e361650b3f3c,_build_test_client,True,
tests/test_phase117_web_app.py::test_phase117_2_post_missing_n_shows_required_message,tests/test_phase117_web_app.py,test_phase117_2_post_missing_n_shows_required_message,5fee9e97256d68d064e902f64f66ae073240bb3df421272a17a296b55ec9261e,5fee9e97256d68d064e902f64f66ae073240bb3df421272a17a296b55ec9261e,466155fb62d1bda0c0c7ba6fec0ce1b5ef9170eb6cb76267c3b1e361650b3f3c,_build_test_client,True,
tests/test_phase117_web_app.py::test_phase117_2_post_negative_k_shows_connectivity_zero,tests/test_phase117_web_app.py,test_phase117_2_post_negative_k_shows_connectivity_zero,d38c2b0f4ce64c8345c24a10f88c563394debc9354cd40010b4df51e49c4e015,d38c2b0f4ce64c8345c24a10f88c563394debc9354cd40010b4df51e49c4e015,466155fb62d1bda0c0c7ba6fec0ce1b5ef9170eb6cb76267c3b1e361650b3f3c,_build_test_client,True,
tests/test_phase120_2_web_app_generator_proof.py::test_phase120_2_blank_generator_is_safe_error,tests/test_phase120_2_web_app_generator_proof.py,test_phase120_2_blank_generator_is_safe_error,dc29614945285420edadad72194fd653c55e0524c732c5d294503d9055940bdf,dc29614945285420edadad72194fd653c55e0524c732c5d294503d9055940bdf,466155fb62d1bda0c0c7ba6fec0ce1b5ef9170eb6cb76267c3b1e361650b3f3c,_build_test_client,True,
tests/test_phase121_4_web_app_generator_exploration.py::test_phase121_4_unknown_generator_shows_zero_occurrences_as_normal_result,tests/test_phase121_4_web_app_generator_exploration.py,test_phase121_4_unknown_generator_shows_zero_occurrences_as_normal_result,fe97680f301608a8c2dc926d060862bd5a19cf5af709d3d486a796b360167093,fe97680f301608a8c2dc926d060862bd5a19cf5af709d3d486a796b360167093,466155fb62d1bda0c0c7ba6fec0ce1b5ef9170eb6cb76267c3b1e361650b3f3c,_build_test_client,True,
tests/test_phase118_4_depth_browser_usability.py::test_phase118_4_unsupported_web_depth_is_safe_error,tests/test_phase118_4_depth_browser_usability.py,test_phase118_4_unsupported_web_depth_is_safe_error,b86e99a10671d803752983145ba5c29eca56c55db06f07d9833f4f5337f10374,b86e99a10671d803752983145ba5c29eca56c55db06f07d9833f4f5337f10374,466155fb62d1bda0c0c7ba6fec0ce1b5ef9170eb6cb76267c3b1e361650b3f3c,_build_test_client,True,
tests/test_phase118_web_app.py::test_phase118_2_blank_operation_query_shows_validation_message,tests/test_phase118_web_app.py,test_phase118_2_blank_operation_query_shows_validation_message,39801a40c3cabacfa173055591b800de53c267d07c2a10dceb29a6e14a0aeb6c,39801a40c3cabacfa173055591b800de53c267d07c2a10dceb29a6e14a0aeb6c,466155fb62d1bda0c0c7ba6fec0ce1b5ef9170eb6cb76267c3b1e361650b3f3c,_build_test_client,True,
tests/test_phase118_web_app.py::test_phase118_2_not_found_operation_query_is_explicit,tests/test_phase118_web_app.py,test_phase118_2_not_found_operation_query_is_explicit,3666f8c47390ef51dcd84af738920875d52864f5f4a7a26c97eea9d4e34c2782,3666f8c47390ef51dcd84af738920875d52864f5f4a7a26c97eea9d4e34c2782,466155fb62d1bda0c0c7ba6fec0ce1b5ef9170eb6cb76267c3b1e361650b3f3c,_build_test_client,True,
tests/test_phase118_web_app.py::test_phase118_2_post_e_nu5_exposes_existing_latex,tests/test_phase118_web_app.py,test_phase118_2_post_e_nu5_exposes_existing_latex,fa8fd1dbe137f8819de84074637f5e3e354d0524610a66890533deaff705650b,fa8fd1dbe137f8819de84074637f5e3e354d0524610a66890533deaff705650b,466155fb62d1bda0c0c7ba6fec0ce1b5ef9170eb6cb76267c3b1e361650b3f3c,_build_test_client,True,
tests/test_phase118_web_app.py::test_phase118_2_post_e_sigma11_exposes_existing_latex,tests/test_phase118_web_app.py,test_phase118_2_post_e_sigma11_exposes_existing_latex,43257b8fd44da33ffc8f06fdbaee5158b6913b84eecd3d7a792e1f2f41001f5d,43257b8fd44da33ffc8f06fdbaee5158b6913b84eecd3d7a792e1f2f41001f5d,466155fb62d1bda0c0c7ba6fec0ce1b5ef9170eb6cb76267c3b1e361650b3f3c,_build_test_client,True,
tests/test_phase118_web_app.py::test_phase118_3_e_sigma11_proof_uses_existing_latex,tests/test_phase118_web_app.py,test_phase118_3_e_sigma11_proof_uses_existing_latex,21032678fd3a30ee557c6c9ea9117e15ef1dca49391be2c5d4de775132cf1ec6,21032678fd3a30ee557c6c9ea9117e15ef1dca49391be2c5d4de775132cf1ec6,466155fb62d1bda0c0c7ba6fec0ce1b5ef9170eb6cb76267c3b1e361650b3f3c,_build_test_client,True,
tests/test_phase118_web_app.py::test_phase118_3_invalid_fact_number_is_safe_error,tests/test_phase118_web_app.py,test_phase118_3_invalid_fact_number_is_safe_error,8037788fc79eeafd28fe4bbfe98fb0479328286c3c2faa8c42de83a6b8bcbb44,8037788fc79eeafd28fe4bbfe98fb0479328286c3c2faa8c42de83a6b8bcbb44,466155fb62d1bda0c0c7ba6fec0ce1b5ef9170eb6cb76267c3b1e361650b3f3c,_build_test_client,True,
tests/test_phase118_web_app.py::test_phase118_3_missing_fact_number_is_safe_error,tests/test_phase118_web_app.py,test_phase118_3_missing_fact_number_is_safe_error,2257f69bce072ec88e62e53d4efffb5aa6416c623d28585f05307f9209b7f974,2257f69bce072ec88e62e53d4efffb5aa6416c623d28585f05307f9209b7f974,466155fb62d1bda0c0c7ba6fec0ce1b5ef9170eb6cb76267c3b1e361650b3f3c,_build_test_client,True,
tests/test_phase118_web_app.py::test_phase118_3_selected_fact_displays_default_depth_proof_steps,tests/test_phase118_web_app.py,test_phase118_3_selected_fact_displays_default_depth_proof_steps,8ba26cf667e089f53572cc41d276afb6e0273aee6118c2c5883078b8e07a54d9,8ba26cf667e089f53572cc41d276afb6e0273aee6118c2c5883078b8e07a54d9,466155fb62d1bda0c0c7ba6fec0ce1b5ef9170eb6cb76267c3b1e361650b3f3c,_build_test_client,True,
tests/test_phase118_web_app.py::test_phase118_3_selected_fact_displays_provenance,tests/test_phase118_web_app.py,test_phase118_3_selected_fact_displays_provenance,d4dba59233f55f7b0189e7f2ef3b40a4c88269204414929305a9501bdad21004,d4dba59233f55f7b0189e7f2ef3b40a4c88269204414929305a9501bdad21004,466155fb62d1bda0c0c7ba6fec0ce1b5ef9170eb6cb76267c3b1e361650b3f3c,_build_test_client,True,
tests/test_phase118_web_app.py::test_phase118_3_selected_h_nu_prime_fact_two_shows_proof,tests/test_phase118_web_app.py,test_phase118_3_selected_h_nu_prime_fact_two_shows_proof,2cdc370b277b827ee6976cbe8ae093628ab36f77d3c57e8a4f8c8001134c0fa3,2cdc370b277b827ee6976cbe8ae093628ab36f77d3c57e8a4f8c8001134c0fa3,466155fb62d1bda0c0c7ba6fec0ce1b5ef9170eb6cb76267c3b1e361650b3f3c,_build_test_client,True,
tests/test_phase121_4_web_app_generator_exploration.py::test_phase121_4_blank_generator_is_safe_error,tests/test_phase121_4_web_app_generator_exploration.py,test_phase121_4_blank_generator_is_safe_error,6250d76be71529aac7fbb6819f7d6017b65a8b433f346423325c7f6e8040aae7,6250d76be71529aac7fbb6819f7d6017b65a8b433f346423325c7f6e8040aae7,466155fb62d1bda0c0c7ba6fec0ce1b5ef9170eb6cb76267c3b1e361650b3f3c,_build_test_client,True,
tests/test_phase120_2_web_app_generator_proof.py::test_phase120_2_generator_proof_shows_depth_steps,tests/test_phase120_2_web_app_generator_proof.py,test_phase120_2_generator_proof_shows_depth_steps,0cf448fd5e0b6f2b21318b6ffb887630c50879010679e214906c70d83a46a88b,0cf448fd5e0b6f2b21318b6ffb887630c50879010679e214906c70d83a46a88b,466155fb62d1bda0c0c7ba6fec0ce1b5ef9170eb6cb76267c3b1e361650b3f3c,_build_test_client,True,
tests/test_phase120_2_web_app_generator_proof.py::test_phase120_2_post_sigma11_shows_generator_and_conclusion_latex,tests/test_phase120_2_web_app_generator_proof.py,test_phase120_2_post_sigma11_shows_generator_and_conclusion_latex,a04aeadcfdf2be395a5e98edc9bbc5d467d17646c2b7cc4d2ec67d3b56e3e07d,a04aeadcfdf2be395a5e98edc9bbc5d467d17646c2b7cc4d2ec67d3b56e3e07d,466155fb62d1bda0c0c7ba6fec0ce1b5ef9170eb6cb76267c3b1e361650b3f3c,_build_test_client,True,
tests/test_phase120_2_web_app_generator_proof.py::test_phase120_2_unsupported_generator_proof_depth_is_safe_error,tests/test_phase120_2_web_app_generator_proof.py,test_phase120_2_unsupported_generator_proof_depth_is_safe_error,a702cb9c053fd6f7febd34df9d1ced6df4d57fb795685aea4fabb87479ee2c52,a702cb9c053fd6f7febd34df9d1ced6df4d57fb795685aea4fabb87479ee2c52,466155fb62d1bda0c0c7ba6fec0ce1b5ef9170eb6cb76267c3b1e361650b3f3c,_build_test_client,True,
tests/test_phase122_4_web_app_generator_proof_scope.py::test_phase122_4_blank_generator_is_safe_error,tests/test_phase122_4_web_app_generator_proof_scope.py,test_phase122_4_blank_generator_is_safe_error,00d15ddd1eb29f177200139095605d4d7097ee62d28ea4720bd8bc204a92eca0,00d15ddd1eb29f177200139095605d4d7097ee62d28ea4720bd8bc204a92eca0,466155fb62d1bda0c0c7ba6fec0ce1b5ef9170eb6cb76267c3b1e361650b3f3c,_build_test_client,True,
tests/test_phase121_4_web_app_generator_exploration.py::test_phase121_4_exploration_exposes_katex_latex_and_metadata,tests/test_phase121_4_web_app_generator_exploration.py,test_phase121_4_exploration_exposes_katex_latex_and_metadata,3fd1588d3436c710c3a94d22d5d57b7cb3780c2d30399ef4c36ffb5f5637a709,3fd1588d3436c710c3a94d22d5d57b7cb3780c2d30399ef4c36ffb5f5637a709,466155fb62d1bda0c0c7ba6fec0ce1b5ef9170eb6cb76267c3b1e361650b3f3c,_build_test_client,True,
tests/test_phase121_4_web_app_generator_exploration.py::test_phase121_4_post_nu_prime_shows_generator_and_occurrences,tests/test_phase121_4_web_app_generator_exploration.py,test_phase121_4_post_nu_prime_shows_generator_and_occurrences,59bf08f7292d1c674d03661d9879c2ec49bc7d73545055a0e566a539adf64af7,59bf08f7292d1c674d03661d9879c2ec49bc7d73545055a0e566a539adf64af7,466155fb62d1bda0c0c7ba6fec0ce1b5ef9170eb6cb76267c3b1e361650b3f3c,_build_test_client,True,
tests/test_phase122_4_web_app_generator_proof_scope.py::test_phase122_4_sigma11_web_uses_recursive_proof_scope_specialization,tests/test_phase122_4_web_app_generator_proof_scope.py,test_phase122_4_sigma11_web_uses_recursive_proof_scope_specialization,632ffd124fa7ca650a86055c152bb623b0a888db031bbb3af9a1037774a8608e,632ffd124fa7ca650a86055c152bb623b0a888db031bbb3af9a1037774a8608e,466155fb62d1bda0c0c7ba6fec0ce1b5ef9170eb6cb76267c3b1e361650b3f3c,_build_test_client,True,
tests/test_phase123_4_web_app_generator_applicability.py::test_phase123_4_blank_generator_is_safe_error,tests/test_phase123_4_web_app_generator_applicability.py,test_phase123_4_blank_generator_is_safe_error,cdefd376bf83ea3ab2134dca38dc2255ede212bdb6f79b0472b53471183a9fc0,cdefd376bf83ea3ab2134dca38dc2255ede212bdb6f79b0472b53471183a9fc0,466155fb62d1bda0c0c7ba6fec0ce1b5ef9170eb6cb76267c3b1e361650b3f3c,_build_test_client,True,
tests/test_phase122_4_web_app_generator_proof_scope.py::test_phase122_4_nu_prime_exposes_katex_root_depth_and_match,tests/test_phase122_4_web_app_generator_proof_scope.py,test_phase122_4_nu_prime_exposes_katex_root_depth_and_match,be2b579b7aeba9503414f10b724652a9d1f587dda42669872df6a68a87f15699,be2b579b7aeba9503414f10b724652a9d1f587dda42669872df6a68a87f15699,466155fb62d1bda0c0c7ba6fec0ce1b5ef9170eb6cb76267c3b1e361650b3f3c,_build_test_client,True,
tests/test_phase122_4_web_app_generator_proof_scope.py::test_phase122_4_post_nu_prime_shows_proof_scope_result,tests/test_phase122_4_web_app_generator_proof_scope.py,test_phase122_4_post_nu_prime_shows_proof_scope_result,8c9f03e84b4ce4adbe99c66f2b8a794776240c6f527316cbbed6403be069cdd2,8c9f03e84b4ce4adbe99c66f2b8a794776240c6f527316cbbed6403be069cdd2,466155fb62d1bda0c0c7ba6fec0ce1b5ef9170eb6cb76267c3b1e361650b3f3c,_build_test_client,True,
tests/test_phase123_4_web_app_generator_applicability.py::test_phase123_4_nu_prime_exposes_katex_source_and_compact_rule_family_fields,tests/test_phase123_4_web_app_generator_applicability.py,test_phase123_4_nu_prime_exposes_katex_source_and_compact_rule_family_fields,5f5895805649aa4f99c5e40ce5a55c39952a115109a3ca7aef36b45deecbdfe0,5f5895805649aa4f99c5e40ce5a55c39952a115109a3ca7aef36b45deecbdfe0,466155fb62d1bda0c0c7ba6fec0ce1b5ef9170eb6cb76267c3b1e361650b3f3c,_build_test_client,True,
tests/test_phase122_4_web_app_generator_proof_scope.py::test_phase122_4_unknown_generator_shows_zero_counts_as_normal_result,tests/test_phase122_4_web_app_generator_proof_scope.py,test_phase122_4_unknown_generator_shows_zero_counts_as_normal_result,8d8122c4a8648e1404a8cdbe187982d71f4087c767fabf34c908748f464b6408,8d8122c4a8648e1404a8cdbe187982d71f4087c767fabf34c908748f464b6408,466155fb62d1bda0c0c7ba6fec0ce1b5ef9170eb6cb76267c3b1e361650b3f3c,_build_test_client,True,
tests/test_phase125_4_web_generator_execution.py::test_phase125_4_web_candidate_selection_returns_result_and_proof,tests/test_phase125_4_web_generator_execution.py,test_phase125_4_web_candidate_selection_returns_result_and_proof,079596abda1e7d7baa1c840a9f54455c7c3462049cd98ef93f0a979bb57c9c3d,079596abda1e7d7baa1c840a9f54455c7c3462049cd98ef93f0a979bb57c9c3d,466155fb62d1bda0c0c7ba6fec0ce1b5ef9170eb6cb76267c3b1e361650b3f3c,_build_test_client,True,
tests/test_phase132_9_web_group_proof_modes.py::test_phase132_9_web_outline_post_uses_structured_rendered_lines,tests/test_phase132_9_web_group_proof_modes.py,test_phase132_9_web_outline_post_uses_structured_rendered_lines,d2fb972dc85845a8dfb40cca3eed6b77c19e5604bca8b906b0cabecb2bb14986,d2fb972dc85845a8dfb40cca3eed6b77c19e5604bca8b906b0cabecb2bb14986,466155fb62d1bda0c0c7ba6fec0ce1b5ef9170eb6cb76267c3b1e361650b3f3c,_build_test_client,True,
tests/test_phase123_4_web_app_generator_applicability.py::test_phase123_4_post_nu_prime_shows_compact_applicability_result,tests/test_phase123_4_web_app_generator_applicability.py,test_phase123_4_post_nu_prime_shows_compact_applicability_result,b601b61dafb37d743fc4faa6f01d57c4c96f8235a572f2145cc967303bfa371d,b601b61dafb37d743fc4faa6f01d57c4c96f8235a572f2145cc967303bfa371d,466155fb62d1bda0c0c7ba6fec0ce1b5ef9170eb6cb76267c3b1e361650b3f3c,_build_test_client,True,
tests/test_phase123_4_web_app_generator_applicability.py::test_phase123_4_unknown_generator_shows_zero_counts_as_normal_result,tests/test_phase123_4_web_app_generator_applicability.py,test_phase123_4_unknown_generator_shows_zero_counts_as_normal_result,61f3e2483b50240018334e926b17d69d4e47aeca84cbeccce294d3d06a4d4fe6,61f3e2483b50240018334e926b17d69d4e47aeca84cbeccce294d3d06a4d4fe6,466155fb62d1bda0c0c7ba6fec0ce1b5ef9170eb6cb76267c3b1e361650b3f3c,_build_test_client,True,
tests/test_phase123_5a_web_applicability_volume.py::test_phase123_5a_rule_families_are_collapsed_by_default,tests/test_phase123_5a_web_applicability_volume.py,test_phase123_5a_rule_families_are_collapsed_by_default,7fc2651e3131a4bc4903f5145b7916e8ccf9a78f964414cac27f18d4a86e4377,7fc2651e3131a4bc4903f5145b7916e8ccf9a78f964414cac27f18d4a86e4377,466155fb62d1bda0c0c7ba6fec0ce1b5ef9170eb6cb76267c3b1e361650b3f3c,_build_test_client,True,
tests/test_phase123_5a_web_applicability_volume.py::test_phase123_5a_summary_counts_remain_full_result_counts,tests/test_phase123_5a_web_applicability_volume.py,test_phase123_5a_summary_counts_remain_full_result_counts,f04bd6d9e6f7d764b4009f7fe95447ce83c4897821ff77e9b36cb5a0e365752d,f04bd6d9e6f7d764b4009f7fe95447ce83c4897821ff77e9b36cb5a0e365752d,466155fb62d1bda0c0c7ba6fec0ce1b5ef9170eb6cb76267c3b1e361650b3f3c,_build_test_client,True,
tests/test_phase123_5a_web_applicability_volume.py::test_phase123_5a_unknown_generator_remains_zero_result_without_truncation_notice,tests/test_phase123_5a_web_applicability_volume.py,test_phase123_5a_unknown_generator_remains_zero_result_without_truncation_notice,660f553a61cf81b5d44933772116fbc554abde272d5c0cfbf075cdb731a17ef7,660f553a61cf81b5d44933772116fbc554abde272d5c0cfbf075cdb731a17ef7,466155fb62d1bda0c0c7ba6fec0ce1b5ef9170eb6cb76267c3b1e361650b3f3c,_build_test_client,True,
tests/test_phase131_5_web_group_proof.py::test_phase131_5_group_proof_depth_validation_is_explicit,tests/test_phase131_5_web_group_proof.py,test_phase131_5_group_proof_depth_validation_is_explicit,aeb49eb0548e2ebabd6215a20e2de76153dbc2ac4d9319d68a821edeefe3cf1c,aeb49eb0548e2ebabd6215a20e2de76153dbc2ac4d9319d68a821edeefe3cf1c,466155fb62d1bda0c0c7ba6fec0ce1b5ef9170eb6cb76267c3b1e361650b3f3c,_build_test_client,True,
tests/test_phase125_4_web_generator_execution.py::test_phase125_4_web_none_is_normal_result,tests/test_phase125_4_web_generator_execution.py,test_phase125_4_web_none_is_normal_result,e64b0c47752e8a69540ead91229fbb72afe238fdef2c72e78f6d525c1c0e1cd4,e64b0c47752e8a69540ead91229fbb72afe238fdef2c72e78f6d525c1c0e1cd4,466155fb62d1bda0c0c7ba6fec0ce1b5ef9170eb6cb76267c3b1e361650b3f3c,_build_test_client,True,
tests/test_phase125_4_web_generator_execution.py::test_phase125_4_web_nu_prime_lists_executable_candidates,tests/test_phase125_4_web_generator_execution.py,test_phase125_4_web_nu_prime_lists_executable_candidates,2509fab56eb373914cc9a390d5dc6d25cc777c54f3904c0fee10aec313dcb590,2509fab56eb373914cc9a390d5dc6d25cc777c54f3904c0fee10aec313dcb590,466155fb62d1bda0c0c7ba6fec0ce1b5ef9170eb6cb76267c3b1e361650b3f3c,_build_test_client,True,
tests/test_phase131_5_web_group_proof.py::test_phase131_5_domain_only_result_has_no_proof_button,tests/test_phase131_5_web_group_proof.py,test_phase131_5_domain_only_result_has_no_proof_button,2db91f401b2b046c0687bcd0f8d59f0d6413d3f1596d3a3f51c6c4eec0815faa,2db91f401b2b046c0687bcd0f8d59f0d6413d3f1596d3a3f51c6c4eec0815faa,466155fb62d1bda0c0c7ba6fec0ce1b5ef9170eb6cb76267c3b1e361650b3f3c,_build_test_client,True,
tests/test_phase132_9_web_group_proof_modes.py::test_phase132_9_group_result_form_exposes_mode_selector,tests/test_phase132_9_web_group_proof_modes.py,test_phase132_9_group_result_form_exposes_mode_selector,dacfb54e81504a25311585484a5e6640f175cb4e26b8f8cf98af73b4b6653be9,dacfb54e81504a25311585484a5e6640f175cb4e26b8f8cf98af73b4b6653be9,466155fb62d1bda0c0c7ba6fec0ce1b5ef9170eb6cb76267c3b1e361650b3f3c,_build_test_client,True,
tests/test_phase131_5_web_group_proof.py::test_phase131_5_group_proof_post_keeps_result_and_shows_proof,tests/test_phase131_5_web_group_proof.py,test_phase131_5_group_proof_post_keeps_result_and_shows_proof,9cb932c3ac7c7b3eef89a4ad4857cd9f73920f3e03531694fabe45005bb1b2f5,9cb932c3ac7c7b3eef89a4ad4857cd9f73920f3e03531694fabe45005bb1b2f5,466155fb62d1bda0c0c7ba6fec0ce1b5ef9170eb6cb76267c3b1e361650b3f3c,_build_test_client,True,
tests/test_phase131_5_web_group_proof.py::test_phase131_5_group_result_shows_proof_button,tests/test_phase131_5_web_group_proof.py,test_phase131_5_group_result_shows_proof_button,88bc6a43f9ddd6d337bc1ec71d947d66181f2dfc97292e8397934cbf8d0ce737,88bc6a43f9ddd6d337bc1ec71d947d66181f2dfc97292e8397934cbf8d0ce737,466155fb62d1bda0c0c7ba6fec0ce1b5ef9170eb6cb76267c3b1e361650b3f3c,_build_test_client,True,
tests/test_phase135_1_web_narrative_display_math.py::test_phase135_1_pi6_3_web_html_uses_data_latex_for_narrative_display_math,tests/test_phase135_1_web_narrative_display_math.py,test_phase135_1_pi6_3_web_html_uses_data_latex_for_narrative_display_math,106afe67c0c1b2d028ae8f715bbcde61136480b5d08a352fe4fe294224bfd067,106afe67c0c1b2d028ae8f715bbcde61136480b5d08a352fe4fe294224bfd067,466155fb62d1bda0c0c7ba6fec0ce1b5ef9170eb6cb76267c3b1e361650b3f3c,_build_test_client,True,
tests/test_phase132_9_web_group_proof_modes.py::test_phase132_9_web_narrative_post_uses_structured_rendered_lines,tests/test_phase132_9_web_group_proof_modes.py,test_phase132_9_web_narrative_post_uses_structured_rendered_lines,e1c6564728cb29ed3570baa84a0a87ef42fb524dcfa857db9166eee9ce85559c,e1c6564728cb29ed3570baa84a0a87ef42fb524dcfa857db9166eee9ce85559c,466155fb62d1bda0c0c7ba6fec0ce1b5ef9170eb6cb76267c3b1e361650b3f3c,_build_test_client,True,
tests/test_phase135_2_web_narrative_inline_formatting.py::test_phase135_2_web_narrative_renders_emphasis_and_inline_math,tests/test_phase135_2_web_narrative_inline_formatting.py,test_phase135_2_web_narrative_renders_emphasis_and_inline_math,268dbe559c7a17bafeae0c16be51e0773d7fc284cee67907392a66140818397c,268dbe559c7a17bafeae0c16be51e0773d7fc284cee67907392a66140818397c,466155fb62d1bda0c0c7ba6fec0ce1b5ef9170eb6cb76267c3b1e361650b3f3c,_build_test_client,True,
tests/test_phase132_9_web_group_proof_modes.py::test_phase132_9_web_post_rejects_unknown_mode_explicitly,tests/test_phase132_9_web_group_proof_modes.py,test_phase132_9_web_post_rejects_unknown_mode_explicitly,40236519ab75f98a852dfdadf4ff5420aa74e0d1eb997ae325fb7b8e2b8e603d,40236519ab75f98a852dfdadf4ff5420aa74e0d1eb997ae325fb7b8e2b8e603d,466155fb62d1bda0c0c7ba6fec0ce1b5ef9170eb6cb76267c3b1e361650b3f3c,_build_test_client,True,
tests/test_phase132_9_web_group_proof_modes.py::test_phase132_9_web_trace_post_preserves_existing_trace_view,tests/test_phase132_9_web_group_proof_modes.py,test_phase132_9_web_trace_post_preserves_existing_trace_view,fafc6f15d1e6f618816cf85ea180f44e9076913fdd99b4b317f5a32b6e02fb49,fafc6f15d1e6f618816cf85ea180f44e9076913fdd99b4b317f5a32b6e02fb49,466155fb62d1bda0c0c7ba6fec0ce1b5ef9170eb6cb76267c3b1e361650b3f3c,_build_test_client,True,
tests/test_phase145_group_proof_defaults.py::test_phase145_web_explicit_trace_depth1_is_preserved,tests/test_phase145_group_proof_defaults.py,test_phase145_web_explicit_trace_depth1_is_preserved,1e4ab6a86967c27111da9f28535533f4d8950af37cee4acf8360f42cbf620b99,1e4ab6a86967c27111da9f28535533f4d8950af37cee4acf8360f42cbf620b99,466155fb62d1bda0c0c7ba6fec0ce1b5ef9170eb6cb76267c3b1e361650b3f3c,_build_test_client,True,
tests/test_phase135_3_web_narrative_readability.py::test_phase135_3_narrative_keeps_inline_math_segment_class,tests/test_phase135_3_web_narrative_readability.py,test_phase135_3_narrative_keeps_inline_math_segment_class,9943eaf0eb42e389579a64a44e91ae6824687dfdefd136e0ca87348c01570b5f,9943eaf0eb42e389579a64a44e91ae6824687dfdefd136e0ca87348c01570b5f,466155fb62d1bda0c0c7ba6fec0ce1b5ef9170eb6cb76267c3b1e361650b3f3c,_build_test_client,True,
tests/test_phase130_sigma9_standard_query.py::test_phase130_11_pi16_9_standard_query_is_found,tests/test_phase130_sigma9_standard_query.py,test_phase130_11_pi16_9_standard_query_is_found,9aa7201381acedc05a672190ccdc2e200aeb57f7c79968a1709e047fae18bfbf,9aa7201381acedc05a672190ccdc2e200aeb57f7c79968a1709e047fae18bfbf,6159f60909db0df9e5d811ea1bcd320f691931aaa43abb8a0da584cc65d4361a,TodaCalculationStatusTodaGroupQuerybuild_known_toda_calculation_resultbuild_standard_production_proof_repository,True,
tests/test_phase153_generic_concrete_proof_scope_recovery.py::test_phase153_generic_concrete_recovery_keeps_stable_specialization_fallback,tests/test_phase153_generic_concrete_proof_scope_recovery.py,test_phase153_generic_concrete_recovery_keeps_stable_specialization_fallback,4723714bc1e799bf96d54f6c564d1848ff615cfc745a3a1606366aefd45db850,4723714bc1e799bf96d54f6c564d1848ff615cfc745a3a1606366aefd45db850,43b44c8fa3b4beab6d17c863bfe97fcd67b521cf04961a3a324f636caabd1a69,TodaCalculationStatusTodaGroupQuerybuild_known_toda_calculation_resultbuild_standard_production_proof_repository,True,
tests/test_phase130_k456_specialization.py::test_phase130_8_repository_roots_remain_unchanged,tests/test_phase130_k456_specialization.py,test_phase130_8_repository_roots_remain_unchanged,4dc88faf95298b7dd40a006ce70e245ee196b41afa716a324f690e0746e96444,4dc88faf95298b7dd40a006ce70e245ee196b41afa716a324f690e0746e96444,9fecf6ecd3923151a402eab11dd72f51ecbf0f3ec11010de98abfc7e143042f7,TodaGroupQuerybuild_known_toda_calculation_resultbuild_standard_production_proof_repository,True,
tests/test_phase153_generic_concrete_proof_scope_recovery.py::test_phase153_generic_concrete_recovery_does_not_mutate_repository_roots,tests/test_phase153_generic_concrete_proof_scope_recovery.py,test_phase153_generic_concrete_recovery_does_not_mutate_repository_roots,ee8a84707ae9a465c47aa81ae26346f3e96d63a5a054fd8d3d0bc4f8bf670bf5,ee8a84707ae9a465c47aa81ae26346f3e96d63a5a054fd8d3d0bc4f8bf670bf5,3eaa31f4b19814ee18116b244a13ef0c3feb679960e808ffb5b095632e285a03,TodaGroupQuery_CONCRETE_CASESbuild_known_toda_calculation_resultbuild_standard_production_proof_repository,True,
tests/test_phase130_sigma9_standard_query.py::test_phase130_11_repository_roots_remain_unchanged,tests/test_phase130_sigma9_standard_query.py,test_phase130_11_repository_roots_remain_unchanged,7446863fe4998f78bcbbf79816fe0bf3108cecd3705a99c332e6de99bd8e1f8d,7446863fe4998f78bcbbf79816fe0bf3108cecd3705a99c332e6de99bd8e1f8d,9fecf6ecd3923151a402eab11dd72f51ecbf0f3ec11010de98abfc7e143042f7,TodaGroupQuerybuild_known_toda_calculation_resultbuild_standard_production_proof_repository,True,
tests/test_phase130_stable_group_specialization.py::test_phase130_6_standard_repository_roots_remain_unchanged,tests/test_phase130_stable_group_specialization.py,test_phase130_6_standard_repository_roots_remain_unchanged,4a660ac3cc073e931e13c784c03f2d8c5336c6021c8810b0c939247842d930a0,4a660ac3cc073e931e13c784c03f2d8c5336c6021c8810b0c939247842d930a0,9fecf6ecd3923151a402eab11dd72f51ecbf0f3ec11010de98abfc7e143042f7,TodaGroupQuerybuild_known_toda_calculation_resultbuild_standard_production_proof_repository,True,
tests/test_phase143_30_exactness_method_transition.py::test_phase143_30_pi6_3_group_structure_renders_exactness_transition,tests/test_phase143_30_exactness_method_transition.py,test_phase143_30_pi6_3_group_structure_renders_exactness_transition,39e08cc08235d4f38eb7aae6cca08056c2056069336ba3b6f08dc3a1d3150232,39e08cc08235d4f38eb7aae6cca08056c2056069336ba3b6f08dc3a1d3150232,01f7336b156556e179423f792d0009a6c9fb2c4c4e087a2e9cfc9aafaca2ebe8,TodaGroupProofNarrativeArgumentRole_transition_data,True,
tests/test_phase143_30_exactness_method_transition.py::test_phase143_30_pi8_5_detached_nu_prime_order_renders_transition,tests/test_phase143_30_exactness_method_transition.py,test_phase143_30_pi8_5_detached_nu_prime_order_renders_transition,12692ec0e720b432d52350422fb6e3e412c8f1d7dc29ad3add128ef078932fe1,12692ec0e720b432d52350422fb6e3e412c8f1d7dc29ad3add128ef078932fe1,01f7336b156556e179423f792d0009a6c9fb2c4c4e087a2e9cfc9aafaca2ebe8,TodaGroupProofNarrativeArgumentRole_transition_data,True,
tests/test_phase148_rc2_4_post_repair_six_group.py::test_phase148_rc2_4_post_repair_pi6_3_retains_numbered_calculation_chain,tests/test_phase148_rc2_4_post_repair_six_group.py,test_phase148_rc2_4_post_repair_pi6_3_retains_numbered_calculation_chain,9ec62a9e72215541807d269d77764d1534b38bb56b751f4820ce34850291d537,9ec62a9e72215541807d269d77764d1534b38bb56b751f4820ce34850291d537,71676ebdd85adc2e897aca30566e341bdaeb151eb3c7199be9435fb948afb898,_case_data,True,
tests/test_phase149_rc3_3_minimal_ordering.py::test_phase149_rc3_3_pi6_3_calculation_chain_remains_numbered,tests/test_phase149_rc3_3_minimal_ordering.py,test_phase149_rc3_3_pi6_3_calculation_chain_remains_numbered,a30e0afe07c1082bd90e34e7a4eb684a156adce2b9d3a0c68c0d178b7b998dc9,a30e0afe07c1082bd90e34e7a4eb684a156adce2b9d3a0c68c0d178b7b998dc9,d8289b8902e66cdc84691ec7490e0e4d7733a96b37708a290fe90444268e8d17,_case_data,True,
tests/test_phase153_r3_11_reference_body_ownership_repair.py::test_phase153_r3_11_preserves_surrounding_prose_when_replacing_embedded_statement,tests/test_phase153_r3_11_reference_body_ownership_repair.py,test_phase153_r3_11_preserves_surrounding_prose_when_replacing_embedded_statement,f0d380a69254542cbf5b1aaae1803b0807bcd9d034747087ec03e4ab7c264769,45ce035bc9bc896a8963621efcea8a1d8b63db93c349315ca2e08af5504d5b63,f1f35831a99971a04d40034d555860999c6045d1971e66407b3b5baafc0963d3,suppress_toda_group_proof_narrative_reference_body_duplicates,True,
tests/test_phase154_r2_fix3_reference_marker_completion.py::test_phase154_r2_fix3_keeps_reference_marker_with_following_prose,tests/test_phase154_r2_fix3_reference_marker_completion.py,test_phase154_r2_fix3_keeps_reference_marker_with_following_prose,f723fa6ba86a7ca239bba98e6729019ee77245e42380bdf81c57eca0f4ca38c8,f723fa6ba86a7ca239bba98e6729019ee77245e42380bdf81c57eca0f4ca38c8,e92ccc8e2d6cee2b2e6ecf019f408f6b98c8f327b0d262f93e1051de65d479f0,suppress_toda_group_proof_narrative_reference_body_duplicates,True,
tests/test_phase39_primary_component.py::test_phase39_4_primary_component_prime_typing_remains_integer,tests/test_phase39_primary_component.py,test_phase39_4_primary_component_prime_typing_remains_integer,3b9faa0fb43fa0ed7473f184b12b7c18196318a126d3aa63f5d40e068f17295e,3b9faa0fb43fa0ed7473f184b12b7c18196318a126d3aa63f5d40e068f17295e,5c9258e0275b673bca496779051104585703763a5651ce6e16ec801888e72640,PrimaryComponentget_type_hints,True,
tests/test_phase78_stable_group_representation.py::test_phase78_4_stable_primary_component_type_hints_are_explicit,tests/test_phase78_stable_group_representation.py,test_phase78_4_stable_primary_component_type_hints_are_explicit,3a6ef2a70a862ccc5b30a613456bf16eb1b4bdd77290be57c41b5e5d2278fb2b,3a6ef2a70a862ccc5b30a613456bf16eb1b4bdd77290be57c41b5e5d2278fb2b,d05f1d2fe144b56a4c9953e79a75d222c97f92829bd503479870a4e021a47698,StableHomotopyGroupStablePrimaryComponentget_type_hints,True,
tests/test_phase39_primary_component.py::test_phase39_4_primary_component_uses_existing_scalar_value_dimension_types,tests/test_phase39_primary_component.py,test_phase39_4_primary_component_uses_existing_scalar_value_dimension_types,acb298aa52e6a318eb580b5c89ff0191f3b3d8c9f81f923425b2f5ef340e6bcc,acb298aa52e6a318eb580b5c89ff0191f3b3d8c9f81f923425b2f5ef340e6bcc,e8224c647979553dea2c7da8e07c352580096058e550917c2962d7a4a0bad3fc,HomotopyGroupMembershipStatementPrimaryComponentScalarValueget_type_hints,True,
tests/test_phase40_toda_primary_group.py::test_phase40_1_homotopy_group_membership_uses_same_scalar_value_dimensions,tests/test_phase40_toda_primary_group.py,test_phase40_1_homotopy_group_membership_uses_same_scalar_value_dimensions,a60e3c4139880f0be047ae00a74268b72e38f744965be0368a085e998065c00b,a60e3c4139880f0be047ae00a74268b72e38f744965be0368a085e998065c00b,9079178bc7a23bc3dace724633b5a07001dd8f059474706b5461d28184a81641,HomotopyGroupMembershipStatementScalarValueget_type_hints,True,
tests/test_phase40_toda_primary_group.py::test_phase40_4_toda_primary_group_uses_existing_scalar_value_dimension_types,tests/test_phase40_toda_primary_group.py,test_phase40_4_toda_primary_group_uses_existing_scalar_value_dimension_types,2b215e25bc9ebf695328dbca08b6924e43d9f9d042e65ec7c3f8ae59d9f1c082,2b215e25bc9ebf695328dbca08b6924e43d9f9d042e65ec7c3f8ae59d9f1c082,e721ed4e2eea9b87d27b570cecd177791e055ca8ae84df75a8a4ab9a133ef788,ScalarValueTodaPrimaryGroupget_type_hints,True,
tests/test_phase47_toda_prop44_compatibility.py::test_phase47_1_preimage_subgroup_remains_primary_component_structure,tests/test_phase47_toda_prop44_compatibility.py,test_phase47_1_preimage_subgroup_remains_primary_component_structure,be1f8c5ecd67342ec8bb2c1a6ae5ac70d92a7ec7717f8b051309528e230aede1,be1f8c5ecd67342ec8bb2c1a6ae5ac70d92a7ec7717f8b051309528e230aede1,b1871ef98ba00090a215a38724cc124113a11c7aec5bffc467f10c249fdf11db,MapSymbolPreimageSubgroupPrimaryComponentget_type_hints,True,
tests/test_phase46_toda_45_suspension_map.py::test_phase46_3_map_source_group_uses_toda_primary_group,tests/test_phase46_toda_45_suspension_map.py,test_phase46_3_map_source_group_uses_toda_primary_group,a5fb38d072be06cd155cac15466b0fe881dfe0b7dd3ee3c24cdeb506703d2189,a5fb38d072be06cd155cac15466b0fe881dfe0b7dd3ee3c24cdeb506703d2189,2ae6a20e997186737b3583fa9f5e67cc6c93817e6d4268680c72a8cc697a3c71,TodaIteratedSuspensionMapTodaPrimaryGroupget_type_hints,True,
tests/test_phase47_toda_prop44_compatibility.py::test_phase47_1_toda_iterated_suspension_map_source_is_single_toda_group,tests/test_phase47_toda_prop44_compatibility.py,test_phase47_1_toda_iterated_suspension_map_source_is_single_toda_group,3cad67319d7db9002e1e88db4f5966d5a9aa9c5f3e9f6c9dacda2a519d931d6a,3cad67319d7db9002e1e88db4f5966d5a9aa9c5f3e9f6c9dacda2a519d931d6a,6f98e30d5d5dd7b117b44b268ab2cc2b1df777b40e09edd36a3e015d6fe59150,TodaIteratedSuspensionMapTodaPrimaryGroupget_type_hints,True,
tests/test_phase46_toda_45_suspension_map.py::test_phase46_3_map_target_group_uses_toda_primary_group,tests/test_phase46_toda_45_suspension_map.py,test_phase46_3_map_target_group_uses_toda_primary_group,bdebf5e2baf606410d2bdcebbc01467592a08b9299b0322179bec278a37bdda1,bdebf5e2baf606410d2bdcebbc01467592a08b9299b0322179bec278a37bdda1,2ae6a20e997186737b3583fa9f5e67cc6c93817e6d4268680c72a8cc697a3c71,TodaIteratedSuspensionMapTodaPrimaryGroupget_type_hints,True,
tests/test_phase48_toda_prop44_e_injective_theorem.py::test_phase48_4_injective_statement_map_type,tests/test_phase48_toda_prop44_e_injective_theorem.py,test_phase48_4_injective_statement_map_type,7b9667023cae5f29f1a85b5275fb2d465c7b45093e9a2200b24e6a746f980a8a,7b9667023cae5f29f1a85b5275fb2d465c7b45093e9a2200b24e6a746f980a8a,aec62b96ea09078dbb0ba42a330c2a7a39dad084f66172afcc9fd1dc9fadc8ce,TodaProp44SuspensionInjectiveStatementTodaSuspensionMapget_type_hints,True,
tests/test_phase48_toda_prop44_e_map.py::test_phase48_2_iterated_suspension_map_contract_remains_unchanged,tests/test_phase48_toda_prop44_e_map.py,test_phase48_2_iterated_suspension_map_contract_remains_unchanged,62b21065e9a42fca621b3d80964b02024d6616992f164f0d3541c591b9ee3e20,62b21065e9a42fca621b3d80964b02024d6616992f164f0d3541c591b9ee3e20,49675f6b24b00d6b130c467a3dd0d2330fe5b65831ce86e45a4b8c1acac78598,TodaIteratedSuspensionMapTodaPrimaryGroupget_type_hints,True,
tests/test_phase47_toda_prop44_decomposition_map.py::test_phase47_3_map_source_group_uses_direct_sum_group,tests/test_phase47_toda_prop44_decomposition_map.py,test_phase47_3_map_source_group_uses_direct_sum_group,a40339b41fcaa9234ea0ea26ccdda60e07e4c78453f6962ae8c2f4591d34e2a9,a40339b41fcaa9234ea0ea26ccdda60e07e4c78453f6962ae8c2f4591d34e2a9,0dd15f4d4b203976f907ea9885cafd925b41904ec2056b0aef83e1ca88f81a96,DirectSumGroupTodaProp44DecompositionMapget_type_hints,True,
tests/test_phase47_toda_prop44_decomposition_map.py::test_phase47_3_map_target_group_uses_toda_primary_group,tests/test_phase47_toda_prop44_decomposition_map.py,test_phase47_3_map_target_group_uses_toda_primary_group,b6a8ce9ca70637fa05587b7210f3fb15e805bbebaf49791dface8cb21c02fe1b,b6a8ce9ca70637fa05587b7210f3fb15e805bbebaf49791dface8cb21c02fe1b,593ec6653643259bd8f16f436b1b02e55eb9d77a25ce7b013dd7b7ca0b1947d2,TodaPrimaryGroupTodaProp44DecompositionMapget_type_hints,True,
tests/test_phase47_toda_prop44_toda_membership.py::test_phase47_4a_membership_element_uses_expression,tests/test_phase47_toda_prop44_toda_membership.py,test_phase47_4a_membership_element_uses_expression,450f7be91908ef0a57a6b5c4dfd37bfc435b0b10b188ebc364169105f9046597,450f7be91908ef0a57a6b5c4dfd37bfc435b0b10b188ebc364169105f9046597,d88503bcbe8c4db8e17ddef857f6ca23686aa94e2c1603e0cd3ccc5d67c541ca,ExpressionTodaPrimaryGroupMembershipStatementget_type_hints,True,
tests/test_phase50_low_dimensional_delta_facts.py::test_phase50_4b_delta_statement_element_uses_expression,tests/test_phase50_low_dimensional_delta_facts.py,test_phase50_4b_delta_statement_element_uses_expression,fa16830cda0c1f1c9ca3f8687c216b111ef976c49248a751e947af7d1974dcc6,fa16830cda0c1f1c9ca3f8687c216b111ef976c49248a751e947af7d1974dcc6,972bb248f949e543fb1cac1094acbe95945fec6222df4b95080f167e9d7f1adf,ExpressionTodaDeltaImageUpToSignStatementget_type_hints,True,
tests/test_phase47_toda_prop44_toda_membership.py::test_phase47_4a_membership_group_uses_toda_primary_group,tests/test_phase47_toda_prop44_toda_membership.py,test_phase47_4a_membership_group_uses_toda_primary_group,f943577a1b83d3950c8eb02af62f79729e15d3a53f2e7b8de62da02c89f1933f,f943577a1b83d3950c8eb02af62f79729e15d3a53f2e7b8de62da02c89f1933f,eb7d8b0de2624ee6e74e9d6f8ed9a7f370be305503a75b1cc29dacebb608d678,TodaPrimaryGroupTodaPrimaryGroupMembershipStatementget_type_hints,True,
tests/test_phase49_low_dimensional_facts.py::test_phase49_2_zero_group_statement_uses_toda_primary_group,tests/test_phase49_low_dimensional_facts.py,test_phase49_2_zero_group_statement_uses_toda_primary_group,575a9dbb04c1d5053506845c258f599cd45fcbd232eb43b95337bbb81cf275c1,575a9dbb04c1d5053506845c258f599cd45fcbd232eb43b95337bbb81cf275c1,2e1ebe60a3888200092e950c658c82413943dfc4855334758bf0999b2eb001d7,TodaPrimaryGroupTodaPrimaryGroupZeroStatementget_type_hints,True,
tests/test_phase48_toda_prop44_e_map.py::test_phase48_2_suspension_map_source_group_uses_toda_primary_group,tests/test_phase48_toda_prop44_e_map.py,test_phase48_2_suspension_map_source_group_uses_toda_primary_group,1b521bcfe1abe519e1bc5e71cf24e838ca37d90c18d9457775f1034c65e4c19e,1b521bcfe1abe519e1bc5e71cf24e838ca37d90c18d9457775f1034c65e4c19e,5876d4174d02017061c130c812cb6a530513930a8f54e98d2dba20385a614276,TodaPrimaryGroupTodaSuspensionMapget_type_hints,True,
tests/test_phase49_delta_hopf_surjectivity.py::test_phase49_4_delta_map_source_type,tests/test_phase49_delta_hopf_surjectivity.py,test_phase49_4_delta_map_source_type,5f7ea79739e5838c9e99e7227f3f5558710c9853855febdb653841ea4c418db7,5f7ea79739e5838c9e99e7227f3f5558710c9853855febdb653841ea4c418db7,7c15ec1ffe45856788149d031594a8ac0eb77f2baa136dea3a6720fe2e402c7a,TodaDeltaMapTodaPrimaryGroupget_type_hints,True,
tests/test_phase48_toda_prop44_e_map.py::test_phase48_2_suspension_map_target_group_uses_toda_primary_group,tests/test_phase48_toda_prop44_e_map.py,test_phase48_2_suspension_map_target_group_uses_toda_primary_group,320750168b082a0a8d50aaa0bf46caaf1a46b43e2d02ad9186f97272f6593839,320750168b082a0a8d50aaa0bf46caaf1a46b43e2d02ad9186f97272f6593839,5876d4174d02017061c130c812cb6a530513930a8f54e98d2dba20385a614276,TodaPrimaryGroupTodaSuspensionMapget_type_hints,True,
tests/test_phase49_delta_hopf_surjectivity.py::test_phase49_4_delta_map_target_type,tests/test_phase49_delta_hopf_surjectivity.py,test_phase49_4_delta_map_target_type,bb08d529c916d5c222a8a0f25f932bf6fe83dc47cecc5266e2d8fc7c83190ed6,bb08d529c916d5c222a8a0f25f932bf6fe83dc47cecc5266e2d8fc7c83190ed6,7c15ec1ffe45856788149d031594a8ac0eb77f2baa136dea3a6720fe2e402c7a,TodaDeltaMapTodaPrimaryGroupget_type_hints,True,
tests/test_phase50_low_dimensional_delta_facts.py::test_phase50_4b_delta_statement_map_uses_specific_delta_map,tests/test_phase50_low_dimensional_delta_facts.py,test_phase50_4b_delta_statement_map_uses_specific_delta_map,15c473bc5d2b2c6b35f8cd5cb7d32c14004f460f380e91866cb87b01f8200f78,15c473bc5d2b2c6b35f8cd5cb7d32c14004f460f380e91866cb87b01f8200f78,e6f11b6d2819e5303def24a736b87927278b84be25196232afc677aeba319637,TodaDeltaImageUpToSignStatementTodaDeltaMapget_type_hints,True,
tests/test_phase49_delta_hopf_surjectivity.py::test_phase49_4_delta_zero_statement_uses_specific_map,tests/test_phase49_delta_hopf_surjectivity.py,test_phase49_4_delta_zero_statement_uses_specific_map,033df2bdafe6e09cd43d8001ad939645b0c0b71381a4d79004f1144aade73d47,033df2bdafe6e09cd43d8001ad939645b0c0b71381a4d79004f1144aade73d47,9d252861d9021e1a4cd7b694f3ca6ca61c30b4c0f1eb39f719a07a05e93f8a91,TodaDeltaMapTodaDeltaZeroStatementget_type_hints,True,
tests/test_phase49_delta_hopf_surjectivity.py::test_phase49_4_hopf_surjective_statement_uses_specific_map,tests/test_phase49_delta_hopf_surjectivity.py,test_phase49_4_hopf_surjective_statement_uses_specific_map,0d3b26cf3cee95469df616482d32f77832086ed53c385e6e351babea42872164,0d3b26cf3cee95469df616482d32f77832086ed53c385e6e351babea42872164,87a693fa7ace431587f7995e39eec29e4642748ed7062b7ec697e7b93475c0ce,TodaHopfInvariantMapTodaHopfInvariantSurjectiveStatementget_type_hints,True,
tests/test_phase49_delta_hopf_surjectivity.py::test_phase49_4_suspension_injective_statement_uses_specific_map,tests/test_phase49_delta_hopf_surjectivity.py,test_phase49_4_suspension_injective_statement_uses_specific_map,9fb5b552dc56f66db1cc67adfb75abcba31a31d04b75f4ad78324b894dcf5834,9fb5b552dc56f66db1cc67adfb75abcba31a31d04b75f4ad78324b894dcf5834,b00ea684ab98f6597b237b38d5b13734311a963ac8b96baab292f6b50a514876,TodaSuspensionInjectiveStatementTodaSuspensionMapget_type_hints,True,
tests/test_phase49_hopf_injectivity.py::test_phase49_3_injective_statement_uses_specific_hopf_map,tests/test_phase49_hopf_injectivity.py,test_phase49_3_injective_statement_uses_specific_hopf_map,1e7e1f45f2bde64d3f312c8bbc0a8f1d7260e3cf896a2d207e84d83a238e6394,1e7e1f45f2bde64d3f312c8bbc0a8f1d7260e3cf896a2d207e84d83a238e6394,852da90ff436eb5c034fba77f2373257887640e27b5687390168f722c237f72c,TodaHopfInvariantInjectiveStatementTodaHopfInvariantMapget_type_hints,True,
tests/test_phase49_hopf_isomorphism.py::test_phase49_5_isomorphism_statement_uses_specific_hopf_map,tests/test_phase49_hopf_isomorphism.py,test_phase49_5_isomorphism_statement_uses_specific_hopf_map,de50130524dec806992059040b0c89bb583cefddef009943959bb13bf94c353f,de50130524dec806992059040b0c89bb583cefddef009943959bb13bf94c353f,dcd7a7f650587ea5656ef36a51a7bf0315be3ac08b31365092c6b2adb100ed56,TodaHopfInvariantIsomorphismStatementTodaHopfInvariantMapget_type_hints,True,
tests/test_phase49_low_dimensional_facts.py::test_phase49_2_suspension_isomorphism_statement_uses_specific_map,tests/test_phase49_low_dimensional_facts.py,test_phase49_2_suspension_isomorphism_statement_uses_specific_map,19a149c56e24f0d220ad725fecf30e61219a0b70c9b30639ec984aac9bb9fe8b,19a149c56e24f0d220ad725fecf30e61219a0b70c9b30639ec984aac9bb9fe8b,9ea27e70a33d0d502c3bbd9989c2b3b80eb86f0a63b0cfa61b64f44990e43045,TodaSuspensionIsomorphismStatementTodaSuspensionMapget_type_hints,True,
tests/test_phase39_primary_component.py::test_phase39_4_concrete_primary_component_matches_existing_dimension_representation,tests/test_phase39_primary_component.py,test_phase39_4_concrete_primary_component_matches_existing_dimension_representation,8aeedb32701721ff00e7bc013268913e98b08096bb9030bdaa56acde1ba0e59f,8aeedb32701721ff00e7bc013268913e98b08096bb9030bdaa56acde1ba0e59f,c611655a052fc24914c275e32d8f3c486d7eacf3020eeb2e13b5c0e5432e127b,HomotopyElementHomotopyGroupMembershipStatementPrimaryComponent,True,
tests/test_phase40_toda_primary_group.py::test_phase40_1_primary_component_and_homotopy_group_membership_share_concrete_dimensions,tests/test_phase40_toda_primary_group.py,test_phase40_1_primary_component_and_homotopy_group_membership_share_concrete_dimensions,ae0a9e9d66abb5fdf8fe18f848accd24619a7d4cc509789fa49c97a3fadcd634,ae0a9e9d66abb5fdf8fe18f848accd24619a7d4cc509789fa49c97a3fadcd634,4dc01d7aa9f506ff11636d227674b4ac00666db963a06b5b9e9a1b6b89467f53,HomotopyElementHomotopyGroupMembershipStatementPrimaryComponent,True,
tests/test_phase40_toda_primary_group.py::test_phase40_5_toda_primary_group_has_no_preimage_representation,tests/test_phase40_toda_primary_group.py,test_phase40_5_toda_primary_group_has_no_preimage_representation,60beb11a97e29748cf78ad086711614482ea9d48140aa1d52fbf19fcbe7580e1,60beb11a97e29748cf78ad086711614482ea9d48140aa1d52fbf19fcbe7580e1,768fce2bebbb7258ca62b7d7831067f34ae08246c8f1c8cca897fa6759deff1b,TodaPrimaryGroup,True,
tests/test_phase41_preimage_subgroup.py::test_phase41_5_toda_primary_group_has_no_preimage_conversion,tests/test_phase41_preimage_subgroup.py,test_phase41_5_toda_primary_group_has_no_preimage_conversion,3fdf916f03539248a530d095e600499d33f95d70591f42b52c099cd0b3459fc2,3fdf916f03539248a530d095e600499d33f95d70591f42b52c099cd0b3459fc2,4fb5401e3356fcd566352f00973f587027f86211f2a1b36ff5efb23dcea940d3,TodaPrimaryGroup,True,
tests/test_phase44_toda_lemma41_case_semantics.py::test_phase44_3_zero_case_direct_sum_is_lossless,tests/test_phase44_toda_lemma41_case_semantics.py,test_phase44_3_zero_case_direct_sum_is_lossless,3bb53750d4134fbc4a5fe36c383b657e49f0a638890484122ac34cba13955560,3bb53750d4134fbc4a5fe36c383b657e49f0a638890484122ac34cba13955560,bec88d83872d0d2506f48451a58a8b78fc9a7171eb068c094c0153dc3a183e80,DirectSumGroupFreeCyclicGroupHomotopyElementPrimaryComponentScalarProductScalarSumScalarSymbol,True,
tests/test_phase47_toda_prop44_decomposition_groups.py::test_phase47_2_existing_phase44_direct_sum_shape_remains_representable,tests/test_phase47_toda_prop44_decomposition_groups.py,test_phase47_2_existing_phase44_direct_sum_shape_remains_representable,217a740c91ead04f70070065805ee31d0e4e5deec865bb315a520832727e269f,217a740c91ead04f70070065805ee31d0e4e5deec865bb315a520832727e269f,9cb7ce33f9f3839a88c205aeff567f4de6e9b109312dd066a39d8379df8ff9cd,DirectSumGroupFreeCyclicGroupHomotopyElementPrimaryComponentScalarProductScalarSumScalarSymbol,True,
tests/test_phase48_toda_prop44_e_injectivity_compatibility.py::test_phase48_1_generic_injective_statement_accepts_canonical_e,tests/test_phase48_toda_prop44_e_injectivity_compatibility.py,test_phase48_1_generic_injective_statement_accepts_canonical_e,afaea6ddd2bdb2fabe49083b9424fb25476684a18df244ab94f15d86ce83fc71,afaea6ddd2bdb2fabe49083b9424fb25476684a18df244ab94f15d86ce83fc71,76ee10de3e52152fe867b6b76cc2db0ca4d8b2291119bf55455afad947344344,EHP_E_MAPInjectiveMapStatement,True,
tests/test_phase49_concrete_pi3_2_compatibility.py::test_phase49_1_generic_h_injectivity_is_representable,tests/test_phase49_concrete_pi3_2_compatibility.py,test_phase49_1_generic_h_injectivity_is_representable,c6166600dd62578de9a1ec32a1972b57da383963faea7f014118015666d0a324,c6166600dd62578de9a1ec32a1972b57da383963faea7f014118015666d0a324,4c6278c024301eb513f5c6fd9b7ff1f45db35470afa2ea6bb79cf25ce8681263,EHP_H_MAPInjectiveMapStatement,True,
tests/test_phase65_probe.py::test_phase65_probe_does_not_claim_automatic_narrative,tests/test_phase65_probe.py,test_phase65_probe_does_not_claim_automatic_narrative,7e577f17ee9696a415e806abd0c6332bed23c2687d0edc8a2a4bf76c2b605b47,7e577f17ee9696a415e806abd0c6332bed23c2687d0edc8a2a4bf76c2b605b47,5970f9aa754b013e534d683198266a5002a5b7ca68babed461a321df2a368478,main,True,
tests/test_phase66_probe.py::test_phase66_probe_output_contains_completion_boundary,tests/test_phase66_probe.py,test_phase66_probe_output_contains_completion_boundary,e5addc3f359fd9b34ab343cf28d8e4bf2ba961872d7653196331dc80cf4d58c4,e5addc3f359fd9b34ab343cf28d8e4bf2ba961872d7653196331dc80cf4d58c4,1755508d949076ed7e1829157dc98795499261e5b8c07659bb90194412096a55,main,True,
tests/test_phase65_probe.py::test_phase65_probe_output_contains_provenance,tests/test_phase65_probe.py,test_phase65_probe_output_contains_provenance,550ad6b970b6061879ab1d529235c147f04c82cd4eff11bbbf636d0d2f60fd99,550ad6b970b6061879ab1d529235c147f04c82cd4eff11bbbf636d0d2f60fd99,5970f9aa754b013e534d683198266a5002a5b7ca68babed461a321df2a368478,main,True,
tests/test_phase67_probe.py::test_phase67_probe_output_contains_given_inference_boundary,tests/test_phase67_probe.py,test_phase67_probe_output_contains_given_inference_boundary,8bed2b2a956129c832b264deaa157d6174bf080b49fb08fd232d78c5b997deb6,8bed2b2a956129c832b264deaa157d6174bf080b49fb08fd232d78c5b997deb6,d0a4e901738bf77b0cbea25ceaf02bee71d31f2b94d82cc4cfa96a9f5e4bb873,main,True,
tests/test_phase76_probe.py::test_phase76_probe_output_contains_derivation,tests/test_phase76_probe.py,test_phase76_probe_output_contains_derivation,e8f265c60622354587d7952ed503bd132824a9e3289091eeb7d7f6f05033ce02,e8f265c60622354587d7952ed503bd132824a9e3289091eeb7d7f6f05033ce02,bea29876ec598d53fc5cedb6bd6559f2aef01d681fbecabb8d15b8f4405f1b1f,main,True,
tests/test_phase74_probe.py::test_phase74_probe_output_contains_provenance,tests/test_phase74_probe.py,test_phase74_probe_output_contains_provenance,ee85b00e404c80bbf7f23d03d985a3ade0b0ce74dd5718777398db225b5d3231,ee85b00e404c80bbf7f23d03d985a3ade0b0ce74dd5718777398db225b5d3231,a36051925d3dfb7fbb0511156f049b986846e8e49098d5c1b4319287b27499a1,main,True,
