finding_id,test_id,file,function,line,phase,r1_category,status,contract,assertion_kind,expected_literal,reason
R2-00001,tests/test_ehp_rules.py::test_ehp_inference_reaches_zero_through_equality_closure,tests/test_ehp_rules.py,test_ehp_inference_reaches_zero_through_equality_closure,1305,core,audit_only,contract_sensitive_review,fixed_snapshot_risk,numeric_fixed_expectation,4,"Fixed numeric expectation appears in an audit/count/snapshot-style test. It is not automatically stale, but it is contract-sensitive and should be reviewed before R3 consolidation."
R2-00002,tests/test_ehp_rules.py::test_ehp_inference_reaches_zero_through_equality_closure,tests/test_ehp_rules.py,test_ehp_inference_reaches_zero_through_equality_closure,1307,core,audit_only,contract_sensitive_review,fixed_snapshot_risk,numeric_fixed_expectation,4,"Fixed numeric expectation appears in an audit/count/snapshot-style test. It is not automatically stale, but it is contract-sensitive and should be reviewed before R3 consolidation."
R2-00003,tests/test_phase103_6d101_toda_lemma54_nu4_membership_theorem_specific_classification.py::test_phase103_6d101_target_factory_is_exactly_the_audited_factory,tests/test_phase103_6d101_toda_lemma54_nu4_membership_theorem_specific_classification.py,test_phase103_6d101_target_factory_is_exactly_the_audited_factory,96,103,audit_only,contract_sensitive_review,fixed_snapshot_risk,numeric_fixed_expectation,7,"Fixed numeric expectation appears in an audit/count/snapshot-style test. It is not automatically stale, but it is contract-sensitive and should be reviewed before R3 consolidation."
R2-00004,tests/test_phase103_6d101_toda_lemma54_nu4_membership_theorem_specific_classification.py::test_phase103_6d101_preserves_other_category_counts,tests/test_phase103_6d101_toda_lemma54_nu4_membership_theorem_specific_classification.py,test_phase103_6d101_preserves_other_category_counts,350,103,duplicate_coverage,contract_sensitive_review,fixed_snapshot_risk,numeric_fixed_expectation,201,"Fixed numeric expectation appears in an audit/count/snapshot-style test. It is not automatically stale, but it is contract-sensitive and should be reviewed before R3 consolidation."
R2-00005,tests/test_phase103_6d101_toda_lemma54_nu4_membership_theorem_specific_classification.py::test_phase103_6d101_preserves_other_category_counts,tests/test_phase103_6d101_toda_lemma54_nu4_membership_theorem_specific_classification.py,test_phase103_6d101_preserves_other_category_counts,357,103,duplicate_coverage,contract_sensitive_review,fixed_snapshot_risk,numeric_fixed_expectation,49,"Fixed numeric expectation appears in an audit/count/snapshot-style test. It is not automatically stale, but it is contract-sensitive and should be reviewed before R3 consolidation."
R2-00006,tests/test_phase103_6d101_toda_lemma54_nu4_membership_theorem_specific_classification.py::test_phase103_6d101_preserves_other_category_counts,tests/test_phase103_6d101_toda_lemma54_nu4_membership_theorem_specific_classification.py,test_phase103_6d101_preserves_other_category_counts,364,103,duplicate_coverage,contract_sensitive_review,fixed_snapshot_risk,numeric_fixed_expectation,63,"Fixed numeric expectation appears in an audit/count/snapshot-style test. It is not automatically stale, but it is contract-sensitive and should be reviewed before R3 consolidation."
R2-00007,tests/test_phase103_6d101_toda_lemma54_nu4_membership_theorem_specific_classification.py::test_phase103_6d101_preserves_other_category_counts,tests/test_phase103_6d101_toda_lemma54_nu4_membership_theorem_specific_classification.py,test_phase103_6d101_preserves_other_category_counts,371,103,duplicate_coverage,contract_sensitive_review,fixed_snapshot_risk,numeric_fixed_expectation,134,"Fixed numeric expectation appears in an audit/count/snapshot-style test. It is not automatically stale, but it is contract-sensitive and should be reviewed before R3 consolidation."
R2-00008,tests/test_phase103_6d106_toda53_nu_prime_lemma52_membership_theorem_specific_classification.py::test_phase103_6d106_target_factory_is_exactly_the_audited_factory,tests/test_phase103_6d106_toda53_nu_prime_lemma52_membership_theorem_specific_classification.py,test_phase103_6d106_target_factory_is_exactly_the_audited_factory,96,103,audit_only,contract_sensitive_review,fixed_snapshot_risk,numeric_fixed_expectation,4,"Fixed numeric expectation appears in an audit/count/snapshot-style test. It is not automatically stale, but it is contract-sensitive and should be reviewed before R3 consolidation."
R2-00009,tests/test_phase103_6d106_toda53_nu_prime_lemma52_membership_theorem_specific_classification.py::test_phase103_6d106_preserves_other_category_counts,tests/test_phase103_6d106_toda53_nu_prime_lemma52_membership_theorem_specific_classification.py,test_phase103_6d106_preserves_other_category_counts,346,103,duplicate_coverage,contract_sensitive_review,fixed_snapshot_risk,numeric_fixed_expectation,201,"Fixed numeric expectation appears in an audit/count/snapshot-style test. It is not automatically stale, but it is contract-sensitive and should be reviewed before R3 consolidation."
R2-00010,tests/test_phase103_6d106_toda53_nu_prime_lemma52_membership_theorem_specific_classification.py::test_phase103_6d106_preserves_other_category_counts,tests/test_phase103_6d106_toda53_nu_prime_lemma52_membership_theorem_specific_classification.py,test_phase103_6d106_preserves_other_category_counts,353,103,duplicate_coverage,contract_sensitive_review,fixed_snapshot_risk,numeric_fixed_expectation,49,"Fixed numeric expectation appears in an audit/count/snapshot-style test. It is not automatically stale, but it is contract-sensitive and should be reviewed before R3 consolidation."
R2-00011,tests/test_phase103_6d106_toda53_nu_prime_lemma52_membership_theorem_specific_classification.py::test_phase103_6d106_preserves_other_category_counts,tests/test_phase103_6d106_toda53_nu_prime_lemma52_membership_theorem_specific_classification.py,test_phase103_6d106_preserves_other_category_counts,360,103,duplicate_coverage,contract_sensitive_review,fixed_snapshot_risk,numeric_fixed_expectation,63,"Fixed numeric expectation appears in an audit/count/snapshot-style test. It is not automatically stale, but it is contract-sensitive and should be reviewed before R3 consolidation."
R2-00012,tests/test_phase103_6d106_toda53_nu_prime_lemma52_membership_theorem_specific_classification.py::test_phase103_6d106_preserves_other_category_counts,tests/test_phase103_6d106_toda53_nu_prime_lemma52_membership_theorem_specific_classification.py,test_phase103_6d106_preserves_other_category_counts,367,103,duplicate_coverage,contract_sensitive_review,fixed_snapshot_risk,numeric_fixed_expectation,134,"Fixed numeric expectation appears in an audit/count/snapshot-style test. It is not automatically stale, but it is contract-sensitive and should be reviewed before R3 consolidation."
R2-00013,tests/test_phase103_6d108_remaining_strict_self_identifying_nu_prime_grouped_relevance_classification.py::test_phase103_6d108_mapping_is_exactly_the_grouped_audit_conclusion,tests/test_phase103_6d108_remaining_strict_self_identifying_nu_prime_grouped_relevance_classification.py,test_phase103_6d108_mapping_is_exactly_the_grouped_audit_conclusion,115,103,audit_only,contract_sensitive_review,fixed_snapshot_risk,numeric_fixed_expectation,8,"Fixed numeric expectation appears in an audit/count/snapshot-style test. It is not automatically stale, but it is contract-sensitive and should be reviewed before R3 consolidation."
R2-00014,tests/test_phase103_6d108_remaining_strict_self_identifying_nu_prime_grouped_relevance_classification.py::test_phase103_6d108_preserves_structural_and_generic_relation_counts,tests/test_phase103_6d108_remaining_strict_self_identifying_nu_prime_grouped_relevance_classification.py,test_phase103_6d108_preserves_structural_and_generic_relation_counts,464,103,current_contract,contract_sensitive_review,fixed_snapshot_risk,numeric_fixed_expectation,201,"Fixed numeric expectation appears in an audit/count/snapshot-style test. It is not automatically stale, but it is contract-sensitive and should be reviewed before R3 consolidation."
R2-00015,tests/test_phase103_6d108_remaining_strict_self_identifying_nu_prime_grouped_relevance_classification.py::test_phase103_6d108_preserves_structural_and_generic_relation_counts,tests/test_phase103_6d108_remaining_strict_self_identifying_nu_prime_grouped_relevance_classification.py,test_phase103_6d108_preserves_structural_and_generic_relation_counts,471,103,current_contract,contract_sensitive_review,fixed_snapshot_risk,numeric_fixed_expectation,63,"Fixed numeric expectation appears in an audit/count/snapshot-style test. It is not automatically stale, but it is contract-sensitive and should be reviewed before R3 consolidation."
R2-00016,tests/test_phase103_6d15_generic_exactness_structural_classification.py::test_phase103_6d15_family_coverage_counts,tests/test_phase103_6d15_generic_exactness_structural_classification.py,test_phase103_6d15_family_coverage_counts,358,103,current_contract,contract_sensitive_review,fixed_snapshot_risk,numeric_fixed_expectation,1188,"Fixed numeric expectation appears in an audit/count/snapshot-style test. It is not automatically stale, but it is contract-sensitive and should be reviewed before R3 consolidation."
R2-00017,tests/test_phase103_6d15_generic_exactness_structural_classification.py::test_phase103_6d15_family_coverage_counts,tests/test_phase103_6d15_generic_exactness_structural_classification.py,test_phase103_6d15_family_coverage_counts,359,103,current_contract,contract_sensitive_review,fixed_snapshot_risk,numeric_fixed_expectation,267,"Fixed numeric expectation appears in an audit/count/snapshot-style test. It is not automatically stale, but it is contract-sensitive and should be reviewed before R3 consolidation."
R2-00018,tests/test_phase103_6d15_generic_exactness_structural_classification.py::test_phase103_6d15_family_coverage_counts,tests/test_phase103_6d15_generic_exactness_structural_classification.py,test_phase103_6d15_family_coverage_counts,360,103,current_contract,contract_sensitive_review,fixed_snapshot_risk,numeric_fixed_expectation,86,"Fixed numeric expectation appears in an audit/count/snapshot-style test. It is not automatically stale, but it is contract-sensitive and should be reviewed before R3 consolidation."
R2-00019,tests/test_phase103_6d15_generic_exactness_structural_classification.py::test_phase103_6d15_family_coverage_counts,tests/test_phase103_6d15_generic_exactness_structural_classification.py,test_phase103_6d15_family_coverage_counts,361,103,current_contract,contract_sensitive_review,fixed_snapshot_risk,numeric_fixed_expectation,181,"Fixed numeric expectation appears in an audit/count/snapshot-style test. It is not automatically stale, but it is contract-sensitive and should be reviewed before R3 consolidation."
R2-00020,tests/test_phase103_6d15_generic_exactness_structural_classification.py::test_phase103_6d15_entry_coverage_counts,tests/test_phase103_6d15_generic_exactness_structural_classification.py,test_phase103_6d15_entry_coverage_counts,387,103,current_contract,contract_sensitive_review,fixed_snapshot_risk,numeric_fixed_expectation,183,"Fixed numeric expectation appears in an audit/count/snapshot-style test. It is not automatically stale, but it is contract-sensitive and should be reviewed before R3 consolidation."
R2-00021,tests/test_phase103_6d15_generic_exactness_structural_classification.py::test_phase103_6d15_entry_coverage_counts,tests/test_phase103_6d15_generic_exactness_structural_classification.py,test_phase103_6d15_entry_coverage_counts,388,103,current_contract,contract_sensitive_review,fixed_snapshot_risk,numeric_fixed_expectation,511,"Fixed numeric expectation appears in an audit/count/snapshot-style test. It is not automatically stale, but it is contract-sensitive and should be reviewed before R3 consolidation."
R2-00022,tests/test_phase103_6d18_suspension_isomorphism_map_property.py::test_phase103_6d18_family_coverage_counts,tests/test_phase103_6d18_suspension_isomorphism_map_property.py,test_phase103_6d18_family_coverage_counts,443,103,current_contract,contract_sensitive_review,fixed_snapshot_risk,numeric_fixed_expectation,1188,"Fixed numeric expectation appears in an audit/count/snapshot-style test. It is not automatically stale, but it is contract-sensitive and should be reviewed before R3 consolidation."
R2-00023,tests/test_phase103_6d18_suspension_isomorphism_map_property.py::test_phase103_6d18_family_coverage_counts,tests/test_phase103_6d18_suspension_isomorphism_map_property.py,test_phase103_6d18_family_coverage_counts,447,103,current_contract,contract_sensitive_review,fixed_snapshot_risk,numeric_fixed_expectation,267,"Fixed numeric expectation appears in an audit/count/snapshot-style test. It is not automatically stale, but it is contract-sensitive and should be reviewed before R3 consolidation."
R2-00024,tests/test_phase103_6d18_suspension_isomorphism_map_property.py::test_phase103_6d18_family_coverage_counts,tests/test_phase103_6d18_suspension_isomorphism_map_property.py,test_phase103_6d18_family_coverage_counts,451,103,current_contract,contract_sensitive_review,fixed_snapshot_risk,numeric_fixed_expectation,90,"Fixed numeric expectation appears in an audit/count/snapshot-style test. It is not automatically stale, but it is contract-sensitive and should be reviewed before R3 consolidation."
R2-00025,tests/test_phase103_6d18_suspension_isomorphism_map_property.py::test_phase103_6d18_family_coverage_counts,tests/test_phase103_6d18_suspension_isomorphism_map_property.py,test_phase103_6d18_family_coverage_counts,452,103,current_contract,contract_sensitive_review,fixed_snapshot_risk,numeric_fixed_expectation,177,"Fixed numeric expectation appears in an audit/count/snapshot-style test. It is not automatically stale, but it is contract-sensitive and should be reviewed before R3 consolidation."
R2-00026,tests/test_phase103_6d18_suspension_isomorphism_map_property.py::test_phase103_6d18_entry_coverage_counts,tests/test_phase103_6d18_suspension_isomorphism_map_property.py,test_phase103_6d18_entry_coverage_counts,488,103,current_contract,contract_sensitive_review,fixed_snapshot_risk,numeric_fixed_expectation,47,"Fixed numeric expectation appears in an audit/count/snapshot-style test. It is not automatically stale, but it is contract-sensitive and should be reviewed before R3 consolidation."
R2-00027,tests/test_phase103_6d18_suspension_isomorphism_map_property.py::test_phase103_6d18_entry_coverage_counts,tests/test_phase103_6d18_suspension_isomorphism_map_property.py,test_phase103_6d18_entry_coverage_counts,489,103,current_contract,contract_sensitive_review,fixed_snapshot_risk,numeric_fixed_expectation,183,"Fixed numeric expectation appears in an audit/count/snapshot-style test. It is not automatically stale, but it is contract-sensitive and should be reviewed before R3 consolidation."
R2-00028,tests/test_phase103_6d18_suspension_isomorphism_map_property.py::test_phase103_6d18_entry_coverage_counts,tests/test_phase103_6d18_suspension_isomorphism_map_property.py,test_phase103_6d18_entry_coverage_counts,490,103,current_contract,contract_sensitive_review,fixed_snapshot_risk,numeric_fixed_expectation,495,"Fixed numeric expectation appears in an audit/count/snapshot-style test. It is not automatically stale, but it is contract-sensitive and should be reviewed before R3 consolidation."
R2-00029,tests/test_phase103_6d20_zero_second_summand_structural_classification.py::test_phase103_6d20_promotes_only_the_audited_route,tests/test_phase103_6d20_zero_second_summand_structural_classification.py,test_phase103_6d20_promotes_only_the_audited_route,296,103,audit_only,contract_sensitive_review,fixed_snapshot_risk,numeric_fixed_expectation,1,"Fixed numeric expectation appears in an audit/count/snapshot-style test. It is not automatically stale, but it is contract-sensitive and should be reviewed before R3 consolidation."
R2-00030,tests/test_phase103_6d20_zero_second_summand_structural_classification.py::test_phase103_6d20_family_coverage_counts,tests/test_phase103_6d20_zero_second_summand_structural_classification.py,test_phase103_6d20_family_coverage_counts,385,103,current_contract,contract_sensitive_review,fixed_snapshot_risk,numeric_fixed_expectation,1188,"Fixed numeric expectation appears in an audit/count/snapshot-style test. It is not automatically stale, but it is contract-sensitive and should be reviewed before R3 consolidation."
R2-00031,tests/test_phase103_6d20_zero_second_summand_structural_classification.py::test_phase103_6d20_family_coverage_counts,tests/test_phase103_6d20_zero_second_summand_structural_classification.py,test_phase103_6d20_family_coverage_counts,389,103,current_contract,contract_sensitive_review,fixed_snapshot_risk,numeric_fixed_expectation,267,"Fixed numeric expectation appears in an audit/count/snapshot-style test. It is not automatically stale, but it is contract-sensitive and should be reviewed before R3 consolidation."
R2-00032,tests/test_phase103_6d20_zero_second_summand_structural_classification.py::test_phase103_6d20_family_coverage_counts,tests/test_phase103_6d20_zero_second_summand_structural_classification.py,test_phase103_6d20_family_coverage_counts,393,103,current_contract,contract_sensitive_review,fixed_snapshot_risk,numeric_fixed_expectation,91,"Fixed numeric expectation appears in an audit/count/snapshot-style test. It is not automatically stale, but it is contract-sensitive and should be reviewed before R3 consolidation."
R2-00033,tests/test_phase103_6d20_zero_second_summand_structural_classification.py::test_phase103_6d20_family_coverage_counts,tests/test_phase103_6d20_zero_second_summand_structural_classification.py,test_phase103_6d20_family_coverage_counts,394,103,current_contract,contract_sensitive_review,fixed_snapshot_risk,numeric_fixed_expectation,176,"Fixed numeric expectation appears in an audit/count/snapshot-style test. It is not automatically stale, but it is contract-sensitive and should be reviewed before R3 consolidation."
R2-00034,tests/test_phase103_6d20_zero_second_summand_structural_classification.py::test_phase103_6d20_entry_coverage_counts,tests/test_phase103_6d20_zero_second_summand_structural_classification.py,test_phase103_6d20_entry_coverage_counts,430,103,current_contract,contract_sensitive_review,fixed_snapshot_risk,numeric_fixed_expectation,47,"Fixed numeric expectation appears in an audit/count/snapshot-style test. It is not automatically stale, but it is contract-sensitive and should be reviewed before R3 consolidation."
R2-00035,tests/test_phase103_6d20_zero_second_summand_structural_classification.py::test_phase103_6d20_entry_coverage_counts,tests/test_phase103_6d20_zero_second_summand_structural_classification.py,test_phase103_6d20_entry_coverage_counts,431,103,current_contract,contract_sensitive_review,fixed_snapshot_risk,numeric_fixed_expectation,184,"Fixed numeric expectation appears in an audit/count/snapshot-style test. It is not automatically stale, but it is contract-sensitive and should be reviewed before R3 consolidation."
R2-00036,tests/test_phase103_6d20_zero_second_summand_structural_classification.py::test_phase103_6d20_entry_coverage_counts,tests/test_phase103_6d20_zero_second_summand_structural_classification.py,test_phase103_6d20_entry_coverage_counts,432,103,current_contract,contract_sensitive_review,fixed_snapshot_risk,numeric_fixed_expectation,494,"Fixed numeric expectation appears in an audit/count/snapshot-style test. It is not automatically stale, but it is contract-sensitive and should be reviewed before R3 consolidation."
R2-00037,tests/test_phase103_6d24_hopf_injectivity_structural_classification.py::test_phase103_6d24_promotes_only_the_audited_routes,tests/test_phase103_6d24_hopf_injectivity_structural_classification.py,test_phase103_6d24_promotes_only_the_audited_routes,347,103,audit_only,contract_sensitive_review,fixed_snapshot_risk,numeric_fixed_expectation,6,"Fixed numeric expectation appears in an audit/count/snapshot-style test. It is not automatically stale, but it is contract-sensitive and should be reviewed before R3 consolidation."
R2-00038,tests/test_phase103_6d24_hopf_injectivity_structural_classification.py::test_phase103_6d24_promotes_only_the_audited_routes,tests/test_phase103_6d24_hopf_injectivity_structural_classification.py,test_phase103_6d24_promotes_only_the_audited_routes,351,103,audit_only,contract_sensitive_review,fixed_snapshot_risk,numeric_fixed_expectation,4,"Fixed numeric expectation appears in an audit/count/snapshot-style test. It is not automatically stale, but it is contract-sensitive and should be reviewed before R3 consolidation."
R2-00039,tests/test_phase103_6d24_hopf_injectivity_structural_classification.py::test_phase103_6d24_family_coverage_counts,tests/test_phase103_6d24_hopf_injectivity_structural_classification.py,test_phase103_6d24_family_coverage_counts,456,103,current_contract,contract_sensitive_review,fixed_snapshot_risk,numeric_fixed_expectation,1188,"Fixed numeric expectation appears in an audit/count/snapshot-style test. It is not automatically stale, but it is contract-sensitive and should be reviewed before R3 consolidation."
R2-00040,tests/test_phase103_6d24_hopf_injectivity_structural_classification.py::test_phase103_6d24_family_coverage_counts,tests/test_phase103_6d24_hopf_injectivity_structural_classification.py,test_phase103_6d24_family_coverage_counts,460,103,current_contract,contract_sensitive_review,fixed_snapshot_risk,numeric_fixed_expectation,267,"Fixed numeric expectation appears in an audit/count/snapshot-style test. It is not automatically stale, but it is contract-sensitive and should be reviewed before R3 consolidation."
R2-00041,tests/test_phase103_6d24_hopf_injectivity_structural_classification.py::test_phase103_6d24_family_coverage_counts,tests/test_phase103_6d24_hopf_injectivity_structural_classification.py,test_phase103_6d24_family_coverage_counts,464,103,current_contract,contract_sensitive_review,fixed_snapshot_risk,numeric_fixed_expectation,95,"Fixed numeric expectation appears in an audit/count/snapshot-style test. It is not automatically stale, but it is contract-sensitive and should be reviewed before R3 consolidation."
R2-00042,tests/test_phase103_6d24_hopf_injectivity_structural_classification.py::test_phase103_6d24_family_coverage_counts,tests/test_phase103_6d24_hopf_injectivity_structural_classification.py,test_phase103_6d24_family_coverage_counts,465,103,current_contract,contract_sensitive_review,fixed_snapshot_risk,numeric_fixed_expectation,172,"Fixed numeric expectation appears in an audit/count/snapshot-style test. It is not automatically stale, but it is contract-sensitive and should be reviewed before R3 consolidation."
R2-00043,tests/test_phase103_6d24_hopf_injectivity_structural_classification.py::test_phase103_6d24_entry_coverage_counts,tests/test_phase103_6d24_hopf_injectivity_structural_classification.py,test_phase103_6d24_entry_coverage_counts,501,103,current_contract,contract_sensitive_review,fixed_snapshot_risk,numeric_fixed_expectation,47,"Fixed numeric expectation appears in an audit/count/snapshot-style test. It is not automatically stale, but it is contract-sensitive and should be reviewed before R3 consolidation."
R2-00044,tests/test_phase103_6d24_hopf_injectivity_structural_classification.py::test_phase103_6d24_entry_coverage_counts,tests/test_phase103_6d24_hopf_injectivity_structural_classification.py,test_phase103_6d24_entry_coverage_counts,502,103,current_contract,contract_sensitive_review,fixed_snapshot_risk,numeric_fixed_expectation,190,"Fixed numeric expectation appears in an audit/count/snapshot-style test. It is not automatically stale, but it is contract-sensitive and should be reviewed before R3 consolidation."
R2-00045,tests/test_phase103_6d24_hopf_injectivity_structural_classification.py::test_phase103_6d24_entry_coverage_counts,tests/test_phase103_6d24_hopf_injectivity_structural_classification.py,test_phase103_6d24_entry_coverage_counts,503,103,current_contract,contract_sensitive_review,fixed_snapshot_risk,numeric_fixed_expectation,488,"Fixed numeric expectation appears in an audit/count/snapshot-style test. It is not automatically stale, but it is contract-sensitive and should be reviewed before R3 consolidation."
R2-00046,tests/test_phase103_6d27_delta_surjectivity_structural_classification.py::test_phase103_6d27_promotes_only_the_audited_routes,tests/test_phase103_6d27_delta_surjectivity_structural_classification.py,test_phase103_6d27_promotes_only_the_audited_routes,366,103,audit_only,contract_sensitive_review,fixed_snapshot_risk,numeric_fixed_expectation,4,"Fixed numeric expectation appears in an audit/count/snapshot-style test. It is not automatically stale, but it is contract-sensitive and should be reviewed before R3 consolidation."
R2-00047,tests/test_phase103_6d27_delta_surjectivity_structural_classification.py::test_phase103_6d27_promotes_only_the_audited_routes,tests/test_phase103_6d27_delta_surjectivity_structural_classification.py,test_phase103_6d27_promotes_only_the_audited_routes,370,103,audit_only,contract_sensitive_review,fixed_snapshot_risk,numeric_fixed_expectation,4,"Fixed numeric expectation appears in an audit/count/snapshot-style test. It is not automatically stale, but it is contract-sensitive and should be reviewed before R3 consolidation."
R2-00048,tests/test_phase103_6d27_delta_surjectivity_structural_classification.py::test_phase103_6d27_family_coverage_counts,tests/test_phase103_6d27_delta_surjectivity_structural_classification.py,test_phase103_6d27_family_coverage_counts,521,103,current_contract,contract_sensitive_review,fixed_snapshot_risk,numeric_fixed_expectation,1188,"Fixed numeric expectation appears in an audit/count/snapshot-style test. It is not automatically stale, but it is contract-sensitive and should be reviewed before R3 consolidation."
R2-00049,tests/test_phase103_6d27_delta_surjectivity_structural_classification.py::test_phase103_6d27_family_coverage_counts,tests/test_phase103_6d27_delta_surjectivity_structural_classification.py,test_phase103_6d27_family_coverage_counts,525,103,current_contract,contract_sensitive_review,fixed_snapshot_risk,numeric_fixed_expectation,267,"Fixed numeric expectation appears in an audit/count/snapshot-style test. It is not automatically stale, but it is contract-sensitive and should be reviewed before R3 consolidation."
R2-00050,tests/test_phase103_6d27_delta_surjectivity_structural_classification.py::test_phase103_6d27_family_coverage_counts,tests/test_phase103_6d27_delta_surjectivity_structural_classification.py,test_phase103_6d27_family_coverage_counts,529,103,current_contract,contract_sensitive_review,fixed_snapshot_risk,numeric_fixed_expectation,99,"Fixed numeric expectation appears in an audit/count/snapshot-style test. It is not automatically stale, but it is contract-sensitive and should be reviewed before R3 consolidation."
R2-00051,tests/test_phase103_6d27_delta_surjectivity_structural_classification.py::test_phase103_6d27_family_coverage_counts,tests/test_phase103_6d27_delta_surjectivity_structural_classification.py,test_phase103_6d27_family_coverage_counts,530,103,current_contract,contract_sensitive_review,fixed_snapshot_risk,numeric_fixed_expectation,168,"Fixed numeric expectation appears in an audit/count/snapshot-style test. It is not automatically stale, but it is contract-sensitive and should be reviewed before R3 consolidation."
R2-00052,tests/test_phase103_6d27_delta_surjectivity_structural_classification.py::test_phase103_6d27_entry_coverage_counts,tests/test_phase103_6d27_delta_surjectivity_structural_classification.py,test_phase103_6d27_entry_coverage_counts,566,103,current_contract,contract_sensitive_review,fixed_snapshot_risk,numeric_fixed_expectation,47,"Fixed numeric expectation appears in an audit/count/snapshot-style test. It is not automatically stale, but it is contract-sensitive and should be reviewed before R3 consolidation."
R2-00053,tests/test_phase103_6d27_delta_surjectivity_structural_classification.py::test_phase103_6d27_entry_coverage_counts,tests/test_phase103_6d27_delta_surjectivity_structural_classification.py,test_phase103_6d27_entry_coverage_counts,567,103,current_contract,contract_sensitive_review,fixed_snapshot_risk,numeric_fixed_expectation,194,"Fixed numeric expectation appears in an audit/count/snapshot-style test. It is not automatically stale, but it is contract-sensitive and should be reviewed before R3 consolidation."
R2-00054,tests/test_phase103_6d27_delta_surjectivity_structural_classification.py::test_phase103_6d27_entry_coverage_counts,tests/test_phase103_6d27_delta_surjectivity_structural_classification.py,test_phase103_6d27_entry_coverage_counts,568,103,current_contract,contract_sensitive_review,fixed_snapshot_risk,numeric_fixed_expectation,484,"Fixed numeric expectation appears in an audit/count/snapshot-style test. It is not automatically stale, but it is contract-sensitive and should be reviewed before R3 consolidation."
R2-00055,tests/test_phase103_6d30_generator_image_delta_map_property_classification.py::test_phase103_6d30_promotes_only_the_audited_routes,tests/test_phase103_6d30_generator_image_delta_map_property_classification.py,test_phase103_6d30_promotes_only_the_audited_routes,354,103,audit_only,contract_sensitive_review,fixed_snapshot_risk,numeric_fixed_expectation,2,"Fixed numeric expectation appears in an audit/count/snapshot-style test. It is not automatically stale, but it is contract-sensitive and should be reviewed before R3 consolidation."
R2-00056,tests/test_phase103_6d30_generator_image_delta_map_property_classification.py::test_phase103_6d30_family_coverage_counts,tests/test_phase103_6d30_generator_image_delta_map_property_classification.py,test_phase103_6d30_family_coverage_counts,476,103,current_contract,contract_sensitive_review,fixed_snapshot_risk,numeric_fixed_expectation,1188,"Fixed numeric expectation appears in an audit/count/snapshot-style test. It is not automatically stale, but it is contract-sensitive and should be reviewed before R3 consolidation."
R2-00057,tests/test_phase103_6d30_generator_image_delta_map_property_classification.py::test_phase103_6d30_family_coverage_counts,tests/test_phase103_6d30_generator_image_delta_map_property_classification.py,test_phase103_6d30_family_coverage_counts,480,103,current_contract,contract_sensitive_review,fixed_snapshot_risk,numeric_fixed_expectation,267,"Fixed numeric expectation appears in an audit/count/snapshot-style test. It is not automatically stale, but it is contract-sensitive and should be reviewed before R3 consolidation."
R2-00058,tests/test_phase103_6d30_generator_image_delta_map_property_classification.py::test_phase103_6d30_family_coverage_counts,tests/test_phase103_6d30_generator_image_delta_map_property_classification.py,test_phase103_6d30_family_coverage_counts,484,103,current_contract,contract_sensitive_review,fixed_snapshot_risk,numeric_fixed_expectation,101,"Fixed numeric expectation appears in an audit/count/snapshot-style test. It is not automatically stale, but it is contract-sensitive and should be reviewed before R3 consolidation."
R2-00059,tests/test_phase103_6d30_generator_image_delta_map_property_classification.py::test_phase103_6d30_family_coverage_counts,tests/test_phase103_6d30_generator_image_delta_map_property_classification.py,test_phase103_6d30_family_coverage_counts,485,103,current_contract,contract_sensitive_review,fixed_snapshot_risk,numeric_fixed_expectation,166,"Fixed numeric expectation appears in an audit/count/snapshot-style test. It is not automatically stale, but it is contract-sensitive and should be reviewed before R3 consolidation."
R2-00060,tests/test_phase103_6d30_generator_image_delta_map_property_classification.py::test_phase103_6d30_entry_coverage_counts,tests/test_phase103_6d30_generator_image_delta_map_property_classification.py,test_phase103_6d30_entry_coverage_counts,521,103,current_contract,contract_sensitive_review,fixed_snapshot_risk,numeric_fixed_expectation,49,"Fixed numeric expectation appears in an audit/count/snapshot-style test. It is not automatically stale, but it is contract-sensitive and should be reviewed before R3 consolidation."
R2-00061,tests/test_phase103_6d30_generator_image_delta_map_property_classification.py::test_phase103_6d30_entry_coverage_counts,tests/test_phase103_6d30_generator_image_delta_map_property_classification.py,test_phase103_6d30_entry_coverage_counts,522,103,current_contract,contract_sensitive_review,fixed_snapshot_risk,numeric_fixed_expectation,194,"Fixed numeric expectation appears in an audit/count/snapshot-style test. It is not automatically stale, but it is contract-sensitive and should be reviewed before R3 consolidation."
R2-00062,tests/test_phase103_6d30_generator_image_delta_map_property_classification.py::test_phase103_6d30_entry_coverage_counts,tests/test_phase103_6d30_generator_image_delta_map_property_classification.py,test_phase103_6d30_entry_coverage_counts,523,103,current_contract,contract_sensitive_review,fixed_snapshot_risk,numeric_fixed_expectation,482,"Fixed numeric expectation appears in an audit/count/snapshot-style test. It is not automatically stale, but it is contract-sensitive and should be reviewed before R3 consolidation."
R2-00063,tests/test_phase103_6d32_residual_delta_injectivity_theorem_specific_classification.py::test_phase103_6d32_updates_only_unclassified_entry_count_from_6d30_baseline,tests/test_phase103_6d32_residual_delta_injectivity_theorem_specific_classification.py,test_phase103_6d32_updates_only_unclassified_entry_count_from_6d30_baseline,257,103,current_contract,contract_sensitive_review,fixed_snapshot_risk,numeric_fixed_expectation,194,"Fixed numeric expectation appears in an audit/count/snapshot-style test. It is not automatically stale, but it is contract-sensitive and should be reviewed before R3 consolidation."
R2-00064,tests/test_phase103_6d32_residual_delta_injectivity_theorem_specific_classification.py::test_phase103_6d32_updates_only_unclassified_entry_count_from_6d30_baseline,tests/test_phase103_6d32_residual_delta_injectivity_theorem_specific_classification.py,test_phase103_6d32_updates_only_unclassified_entry_count_from_6d30_baseline,264,103,current_contract,contract_sensitive_review,fixed_snapshot_risk,numeric_fixed_expectation,49,"Fixed numeric expectation appears in an audit/count/snapshot-style test. It is not automatically stale, but it is contract-sensitive and should be reviewed before R3 consolidation."
R2-00065,tests/test_phase103_6d32_residual_delta_injectivity_theorem_specific_classification.py::test_phase103_6d32_updates_only_unclassified_entry_count_from_6d30_baseline,tests/test_phase103_6d32_residual_delta_injectivity_theorem_specific_classification.py,test_phase103_6d32_updates_only_unclassified_entry_count_from_6d30_baseline,271,103,current_contract,contract_sensitive_review,fixed_snapshot_risk,numeric_fixed_expectation,467,"Fixed numeric expectation appears in an audit/count/snapshot-style test. It is not automatically stale, but it is contract-sensitive and should be reviewed before R3 consolidation."
R2-00066,tests/test_phase103_6d35_residual_suspension_injectivity_structural_classification.py::test_phase103_6d35_classifies_only_the_two_audited_residual_families_as_structural,tests/test_phase103_6d35_residual_suspension_injectivity_structural_classification.py,test_phase103_6d35_classifies_only_the_two_audited_residual_families_as_structural,83,103,audit_only,contract_sensitive_review,fixed_snapshot_risk,numeric_fixed_expectation,1,"Fixed numeric expectation appears in an audit/count/snapshot-style test. It is not automatically stale, but it is contract-sensitive and should be reviewed before R3 consolidation."
R2-00067,tests/test_phase103_6d35_residual_suspension_injectivity_structural_classification.py::test_phase103_6d35_family_coverage_counts,tests/test_phase103_6d35_residual_suspension_injectivity_structural_classification.py,test_phase103_6d35_family_coverage_counts,229,103,current_contract,contract_sensitive_review,fixed_snapshot_risk,numeric_fixed_expectation,267,"Fixed numeric expectation appears in an audit/count/snapshot-style test. It is not automatically stale, but it is contract-sensitive and should be reviewed before R3 consolidation."
R2-00068,tests/test_phase103_6d35_residual_suspension_injectivity_structural_classification.py::test_phase103_6d35_family_coverage_counts,tests/test_phase103_6d35_residual_suspension_injectivity_structural_classification.py,test_phase103_6d35_family_coverage_counts,233,103,current_contract,contract_sensitive_review,fixed_snapshot_risk,numeric_fixed_expectation,110,"Fixed numeric expectation appears in an audit/count/snapshot-style test. It is not automatically stale, but it is contract-sensitive and should be reviewed before R3 consolidation."
R2-00069,tests/test_phase103_6d35_residual_suspension_injectivity_structural_classification.py::test_phase103_6d35_family_coverage_counts,tests/test_phase103_6d35_residual_suspension_injectivity_structural_classification.py,test_phase103_6d35_family_coverage_counts,234,103,current_contract,contract_sensitive_review,fixed_snapshot_risk,numeric_fixed_expectation,157,"Fixed numeric expectation appears in an audit/count/snapshot-style test. It is not automatically stale, but it is contract-sensitive and should be reviewed before R3 consolidation."
R2-00070,tests/test_phase103_6d35_residual_suspension_injectivity_structural_classification.py::test_phase103_6d35_entry_coverage_counts,tests/test_phase103_6d35_residual_suspension_injectivity_structural_classification.py,test_phase103_6d35_entry_coverage_counts,249,103,current_contract,contract_sensitive_review,fixed_snapshot_risk,numeric_fixed_expectation,1188,"Fixed numeric expectation appears in an audit/count/snapshot-style test. It is not automatically stale, but it is contract-sensitive and should be reviewed before R3 consolidation."
R2-00071,tests/test_phase103_6d35_residual_suspension_injectivity_structural_classification.py::test_phase103_6d35_entry_coverage_counts,tests/test_phase103_6d35_residual_suspension_injectivity_structural_classification.py,test_phase103_6d35_entry_coverage_counts,253,103,current_contract,contract_sensitive_review,fixed_snapshot_risk,numeric_fixed_expectation,196,"Fixed numeric expectation appears in an audit/count/snapshot-style test. It is not automatically stale, but it is contract-sensitive and should be reviewed before R3 consolidation."
R2-00072,tests/test_phase103_6d35_residual_suspension_injectivity_structural_classification.py::test_phase103_6d35_entry_coverage_counts,tests/test_phase103_6d35_residual_suspension_injectivity_structural_classification.py,test_phase103_6d35_entry_coverage_counts,260,103,current_contract,contract_sensitive_review,fixed_snapshot_risk,numeric_fixed_expectation,49,"Fixed numeric expectation appears in an audit/count/snapshot-style test. It is not automatically stale, but it is contract-sensitive and should be reviewed before R3 consolidation."
R2-00073,tests/test_phase103_6d35_residual_suspension_injectivity_structural_classification.py::test_phase103_6d35_entry_coverage_counts,tests/test_phase103_6d35_residual_suspension_injectivity_structural_classification.py,test_phase103_6d35_entry_coverage_counts,267,103,current_contract,contract_sensitive_review,fixed_snapshot_risk,numeric_fixed_expectation,465,"Fixed numeric expectation appears in an audit/count/snapshot-style test. It is not automatically stale, but it is contract-sensitive and should be reviewed before R3 consolidation."
R2-00074,tests/test_phase103_6d35_residual_suspension_injectivity_structural_classification.py::test_phase103_6d35_preserves_delta_injectivity_closure,tests/test_phase103_6d35_residual_suspension_injectivity_structural_classification.py,test_phase103_6d35_preserves_delta_injectivity_closure,296,103,duplicate_coverage,contract_sensitive_review,fixed_snapshot_risk,numeric_fixed_expectation,16,"Fixed numeric expectation appears in an audit/count/snapshot-style test. It is not automatically stale, but it is contract-sensitive and should be reviewed before R3 consolidation."
R2-00075,tests/test_phase103_6d35_residual_suspension_injectivity_structural_classification.py::test_phase103_6d35_preserves_delta_injectivity_closure,tests/test_phase103_6d35_residual_suspension_injectivity_structural_classification.py,test_phase103_6d35_preserves_delta_injectivity_closure,300,103,duplicate_coverage,contract_sensitive_review,fixed_snapshot_risk,numeric_fixed_expectation,15,"Fixed numeric expectation appears in an audit/count/snapshot-style test. It is not automatically stale, but it is contract-sensitive and should be reviewed before R3 consolidation."
R2-00076,tests/test_phase103_6d35_residual_suspension_injectivity_structural_classification.py::test_phase103_6d35_preserves_delta_injectivity_closure,tests/test_phase103_6d35_residual_suspension_injectivity_structural_classification.py,test_phase103_6d35_preserves_delta_injectivity_closure,307,103,duplicate_coverage,contract_sensitive_review,fixed_snapshot_risk,numeric_fixed_expectation,1,"Fixed numeric expectation appears in an audit/count/snapshot-style test. It is not automatically stale, but it is contract-sensitive and should be reviewed before R3 consolidation."
R2-00077,tests/test_phase103_6d35_residual_suspension_injectivity_structural_classification.py::test_phase103_6d35_preserves_delta_injectivity_closure,tests/test_phase103_6d35_residual_suspension_injectivity_structural_classification.py,test_phase103_6d35_preserves_delta_injectivity_closure,314,103,duplicate_coverage,contract_sensitive_review,fixed_snapshot_risk,numeric_fixed_expectation,0,"Fixed numeric expectation appears in an audit/count/snapshot-style test. It is not automatically stale, but it is contract-sensitive and should be reviewed before R3 consolidation."
R2-00078,tests/test_phase103_6d38_zero_group_exactness_structural_classification.py::test_phase103_6d38_classifies_only_the_two_audited_zero_group_families_as_structural,tests/test_phase103_6d38_zero_group_exactness_structural_classification.py,test_phase103_6d38_classifies_only_the_two_audited_zero_group_families_as_structural,66,103,audit_only,contract_sensitive_review,fixed_snapshot_risk,numeric_fixed_expectation,1,"Fixed numeric expectation appears in an audit/count/snapshot-style test. It is not automatically stale, but it is contract-sensitive and should be reviewed before R3 consolidation."
R2-00079,tests/test_phase103_6d38_zero_group_exactness_structural_classification.py::test_phase103_6d38_family_coverage_counts,tests/test_phase103_6d38_zero_group_exactness_structural_classification.py,test_phase103_6d38_family_coverage_counts,206,103,current_contract,contract_sensitive_review,fixed_snapshot_risk,numeric_fixed_expectation,267,"Fixed numeric expectation appears in an audit/count/snapshot-style test. It is not automatically stale, but it is contract-sensitive and should be reviewed before R3 consolidation."
R2-00080,tests/test_phase103_6d38_zero_group_exactness_structural_classification.py::test_phase103_6d38_family_coverage_counts,tests/test_phase103_6d38_zero_group_exactness_structural_classification.py,test_phase103_6d38_family_coverage_counts,210,103,current_contract,contract_sensitive_review,fixed_snapshot_risk,numeric_fixed_expectation,112,"Fixed numeric expectation appears in an audit/count/snapshot-style test. It is not automatically stale, but it is contract-sensitive and should be reviewed before R3 consolidation."
R2-00081,tests/test_phase103_6d38_zero_group_exactness_structural_classification.py::test_phase103_6d38_family_coverage_counts,tests/test_phase103_6d38_zero_group_exactness_structural_classification.py,test_phase103_6d38_family_coverage_counts,211,103,current_contract,contract_sensitive_review,fixed_snapshot_risk,numeric_fixed_expectation,155,"Fixed numeric expectation appears in an audit/count/snapshot-style test. It is not automatically stale, but it is contract-sensitive and should be reviewed before R3 consolidation."
R2-00082,tests/test_phase103_6d38_zero_group_exactness_structural_classification.py::test_phase103_6d38_entry_coverage_counts,tests/test_phase103_6d38_zero_group_exactness_structural_classification.py,test_phase103_6d38_entry_coverage_counts,226,103,current_contract,contract_sensitive_review,fixed_snapshot_risk,numeric_fixed_expectation,1188,"Fixed numeric expectation appears in an audit/count/snapshot-style test. It is not automatically stale, but it is contract-sensitive and should be reviewed before R3 consolidation."
R2-00083,tests/test_phase103_6d38_zero_group_exactness_structural_classification.py::test_phase103_6d38_entry_coverage_counts,tests/test_phase103_6d38_zero_group_exactness_structural_classification.py,test_phase103_6d38_entry_coverage_counts,230,103,current_contract,contract_sensitive_review,fixed_snapshot_risk,numeric_fixed_expectation,198,"Fixed numeric expectation appears in an audit/count/snapshot-style test. It is not automatically stale, but it is contract-sensitive and should be reviewed before R3 consolidation."
R2-00084,tests/test_phase103_6d38_zero_group_exactness_structural_classification.py::test_phase103_6d38_entry_coverage_counts,tests/test_phase103_6d38_zero_group_exactness_structural_classification.py,test_phase103_6d38_entry_coverage_counts,237,103,current_contract,contract_sensitive_review,fixed_snapshot_risk,numeric_fixed_expectation,49,"Fixed numeric expectation appears in an audit/count/snapshot-style test. It is not automatically stale, but it is contract-sensitive and should be reviewed before R3 consolidation."
R2-00085,tests/test_phase103_6d38_zero_group_exactness_structural_classification.py::test_phase103_6d38_entry_coverage_counts,tests/test_phase103_6d38_zero_group_exactness_structural_classification.py,test_phase103_6d38_entry_coverage_counts,244,103,current_contract,contract_sensitive_review,fixed_snapshot_risk,numeric_fixed_expectation,463,"Fixed numeric expectation appears in an audit/count/snapshot-style test. It is not automatically stale, but it is contract-sensitive and should be reviewed before R3 consolidation."
R2-00086,tests/test_phase103_6d38_zero_group_exactness_structural_classification.py::test_phase103_6d38_preserves_delta_injectivity_closure,tests/test_phase103_6d38_zero_group_exactness_structural_classification.py,test_phase103_6d38_preserves_delta_injectivity_closure,273,103,duplicate_coverage,contract_sensitive_review,fixed_snapshot_risk,numeric_fixed_expectation,16,"Fixed numeric expectation appears in an audit/count/snapshot-style test. It is not automatically stale, but it is contract-sensitive and should be reviewed before R3 consolidation."
R2-00087,tests/test_phase103_6d38_zero_group_exactness_structural_classification.py::test_phase103_6d38_preserves_delta_injectivity_closure,tests/test_phase103_6d38_zero_group_exactness_structural_classification.py,test_phase103_6d38_preserves_delta_injectivity_closure,277,103,duplicate_coverage,contract_sensitive_review,fixed_snapshot_risk,numeric_fixed_expectation,15,"Fixed numeric expectation appears in an audit/count/snapshot-style test. It is not automatically stale, but it is contract-sensitive and should be reviewed before R3 consolidation."
R2-00088,tests/test_phase103_6d38_zero_group_exactness_structural_classification.py::test_phase103_6d38_preserves_delta_injectivity_closure,tests/test_phase103_6d38_zero_group_exactness_structural_classification.py,test_phase103_6d38_preserves_delta_injectivity_closure,284,103,duplicate_coverage,contract_sensitive_review,fixed_snapshot_risk,numeric_fixed_expectation,1,"Fixed numeric expectation appears in an audit/count/snapshot-style test. It is not automatically stale, but it is contract-sensitive and should be reviewed before R3 consolidation."
R2-00089,tests/test_phase103_6d38_zero_group_exactness_structural_classification.py::test_phase103_6d38_preserves_delta_injectivity_closure,tests/test_phase103_6d38_zero_group_exactness_structural_classification.py,test_phase103_6d38_preserves_delta_injectivity_closure,291,103,duplicate_coverage,contract_sensitive_review,fixed_snapshot_risk,numeric_fixed_expectation,0,"Fixed numeric expectation appears in an audit/count/snapshot-style test. It is not automatically stale, but it is contract-sensitive and should be reviewed before R3 consolidation."
R2-00090,tests/test_phase103_6d38_zero_group_exactness_structural_classification.py::test_phase103_6d38_preserves_6d35_suspension_injectivity_closure,tests/test_phase103_6d38_zero_group_exactness_structural_classification.py,test_phase103_6d38_preserves_6d35_suspension_injectivity_closure,316,103,audit_only,contract_sensitive_review,fixed_snapshot_risk,numeric_fixed_expectation,2,"Fixed numeric expectation appears in an audit/count/snapshot-style test. It is not automatically stale, but it is contract-sensitive and should be reviewed before R3 consolidation."
R2-00091,tests/test_phase103_6d41_prop53_dependent_theorem_specific_classification.py::test_phase103_6d41_classifies_only_the_two_audited_prop53_dependent_families_as_theorem_specific,tests/test_phase103_6d41_prop53_dependent_theorem_specific_classification.py,test_phase103_6d41_classifies_only_the_two_audited_prop53_dependent_families_as_theorem_specific,66,103,audit_only,contract_sensitive_review,fixed_snapshot_risk,numeric_fixed_expectation,1,"Fixed numeric expectation appears in an audit/count/snapshot-style test. It is not automatically stale, but it is contract-sensitive and should be reviewed before R3 consolidation."
R2-00092,tests/test_phase103_6d41_prop53_dependent_theorem_specific_classification.py::test_phase103_6d41_family_coverage_counts,tests/test_phase103_6d41_prop53_dependent_theorem_specific_classification.py,test_phase103_6d41_family_coverage_counts,206,103,current_contract,contract_sensitive_review,fixed_snapshot_risk,numeric_fixed_expectation,267,"Fixed numeric expectation appears in an audit/count/snapshot-style test. It is not automatically stale, but it is contract-sensitive and should be reviewed before R3 consolidation."
R2-00093,tests/test_phase103_6d41_prop53_dependent_theorem_specific_classification.py::test_phase103_6d41_family_coverage_counts,tests/test_phase103_6d41_prop53_dependent_theorem_specific_classification.py,test_phase103_6d41_family_coverage_counts,210,103,current_contract,contract_sensitive_review,fixed_snapshot_risk,numeric_fixed_expectation,114,"Fixed numeric expectation appears in an audit/count/snapshot-style test. It is not automatically stale, but it is contract-sensitive and should be reviewed before R3 consolidation."
R2-00094,tests/test_phase103_6d41_prop53_dependent_theorem_specific_classification.py::test_phase103_6d41_family_coverage_counts,tests/test_phase103_6d41_prop53_dependent_theorem_specific_classification.py,test_phase103_6d41_family_coverage_counts,211,103,current_contract,contract_sensitive_review,fixed_snapshot_risk,numeric_fixed_expectation,153,"Fixed numeric expectation appears in an audit/count/snapshot-style test. It is not automatically stale, but it is contract-sensitive and should be reviewed before R3 consolidation."
R2-00095,tests/test_phase103_6d41_prop53_dependent_theorem_specific_classification.py::test_phase103_6d41_entry_coverage_counts,tests/test_phase103_6d41_prop53_dependent_theorem_specific_classification.py,test_phase103_6d41_entry_coverage_counts,226,103,current_contract,contract_sensitive_review,fixed_snapshot_risk,numeric_fixed_expectation,1188,"Fixed numeric expectation appears in an audit/count/snapshot-style test. It is not automatically stale, but it is contract-sensitive and should be reviewed before R3 consolidation."
R2-00096,tests/test_phase103_6d41_prop53_dependent_theorem_specific_classification.py::test_phase103_6d41_entry_coverage_counts,tests/test_phase103_6d41_prop53_dependent_theorem_specific_classification.py,test_phase103_6d41_entry_coverage_counts,230,103,current_contract,contract_sensitive_review,fixed_snapshot_risk,numeric_fixed_expectation,198,"Fixed numeric expectation appears in an audit/count/snapshot-style test. It is not automatically stale, but it is contract-sensitive and should be reviewed before R3 consolidation."
R2-00097,tests/test_phase103_6d41_prop53_dependent_theorem_specific_classification.py::test_phase103_6d41_entry_coverage_counts,tests/test_phase103_6d41_prop53_dependent_theorem_specific_classification.py,test_phase103_6d41_entry_coverage_counts,237,103,current_contract,contract_sensitive_review,fixed_snapshot_risk,numeric_fixed_expectation,49,"Fixed numeric expectation appears in an audit/count/snapshot-style test. It is not automatically stale, but it is contract-sensitive and should be reviewed before R3 consolidation."
R2-00098,tests/test_phase103_6d41_prop53_dependent_theorem_specific_classification.py::test_phase103_6d41_entry_coverage_counts,tests/test_phase103_6d41_prop53_dependent_theorem_specific_classification.py,test_phase103_6d41_entry_coverage_counts,244,103,current_contract,contract_sensitive_review,fixed_snapshot_risk,numeric_fixed_expectation,461,"Fixed numeric expectation appears in an audit/count/snapshot-style test. It is not automatically stale, but it is contract-sensitive and should be reviewed before R3 consolidation."
R2-00099,tests/test_phase103_6d41_prop53_dependent_theorem_specific_classification.py::test_phase103_6d41_preserves_6d38_zero_group_exactness_closure,tests/test_phase103_6d41_prop53_dependent_theorem_specific_classification.py,test_phase103_6d41_preserves_6d38_zero_group_exactness_closure,302,103,duplicate_coverage,contract_sensitive_review,fixed_snapshot_risk,numeric_fixed_expectation,2,"Fixed numeric expectation appears in an audit/count/snapshot-style test. It is not automatically stale, but it is contract-sensitive and should be reviewed before R3 consolidation."
R2-00100,tests/test_phase103_6d41_prop53_dependent_theorem_specific_classification.py::test_phase103_6d41_preserves_delta_injectivity_closure,tests/test_phase103_6d41_prop53_dependent_theorem_specific_classification.py,test_phase103_6d41_preserves_delta_injectivity_closure,334,103,duplicate_coverage,contract_sensitive_review,fixed_snapshot_risk,numeric_fixed_expectation,16,"Fixed numeric expectation appears in an audit/count/snapshot-style test. It is not automatically stale, but it is contract-sensitive and should be reviewed before R3 consolidation."
R2-00101,tests/test_phase103_6d41_prop53_dependent_theorem_specific_classification.py::test_phase103_6d41_preserves_delta_injectivity_closure,tests/test_phase103_6d41_prop53_dependent_theorem_specific_classification.py,test_phase103_6d41_preserves_delta_injectivity_closure,338,103,duplicate_coverage,contract_sensitive_review,fixed_snapshot_risk,numeric_fixed_expectation,15,"Fixed numeric expectation appears in an audit/count/snapshot-style test. It is not automatically stale, but it is contract-sensitive and should be reviewed before R3 consolidation."
R2-00102,tests/test_phase103_6d41_prop53_dependent_theorem_specific_classification.py::test_phase103_6d41_preserves_delta_injectivity_closure,tests/test_phase103_6d41_prop53_dependent_theorem_specific_classification.py,test_phase103_6d41_preserves_delta_injectivity_closure,345,103,duplicate_coverage,contract_sensitive_review,fixed_snapshot_risk,numeric_fixed_expectation,1,"Fixed numeric expectation appears in an audit/count/snapshot-style test. It is not automatically stale, but it is contract-sensitive and should be reviewed before R3 consolidation."
R2-00103,tests/test_phase103_6d41_prop53_dependent_theorem_specific_classification.py::test_phase103_6d41_preserves_delta_injectivity_closure,tests/test_phase103_6d41_prop53_dependent_theorem_specific_classification.py,test_phase103_6d41_preserves_delta_injectivity_closure,352,103,duplicate_coverage,contract_sensitive_review,fixed_snapshot_risk,numeric_fixed_expectation,0,"Fixed numeric expectation appears in an audit/count/snapshot-style test. It is not automatically stale, but it is contract-sensitive and should be reviewed before R3 consolidation."
R2-00104,tests/test_phase103_6d44_prop56_specialization_theorem_specific_classification.py::test_phase103_6d44_classifies_only_the_two_audited_prop56_specialization_families_as_theorem_specific,tests/test_phase103_6d44_prop56_specialization_theorem_specific_classification.py,test_phase103_6d44_classifies_only_the_two_audited_prop56_specialization_families_as_theorem_specific,59,103,audit_only,contract_sensitive_review,fixed_snapshot_risk,numeric_fixed_expectation,1,"Fixed numeric expectation appears in an audit/count/snapshot-style test. It is not automatically stale, but it is contract-sensitive and should be reviewed before R3 consolidation."
R2-00105,tests/test_phase103_6d44_prop56_specialization_theorem_specific_classification.py::test_phase103_6d44_classifies_only_the_two_audited_prop56_specialization_families_as_theorem_specific,tests/test_phase103_6d44_prop56_specialization_theorem_specific_classification.py,test_phase103_6d44_classifies_only_the_two_audited_prop56_specialization_families_as_theorem_specific,67,103,audit_only,contract_sensitive_review,fixed_snapshot_risk,numeric_fixed_expectation,2,"Fixed numeric expectation appears in an audit/count/snapshot-style test. It is not automatically stale, but it is contract-sensitive and should be reviewed before R3 consolidation."
R2-00106,tests/test_phase103_6d44_prop56_specialization_theorem_specific_classification.py::test_phase103_6d44_family_coverage_counts,tests/test_phase103_6d44_prop56_specialization_theorem_specific_classification.py,test_phase103_6d44_family_coverage_counts,216,103,current_contract,contract_sensitive_review,fixed_snapshot_risk,numeric_fixed_expectation,267,"Fixed numeric expectation appears in an audit/count/snapshot-style test. It is not automatically stale, but it is contract-sensitive and should be reviewed before R3 consolidation."
R2-00107,tests/test_phase103_6d44_prop56_specialization_theorem_specific_classification.py::test_phase103_6d44_family_coverage_counts,tests/test_phase103_6d44_prop56_specialization_theorem_specific_classification.py,test_phase103_6d44_family_coverage_counts,220,103,current_contract,contract_sensitive_review,fixed_snapshot_risk,numeric_fixed_expectation,116,"Fixed numeric expectation appears in an audit/count/snapshot-style test. It is not automatically stale, but it is contract-sensitive and should be reviewed before R3 consolidation."
R2-00108,tests/test_phase103_6d44_prop56_specialization_theorem_specific_classification.py::test_phase103_6d44_family_coverage_counts,tests/test_phase103_6d44_prop56_specialization_theorem_specific_classification.py,test_phase103_6d44_family_coverage_counts,221,103,current_contract,contract_sensitive_review,fixed_snapshot_risk,numeric_fixed_expectation,151,"Fixed numeric expectation appears in an audit/count/snapshot-style test. It is not automatically stale, but it is contract-sensitive and should be reviewed before R3 consolidation."
R2-00109,tests/test_phase103_6d44_prop56_specialization_theorem_specific_classification.py::test_phase103_6d44_entry_coverage_counts,tests/test_phase103_6d44_prop56_specialization_theorem_specific_classification.py,test_phase103_6d44_entry_coverage_counts,236,103,current_contract,contract_sensitive_review,fixed_snapshot_risk,numeric_fixed_expectation,1188,"Fixed numeric expectation appears in an audit/count/snapshot-style test. It is not automatically stale, but it is contract-sensitive and should be reviewed before R3 consolidation."
R2-00110,tests/test_phase103_6d44_prop56_specialization_theorem_specific_classification.py::test_phase103_6d44_entry_coverage_counts,tests/test_phase103_6d44_prop56_specialization_theorem_specific_classification.py,test_phase103_6d44_entry_coverage_counts,240,103,current_contract,contract_sensitive_review,fixed_snapshot_risk,numeric_fixed_expectation,198,"Fixed numeric expectation appears in an audit/count/snapshot-style test. It is not automatically stale, but it is contract-sensitive and should be reviewed before R3 consolidation."
R2-00111,tests/test_phase103_6d44_prop56_specialization_theorem_specific_classification.py::test_phase103_6d44_entry_coverage_counts,tests/test_phase103_6d44_prop56_specialization_theorem_specific_classification.py,test_phase103_6d44_entry_coverage_counts,247,103,current_contract,contract_sensitive_review,fixed_snapshot_risk,numeric_fixed_expectation,49,"Fixed numeric expectation appears in an audit/count/snapshot-style test. It is not automatically stale, but it is contract-sensitive and should be reviewed before R3 consolidation."
R2-00112,tests/test_phase103_6d44_prop56_specialization_theorem_specific_classification.py::test_phase103_6d44_entry_coverage_counts,tests/test_phase103_6d44_prop56_specialization_theorem_specific_classification.py,test_phase103_6d44_entry_coverage_counts,254,103,current_contract,contract_sensitive_review,fixed_snapshot_risk,numeric_fixed_expectation,458,"Fixed numeric expectation appears in an audit/count/snapshot-style test. It is not automatically stale, but it is contract-sensitive and should be reviewed before R3 consolidation."
R2-00113,tests/test_phase103_6d44_prop56_specialization_theorem_specific_classification.py::test_phase103_6d44_preserves_6d41_prop53_theorem_specific_closure,tests/test_phase103_6d44_prop56_specialization_theorem_specific_classification.py,test_phase103_6d44_preserves_6d41_prop53_theorem_specific_closure,312,103,audit_only,contract_sensitive_review,fixed_snapshot_risk,numeric_fixed_expectation,2,"Fixed numeric expectation appears in an audit/count/snapshot-style test. It is not automatically stale, but it is contract-sensitive and should be reviewed before R3 consolidation."
R2-00114,tests/test_phase103_6d44_prop56_specialization_theorem_specific_classification.py::test_phase103_6d44_preserves_6d38_zero_group_exactness_closure,tests/test_phase103_6d44_prop56_specialization_theorem_specific_classification.py,test_phase103_6d44_preserves_6d38_zero_group_exactness_closure,340,103,duplicate_coverage,contract_sensitive_review,fixed_snapshot_risk,numeric_fixed_expectation,2,"Fixed numeric expectation appears in an audit/count/snapshot-style test. It is not automatically stale, but it is contract-sensitive and should be reviewed before R3 consolidation."
R2-00115,tests/test_phase103_6d44_prop56_specialization_theorem_specific_classification.py::test_phase103_6d44_preserves_delta_injectivity_closure,tests/test_phase103_6d44_prop56_specialization_theorem_specific_classification.py,test_phase103_6d44_preserves_delta_injectivity_closure,372,103,duplicate_coverage,contract_sensitive_review,fixed_snapshot_risk,numeric_fixed_expectation,16,"Fixed numeric expectation appears in an audit/count/snapshot-style test. It is not automatically stale, but it is contract-sensitive and should be reviewed before R3 consolidation."
R2-00116,tests/test_phase103_6d44_prop56_specialization_theorem_specific_classification.py::test_phase103_6d44_preserves_delta_injectivity_closure,tests/test_phase103_6d44_prop56_specialization_theorem_specific_classification.py,test_phase103_6d44_preserves_delta_injectivity_closure,376,103,duplicate_coverage,contract_sensitive_review,fixed_snapshot_risk,numeric_fixed_expectation,15,"Fixed numeric expectation appears in an audit/count/snapshot-style test. It is not automatically stale, but it is contract-sensitive and should be reviewed before R3 consolidation."
R2-00117,tests/test_phase103_6d44_prop56_specialization_theorem_specific_classification.py::test_phase103_6d44_preserves_delta_injectivity_closure,tests/test_phase103_6d44_prop56_specialization_theorem_specific_classification.py,test_phase103_6d44_preserves_delta_injectivity_closure,383,103,duplicate_coverage,contract_sensitive_review,fixed_snapshot_risk,numeric_fixed_expectation,1,"Fixed numeric expectation appears in an audit/count/snapshot-style test. It is not automatically stale, but it is contract-sensitive and should be reviewed before R3 consolidation."
R2-00118,tests/test_phase103_6d44_prop56_specialization_theorem_specific_classification.py::test_phase103_6d44_preserves_delta_injectivity_closure,tests/test_phase103_6d44_prop56_specialization_theorem_specific_classification.py,test_phase103_6d44_preserves_delta_injectivity_closure,390,103,duplicate_coverage,contract_sensitive_review,fixed_snapshot_risk,numeric_fixed_expectation,0,"Fixed numeric expectation appears in an audit/count/snapshot-style test. It is not automatically stale, but it is contract-sensitive and should be reviewed before R3 consolidation."
R2-00119,tests/test_phase103_6d47_stable_zero_transport_structural_classification.py::test_phase103_6d47_classifies_only_the_two_audited_stable_zero_transport_families_as_structural,tests/test_phase103_6d47_stable_zero_transport_structural_classification.py,test_phase103_6d47_classifies_only_the_two_audited_stable_zero_transport_families_as_structural,65,103,audit_only,contract_sensitive_review,fixed_snapshot_risk,numeric_fixed_expectation,2,"Fixed numeric expectation appears in an audit/count/snapshot-style test. It is not automatically stale, but it is contract-sensitive and should be reviewed before R3 consolidation."
R2-00120,tests/test_phase103_6d47_stable_zero_transport_structural_classification.py::test_phase103_6d47_classifies_only_the_two_audited_stable_zero_transport_families_as_structural,tests/test_phase103_6d47_stable_zero_transport_structural_classification.py,test_phase103_6d47_classifies_only_the_two_audited_stable_zero_transport_families_as_structural,73,103,audit_only,contract_sensitive_review,fixed_snapshot_risk,numeric_fixed_expectation,1,"Fixed numeric expectation appears in an audit/count/snapshot-style test. It is not automatically stale, but it is contract-sensitive and should be reviewed before R3 consolidation."
R2-00121,tests/test_phase103_6d47_stable_zero_transport_structural_classification.py::test_phase103_6d47_target_entries_are_exactly_the_two_audited_factories,tests/test_phase103_6d47_stable_zero_transport_structural_classification.py,test_phase103_6d47_target_entries_are_exactly_the_two_audited_factories,105,103,audit_only,contract_sensitive_review,fixed_snapshot_risk,numeric_fixed_expectation,3,"Fixed numeric expectation appears in an audit/count/snapshot-style test. It is not automatically stale, but it is contract-sensitive and should be reviewed before R3 consolidation."
R2-00122,tests/test_phase103_6d47_stable_zero_transport_structural_classification.py::test_phase103_6d47_family_coverage_counts,tests/test_phase103_6d47_stable_zero_transport_structural_classification.py,test_phase103_6d47_family_coverage_counts,254,103,current_contract,contract_sensitive_review,fixed_snapshot_risk,numeric_fixed_expectation,267,"Fixed numeric expectation appears in an audit/count/snapshot-style test. It is not automatically stale, but it is contract-sensitive and should be reviewed before R3 consolidation."
R2-00123,tests/test_phase103_6d47_stable_zero_transport_structural_classification.py::test_phase103_6d47_family_coverage_counts,tests/test_phase103_6d47_stable_zero_transport_structural_classification.py,test_phase103_6d47_family_coverage_counts,258,103,current_contract,contract_sensitive_review,fixed_snapshot_risk,numeric_fixed_expectation,118,"Fixed numeric expectation appears in an audit/count/snapshot-style test. It is not automatically stale, but it is contract-sensitive and should be reviewed before R3 consolidation."
R2-00124,tests/test_phase103_6d47_stable_zero_transport_structural_classification.py::test_phase103_6d47_family_coverage_counts,tests/test_phase103_6d47_stable_zero_transport_structural_classification.py,test_phase103_6d47_family_coverage_counts,259,103,current_contract,contract_sensitive_review,fixed_snapshot_risk,numeric_fixed_expectation,149,"Fixed numeric expectation appears in an audit/count/snapshot-style test. It is not automatically stale, but it is contract-sensitive and should be reviewed before R3 consolidation."
R2-00125,tests/test_phase103_6d47_stable_zero_transport_structural_classification.py::test_phase103_6d47_entry_coverage_counts,tests/test_phase103_6d47_stable_zero_transport_structural_classification.py,test_phase103_6d47_entry_coverage_counts,274,103,current_contract,contract_sensitive_review,fixed_snapshot_risk,numeric_fixed_expectation,1188,"Fixed numeric expectation appears in an audit/count/snapshot-style test. It is not automatically stale, but it is contract-sensitive and should be reviewed before R3 consolidation."
R2-00126,tests/test_phase103_6d47_stable_zero_transport_structural_classification.py::test_phase103_6d47_entry_coverage_counts,tests/test_phase103_6d47_stable_zero_transport_structural_classification.py,test_phase103_6d47_entry_coverage_counts,278,103,current_contract,contract_sensitive_review,fixed_snapshot_risk,numeric_fixed_expectation,201,"Fixed numeric expectation appears in an audit/count/snapshot-style test. It is not automatically stale, but it is contract-sensitive and should be reviewed before R3 consolidation."
R2-00127,tests/test_phase103_6d47_stable_zero_transport_structural_classification.py::test_phase103_6d47_entry_coverage_counts,tests/test_phase103_6d47_stable_zero_transport_structural_classification.py,test_phase103_6d47_entry_coverage_counts,285,103,current_contract,contract_sensitive_review,fixed_snapshot_risk,numeric_fixed_expectation,49,"Fixed numeric expectation appears in an audit/count/snapshot-style test. It is not automatically stale, but it is contract-sensitive and should be reviewed before R3 consolidation."
R2-00128,tests/test_phase103_6d47_stable_zero_transport_structural_classification.py::test_phase103_6d47_entry_coverage_counts,tests/test_phase103_6d47_stable_zero_transport_structural_classification.py,test_phase103_6d47_entry_coverage_counts,292,103,current_contract,contract_sensitive_review,fixed_snapshot_risk,numeric_fixed_expectation,455,"Fixed numeric expectation appears in an audit/count/snapshot-style test. It is not automatically stale, but it is contract-sensitive and should be reviewed before R3 consolidation."
R2-00129,tests/test_phase103_6d47_stable_zero_transport_structural_classification.py::test_phase103_6d47_preserves_6d44_prop56_specialization_closure,tests/test_phase103_6d47_stable_zero_transport_structural_classification.py,test_phase103_6d47_preserves_6d44_prop56_specialization_closure,350,103,duplicate_coverage,contract_sensitive_review,fixed_snapshot_risk,numeric_fixed_expectation,3,"Fixed numeric expectation appears in an audit/count/snapshot-style test. It is not automatically stale, but it is contract-sensitive and should be reviewed before R3 consolidation."
R2-00130,tests/test_phase103_6d47_stable_zero_transport_structural_classification.py::test_phase103_6d47_preserves_6d38_zero_group_exactness_closure,tests/test_phase103_6d47_stable_zero_transport_structural_classification.py,test_phase103_6d47_preserves_6d38_zero_group_exactness_closure,378,103,duplicate_coverage,contract_sensitive_review,fixed_snapshot_risk,numeric_fixed_expectation,2,"Fixed numeric expectation appears in an audit/count/snapshot-style test. It is not automatically stale, but it is contract-sensitive and should be reviewed before R3 consolidation."
R2-00131,tests/test_phase103_6d50_toda52_finite_cyclic_transport_theorem_specific_classification.py::test_phase103_6d50_classifies_only_the_two_audited_toda52_transport_families_as_theorem_specific,tests/test_phase103_6d50_toda52_finite_cyclic_transport_theorem_specific_classification.py,test_phase103_6d50_classifies_only_the_two_audited_toda52_transport_families_as_theorem_specific,64,103,audit_only,contract_sensitive_review,fixed_snapshot_risk,numeric_fixed_expectation,4,"Fixed numeric expectation appears in an audit/count/snapshot-style test. It is not automatically stale, but it is contract-sensitive and should be reviewed before R3 consolidation."
R2-00132,tests/test_phase103_6d50_toda52_finite_cyclic_transport_theorem_specific_classification.py::test_phase103_6d50_classifies_only_the_two_audited_toda52_transport_families_as_theorem_specific,tests/test_phase103_6d50_toda52_finite_cyclic_transport_theorem_specific_classification.py,test_phase103_6d50_classifies_only_the_two_audited_toda52_transport_families_as_theorem_specific,72,103,audit_only,contract_sensitive_review,fixed_snapshot_risk,numeric_fixed_expectation,1,"Fixed numeric expectation appears in an audit/count/snapshot-style test. It is not automatically stale, but it is contract-sensitive and should be reviewed before R3 consolidation."
R2-00133,tests/test_phase103_6d50_toda52_finite_cyclic_transport_theorem_specific_classification.py::test_phase103_6d50_target_entries_are_exactly_the_two_audited_factories,tests/test_phase103_6d50_toda52_finite_cyclic_transport_theorem_specific_classification.py,test_phase103_6d50_target_entries_are_exactly_the_two_audited_factories,102,103,audit_only,contract_sensitive_review,fixed_snapshot_risk,numeric_fixed_expectation,5,"Fixed numeric expectation appears in an audit/count/snapshot-style test. It is not automatically stale, but it is contract-sensitive and should be reviewed before R3 consolidation."
R2-00134,tests/test_phase103_6d50_toda52_finite_cyclic_transport_theorem_specific_classification.py::test_phase103_6d50_family_coverage_counts,tests/test_phase103_6d50_toda52_finite_cyclic_transport_theorem_specific_classification.py,test_phase103_6d50_family_coverage_counts,242,103,current_contract,contract_sensitive_review,fixed_snapshot_risk,numeric_fixed_expectation,267,"Fixed numeric expectation appears in an audit/count/snapshot-style test. It is not automatically stale, but it is contract-sensitive and should be reviewed before R3 consolidation."
R2-00135,tests/test_phase103_6d50_toda52_finite_cyclic_transport_theorem_specific_classification.py::test_phase103_6d50_family_coverage_counts,tests/test_phase103_6d50_toda52_finite_cyclic_transport_theorem_specific_classification.py,test_phase103_6d50_family_coverage_counts,245,103,current_contract,contract_sensitive_review,fixed_snapshot_risk,numeric_fixed_expectation,120,"Fixed numeric expectation appears in an audit/count/snapshot-style test. It is not automatically stale, but it is contract-sensitive and should be reviewed before R3 consolidation."
R2-00136,tests/test_phase103_6d50_toda52_finite_cyclic_transport_theorem_specific_classification.py::test_phase103_6d50_family_coverage_counts,tests/test_phase103_6d50_toda52_finite_cyclic_transport_theorem_specific_classification.py,test_phase103_6d50_family_coverage_counts,246,103,current_contract,contract_sensitive_review,fixed_snapshot_risk,numeric_fixed_expectation,147,"Fixed numeric expectation appears in an audit/count/snapshot-style test. It is not automatically stale, but it is contract-sensitive and should be reviewed before R3 consolidation."
R2-00137,tests/test_phase103_6d50_toda52_finite_cyclic_transport_theorem_specific_classification.py::test_phase103_6d50_entry_coverage_counts,tests/test_phase103_6d50_toda52_finite_cyclic_transport_theorem_specific_classification.py,test_phase103_6d50_entry_coverage_counts,260,103,current_contract,contract_sensitive_review,fixed_snapshot_risk,numeric_fixed_expectation,1188,"Fixed numeric expectation appears in an audit/count/snapshot-style test. It is not automatically stale, but it is contract-sensitive and should be reviewed before R3 consolidation."
R2-00138,tests/test_phase103_6d50_toda52_finite_cyclic_transport_theorem_specific_classification.py::test_phase103_6d50_entry_coverage_counts,tests/test_phase103_6d50_toda52_finite_cyclic_transport_theorem_specific_classification.py,test_phase103_6d50_entry_coverage_counts,264,103,current_contract,contract_sensitive_review,fixed_snapshot_risk,numeric_fixed_expectation,201,"Fixed numeric expectation appears in an audit/count/snapshot-style test. It is not automatically stale, but it is contract-sensitive and should be reviewed before R3 consolidation."
R2-00139,tests/test_phase103_6d50_toda52_finite_cyclic_transport_theorem_specific_classification.py::test_phase103_6d50_entry_coverage_counts,tests/test_phase103_6d50_toda52_finite_cyclic_transport_theorem_specific_classification.py,test_phase103_6d50_entry_coverage_counts,271,103,current_contract,contract_sensitive_review,fixed_snapshot_risk,numeric_fixed_expectation,49,"Fixed numeric expectation appears in an audit/count/snapshot-style test. It is not automatically stale, but it is contract-sensitive and should be reviewed before R3 consolidation."
R2-00140,tests/test_phase103_6d50_toda52_finite_cyclic_transport_theorem_specific_classification.py::test_phase103_6d50_entry_coverage_counts,tests/test_phase103_6d50_toda52_finite_cyclic_transport_theorem_specific_classification.py,test_phase103_6d50_entry_coverage_counts,278,103,current_contract,contract_sensitive_review,fixed_snapshot_risk,numeric_fixed_expectation,450,"Fixed numeric expectation appears in an audit/count/snapshot-style test. It is not automatically stale, but it is contract-sensitive and should be reviewed before R3 consolidation."
R2-00141,tests/test_phase103_6d50_toda52_finite_cyclic_transport_theorem_specific_classification.py::test_phase103_6d50_preserves_6d47_stable_zero_transport_closure,tests/test_phase103_6d50_toda52_finite_cyclic_transport_theorem_specific_classification.py,test_phase103_6d50_preserves_6d47_stable_zero_transport_closure,335,103,duplicate_coverage,contract_sensitive_review,fixed_snapshot_risk,numeric_fixed_expectation,3,"Fixed numeric expectation appears in an audit/count/snapshot-style test. It is not automatically stale, but it is contract-sensitive and should be reviewed before R3 consolidation."
R2-00142,tests/test_phase103_6d50_toda52_finite_cyclic_transport_theorem_specific_classification.py::test_phase103_6d50_preserves_6d44_prop56_specialization_closure,tests/test_phase103_6d50_toda52_finite_cyclic_transport_theorem_specific_classification.py,test_phase103_6d50_preserves_6d44_prop56_specialization_closure,363,103,duplicate_coverage,contract_sensitive_review,fixed_snapshot_risk,numeric_fixed_expectation,3,"Fixed numeric expectation appears in an audit/count/snapshot-style test. It is not automatically stale, but it is contract-sensitive and should be reviewed before R3 consolidation."
R2-00143,tests/test_phase103_6d53_concrete_composition_zero_theorem_specific_classification.py::test_phase103_6d53_target_entries_are_exactly_the_two_audited_factories,tests/test_phase103_6d53_concrete_composition_zero_theorem_specific_classification.py,test_phase103_6d53_target_entries_are_exactly_the_two_audited_factories,88,103,audit_only,contract_sensitive_review,fixed_snapshot_risk,numeric_fixed_expectation,6,"Fixed numeric expectation appears in an audit/count/snapshot-style test. It is not automatically stale, but it is contract-sensitive and should be reviewed before R3 consolidation."
R2-00144,tests/test_phase103_6d53_concrete_composition_zero_theorem_specific_classification.py::test_phase103_6d53_family_coverage_counts,tests/test_phase103_6d53_concrete_composition_zero_theorem_specific_classification.py,test_phase103_6d53_family_coverage_counts,231,103,current_contract,contract_sensitive_review,fixed_snapshot_risk,numeric_fixed_expectation,267,"Fixed numeric expectation appears in an audit/count/snapshot-style test. It is not automatically stale, but it is contract-sensitive and should be reviewed before R3 consolidation."
R2-00145,tests/test_phase103_6d53_concrete_composition_zero_theorem_specific_classification.py::test_phase103_6d53_family_coverage_counts,tests/test_phase103_6d53_concrete_composition_zero_theorem_specific_classification.py,test_phase103_6d53_family_coverage_counts,234,103,current_contract,contract_sensitive_review,fixed_snapshot_risk,numeric_fixed_expectation,122,"Fixed numeric expectation appears in an audit/count/snapshot-style test. It is not automatically stale, but it is contract-sensitive and should be reviewed before R3 consolidation."
R2-00146,tests/test_phase103_6d53_concrete_composition_zero_theorem_specific_classification.py::test_phase103_6d53_family_coverage_counts,tests/test_phase103_6d53_concrete_composition_zero_theorem_specific_classification.py,test_phase103_6d53_family_coverage_counts,235,103,current_contract,contract_sensitive_review,fixed_snapshot_risk,numeric_fixed_expectation,145,"Fixed numeric expectation appears in an audit/count/snapshot-style test. It is not automatically stale, but it is contract-sensitive and should be reviewed before R3 consolidation."
R2-00147,tests/test_phase103_6d53_concrete_composition_zero_theorem_specific_classification.py::test_phase103_6d53_entry_coverage_counts,tests/test_phase103_6d53_concrete_composition_zero_theorem_specific_classification.py,test_phase103_6d53_entry_coverage_counts,249,103,current_contract,contract_sensitive_review,fixed_snapshot_risk,numeric_fixed_expectation,1188,"Fixed numeric expectation appears in an audit/count/snapshot-style test. It is not automatically stale, but it is contract-sensitive and should be reviewed before R3 consolidation."
R2-00148,tests/test_phase103_6d53_concrete_composition_zero_theorem_specific_classification.py::test_phase103_6d53_entry_coverage_counts,tests/test_phase103_6d53_concrete_composition_zero_theorem_specific_classification.py,test_phase103_6d53_entry_coverage_counts,253,103,current_contract,contract_sensitive_review,fixed_snapshot_risk,numeric_fixed_expectation,201,"Fixed numeric expectation appears in an audit/count/snapshot-style test. It is not automatically stale, but it is contract-sensitive and should be reviewed before R3 consolidation."
R2-00149,tests/test_phase103_6d53_concrete_composition_zero_theorem_specific_classification.py::test_phase103_6d53_entry_coverage_counts,tests/test_phase103_6d53_concrete_composition_zero_theorem_specific_classification.py,test_phase103_6d53_entry_coverage_counts,260,103,current_contract,contract_sensitive_review,fixed_snapshot_risk,numeric_fixed_expectation,49,"Fixed numeric expectation appears in an audit/count/snapshot-style test. It is not automatically stale, but it is contract-sensitive and should be reviewed before R3 consolidation."
R2-00150,tests/test_phase103_6d53_concrete_composition_zero_theorem_specific_classification.py::test_phase103_6d53_entry_coverage_counts,tests/test_phase103_6d53_concrete_composition_zero_theorem_specific_classification.py,test_phase103_6d53_entry_coverage_counts,267,103,current_contract,contract_sensitive_review,fixed_snapshot_risk,numeric_fixed_expectation,444,"Fixed numeric expectation appears in an audit/count/snapshot-style test. It is not automatically stale, but it is contract-sensitive and should be reviewed before R3 consolidation."
R2-00151,tests/test_phase103_6d53_concrete_composition_zero_theorem_specific_classification.py::test_phase103_6d53_preserves_6d50_toda52_transport_closure,tests/test_phase103_6d53_concrete_composition_zero_theorem_specific_classification.py,test_phase103_6d53_preserves_6d50_toda52_transport_closure,324,103,duplicate_coverage,contract_sensitive_review,fixed_snapshot_risk,numeric_fixed_expectation,5,"Fixed numeric expectation appears in an audit/count/snapshot-style test. It is not automatically stale, but it is contract-sensitive and should be reviewed before R3 consolidation."
R2-00152,tests/test_phase103_6d53_concrete_composition_zero_theorem_specific_classification.py::test_phase103_6d53_preserves_6d47_stable_zero_transport_closure,tests/test_phase103_6d53_concrete_composition_zero_theorem_specific_classification.py,test_phase103_6d53_preserves_6d47_stable_zero_transport_closure,352,103,duplicate_coverage,contract_sensitive_review,fixed_snapshot_risk,numeric_fixed_expectation,3,"Fixed numeric expectation appears in an audit/count/snapshot-style test. It is not automatically stale, but it is contract-sensitive and should be reviewed before R3 consolidation."
R2-00153,tests/test_phase103_6d56_prop53_finite_cyclic_suspension_transport_theorem_specific_classification.py::test_phase103_6d56_target_entries_are_exactly_the_two_audited_factories,tests/test_phase103_6d56_prop53_finite_cyclic_suspension_transport_theorem_specific_classification.py,test_phase103_6d56_target_entries_are_exactly_the_two_audited_factories,88,103,audit_only,contract_sensitive_review,fixed_snapshot_risk,numeric_fixed_expectation,14,"Fixed numeric expectation appears in an audit/count/snapshot-style test. It is not automatically stale, but it is contract-sensitive and should be reviewed before R3 consolidation."
R2-00154,tests/test_phase103_6d56_prop53_finite_cyclic_suspension_transport_theorem_specific_classification.py::test_phase103_6d56_family_coverage_counts,tests/test_phase103_6d56_prop53_finite_cyclic_suspension_transport_theorem_specific_classification.py,test_phase103_6d56_family_coverage_counts,231,103,current_contract,contract_sensitive_review,fixed_snapshot_risk,numeric_fixed_expectation,267,"Fixed numeric expectation appears in an audit/count/snapshot-style test. It is not automatically stale, but it is contract-sensitive and should be reviewed before R3 consolidation."
R2-00155,tests/test_phase103_6d56_prop53_finite_cyclic_suspension_transport_theorem_specific_classification.py::test_phase103_6d56_family_coverage_counts,tests/test_phase103_6d56_prop53_finite_cyclic_suspension_transport_theorem_specific_classification.py,test_phase103_6d56_family_coverage_counts,234,103,current_contract,contract_sensitive_review,fixed_snapshot_risk,numeric_fixed_expectation,124,"Fixed numeric expectation appears in an audit/count/snapshot-style test. It is not automatically stale, but it is contract-sensitive and should be reviewed before R3 consolidation."
R2-00156,tests/test_phase103_6d56_prop53_finite_cyclic_suspension_transport_theorem_specific_classification.py::test_phase103_6d56_family_coverage_counts,tests/test_phase103_6d56_prop53_finite_cyclic_suspension_transport_theorem_specific_classification.py,test_phase103_6d56_family_coverage_counts,235,103,current_contract,contract_sensitive_review,fixed_snapshot_risk,numeric_fixed_expectation,143,"Fixed numeric expectation appears in an audit/count/snapshot-style test. It is not automatically stale, but it is contract-sensitive and should be reviewed before R3 consolidation."
R2-00157,tests/test_phase103_6d56_prop53_finite_cyclic_suspension_transport_theorem_specific_classification.py::test_phase103_6d56_entry_coverage_counts,tests/test_phase103_6d56_prop53_finite_cyclic_suspension_transport_theorem_specific_classification.py,test_phase103_6d56_entry_coverage_counts,249,103,current_contract,contract_sensitive_review,fixed_snapshot_risk,numeric_fixed_expectation,1188,"Fixed numeric expectation appears in an audit/count/snapshot-style test. It is not automatically stale, but it is contract-sensitive and should be reviewed before R3 consolidation."
R2-00158,tests/test_phase103_6d56_prop53_finite_cyclic_suspension_transport_theorem_specific_classification.py::test_phase103_6d56_entry_coverage_counts,tests/test_phase103_6d56_prop53_finite_cyclic_suspension_transport_theorem_specific_classification.py,test_phase103_6d56_entry_coverage_counts,253,103,current_contract,contract_sensitive_review,fixed_snapshot_risk,numeric_fixed_expectation,201,"Fixed numeric expectation appears in an audit/count/snapshot-style test. It is not automatically stale, but it is contract-sensitive and should be reviewed before R3 consolidation."
R2-00159,tests/test_phase103_6d56_prop53_finite_cyclic_suspension_transport_theorem_specific_classification.py::test_phase103_6d56_entry_coverage_counts,tests/test_phase103_6d56_prop53_finite_cyclic_suspension_transport_theorem_specific_classification.py,test_phase103_6d56_entry_coverage_counts,260,103,current_contract,contract_sensitive_review,fixed_snapshot_risk,numeric_fixed_expectation,49,"Fixed numeric expectation appears in an audit/count/snapshot-style test. It is not automatically stale, but it is contract-sensitive and should be reviewed before R3 consolidation."
R2-00160,tests/test_phase103_6d56_prop53_finite_cyclic_suspension_transport_theorem_specific_classification.py::test_phase103_6d56_entry_coverage_counts,tests/test_phase103_6d56_prop53_finite_cyclic_suspension_transport_theorem_specific_classification.py,test_phase103_6d56_entry_coverage_counts,267,103,current_contract,contract_sensitive_review,fixed_snapshot_risk,numeric_fixed_expectation,430,"Fixed numeric expectation appears in an audit/count/snapshot-style test. It is not automatically stale, but it is contract-sensitive and should be reviewed before R3 consolidation."
R2-00161,tests/test_phase103_6d56_prop53_finite_cyclic_suspension_transport_theorem_specific_classification.py::test_phase103_6d56_preserves_6d53_composition_zero_closure,tests/test_phase103_6d56_prop53_finite_cyclic_suspension_transport_theorem_specific_classification.py,test_phase103_6d56_preserves_6d53_composition_zero_closure,324,103,duplicate_coverage,contract_sensitive_review,fixed_snapshot_risk,numeric_fixed_expectation,6,"Fixed numeric expectation appears in an audit/count/snapshot-style test. It is not automatically stale, but it is contract-sensitive and should be reviewed before R3 consolidation."
R2-00162,tests/test_phase103_6d56_prop53_finite_cyclic_suspension_transport_theorem_specific_classification.py::test_phase103_6d56_preserves_6d50_toda52_transport_closure,tests/test_phase103_6d56_prop53_finite_cyclic_suspension_transport_theorem_specific_classification.py,test_phase103_6d56_preserves_6d50_toda52_transport_closure,352,103,duplicate_coverage,contract_sensitive_review,fixed_snapshot_risk,numeric_fixed_expectation,5,"Fixed numeric expectation appears in an audit/count/snapshot-style test. It is not automatically stale, but it is contract-sensitive and should be reviewed before R3 consolidation."
R2-00163,tests/test_phase103_6d59_prop53_eta_square_suspension_bridge_classification.py::test_phase103_6d59_target_entries_are_exactly_the_two_audited_factories,tests/test_phase103_6d59_prop53_eta_square_suspension_bridge_classification.py,test_phase103_6d59_target_entries_are_exactly_the_two_audited_factories,88,103,audit_only,contract_sensitive_review,fixed_snapshot_risk,numeric_fixed_expectation,14,"Fixed numeric expectation appears in an audit/count/snapshot-style test. It is not automatically stale, but it is contract-sensitive and should be reviewed before R3 consolidation."
R2-00164,tests/test_phase103_6d59_prop53_eta_square_suspension_bridge_classification.py::test_phase103_6d59_family_coverage_counts,tests/test_phase103_6d59_prop53_eta_square_suspension_bridge_classification.py,test_phase103_6d59_family_coverage_counts,231,103,current_contract,contract_sensitive_review,fixed_snapshot_risk,numeric_fixed_expectation,267,"Fixed numeric expectation appears in an audit/count/snapshot-style test. It is not automatically stale, but it is contract-sensitive and should be reviewed before R3 consolidation."
R2-00165,tests/test_phase103_6d59_prop53_eta_square_suspension_bridge_classification.py::test_phase103_6d59_family_coverage_counts,tests/test_phase103_6d59_prop53_eta_square_suspension_bridge_classification.py,test_phase103_6d59_family_coverage_counts,234,103,current_contract,contract_sensitive_review,fixed_snapshot_risk,numeric_fixed_expectation,126,"Fixed numeric expectation appears in an audit/count/snapshot-style test. It is not automatically stale, but it is contract-sensitive and should be reviewed before R3 consolidation."
R2-00166,tests/test_phase103_6d59_prop53_eta_square_suspension_bridge_classification.py::test_phase103_6d59_family_coverage_counts,tests/test_phase103_6d59_prop53_eta_square_suspension_bridge_classification.py,test_phase103_6d59_family_coverage_counts,235,103,current_contract,contract_sensitive_review,fixed_snapshot_risk,numeric_fixed_expectation,141,"Fixed numeric expectation appears in an audit/count/snapshot-style test. It is not automatically stale, but it is contract-sensitive and should be reviewed before R3 consolidation."
R2-00167,tests/test_phase103_6d59_prop53_eta_square_suspension_bridge_classification.py::test_phase103_6d59_entry_coverage_counts,tests/test_phase103_6d59_prop53_eta_square_suspension_bridge_classification.py,test_phase103_6d59_entry_coverage_counts,249,103,current_contract,contract_sensitive_review,fixed_snapshot_risk,numeric_fixed_expectation,1188,"Fixed numeric expectation appears in an audit/count/snapshot-style test. It is not automatically stale, but it is contract-sensitive and should be reviewed before R3 consolidation."
R2-00168,tests/test_phase103_6d59_prop53_eta_square_suspension_bridge_classification.py::test_phase103_6d59_entry_coverage_counts,tests/test_phase103_6d59_prop53_eta_square_suspension_bridge_classification.py,test_phase103_6d59_entry_coverage_counts,253,103,current_contract,contract_sensitive_review,fixed_snapshot_risk,numeric_fixed_expectation,201,"Fixed numeric expectation appears in an audit/count/snapshot-style test. It is not automatically stale, but it is contract-sensitive and should be reviewed before R3 consolidation."
R2-00169,tests/test_phase103_6d59_prop53_eta_square_suspension_bridge_classification.py::test_phase103_6d59_entry_coverage_counts,tests/test_phase103_6d59_prop53_eta_square_suspension_bridge_classification.py,test_phase103_6d59_entry_coverage_counts,260,103,current_contract,contract_sensitive_review,fixed_snapshot_risk,numeric_fixed_expectation,49,"Fixed numeric expectation appears in an audit/count/snapshot-style test. It is not automatically stale, but it is contract-sensitive and should be reviewed before R3 consolidation."
R2-00170,tests/test_phase103_6d59_prop53_eta_square_suspension_bridge_classification.py::test_phase103_6d59_entry_coverage_counts,tests/test_phase103_6d59_prop53_eta_square_suspension_bridge_classification.py,test_phase103_6d59_entry_coverage_counts,267,103,current_contract,contract_sensitive_review,fixed_snapshot_risk,numeric_fixed_expectation,416,"Fixed numeric expectation appears in an audit/count/snapshot-style test. It is not automatically stale, but it is contract-sensitive and should be reviewed before R3 consolidation."
R2-00171,tests/test_phase103_6d59_prop53_eta_square_suspension_bridge_classification.py::test_phase103_6d59_preserves_6d56_prop53_transport_closure,tests/test_phase103_6d59_prop53_eta_square_suspension_bridge_classification.py,test_phase103_6d59_preserves_6d56_prop53_transport_closure,324,103,duplicate_coverage,contract_sensitive_review,fixed_snapshot_risk,numeric_fixed_expectation,14,"Fixed numeric expectation appears in an audit/count/snapshot-style test. It is not automatically stale, but it is contract-sensitive and should be reviewed before R3 consolidation."
R2-00172,tests/test_phase103_6d59_prop53_eta_square_suspension_bridge_classification.py::test_phase103_6d59_preserves_6d53_composition_zero_closure,tests/test_phase103_6d59_prop53_eta_square_suspension_bridge_classification.py,test_phase103_6d59_preserves_6d53_composition_zero_closure,352,103,duplicate_coverage,contract_sensitive_review,fixed_snapshot_risk,numeric_fixed_expectation,6,"Fixed numeric expectation appears in an audit/count/snapshot-style test. It is not automatically stale, but it is contract-sensitive and should be reviewed before R3 consolidation."
R2-00173,tests/test_phase103_6d62_lemma54_nu4_construction_consequence_theorem_specific_classification.py::test_phase103_6d62_target_entries_are_exactly_the_two_audited_factories,tests/test_phase103_6d62_lemma54_nu4_construction_consequence_theorem_specific_classification.py,test_phase103_6d62_target_entries_are_exactly_the_two_audited_factories,88,103,audit_only,contract_sensitive_review,fixed_snapshot_risk,numeric_fixed_expectation,14,"Fixed numeric expectation appears in an audit/count/snapshot-style test. It is not automatically stale, but it is contract-sensitive and should be reviewed before R3 consolidation."
R2-00174,tests/test_phase103_6d62_lemma54_nu4_construction_consequence_theorem_specific_classification.py::test_phase103_6d62_family_coverage_counts,tests/test_phase103_6d62_lemma54_nu4_construction_consequence_theorem_specific_classification.py,test_phase103_6d62_family_coverage_counts,231,103,current_contract,contract_sensitive_review,fixed_snapshot_risk,numeric_fixed_expectation,267,"Fixed numeric expectation appears in an audit/count/snapshot-style test. It is not automatically stale, but it is contract-sensitive and should be reviewed before R3 consolidation."
R2-00175,tests/test_phase103_6d62_lemma54_nu4_construction_consequence_theorem_specific_classification.py::test_phase103_6d62_family_coverage_counts,tests/test_phase103_6d62_lemma54_nu4_construction_consequence_theorem_specific_classification.py,test_phase103_6d62_family_coverage_counts,234,103,current_contract,contract_sensitive_review,fixed_snapshot_risk,numeric_fixed_expectation,128,"Fixed numeric expectation appears in an audit/count/snapshot-style test. It is not automatically stale, but it is contract-sensitive and should be reviewed before R3 consolidation."
R2-00176,tests/test_phase103_6d62_lemma54_nu4_construction_consequence_theorem_specific_classification.py::test_phase103_6d62_family_coverage_counts,tests/test_phase103_6d62_lemma54_nu4_construction_consequence_theorem_specific_classification.py,test_phase103_6d62_family_coverage_counts,235,103,current_contract,contract_sensitive_review,fixed_snapshot_risk,numeric_fixed_expectation,139,"Fixed numeric expectation appears in an audit/count/snapshot-style test. It is not automatically stale, but it is contract-sensitive and should be reviewed before R3 consolidation."
R2-00177,tests/test_phase103_6d62_lemma54_nu4_construction_consequence_theorem_specific_classification.py::test_phase103_6d62_entry_coverage_counts,tests/test_phase103_6d62_lemma54_nu4_construction_consequence_theorem_specific_classification.py,test_phase103_6d62_entry_coverage_counts,249,103,current_contract,contract_sensitive_review,fixed_snapshot_risk,numeric_fixed_expectation,1188,"Fixed numeric expectation appears in an audit/count/snapshot-style test. It is not automatically stale, but it is contract-sensitive and should be reviewed before R3 consolidation."
R2-00178,tests/test_phase103_6d62_lemma54_nu4_construction_consequence_theorem_specific_classification.py::test_phase103_6d62_entry_coverage_counts,tests/test_phase103_6d62_lemma54_nu4_construction_consequence_theorem_specific_classification.py,test_phase103_6d62_entry_coverage_counts,253,103,current_contract,contract_sensitive_review,fixed_snapshot_risk,numeric_fixed_expectation,201,"Fixed numeric expectation appears in an audit/count/snapshot-style test. It is not automatically stale, but it is contract-sensitive and should be reviewed before R3 consolidation."
R2-00179,tests/test_phase103_6d62_lemma54_nu4_construction_consequence_theorem_specific_classification.py::test_phase103_6d62_entry_coverage_counts,tests/test_phase103_6d62_lemma54_nu4_construction_consequence_theorem_specific_classification.py,test_phase103_6d62_entry_coverage_counts,260,103,current_contract,contract_sensitive_review,fixed_snapshot_risk,numeric_fixed_expectation,49,"Fixed numeric expectation appears in an audit/count/snapshot-style test. It is not automatically stale, but it is contract-sensitive and should be reviewed before R3 consolidation."
R2-00180,tests/test_phase103_6d62_lemma54_nu4_construction_consequence_theorem_specific_classification.py::test_phase103_6d62_entry_coverage_counts,tests/test_phase103_6d62_lemma54_nu4_construction_consequence_theorem_specific_classification.py,test_phase103_6d62_entry_coverage_counts,267,103,current_contract,contract_sensitive_review,fixed_snapshot_risk,numeric_fixed_expectation,402,"Fixed numeric expectation appears in an audit/count/snapshot-style test. It is not automatically stale, but it is contract-sensitive and should be reviewed before R3 consolidation."
R2-00181,tests/test_phase103_6d62_lemma54_nu4_construction_consequence_theorem_specific_classification.py::test_phase103_6d62_preserves_6d59_eta_square_bridge_closure,tests/test_phase103_6d62_lemma54_nu4_construction_consequence_theorem_specific_classification.py,test_phase103_6d62_preserves_6d59_eta_square_bridge_closure,324,103,duplicate_coverage,contract_sensitive_review,fixed_snapshot_risk,numeric_fixed_expectation,14,"Fixed numeric expectation appears in an audit/count/snapshot-style test. It is not automatically stale, but it is contract-sensitive and should be reviewed before R3 consolidation."
R2-00182,tests/test_phase103_6d62_lemma54_nu4_construction_consequence_theorem_specific_classification.py::test_phase103_6d62_preserves_6d56_prop53_transport_closure,tests/test_phase103_6d62_lemma54_nu4_construction_consequence_theorem_specific_classification.py,test_phase103_6d62_preserves_6d56_prop53_transport_closure,352,103,duplicate_coverage,contract_sensitive_review,fixed_snapshot_risk,numeric_fixed_expectation,14,"Fixed numeric expectation appears in an audit/count/snapshot-style test. It is not automatically stale, but it is contract-sensitive and should be reviewed before R3 consolidation."
R2-00183,tests/test_phase103_6d65_prop511_finite_dimensional_nu_squared_transport_theorem_specific_classification.py::test_phase103_6d65_target_entries_are_exactly_the_three_audited_factories,tests/test_phase103_6d65_prop511_finite_dimensional_nu_squared_transport_theorem_specific_classification.py,test_phase103_6d65_target_entries_are_exactly_the_three_audited_factories,90,103,audit_only,contract_sensitive_review,fixed_snapshot_risk,numeric_fixed_expectation,3,"Fixed numeric expectation appears in an audit/count/snapshot-style test. It is not automatically stale, but it is contract-sensitive and should be reviewed before R3 consolidation."
R2-00184,tests/test_phase103_6d65_prop511_finite_dimensional_nu_squared_transport_theorem_specific_classification.py::test_phase103_6d65_family_coverage_counts,tests/test_phase103_6d65_prop511_finite_dimensional_nu_squared_transport_theorem_specific_classification.py,test_phase103_6d65_family_coverage_counts,233,103,current_contract,contract_sensitive_review,fixed_snapshot_risk,numeric_fixed_expectation,267,"Fixed numeric expectation appears in an audit/count/snapshot-style test. It is not automatically stale, but it is contract-sensitive and should be reviewed before R3 consolidation."
R2-00185,tests/test_phase103_6d65_prop511_finite_dimensional_nu_squared_transport_theorem_specific_classification.py::test_phase103_6d65_family_coverage_counts,tests/test_phase103_6d65_prop511_finite_dimensional_nu_squared_transport_theorem_specific_classification.py,test_phase103_6d65_family_coverage_counts,236,103,current_contract,contract_sensitive_review,fixed_snapshot_risk,numeric_fixed_expectation,131,"Fixed numeric expectation appears in an audit/count/snapshot-style test. It is not automatically stale, but it is contract-sensitive and should be reviewed before R3 consolidation."
R2-00186,tests/test_phase103_6d65_prop511_finite_dimensional_nu_squared_transport_theorem_specific_classification.py::test_phase103_6d65_family_coverage_counts,tests/test_phase103_6d65_prop511_finite_dimensional_nu_squared_transport_theorem_specific_classification.py,test_phase103_6d65_family_coverage_counts,237,103,current_contract,contract_sensitive_review,fixed_snapshot_risk,numeric_fixed_expectation,136,"Fixed numeric expectation appears in an audit/count/snapshot-style test. It is not automatically stale, but it is contract-sensitive and should be reviewed before R3 consolidation."
R2-00187,tests/test_phase103_6d65_prop511_finite_dimensional_nu_squared_transport_theorem_specific_classification.py::test_phase103_6d65_entry_coverage_counts,tests/test_phase103_6d65_prop511_finite_dimensional_nu_squared_transport_theorem_specific_classification.py,test_phase103_6d65_entry_coverage_counts,251,103,current_contract,contract_sensitive_review,fixed_snapshot_risk,numeric_fixed_expectation,1188,"Fixed numeric expectation appears in an audit/count/snapshot-style test. It is not automatically stale, but it is contract-sensitive and should be reviewed before R3 consolidation."
R2-00188,tests/test_phase103_6d65_prop511_finite_dimensional_nu_squared_transport_theorem_specific_classification.py::test_phase103_6d65_entry_coverage_counts,tests/test_phase103_6d65_prop511_finite_dimensional_nu_squared_transport_theorem_specific_classification.py,test_phase103_6d65_entry_coverage_counts,255,103,current_contract,contract_sensitive_review,fixed_snapshot_risk,numeric_fixed_expectation,201,"Fixed numeric expectation appears in an audit/count/snapshot-style test. It is not automatically stale, but it is contract-sensitive and should be reviewed before R3 consolidation."
R2-00189,tests/test_phase103_6d65_prop511_finite_dimensional_nu_squared_transport_theorem_specific_classification.py::test_phase103_6d65_entry_coverage_counts,tests/test_phase103_6d65_prop511_finite_dimensional_nu_squared_transport_theorem_specific_classification.py,test_phase103_6d65_entry_coverage_counts,262,103,current_contract,contract_sensitive_review,fixed_snapshot_risk,numeric_fixed_expectation,49,"Fixed numeric expectation appears in an audit/count/snapshot-style test. It is not automatically stale, but it is contract-sensitive and should be reviewed before R3 consolidation."
R2-00190,tests/test_phase103_6d65_prop511_finite_dimensional_nu_squared_transport_theorem_specific_classification.py::test_phase103_6d65_entry_coverage_counts,tests/test_phase103_6d65_prop511_finite_dimensional_nu_squared_transport_theorem_specific_classification.py,test_phase103_6d65_entry_coverage_counts,269,103,current_contract,contract_sensitive_review,fixed_snapshot_risk,numeric_fixed_expectation,399,"Fixed numeric expectation appears in an audit/count/snapshot-style test. It is not automatically stale, but it is contract-sensitive and should be reviewed before R3 consolidation."
R2-00191,tests/test_phase103_6d65_prop511_finite_dimensional_nu_squared_transport_theorem_specific_classification.py::test_phase103_6d65_preserves_6d62_lemma54_nu4_consequence_closure,tests/test_phase103_6d65_prop511_finite_dimensional_nu_squared_transport_theorem_specific_classification.py,test_phase103_6d65_preserves_6d62_lemma54_nu4_consequence_closure,326,103,duplicate_coverage,contract_sensitive_review,fixed_snapshot_risk,numeric_fixed_expectation,14,"Fixed numeric expectation appears in an audit/count/snapshot-style test. It is not automatically stale, but it is contract-sensitive and should be reviewed before R3 consolidation."
R2-00192,tests/test_phase103_6d65_prop511_finite_dimensional_nu_squared_transport_theorem_specific_classification.py::test_phase103_6d65_preserves_6d59_eta_square_bridge_closure,tests/test_phase103_6d65_prop511_finite_dimensional_nu_squared_transport_theorem_specific_classification.py,test_phase103_6d65_preserves_6d59_eta_square_bridge_closure,354,103,duplicate_coverage,contract_sensitive_review,fixed_snapshot_risk,numeric_fixed_expectation,14,"Fixed numeric expectation appears in an audit/count/snapshot-style test. It is not automatically stale, but it is contract-sensitive and should be reviewed before R3 consolidation."
R2-00193,tests/test_phase103_6d68_cross_theorem_stable_range_transport_theorem_specific_classification.py::test_phase103_6d68_target_entries_are_exactly_the_three_audited_factories,tests/test_phase103_6d68_cross_theorem_stable_range_transport_theorem_specific_classification.py,test_phase103_6d68_target_entries_are_exactly_the_three_audited_factories,90,103,audit_only,contract_sensitive_review,fixed_snapshot_risk,numeric_fixed_expectation,12,"Fixed numeric expectation appears in an audit/count/snapshot-style test. It is not automatically stale, but it is contract-sensitive and should be reviewed before R3 consolidation."
R2-00194,tests/test_phase103_6d68_cross_theorem_stable_range_transport_theorem_specific_classification.py::test_phase103_6d68_family_coverage_counts,tests/test_phase103_6d68_cross_theorem_stable_range_transport_theorem_specific_classification.py,test_phase103_6d68_family_coverage_counts,233,103,current_contract,contract_sensitive_review,fixed_snapshot_risk,numeric_fixed_expectation,267,"Fixed numeric expectation appears in an audit/count/snapshot-style test. It is not automatically stale, but it is contract-sensitive and should be reviewed before R3 consolidation."
R2-00195,tests/test_phase103_6d68_cross_theorem_stable_range_transport_theorem_specific_classification.py::test_phase103_6d68_family_coverage_counts,tests/test_phase103_6d68_cross_theorem_stable_range_transport_theorem_specific_classification.py,test_phase103_6d68_family_coverage_counts,236,103,current_contract,contract_sensitive_review,fixed_snapshot_risk,numeric_fixed_expectation,134,"Fixed numeric expectation appears in an audit/count/snapshot-style test. It is not automatically stale, but it is contract-sensitive and should be reviewed before R3 consolidation."
R2-00196,tests/test_phase103_6d68_cross_theorem_stable_range_transport_theorem_specific_classification.py::test_phase103_6d68_family_coverage_counts,tests/test_phase103_6d68_cross_theorem_stable_range_transport_theorem_specific_classification.py,test_phase103_6d68_family_coverage_counts,237,103,current_contract,contract_sensitive_review,fixed_snapshot_risk,numeric_fixed_expectation,133,"Fixed numeric expectation appears in an audit/count/snapshot-style test. It is not automatically stale, but it is contract-sensitive and should be reviewed before R3 consolidation."
R2-00197,tests/test_phase103_6d68_cross_theorem_stable_range_transport_theorem_specific_classification.py::test_phase103_6d68_entry_coverage_counts,tests/test_phase103_6d68_cross_theorem_stable_range_transport_theorem_specific_classification.py,test_phase103_6d68_entry_coverage_counts,251,103,current_contract,contract_sensitive_review,fixed_snapshot_risk,numeric_fixed_expectation,1188,"Fixed numeric expectation appears in an audit/count/snapshot-style test. It is not automatically stale, but it is contract-sensitive and should be reviewed before R3 consolidation."
R2-00198,tests/test_phase103_6d68_cross_theorem_stable_range_transport_theorem_specific_classification.py::test_phase103_6d68_entry_coverage_counts,tests/test_phase103_6d68_cross_theorem_stable_range_transport_theorem_specific_classification.py,test_phase103_6d68_entry_coverage_counts,255,103,current_contract,contract_sensitive_review,fixed_snapshot_risk,numeric_fixed_expectation,201,"Fixed numeric expectation appears in an audit/count/snapshot-style test. It is not automatically stale, but it is contract-sensitive and should be reviewed before R3 consolidation."
R2-00199,tests/test_phase103_6d68_cross_theorem_stable_range_transport_theorem_specific_classification.py::test_phase103_6d68_entry_coverage_counts,tests/test_phase103_6d68_cross_theorem_stable_range_transport_theorem_specific_classification.py,test_phase103_6d68_entry_coverage_counts,262,103,current_contract,contract_sensitive_review,fixed_snapshot_risk,numeric_fixed_expectation,49,"Fixed numeric expectation appears in an audit/count/snapshot-style test. It is not automatically stale, but it is contract-sensitive and should be reviewed before R3 consolidation."
R2-00200,tests/test_phase103_6d68_cross_theorem_stable_range_transport_theorem_specific_classification.py::test_phase103_6d68_entry_coverage_counts,tests/test_phase103_6d68_cross_theorem_stable_range_transport_theorem_specific_classification.py,test_phase103_6d68_entry_coverage_counts,269,103,current_contract,contract_sensitive_review,fixed_snapshot_risk,numeric_fixed_expectation,387,"Fixed numeric expectation appears in an audit/count/snapshot-style test. It is not automatically stale, but it is contract-sensitive and should be reviewed before R3 consolidation."
R2-00201,tests/test_phase103_6d68_cross_theorem_stable_range_transport_theorem_specific_classification.py::test_phase103_6d68_preserves_6d65_prop511_finite_dimensional_nu_squared_closure,tests/test_phase103_6d68_cross_theorem_stable_range_transport_theorem_specific_classification.py,test_phase103_6d68_preserves_6d65_prop511_finite_dimensional_nu_squared_closure,327,103,audit_only,contract_sensitive_review,fixed_snapshot_risk,numeric_fixed_expectation,3,"Fixed numeric expectation appears in an audit/count/snapshot-style test. It is not automatically stale, but it is contract-sensitive and should be reviewed before R3 consolidation."
R2-00202,tests/test_phase103_6d68_cross_theorem_stable_range_transport_theorem_specific_classification.py::test_phase103_6d68_preserves_6d62_lemma54_nu4_consequence_closure,tests/test_phase103_6d68_cross_theorem_stable_range_transport_theorem_specific_classification.py,test_phase103_6d68_preserves_6d62_lemma54_nu4_consequence_closure,355,103,duplicate_coverage,contract_sensitive_review,fixed_snapshot_risk,numeric_fixed_expectation,14,"Fixed numeric expectation appears in an audit/count/snapshot-style test. It is not automatically stale, but it is contract-sensitive and should be reviewed before R3 consolidation."
R2-00203,tests/test_phase103_6d71_prop51_derived_eta_zero_relation_theorem_specific_classification.py::test_phase103_6d71_entry_coverage_delta_matches_exact_target_entry_count,tests/test_phase103_6d71_prop51_derived_eta_zero_relation_theorem_specific_classification.py,test_phase103_6d71_entry_coverage_delta_matches_exact_target_entry_count,317,103,current_contract,contract_sensitive_review,fixed_snapshot_risk,numeric_fixed_expectation,1188,"Fixed numeric expectation appears in an audit/count/snapshot-style test. It is not automatically stale, but it is contract-sensitive and should be reviewed before R3 consolidation."
R2-00204,tests/test_phase103_6d71_prop51_derived_eta_zero_relation_theorem_specific_classification.py::test_phase103_6d71_entry_coverage_delta_matches_exact_target_entry_count,tests/test_phase103_6d71_prop51_derived_eta_zero_relation_theorem_specific_classification.py,test_phase103_6d71_entry_coverage_delta_matches_exact_target_entry_count,320,103,current_contract,contract_sensitive_review,fixed_snapshot_risk,numeric_fixed_expectation,1188,"Fixed numeric expectation appears in an audit/count/snapshot-style test. It is not automatically stale, but it is contract-sensitive and should be reviewed before R3 consolidation."
R2-00205,tests/test_phase103_6d73_prop511_pi14_13_eta13_group_identification_theorem_specific_classification.py::test_phase103_6d73_entry_coverage_delta_matches_target_entry_count,tests/test_phase103_6d73_prop511_pi14_13_eta13_group_identification_theorem_specific_classification.py,test_phase103_6d73_entry_coverage_delta_matches_target_entry_count,276,103,current_contract,contract_sensitive_review,fixed_snapshot_risk,numeric_fixed_expectation,1188,"Fixed numeric expectation appears in an audit/count/snapshot-style test. It is not automatically stale, but it is contract-sensitive and should be reviewed before R3 consolidation."
R2-00206,tests/test_phase103_6d73_prop511_pi14_13_eta13_group_identification_theorem_specific_classification.py::test_phase103_6d73_entry_coverage_delta_matches_target_entry_count,tests/test_phase103_6d73_prop511_pi14_13_eta13_group_identification_theorem_specific_classification.py,test_phase103_6d73_entry_coverage_delta_matches_target_entry_count,279,103,current_contract,contract_sensitive_review,fixed_snapshot_risk,numeric_fixed_expectation,1188,"Fixed numeric expectation appears in an audit/count/snapshot-style test. It is not automatically stale, but it is contract-sensitive and should be reviewed before R3 consolidation."
R2-00207,tests/test_phase103_6d76_prop56_nu_prime_order_four_theorem_specific_classification.py::test_phase103_6d76_target_factory_is_exactly_the_audited_singleton,tests/test_phase103_6d76_prop56_nu_prime_order_four_theorem_specific_classification.py,test_phase103_6d76_target_factory_is_exactly_the_audited_singleton,91,103,audit_only,contract_sensitive_review,fixed_snapshot_risk,numeric_fixed_expectation,4,"Fixed numeric expectation appears in an audit/count/snapshot-style test. It is not automatically stale, but it is contract-sensitive and should be reviewed before R3 consolidation."
R2-00208,tests/test_phase103_6d76_prop56_nu_prime_order_four_theorem_specific_classification.py::test_phase103_6d76_preserves_structural_and_map_property_counts,tests/test_phase103_6d76_prop56_nu_prime_order_four_theorem_specific_classification.py,test_phase103_6d76_preserves_structural_and_map_property_counts,344,103,duplicate_coverage,contract_sensitive_review,fixed_snapshot_risk,numeric_fixed_expectation,201,"Fixed numeric expectation appears in an audit/count/snapshot-style test. It is not automatically stale, but it is contract-sensitive and should be reviewed before R3 consolidation."
R2-00209,tests/test_phase103_6d76_prop56_nu_prime_order_four_theorem_specific_classification.py::test_phase103_6d76_preserves_structural_and_map_property_counts,tests/test_phase103_6d76_prop56_nu_prime_order_four_theorem_specific_classification.py,test_phase103_6d76_preserves_structural_and_map_property_counts,351,103,duplicate_coverage,contract_sensitive_review,fixed_snapshot_risk,numeric_fixed_expectation,49,"Fixed numeric expectation appears in an audit/count/snapshot-style test. It is not automatically stale, but it is contract-sensitive and should be reviewed before R3 consolidation."
R2-00210,tests/test_phase103_6d79_prop59_delta_eta11_theorem_specific_classification.py::test_phase103_6d79_target_factory_is_exactly_the_audited_singleton,tests/test_phase103_6d79_prop59_delta_eta11_theorem_specific_classification.py,test_phase103_6d79_target_factory_is_exactly_the_audited_singleton,91,103,audit_only,contract_sensitive_review,fixed_snapshot_risk,numeric_fixed_expectation,1,"Fixed numeric expectation appears in an audit/count/snapshot-style test. It is not automatically stale, but it is contract-sensitive and should be reviewed before R3 consolidation."
R2-00211,tests/test_phase103_6d79_prop59_delta_eta11_theorem_specific_classification.py::test_phase103_6d79_preserves_6d76_nu_prime_order_four_closure,tests/test_phase103_6d79_prop59_delta_eta11_theorem_specific_classification.py,test_phase103_6d79_preserves_6d76_nu_prime_order_four_closure,328,103,audit_only,contract_sensitive_review,fixed_snapshot_risk,numeric_fixed_expectation,4,"Fixed numeric expectation appears in an audit/count/snapshot-style test. It is not automatically stale, but it is contract-sensitive and should be reviewed before R3 consolidation."
R2-00212,tests/test_phase103_6d79_prop59_delta_eta11_theorem_specific_classification.py::test_phase103_6d79_preserves_structural_and_map_property_counts,tests/test_phase103_6d79_prop59_delta_eta11_theorem_specific_classification.py,test_phase103_6d79_preserves_structural_and_map_property_counts,347,103,duplicate_coverage,contract_sensitive_review,fixed_snapshot_risk,numeric_fixed_expectation,201,"Fixed numeric expectation appears in an audit/count/snapshot-style test. It is not automatically stale, but it is contract-sensitive and should be reviewed before R3 consolidation."
R2-00213,tests/test_phase103_6d79_prop59_delta_eta11_theorem_specific_classification.py::test_phase103_6d79_preserves_structural_and_map_property_counts,tests/test_phase103_6d79_prop59_delta_eta11_theorem_specific_classification.py,test_phase103_6d79_preserves_structural_and_map_property_counts,354,103,duplicate_coverage,contract_sensitive_review,fixed_snapshot_risk,numeric_fixed_expectation,49,"Fixed numeric expectation appears in an audit/count/snapshot-style test. It is not automatically stale, but it is contract-sensitive and should be reviewed before R3 consolidation."
R2-00214,tests/test_phase103_6d82_prop59_delta_eta9_squared_theorem_specific_classification.py::test_phase103_6d82_target_factory_is_exactly_the_audited_singleton,tests/test_phase103_6d82_prop59_delta_eta9_squared_theorem_specific_classification.py,test_phase103_6d82_target_factory_is_exactly_the_audited_singleton,91,103,audit_only,contract_sensitive_review,fixed_snapshot_risk,numeric_fixed_expectation,1,"Fixed numeric expectation appears in an audit/count/snapshot-style test. It is not automatically stale, but it is contract-sensitive and should be reviewed before R3 consolidation."
R2-00215,tests/test_phase103_6d82_prop59_delta_eta9_squared_theorem_specific_classification.py::test_phase103_6d82_preserves_6d79_delta_eta11_closure,tests/test_phase103_6d82_prop59_delta_eta9_squared_theorem_specific_classification.py,test_phase103_6d82_preserves_6d79_delta_eta11_closure,328,103,audit_only,contract_sensitive_review,fixed_snapshot_risk,numeric_fixed_expectation,1,"Fixed numeric expectation appears in an audit/count/snapshot-style test. It is not automatically stale, but it is contract-sensitive and should be reviewed before R3 consolidation."
R2-00216,tests/test_phase103_6d82_prop59_delta_eta9_squared_theorem_specific_classification.py::test_phase103_6d82_preserves_structural_and_map_property_counts,tests/test_phase103_6d82_prop59_delta_eta9_squared_theorem_specific_classification.py,test_phase103_6d82_preserves_structural_and_map_property_counts,347,103,duplicate_coverage,contract_sensitive_review,fixed_snapshot_risk,numeric_fixed_expectation,201,"Fixed numeric expectation appears in an audit/count/snapshot-style test. It is not automatically stale, but it is contract-sensitive and should be reviewed before R3 consolidation."
R2-00217,tests/test_phase103_6d82_prop59_delta_eta9_squared_theorem_specific_classification.py::test_phase103_6d82_preserves_structural_and_map_property_counts,tests/test_phase103_6d82_prop59_delta_eta9_squared_theorem_specific_classification.py,test_phase103_6d82_preserves_structural_and_map_property_counts,354,103,duplicate_coverage,contract_sensitive_review,fixed_snapshot_risk,numeric_fixed_expectation,49,"Fixed numeric expectation appears in an audit/count/snapshot-style test. It is not automatically stale, but it is contract-sensitive and should be reviewed before R3 consolidation."
R2-00218,tests/test_phase103_6d85_prop59_e_nu4_eta7_squared_bridge_theorem_specific_classification.py::test_phase103_6d85_target_factory_is_exactly_the_audited_singleton,tests/test_phase103_6d85_prop59_e_nu4_eta7_squared_bridge_theorem_specific_classification.py,test_phase103_6d85_target_factory_is_exactly_the_audited_singleton,91,103,audit_only,contract_sensitive_review,fixed_snapshot_risk,numeric_fixed_expectation,1,"Fixed numeric expectation appears in an audit/count/snapshot-style test. It is not automatically stale, but it is contract-sensitive and should be reviewed before R3 consolidation."
R2-00219,tests/test_phase103_6d85_prop59_e_nu4_eta7_squared_bridge_theorem_specific_classification.py::test_phase103_6d85_preserves_6d82_delta_eta9_squared_closure,tests/test_phase103_6d85_prop59_e_nu4_eta7_squared_bridge_theorem_specific_classification.py,test_phase103_6d85_preserves_6d82_delta_eta9_squared_closure,328,103,audit_only,contract_sensitive_review,fixed_snapshot_risk,numeric_fixed_expectation,1,"Fixed numeric expectation appears in an audit/count/snapshot-style test. It is not automatically stale, but it is contract-sensitive and should be reviewed before R3 consolidation."
R2-00220,tests/test_phase103_6d85_prop59_e_nu4_eta7_squared_bridge_theorem_specific_classification.py::test_phase103_6d85_preserves_structural_and_map_property_counts,tests/test_phase103_6d85_prop59_e_nu4_eta7_squared_bridge_theorem_specific_classification.py,test_phase103_6d85_preserves_structural_and_map_property_counts,347,103,duplicate_coverage,contract_sensitive_review,fixed_snapshot_risk,numeric_fixed_expectation,201,"Fixed numeric expectation appears in an audit/count/snapshot-style test. It is not automatically stale, but it is contract-sensitive and should be reviewed before R3 consolidation."
R2-00221,tests/test_phase103_6d85_prop59_e_nu4_eta7_squared_bridge_theorem_specific_classification.py::test_phase103_6d85_preserves_structural_and_map_property_counts,tests/test_phase103_6d85_prop59_e_nu4_eta7_squared_bridge_theorem_specific_classification.py,test_phase103_6d85_preserves_structural_and_map_property_counts,354,103,duplicate_coverage,contract_sensitive_review,fixed_snapshot_risk,numeric_fixed_expectation,49,"Fixed numeric expectation appears in an audit/count/snapshot-style test. It is not automatically stale, but it is contract-sensitive and should be reviewed before R3 consolidation."
R2-00222,tests/test_phase103_6d88_prop59_e_nu5_eta8_squared_zero_theorem_specific_classification.py::test_phase103_6d88_target_factory_is_exactly_the_audited_singleton,tests/test_phase103_6d88_prop59_e_nu5_eta8_squared_zero_theorem_specific_classification.py,test_phase103_6d88_target_factory_is_exactly_the_audited_singleton,91,103,audit_only,contract_sensitive_review,fixed_snapshot_risk,numeric_fixed_expectation,1,"Fixed numeric expectation appears in an audit/count/snapshot-style test. It is not automatically stale, but it is contract-sensitive and should be reviewed before R3 consolidation."
R2-00223,tests/test_phase103_6d88_prop59_e_nu5_eta8_squared_zero_theorem_specific_classification.py::test_phase103_6d88_preserves_6d85_e_nu4_eta7_squared_bridge_closure,tests/test_phase103_6d88_prop59_e_nu5_eta8_squared_zero_theorem_specific_classification.py,test_phase103_6d88_preserves_6d85_e_nu4_eta7_squared_bridge_closure,328,103,audit_only,contract_sensitive_review,fixed_snapshot_risk,numeric_fixed_expectation,1,"Fixed numeric expectation appears in an audit/count/snapshot-style test. It is not automatically stale, but it is contract-sensitive and should be reviewed before R3 consolidation."
R2-00224,tests/test_phase103_6d88_prop59_e_nu5_eta8_squared_zero_theorem_specific_classification.py::test_phase103_6d88_preserves_structural_and_map_property_counts,tests/test_phase103_6d88_prop59_e_nu5_eta8_squared_zero_theorem_specific_classification.py,test_phase103_6d88_preserves_structural_and_map_property_counts,347,103,duplicate_coverage,contract_sensitive_review,fixed_snapshot_risk,numeric_fixed_expectation,201,"Fixed numeric expectation appears in an audit/count/snapshot-style test. It is not automatically stale, but it is contract-sensitive and should be reviewed before R3 consolidation."
R2-00225,tests/test_phase103_6d88_prop59_e_nu5_eta8_squared_zero_theorem_specific_classification.py::test_phase103_6d88_preserves_structural_and_map_property_counts,tests/test_phase103_6d88_prop59_e_nu5_eta8_squared_zero_theorem_specific_classification.py,test_phase103_6d88_preserves_structural_and_map_property_counts,354,103,duplicate_coverage,contract_sensitive_review,fixed_snapshot_risk,numeric_fixed_expectation,49,"Fixed numeric expectation appears in an audit/count/snapshot-style test. It is not automatically stale, but it is contract-sensitive and should be reviewed before R3 consolidation."
R2-00226,tests/test_phase103_6d8_first_wave_classification.py::test_phase103_6d8_catalog_entry_count_and_discovery_safety_are_unchanged,tests/test_phase103_6d8_first_wave_classification.py,test_phase103_6d8_catalog_entry_count_and_discovery_safety_are_unchanged,186,103,duplicate_coverage,contract_sensitive_review,fixed_snapshot_risk,numeric_fixed_expectation,1188,"Fixed numeric expectation appears in an audit/count/snapshot-style test. It is not automatically stale, but it is contract-sensitive and should be reviewed before R3 consolidation."
R2-00227,tests/test_phase103_6d91_prop59_pi7_2_suspension_zero_theorem_specific_classification.py::test_phase103_6d91_target_factory_is_exactly_the_audited_singleton,tests/test_phase103_6d91_prop59_pi7_2_suspension_zero_theorem_specific_classification.py,test_phase103_6d91_target_factory_is_exactly_the_audited_singleton,91,103,audit_only,contract_sensitive_review,fixed_snapshot_risk,numeric_fixed_expectation,1,"Fixed numeric expectation appears in an audit/count/snapshot-style test. It is not automatically stale, but it is contract-sensitive and should be reviewed before R3 consolidation."
R2-00228,tests/test_phase103_6d91_prop59_pi7_2_suspension_zero_theorem_specific_classification.py::test_phase103_6d91_preserves_6d88_e_nu5_eta8_squared_zero_closure,tests/test_phase103_6d91_prop59_pi7_2_suspension_zero_theorem_specific_classification.py,test_phase103_6d91_preserves_6d88_e_nu5_eta8_squared_zero_closure,328,103,audit_only,contract_sensitive_review,fixed_snapshot_risk,numeric_fixed_expectation,1,"Fixed numeric expectation appears in an audit/count/snapshot-style test. It is not automatically stale, but it is contract-sensitive and should be reviewed before R3 consolidation."
R2-00229,tests/test_phase103_6d91_prop59_pi7_2_suspension_zero_theorem_specific_classification.py::test_phase103_6d91_preserves_structural_and_map_property_counts,tests/test_phase103_6d91_prop59_pi7_2_suspension_zero_theorem_specific_classification.py,test_phase103_6d91_preserves_structural_and_map_property_counts,347,103,duplicate_coverage,contract_sensitive_review,fixed_snapshot_risk,numeric_fixed_expectation,201,"Fixed numeric expectation appears in an audit/count/snapshot-style test. It is not automatically stale, but it is contract-sensitive and should be reviewed before R3 consolidation."
R2-00230,tests/test_phase103_6d91_prop59_pi7_2_suspension_zero_theorem_specific_classification.py::test_phase103_6d91_preserves_structural_and_map_property_counts,tests/test_phase103_6d91_prop59_pi7_2_suspension_zero_theorem_specific_classification.py,test_phase103_6d91_preserves_structural_and_map_property_counts,354,103,duplicate_coverage,contract_sensitive_review,fixed_snapshot_risk,numeric_fixed_expectation,49,"Fixed numeric expectation appears in an audit/count/snapshot-style test. It is not automatically stale, but it is contract-sensitive and should be reviewed before R3 consolidation."
R2-00231,tests/test_phase103_6d94_paired_symbolic_eta_family_generator_bridge_classification.py::test_phase103_6d94_target_factories_are_exactly_the_audited_pair,tests/test_phase103_6d94_paired_symbolic_eta_family_generator_bridge_classification.py,test_phase103_6d94_target_factories_are_exactly_the_audited_pair,102,103,audit_only,contract_sensitive_review,fixed_snapshot_risk,numeric_fixed_expectation,14,"Fixed numeric expectation appears in an audit/count/snapshot-style test. It is not automatically stale, but it is contract-sensitive and should be reviewed before R3 consolidation."
R2-00232,tests/test_phase103_6d94_paired_symbolic_eta_family_generator_bridge_classification.py::test_phase103_6d94_preserves_theorem_specific_count,tests/test_phase103_6d94_paired_symbolic_eta_family_generator_bridge_classification.py,test_phase103_6d94_preserves_theorem_specific_count,337,103,current_contract,contract_sensitive_review,fixed_snapshot_risk,numeric_fixed_expectation,391,"Fixed numeric expectation appears in an audit/count/snapshot-style test. It is not automatically stale, but it is contract-sensitive and should be reviewed before R3 consolidation."
R2-00233,tests/test_phase103_6d94_paired_symbolic_eta_family_generator_bridge_classification.py::test_phase103_6d94_preserves_structural_map_property_and_generic_relation_counts,tests/test_phase103_6d94_paired_symbolic_eta_family_generator_bridge_classification.py,test_phase103_6d94_preserves_structural_map_property_and_generic_relation_counts,353,103,current_contract,contract_sensitive_review,fixed_snapshot_risk,numeric_fixed_expectation,201,"Fixed numeric expectation appears in an audit/count/snapshot-style test. It is not automatically stale, but it is contract-sensitive and should be reviewed before R3 consolidation."
R2-00234,tests/test_phase103_6d94_paired_symbolic_eta_family_generator_bridge_classification.py::test_phase103_6d94_preserves_structural_map_property_and_generic_relation_counts,tests/test_phase103_6d94_paired_symbolic_eta_family_generator_bridge_classification.py,test_phase103_6d94_preserves_structural_map_property_and_generic_relation_counts,360,103,current_contract,contract_sensitive_review,fixed_snapshot_risk,numeric_fixed_expectation,49,"Fixed numeric expectation appears in an audit/count/snapshot-style test. It is not automatically stale, but it is contract-sensitive and should be reviewed before R3 consolidation."
R2-00235,tests/test_phase103_6d94_paired_symbolic_eta_family_generator_bridge_classification.py::test_phase103_6d94_preserves_structural_map_property_and_generic_relation_counts,tests/test_phase103_6d94_paired_symbolic_eta_family_generator_bridge_classification.py,test_phase103_6d94_preserves_structural_map_property_and_generic_relation_counts,367,103,current_contract,contract_sensitive_review,fixed_snapshot_risk,numeric_fixed_expectation,63,"Fixed numeric expectation appears in an audit/count/snapshot-style test. It is not automatically stale, but it is contract-sensitive and should be reviewed before R3 consolidation."
R2-00236,tests/test_phase103_6d98_toda53_eta3_twice_zero_theorem_specific_classification.py::test_phase103_6d98_target_factory_is_exactly_the_audited_factory,tests/test_phase103_6d98_toda53_eta3_twice_zero_theorem_specific_classification.py,test_phase103_6d98_target_factory_is_exactly_the_audited_factory,96,103,audit_only,contract_sensitive_review,fixed_snapshot_risk,numeric_fixed_expectation,14,"Fixed numeric expectation appears in an audit/count/snapshot-style test. It is not automatically stale, but it is contract-sensitive and should be reviewed before R3 consolidation."
R2-00237,tests/test_phase103_6d98_toda53_eta3_twice_zero_theorem_specific_classification.py::test_phase103_6d98_preserves_other_category_counts,tests/test_phase103_6d98_toda53_eta3_twice_zero_theorem_specific_classification.py,test_phase103_6d98_preserves_other_category_counts,367,103,duplicate_coverage,contract_sensitive_review,fixed_snapshot_risk,numeric_fixed_expectation,201,"Fixed numeric expectation appears in an audit/count/snapshot-style test. It is not automatically stale, but it is contract-sensitive and should be reviewed before R3 consolidation."
R2-00238,tests/test_phase103_6d98_toda53_eta3_twice_zero_theorem_specific_classification.py::test_phase103_6d98_preserves_other_category_counts,tests/test_phase103_6d98_toda53_eta3_twice_zero_theorem_specific_classification.py,test_phase103_6d98_preserves_other_category_counts,374,103,duplicate_coverage,contract_sensitive_review,fixed_snapshot_risk,numeric_fixed_expectation,49,"Fixed numeric expectation appears in an audit/count/snapshot-style test. It is not automatically stale, but it is contract-sensitive and should be reviewed before R3 consolidation."
R2-00239,tests/test_phase103_6d98_toda53_eta3_twice_zero_theorem_specific_classification.py::test_phase103_6d98_preserves_other_category_counts,tests/test_phase103_6d98_toda53_eta3_twice_zero_theorem_specific_classification.py,test_phase103_6d98_preserves_other_category_counts,381,103,duplicate_coverage,contract_sensitive_review,fixed_snapshot_risk,numeric_fixed_expectation,63,"Fixed numeric expectation appears in an audit/count/snapshot-style test. It is not automatically stale, but it is contract-sensitive and should be reviewed before R3 consolidation."
R2-00240,tests/test_phase103_6d98_toda53_eta3_twice_zero_theorem_specific_classification.py::test_phase103_6d98_preserves_other_category_counts,tests/test_phase103_6d98_toda53_eta3_twice_zero_theorem_specific_classification.py,test_phase103_6d98_preserves_other_category_counts,388,103,duplicate_coverage,contract_sensitive_review,fixed_snapshot_risk,numeric_fixed_expectation,134,"Fixed numeric expectation appears in an audit/count/snapshot-style test. It is not automatically stale, but it is contract-sensitive and should be reviewed before R3 consolidation."
R2-00241,tests/test_phase103_grouped_applicability_presentation.py::test_phase103_6c1_rule_group_count_is_grouped_not_raw_count,tests/test_phase103_grouped_applicability_presentation.py,test_phase103_6c1_rule_group_count_is_grouped_not_raw_count,468,103,current_contract,contract_sensitive_review,fixed_snapshot_risk,numeric_fixed_expectation,4,"Fixed numeric expectation appears in an audit/count/snapshot-style test. It is not automatically stale, but it is contract-sensitive and should be reviewed before R3 consolidation."
R2-00242,tests/test_phase103_grouped_applicability_presentation.py::test_phase103_6c1_rule_group_count_is_grouped_not_raw_count,tests/test_phase103_grouped_applicability_presentation.py,test_phase103_6c1_rule_group_count_is_grouped_not_raw_count,477,103,current_contract,contract_sensitive_review,fixed_snapshot_risk,numeric_fixed_expectation,3,"Fixed numeric expectation appears in an audit/count/snapshot-style test. It is not automatically stale, but it is contract-sensitive and should be reviewed before R3 consolidation."
R2-00243,tests/test_phase103_rule_family_grouped_presentation.py::test_phase103_6c3_rule_family_count_is_separate_from_rule_group_count,tests/test_phase103_rule_family_grouped_presentation.py,test_phase103_6c3_rule_family_count_is_separate_from_rule_group_count,285,103,current_contract,contract_sensitive_review,fixed_snapshot_risk,numeric_fixed_expectation,3,"Fixed numeric expectation appears in an audit/count/snapshot-style test. It is not automatically stale, but it is contract-sensitive and should be reviewed before R3 consolidation."
R2-00244,tests/test_phase103_rule_family_grouped_presentation.py::test_phase103_6c3_rule_family_count_is_separate_from_rule_group_count,tests/test_phase103_rule_family_grouped_presentation.py,test_phase103_6c3_rule_family_count_is_separate_from_rule_group_count,290,103,current_contract,contract_sensitive_review,fixed_snapshot_risk,numeric_fixed_expectation,3,"Fixed numeric expectation appears in an audit/count/snapshot-style test. It is not automatically stale, but it is contract-sensitive and should be reviewed before R3 consolidation."
R2-00245,tests/test_phase108_12_end_to_end_cli_smoke_closure_audit.py::test_phase108_12_execute_nu_prime_lists_executable_candidates_end_to_end,tests/test_phase108_12_end_to_end_cli_smoke_closure_audit.py,test_phase108_12_execute_nu_prime_lists_executable_candidates_end_to_end,43,108,performance_heavy_integration,contract_sensitive_review,fixed_snapshot_risk,numeric_fixed_expectation,0,"Fixed numeric expectation appears in an audit/count/snapshot-style test. It is not automatically stale, but it is contract-sensitive and should be reviewed before R3 consolidation."
R2-00246,tests/test_phase108_12_end_to_end_cli_smoke_closure_audit.py::test_phase108_12_execute_nu_prime_candidate_1_returns_result_and_proof_end_to_end,tests/test_phase108_12_end_to_end_cli_smoke_closure_audit.py,test_phase108_12_execute_nu_prime_candidate_1_returns_result_and_proof_end_to_end,88,108,performance_heavy_integration,contract_sensitive_review,fixed_snapshot_risk,numeric_fixed_expectation,0,"Fixed numeric expectation appears in an audit/count/snapshot-style test. It is not automatically stale, but it is contract-sensitive and should be reviewed before R3 consolidation."
R2-00247,tests/test_phase108_12_end_to_end_cli_smoke_closure_audit.py::test_phase108_12_execute_nu_prime_candidate_2_returns_result_and_proof_end_to_end,tests/test_phase108_12_end_to_end_cli_smoke_closure_audit.py,test_phase108_12_execute_nu_prime_candidate_2_returns_result_and_proof_end_to_end,127,108,performance_heavy_integration,contract_sensitive_review,fixed_snapshot_risk,numeric_fixed_expectation,0,"Fixed numeric expectation appears in an audit/count/snapshot-style test. It is not automatically stale, but it is contract-sensitive and should be reviewed before R3 consolidation."
R2-00248,tests/test_phase109_31_known_group_replay_narrow_rendering.py::test_phase109_31_show_proof_nu_prime_has_no_audited_raw_repr,tests/test_phase109_31_known_group_replay_narrow_rendering.py,test_phase109_31_show_proof_nu_prime_has_no_audited_raw_repr,112,109,audit_only,contract_sensitive_review,fixed_snapshot_risk,numeric_fixed_expectation,0,"Fixed numeric expectation appears in an audit/count/snapshot-style test. It is not automatically stale, but it is contract-sensitive and should be reviewed before R3 consolidation."
R2-00249,tests/test_phase109_31_known_group_replay_narrow_rendering.py::test_phase109_31_show_proof_nu_prime_has_no_audited_raw_repr,tests/test_phase109_31_known_group_replay_narrow_rendering.py,test_phase109_31_show_proof_nu_prime_has_no_audited_raw_repr,130,109,audit_only,current_compatible,no_internal_fallback_leakage,negative_literal,HomotopyGroupMembershipStatement(,Negative expectation is aligned with the current no-internal-fallback contract.
R2-00250,tests/test_phase109_31_known_group_replay_narrow_rendering.py::test_phase109_31_show_proof_nu_prime_has_no_audited_raw_repr,tests/test_phase109_31_known_group_replay_narrow_rendering.py,test_phase109_31_show_proof_nu_prime_has_no_audited_raw_repr,135,109,audit_only,current_compatible,no_internal_fallback_leakage,negative_literal,TodaSuspensionInjectiveStatement(,Negative expectation is aligned with the current no-internal-fallback contract.
R2-00251,tests/test_phase109_31_known_group_replay_narrow_rendering.py::test_phase109_31_show_proof_nu_prime_has_no_audited_raw_repr,tests/test_phase109_31_known_group_replay_narrow_rendering.py,test_phase109_31_show_proof_nu_prime_has_no_audited_raw_repr,140,109,audit_only,current_compatible,no_internal_fallback_leakage,negative_literal,TodaHopfInvariantSurjectiveStatement(,Negative expectation is aligned with the current no-internal-fallback contract.
R2-00252,tests/test_phase109_7_user_facing_target_dedup_delta_rendering.py::test_phase109_7_candidate_renderer_hides_delta_dataclass_repr,tests/test_phase109_7_user_facing_target_dedup_delta_rendering.py,test_phase109_7_candidate_renderer_hides_delta_dataclass_repr,139,109,current_contract,current_compatible,no_internal_fallback_leakage,negative_literal,TodaDeltaImageUpToSignStatement,Negative expectation is aligned with the current no-internal-fallback contract.
R2-00253,tests/test_phase109_8_delta_sign_normalization_executed_rendering.py::test_phase109_8_candidate_two_result_hides_internal_delta_repr,tests/test_phase109_8_delta_sign_normalization_executed_rendering.py,test_phase109_8_candidate_two_result_hides_internal_delta_repr,110,109,current_contract,current_compatible,no_internal_fallback_leakage,negative_literal,TodaDeltaImageUpToSignStatement,Negative expectation is aligned with the current no-internal-fallback contract.
R2-00254,tests/test_phase110_12_operation_query_proof_replay_statement_presentation.py::test_phase110_12_nu_prime_specialization_renderer_has_no_raw_repr,tests/test_phase110_12_operation_query_proof_replay_statement_presentation.py,test_phase110_12_nu_prime_specialization_renderer_has_no_raw_repr,128,110,current_contract,current_compatible,no_internal_fallback_leakage,negative_literal,Toda53NuPrimeBracketSpecializationStatement(,Negative expectation is aligned with the current no-internal-fallback contract.
R2-00255,tests/test_phase110_12_operation_query_proof_replay_statement_presentation.py::test_phase110_12_lemma57_renderer_has_no_raw_repr,tests/test_phase110_12_operation_query_proof_replay_statement_presentation.py,test_phase110_12_lemma57_renderer_has_no_raw_repr,188,110,current_contract,current_compatible,no_internal_fallback_leakage,negative_literal,TodaLemma57TwoIota5ImageMembershipStatement(,Negative expectation is aligned with the current no-internal-fallback contract.
R2-00256,tests/test_phase110_12_operation_query_proof_replay_statement_presentation.py::test_phase110_12_aggregate_uses_safe_type_fallback,tests/test_phase110_12_operation_query_proof_replay_statement_presentation.py,test_phase110_12_aggregate_uses_safe_type_fallback,256,110,current_contract,stale_candidate_high,no_internal_fallback_leakage,positive_literal,TodaProp56FiniteDimensionalStatement,"Positive expected public text contains an internal Statement/type token, which conflicts with the Phase 154 no-fallback-leakage contract."
R2-00257,tests/test_phase110_12_operation_query_proof_replay_statement_presentation.py::test_phase110_12_replay_renderer_removes_python_dataclass_repr_leakage,tests/test_phase110_12_operation_query_proof_replay_statement_presentation.py,test_phase110_12_replay_renderer_removes_python_dataclass_repr_leakage,279,110,current_contract,stale_candidate_high,no_internal_fallback_leakage,positive_literal,`TodaProp56FiniteDimensionalStatement`,"Positive expected public text contains an internal Statement/type token, which conflicts with the Phase 154 no-fallback-leakage contract."
R2-00258,tests/test_phase110_12_operation_query_proof_replay_statement_presentation.py::test_phase110_12_replay_renderer_removes_python_dataclass_repr_leakage,tests/test_phase110_12_operation_query_proof_replay_statement_presentation.py,test_phase110_12_replay_renderer_removes_python_dataclass_repr_leakage,284,110,current_contract,current_compatible,no_internal_fallback_leakage,negative_literal,TodaDeltaSurjectiveStatement(,Negative expectation is aligned with the current no-internal-fallback contract.
R2-00259,tests/test_phase110_12_operation_query_proof_replay_statement_presentation.py::test_phase110_12_replay_renderer_removes_python_dataclass_repr_leakage,tests/test_phase110_12_operation_query_proof_replay_statement_presentation.py,test_phase110_12_replay_renderer_removes_python_dataclass_repr_leakage,289,110,current_contract,current_compatible,no_internal_fallback_leakage,negative_literal,TodaProp56FiniteDimensionalStatement(,Negative expectation is aligned with the current no-internal-fallback contract.
R2-00260,tests/test_phase110_8_operation_query_result_presentation.py::test_phase110_8_composition_suppresses_unrenderable_container_statement,tests/test_phase110_8_operation_query_result_presentation.py,test_phase110_8_composition_suppresses_unrenderable_container_statement,177,110,current_contract,current_compatible,no_internal_fallback_leakage,negative_literal,TodaProp58FiniteDimensionalStatement(,Negative expectation is aligned with the current no-internal-fallback contract.
R2-00261,tests/test_phase111_12_deep_show_proof_safe_fallback.py::test_phase111_12_depth_two_show_proof_uses_safe_type_name_fallback,tests/test_phase111_12_deep_show_proof_safe_fallback.py,test_phase111_12_depth_two_show_proof_uses_safe_type_name_fallback,32,111,current_contract,stale_candidate_high,no_internal_fallback_leakage,positive_literal,`Toda45IsomorphismStatement`,"Positive expected public text contains an internal Statement/type token, which conflicts with the Phase 154 no-fallback-leakage contract."
R2-00262,tests/test_phase111_12_deep_show_proof_safe_fallback.py::test_phase111_12_depth_two_show_proof_uses_safe_type_name_fallback,tests/test_phase111_12_deep_show_proof_safe_fallback.py,test_phase111_12_depth_two_show_proof_uses_safe_type_name_fallback,37,111,current_contract,stale_candidate_high,no_internal_fallback_leakage,positive_literal,`TodaSigmaFamilyDefinitionStatement`,"Positive expected public text contains an internal Statement/type token, which conflicts with the Phase 154 no-fallback-leakage contract."
R2-00263,tests/test_phase111_12_deep_show_proof_safe_fallback.py::test_phase111_12_depth_two_show_proof_uses_safe_type_name_fallback,tests/test_phase111_12_deep_show_proof_safe_fallback.py,test_phase111_12_depth_two_show_proof_uses_safe_type_name_fallback,42,111,current_contract,current_compatible,no_internal_fallback_leakage,negative_literal,Toda45IsomorphismStatement(,Negative expectation is aligned with the current no-internal-fallback contract.
R2-00264,tests/test_phase111_12_deep_show_proof_safe_fallback.py::test_phase111_12_depth_two_show_proof_uses_safe_type_name_fallback,tests/test_phase111_12_deep_show_proof_safe_fallback.py,test_phase111_12_depth_two_show_proof_uses_safe_type_name_fallback,47,111,current_contract,current_compatible,no_internal_fallback_leakage,negative_literal,TodaSigmaFamilyDefinitionStatement(,Negative expectation is aligned with the current no-internal-fallback contract.
R2-00265,tests/test_phase122_4_web_app_generator_proof_scope.py::test_phase122_4_unknown_generator_shows_zero_counts_as_normal_result,tests/test_phase122_4_web_app_generator_proof_scope.py,test_phase122_4_unknown_generator_shows_zero_counts_as_normal_result,99,122,current_contract,contract_sensitive_review,fixed_snapshot_risk,numeric_fixed_expectation,200,"Fixed numeric expectation appears in an audit/count/snapshot-style test. It is not automatically stale, but it is contract-sensitive and should be reviewed before R3 consolidation."
R2-00266,tests/test_phase123_4_web_app_generator_applicability.py::test_phase123_4_unknown_generator_shows_zero_counts_as_normal_result,tests/test_phase123_4_web_app_generator_applicability.py,test_phase123_4_unknown_generator_shows_zero_counts_as_normal_result,87,123,current_contract,contract_sensitive_review,fixed_snapshot_risk,numeric_fixed_expectation,200,"Fixed numeric expectation appears in an audit/count/snapshot-style test. It is not automatically stale, but it is contract-sensitive and should be reviewed before R3 consolidation."
R2-00267,tests/test_phase123_5a_web_applicability_volume.py::test_phase123_5a_summary_counts_remain_full_result_counts,tests/test_phase123_5a_web_applicability_volume.py,test_phase123_5a_summary_counts_remain_full_result_counts,106,123,current_contract,contract_sensitive_review,fixed_snapshot_risk,numeric_fixed_expectation,200,"Fixed numeric expectation appears in an audit/count/snapshot-style test. It is not automatically stale, but it is contract-sensitive and should be reviewed before R3 consolidation."
R2-00268,tests/test_phase132_6_group_proof_narrative_renderer.py::test_phase132_6_sigma9_narrative_has_source_and_conclusion,tests/test_phase132_6_group_proof_narrative_renderer.py,test_phase132_6_sigma9_narrative_has_source_and_conclusion,94,132,current_contract,stale_candidate_high,ascii_prose_punctuation,positive_literal,Toda Proposition 5.15を用いる。,"Positive expected prose contains Japanese comma/full stop, while the Phase 154 public Narrative contract uses ASCII ', ' and '.'."
R2-00269,tests/test_phase132_6_group_proof_narrative_renderer.py::test_phase132_6_sigma9_narrative_has_source_and_conclusion,tests/test_phase132_6_group_proof_narrative_renderer.py,test_phase132_6_sigma9_narrative_has_source_and_conclusion,98,132,current_contract,stale_candidate_high,ascii_prose_punctuation,positive_literal,したがって、$\pi_{16}^{9} = \mathbb{Z}/16\{\sigma_{9}\}$を得る。,"Positive expected prose contains Japanese comma/full stop, while the Phase 154 public Narrative contract uses ASCII ', ' and '.'."
R2-00270,tests/test_phase132_6_group_proof_narrative_renderer.py::test_phase132_6_sigma9_narrative_uses_fixed_japanese_leads,tests/test_phase132_6_group_proof_narrative_renderer.py,test_phase132_6_sigma9_narrative_uses_fixed_japanese_leads,183,132,current_contract,stale_candidate_high,ascii_prose_punctuation,positive_literal,まず、,"Positive expected prose contains Japanese comma/full stop, while the Phase 154 public Narrative contract uses ASCII ', ' and '.'."
R2-00271,tests/test_phase132_6_group_proof_narrative_renderer.py::test_phase132_6_sigma9_narrative_uses_fixed_japanese_leads,tests/test_phase132_6_group_proof_narrative_renderer.py,test_phase132_6_sigma9_narrative_uses_fixed_japanese_leads,184,132,current_contract,stale_candidate_high,ascii_prose_punctuation,positive_literal,また、,"Positive expected prose contains Japanese comma/full stop, while the Phase 154 public Narrative contract uses ASCII ', ' and '.'."
R2-00272,tests/test_phase132_6_group_proof_narrative_renderer.py::test_phase132_6_sigma9_narrative_uses_fixed_japanese_leads,tests/test_phase132_6_group_proof_narrative_renderer.py,test_phase132_6_sigma9_narrative_uses_fixed_japanese_leads,185,132,current_contract,stale_candidate_high,ascii_prose_punctuation,positive_literal,さらに、,"Positive expected prose contains Japanese comma/full stop, while the Phase 154 public Narrative contract uses ASCII ', ' and '.'."
R2-00273,tests/test_phase132_6_group_proof_narrative_renderer.py::test_phase132_6_sigma9_narrative_uses_fixed_japanese_leads,tests/test_phase132_6_group_proof_narrative_renderer.py,test_phase132_6_sigma9_narrative_uses_fixed_japanese_leads,186,132,current_contract,stale_candidate_high,ascii_prose_punctuation,positive_literal,このことから、,"Positive expected prose contains Japanese comma/full stop, while the Phase 154 public Narrative contract uses ASCII ', ' and '.'."
R2-00274,tests/test_phase132_6_group_proof_narrative_renderer.py::test_phase132_6_sigma9_narrative_uses_fixed_japanese_leads,tests/test_phase132_6_group_proof_narrative_renderer.py,test_phase132_6_sigma9_narrative_uses_fixed_japanese_leads,187,132,current_contract,stale_candidate_high,ascii_prose_punctuation,positive_literal,したがって、,"Positive expected prose contains Japanese comma/full stop, while the Phase 154 public Narrative contract uses ASCII ', ' and '.'."
R2-00275,tests/test_phase132_6_group_proof_narrative_renderer.py::test_phase132_6_sigma9_narrative_uses_fixed_japanese_leads,tests/test_phase132_6_group_proof_narrative_renderer.py,test_phase132_6_sigma9_narrative_uses_fixed_japanese_leads,188,132,current_contract,current_compatible,ascii_prose_punctuation,negative_literal,まず、既出の,Negative expectation is aligned with the current ASCII prose-punctuation contract.
R2-00276,tests/test_phase132_6_group_proof_narrative_renderer.py::test_phase132_6_sigma9_narrative_uses_fixed_japanese_leads,tests/test_phase132_6_group_proof_narrative_renderer.py,test_phase132_6_sigma9_narrative_uses_fixed_japanese_leads,189,132,current_contract,current_compatible,ascii_prose_punctuation,negative_literal,まず、すでに得た,Negative expectation is aligned with the current ASCII prose-punctuation contract.
R2-00277,tests/test_phase132_6_group_proof_narrative_renderer.py::test_phase132_6_depth_zero_does_not_invent_premises,tests/test_phase132_6_group_proof_narrative_renderer.py,test_phase132_6_depth_zero_does_not_invent_premises,203,132,current_contract,stale_candidate_high,ascii_prose_punctuation,positive_literal,Toda Proposition 5.15を用いる。,"Positive expected prose contains Japanese comma/full stop, while the Phase 154 public Narrative contract uses ASCII ', ' and '.'."
R2-00278,tests/test_phase132_6_group_proof_narrative_renderer.py::test_phase132_6_depth_zero_does_not_invent_premises,tests/test_phase132_6_group_proof_narrative_renderer.py,test_phase132_6_depth_zero_does_not_invent_premises,207,132,current_contract,current_compatible,ascii_prose_punctuation,negative_literal,まず、,Negative expectation is aligned with the current ASCII prose-punctuation contract.
R2-00279,tests/test_phase132_6_group_proof_narrative_renderer.py::test_phase132_6_depth_zero_does_not_invent_premises,tests/test_phase132_6_group_proof_narrative_renderer.py,test_phase132_6_depth_zero_does_not_invent_premises,208,132,current_contract,current_compatible,ascii_prose_punctuation,negative_literal,また、,Negative expectation is aligned with the current ASCII prose-punctuation contract.
R2-00280,tests/test_phase132_6_group_proof_narrative_renderer.py::test_phase132_6_depth_zero_does_not_invent_premises,tests/test_phase132_6_group_proof_narrative_renderer.py,test_phase132_6_depth_zero_does_not_invent_premises,209,132,current_contract,current_compatible,ascii_prose_punctuation,negative_literal,さらに、,Negative expectation is aligned with the current ASCII prose-punctuation contract.
R2-00281,tests/test_phase132_6_group_proof_narrative_renderer.py::test_phase132_6_depth_zero_does_not_invent_premises,tests/test_phase132_6_group_proof_narrative_renderer.py,test_phase132_6_depth_zero_does_not_invent_premises,210,132,current_contract,stale_candidate_high,ascii_prose_punctuation,positive_literal,したがって、$\pi_{16}^{9} = \mathbb{Z}/16\{\sigma_{9}\}$である。,"Positive expected prose contains Japanese comma/full stop, while the Phase 154 public Narrative contract uses ASCII ', ' and '.'."
R2-00282,tests/test_phase132_7_group_proof_cli_modes.py::test_phase132_7_group_proof_depth_zero_is_shared_across_modes,tests/test_phase132_7_group_proof_cli_modes.py,test_phase132_7_group_proof_depth_zero_is_shared_across_modes,169,132,current_contract,current_compatible,ascii_prose_punctuation,negative_literal,まず、,Negative expectation is aligned with the current ASCII prose-punctuation contract.
R2-00283,tests/test_phase132_7_group_proof_cli_modes.py::test_phase132_7_group_proof_depth_zero_is_shared_across_modes,tests/test_phase132_7_group_proof_cli_modes.py,test_phase132_7_group_proof_depth_zero_is_shared_across_modes,170,132,current_contract,current_compatible,ascii_prose_punctuation,negative_literal,また、,Negative expectation is aligned with the current ASCII prose-punctuation contract.
R2-00284,tests/test_phase132_7_group_proof_cli_modes.py::test_phase132_7_group_proof_depth_zero_is_shared_across_modes,tests/test_phase132_7_group_proof_cli_modes.py,test_phase132_7_group_proof_depth_zero_is_shared_across_modes,171,132,current_contract,current_compatible,ascii_prose_punctuation,negative_literal,さらに、,Negative expectation is aligned with the current ASCII prose-punctuation contract.
R2-00285,tests/test_phase132_8_group_proof_narrative_dedup.py::test_phase132_8_root_conclusion_and_source_remain_unchanged,tests/test_phase132_8_group_proof_narrative_dedup.py,test_phase132_8_root_conclusion_and_source_remain_unchanged,296,132,current_contract,stale_candidate_medium,reference_relevance_and_root_exclusion,positive_reference_literal,**[R1] Proposition 5.15.**,"Pre-Phase-153 positive Reference expectation may predate used-reference filtering, root-reference exclusion, and Reference granularity rules. Manual confirmation required."
R2-00286,tests/test_phase134_14_pi8_5_snapshot.py::test_phase134_14_pi8_5_output_is_byte_for_byte_unchanged,tests/test_phase134_14_pi8_5_snapshot.py,test_phase134_14_pi8_5_output_is_byte_for_byte_unchanged,86,134,superseded_snapshot,contract_sensitive_review,fixed_snapshot_risk,numeric_fixed_expectation,0,"Fixed numeric expectation appears in an audit/count/snapshot-style test. It is not automatically stale, but it is contract-sensitive and should be reviewed before R3 consolidation."
R2-00287,tests/test_phase134_24_pi15_8_narrative.py::test_phase134_24_pi15_8_narrative_hides_internal_statement_labels,tests/test_phase134_24_pi15_8_narrative.py,test_phase134_24_pi15_8_narrative_hides_internal_statement_labels,143,134,current_contract,current_compatible,no_internal_fallback_leakage,negative_literal,Toda515Sigma8TransportedDecompositionStatement,Negative expectation is aligned with the current no-internal-fallback contract.
R2-00288,tests/test_phase141_6_block_audit.py::test_phase141_6_pi6_3_has_one_precondition_block,tests/test_phase141_6_block_audit.py,test_phase141_6_pi6_3_has_one_precondition_block,155,141,audit_only,contract_sensitive_review,fixed_snapshot_risk,numeric_fixed_expectation,1,"Fixed numeric expectation appears in an audit/count/snapshot-style test. It is not automatically stale, but it is contract-sensitive and should be reviewed before R3 consolidation."
R2-00289,tests/test_phase141_6_block_audit.py::test_phase141_6_pi6_3_has_one_precondition_block,tests/test_phase141_6_block_audit.py,test_phase141_6_pi6_3_has_one_precondition_block,159,141,audit_only,contract_sensitive_review,fixed_snapshot_risk,numeric_fixed_expectation,1,"Fixed numeric expectation appears in an audit/count/snapshot-style test. It is not automatically stale, but it is contract-sensitive and should be reviewed before R3 consolidation."
R2-00290,tests/test_phase141_6_block_audit.py::test_phase141_6_pi6_3_has_one_definition_introduction_block,tests/test_phase141_6_block_audit.py,test_phase141_6_pi6_3_has_one_definition_introduction_block,210,141,audit_only,contract_sensitive_review,fixed_snapshot_risk,numeric_fixed_expectation,1,"Fixed numeric expectation appears in an audit/count/snapshot-style test. It is not automatically stale, but it is contract-sensitive and should be reviewed before R3 consolidation."
R2-00291,tests/test_phase143_42_argument_body_contribution_renderer.py::test_phase143_42_pi6_3_group_keeps_derived_short_exact_sequence,tests/test_phase143_42_argument_body_contribution_renderer.py,test_phase143_42_pi6_3_group_keeps_derived_short_exact_sequence,173,143,current_contract,stale_candidate_high,ascii_prose_punctuation,positive_literal,この完全性と、左の写像が単射、右の写像が全射であることより、次の短完全列を得る.,"Positive expected prose contains Japanese comma/full stop, while the Phase 154 public Narrative contract uses ASCII ', ' and '.'."
R2-00292,tests/test_phase143_44_single_argument_narrative_renderer.py::test_phase143_44_pi6_3_definition_without_primary_has_no_method_transition,tests/test_phase143_44_single_argument_narrative_renderer.py,test_phase143_44_pi6_3_definition_without_primary_has_no_method_transition,192,143,current_contract,current_compatible,ascii_prose_punctuation,negative_literal,そのために、次の完全列を考える.,Negative expectation is aligned with the current ASCII prose-punctuation contract.
R2-00293,tests/test_phase143_46_multi_argument_narrative_assembler.py::test_phase143_46_pi8_5_excludes_detached_nu_prime_order_argument,tests/test_phase143_46_multi_argument_narrative_assembler.py,test_phase143_46_pi8_5_excludes_detached_nu_prime_order_argument,77,143,current_contract,stale_candidate_high,ascii_prose_punctuation,positive_literal,まず、$\nu_{5}$ を定める.,"Positive expected prose contains Japanese comma/full stop, while the Phase 154 public Narrative contract uses ASCII ', ' and '.'."
R2-00294,tests/test_phase143_46_multi_argument_narrative_assembler.py::test_phase143_46_pi8_5_excludes_detached_nu_prime_order_argument,tests/test_phase143_46_multi_argument_narrative_assembler.py,test_phase143_46_pi8_5_excludes_detached_nu_prime_order_argument,81,143,current_contract,stale_candidate_high,ascii_prose_punctuation,positive_literal,次に、$\nu_{5}$ の位数を決定する.,"Positive expected prose contains Japanese comma/full stop, while the Phase 154 public Narrative contract uses ASCII ', ' and '.'."
R2-00295,tests/test_phase143_46_multi_argument_narrative_assembler.py::test_phase143_46_pi8_5_excludes_detached_nu_prime_order_argument,tests/test_phase143_46_multi_argument_narrative_assembler.py,test_phase143_46_pi8_5_excludes_detached_nu_prime_order_argument,85,143,current_contract,stale_candidate_high,ascii_prose_punctuation,positive_literal,最後に、$\pi_{8}^{5}$ の群構造を決定する.,"Positive expected prose contains Japanese comma/full stop, while the Phase 154 public Narrative contract uses ASCII ', ' and '.'."
R2-00296,tests/test_phase143_46_multi_argument_narrative_assembler.py::test_phase143_46_pi8_5_excludes_detached_nu_prime_order_argument,tests/test_phase143_46_multi_argument_narrative_assembler.py,test_phase143_46_pi8_5_excludes_detached_nu_prime_order_argument,89,143,current_contract,current_compatible,ascii_prose_punctuation,negative_literal,$\nu'$ の位数を決定するために、次の完全列を考える.,Negative expectation is aligned with the current ASCII prose-punctuation contract.
R2-00297,tests/test_phase143_47_multi_argument_shared_contribution_dedup.py::test_phase143_47_pi16_9_suppresses_shared_definition_evidence,tests/test_phase143_47_multi_argument_shared_contribution_dedup.py,test_phase143_47_pi16_9_suppresses_shared_definition_evidence,122,143,current_contract,stale_candidate_high,ascii_prose_punctuation,positive_literal,次に、$\sigma_{9}$ を定める.,"Positive expected prose contains Japanese comma/full stop, while the Phase 154 public Narrative contract uses ASCII ', ' and '.'."
R2-00298,tests/test_phase143_47_multi_argument_shared_contribution_dedup.py::test_phase143_47_pi16_9_suppresses_shared_definition_evidence,tests/test_phase143_47_multi_argument_shared_contribution_dedup.py,test_phase143_47_pi16_9_suppresses_shared_definition_evidence,126,143,current_contract,stale_candidate_high,ascii_prose_punctuation,positive_literal,最後に、$\pi_{16}^{9}$ の群構造を決定する.,"Positive expected prose contains Japanese comma/full stop, while the Phase 154 public Narrative contract uses ASCII ', ' and '.'."
R2-00299,tests/test_phase143_47_multi_argument_shared_contribution_dedup.py::test_phase143_47_pi8_5_still_excludes_detached_argument,tests/test_phase143_47_multi_argument_shared_contribution_dedup.py,test_phase143_47_pi8_5_still_excludes_detached_argument,138,143,current_contract,current_compatible,ascii_prose_punctuation,negative_literal,$\nu'$ の位数を決定する. そのために、次の完全列を考える.,Negative expectation is aligned with the current ASCII prose-punctuation contract.
R2-00300,tests/test_phase143_53b_r_conclusion_aware_connector.py::test_phase143_53b_r_pi6_3_connector_precedes_order_conclusion,tests/test_phase143_53b_r_conclusion_aware_connector.py,test_phase143_53b_r_pi6_3_connector_precedes_order_conclusion,39,143,current_contract,stale_candidate_high,ascii_prose_punctuation,positive_literal,以上より、\n\n$\operatorname{ord}\left(\nu'\right) = 4$,"Positive expected prose contains Japanese comma/full stop, while the Phase 154 public Narrative contract uses ASCII ', ' and '.'."
R2-00301,tests/test_phase143_53b_r_conclusion_aware_connector.py::test_phase143_53b_r_pi6_3_connector_precedes_order_conclusion,tests/test_phase143_53b_r_conclusion_aware_connector.py,test_phase143_53b_r_pi6_3_connector_precedes_order_conclusion,44,143,current_contract,current_compatible,ascii_prose_punctuation,negative_literal,$\operatorname{ord}\left(\nu'\right) = 4$\n\n以上より、\n\n$\operatorname{ord}\left(\eta_{3}^{3}\right) = 2$,Negative expectation is aligned with the current ASCII prose-punctuation contract.
R2-00302,tests/test_phase143_53b_r_conclusion_aware_connector.py::test_phase143_53b_r_pi8_5_connector_precedes_order_conclusion,tests/test_phase143_53b_r_conclusion_aware_connector.py,test_phase143_53b_r_pi8_5_connector_precedes_order_conclusion,58,143,current_contract,stale_candidate_high,ascii_prose_punctuation,positive_literal,以上より、\n\n$\operatorname{ord}\left(\nu_{5}\right) = 8$,"Positive expected prose contains Japanese comma/full stop, while the Phase 154 public Narrative contract uses ASCII ', ' and '.'."
R2-00303,tests/test_phase143_53b_r_conclusion_aware_connector.py::test_phase143_53b_r_pi8_5_connector_precedes_order_conclusion,tests/test_phase143_53b_r_conclusion_aware_connector.py,test_phase143_53b_r_pi8_5_connector_precedes_order_conclusion,63,143,current_contract,current_compatible,ascii_prose_punctuation,negative_literal,$\operatorname{ord}\left(\nu_{5}\right) = 8$\n\n以上より、\n\n$\operatorname{ord}\left(E^{2}\nu'\right) = 4$,Negative expectation is aligned with the current ASCII prose-punctuation contract.
R2-00304,tests/test_phase143_53b_r_conclusion_aware_connector.py::test_phase143_53b_r_pi15_8_connector_still_precedes_target,tests/test_phase143_53b_r_conclusion_aware_connector.py,test_phase143_53b_r_pi15_8_connector_still_precedes_target,77,143,duplicate_coverage,stale_candidate_high,ascii_prose_punctuation,positive_literal,以上より、\n\n$\pi_{15}^{8} = \mathbb{Z}\{\sigma_{8}\} \oplus \mathbb{Z}/8\{E\sigma'\}$,"Positive expected prose contains Japanese comma/full stop, while the Phase 154 public Narrative contract uses ASCII ', ' and '.'."
R2-00305,tests/test_phase143_53b_r_conclusion_aware_connector.py::test_phase143_53b_r_pi16_9_support_definition_stays_unconnected,tests/test_phase143_53b_r_conclusion_aware_connector.py,test_phase143_53b_r_pi16_9_support_definition_stays_unconnected,92,143,duplicate_coverage,current_compatible,ascii_prose_punctuation,negative_literal,以上より、\n\n$\sigma_{9}$ を \(\sigma\)-family の元として定める.,Negative expectation is aligned with the current ASCII prose-punctuation contract.
R2-00306,tests/test_phase143_53b_r_conclusion_aware_connector.py::test_phase143_53b_r_pi16_9_connector_still_precedes_target,tests/test_phase143_53b_r_conclusion_aware_connector.py,test_phase143_53b_r_pi16_9_connector_still_precedes_target,105,143,duplicate_coverage,stale_candidate_high,ascii_prose_punctuation,positive_literal,以上より、\n\n$\pi_{16}^{9} = \mathbb{Z}/16\{\sigma_{9}\}$,"Positive expected prose contains Japanese comma/full stop, while the Phase 154 public Narrative contract uses ASCII ', ' and '.'."
R2-00307,tests/test_phase143_53b_transition_connectors.py::test_phase143_53b_pi6_3_derivation_connects_order_and_target,tests/test_phase143_53b_transition_connectors.py,test_phase143_53b_pi6_3_derivation_connects_order_and_target,39,143,current_contract,stale_candidate_high,ascii_prose_punctuation,positive_literal,以上より、\n\n$\operatorname{ord}\left(\nu'\right) = 4$,"Positive expected prose contains Japanese comma/full stop, while the Phase 154 public Narrative contract uses ASCII ', ' and '.'."
R2-00308,tests/test_phase143_53b_transition_connectors.py::test_phase143_53b_pi6_3_derivation_connects_order_and_target,tests/test_phase143_53b_transition_connectors.py,test_phase143_53b_pi6_3_derivation_connects_order_and_target,44,143,current_contract,stale_candidate_high,ascii_prose_punctuation,positive_literal,以上より、\n\n$\pi_{6}^{3} = \mathbb{Z}/4\{\nu'\}$,"Positive expected prose contains Japanese comma/full stop, while the Phase 154 public Narrative contract uses ASCII ', ' and '.'."
R2-00309,tests/test_phase143_53b_transition_connectors.py::test_phase143_53b_pi6_3_support_definition_has_no_connector,tests/test_phase143_53b_transition_connectors.py,test_phase143_53b_pi6_3_support_definition_has_no_connector,57,143,current_contract,current_compatible,ascii_prose_punctuation,negative_literal,"以上より、\n\n$\nu' \in \{\eta_{3}, 2\iota_{4}, \eta_{4}\}_{1}$",Negative expectation is aligned with the current ASCII prose-punctuation contract.
R2-00310,tests/test_phase143_53b_transition_connectors.py::test_phase143_53b_pi15_8_aggregate_derivation_connects_target,tests/test_phase143_53b_transition_connectors.py,test_phase143_53b_pi15_8_aggregate_derivation_connects_target,70,143,duplicate_coverage,stale_candidate_high,ascii_prose_punctuation,positive_literal,以上より、\n\n$\pi_{15}^{8} = \mathbb{Z}\{\sigma_{8}\} \oplus \mathbb{Z}/8\{E\sigma'\}$,"Positive expected prose contains Japanese comma/full stop, while the Phase 154 public Narrative contract uses ASCII ', ' and '.'."
R2-00311,tests/test_phase143_53b_transition_connectors.py::test_phase143_53b_pi16_9_definition_support_has_no_connector,tests/test_phase143_53b_transition_connectors.py,test_phase143_53b_pi16_9_definition_support_has_no_connector,85,143,duplicate_coverage,current_compatible,ascii_prose_punctuation,negative_literal,以上より、\n\n$\sigma_{9}$ を \(\sigma\)-family の元として定める.,Negative expectation is aligned with the current ASCII prose-punctuation contract.
R2-00312,tests/test_phase143_53b_transition_connectors.py::test_phase143_53b_pi16_9_derivation_connects_target,tests/test_phase143_53b_transition_connectors.py,test_phase143_53b_pi16_9_derivation_connects_target,98,143,duplicate_coverage,stale_candidate_high,ascii_prose_punctuation,positive_literal,以上より、\n\n$\pi_{16}^{9} = \mathbb{Z}/16\{\sigma_{9}\}$,"Positive expected prose contains Japanese comma/full stop, while the Phase 154 public Narrative contract uses ASCII ', ' and '.'."
R2-00313,tests/test_phase143_55b_conclusion_step_ordering.py::test_phase143_55b_pi6_3_connector_immediately_precedes_main_order,tests/test_phase143_55b_conclusion_step_ordering.py,test_phase143_55b_pi6_3_connector_immediately_precedes_main_order,71,143,current_contract,stale_candidate_high,ascii_prose_punctuation,positive_literal,以上より、\n\n$\operatorname{ord}\left(\nu'\right) = 4$,"Positive expected prose contains Japanese comma/full stop, while the Phase 154 public Narrative contract uses ASCII ', ' and '.'."
R2-00314,tests/test_phase143_55b_conclusion_step_ordering.py::test_phase143_55b_pi8_5_connector_immediately_precedes_main_order,tests/test_phase143_55b_conclusion_step_ordering.py,test_phase143_55b_pi8_5_connector_immediately_precedes_main_order,115,143,current_contract,stale_candidate_high,ascii_prose_punctuation,positive_literal,以上より、\n\n$\operatorname{ord}\left(\nu_{5}\right) = 8$,"Positive expected prose contains Japanese comma/full stop, while the Phase 154 public Narrative contract uses ASCII ', ' and '.'."
R2-00315,tests/test_phase143_55b_conclusion_step_ordering.py::test_phase143_55b_pi15_8_target_connector_remains_correct,tests/test_phase143_55b_conclusion_step_ordering.py,test_phase143_55b_pi15_8_target_connector_remains_correct,128,143,duplicate_coverage,stale_candidate_high,ascii_prose_punctuation,positive_literal,以上より、\n\n$\pi_{15}^{8} = \mathbb{Z}\{\sigma_{8}\} \oplus \mathbb{Z}/8\{E\sigma'\}$,"Positive expected prose contains Japanese comma/full stop, while the Phase 154 public Narrative contract uses ASCII ', ' and '.'."
R2-00316,tests/test_phase143_55b_conclusion_step_ordering.py::test_phase143_55b_pi16_9_target_connector_remains_correct,tests/test_phase143_55b_conclusion_step_ordering.py,test_phase143_55b_pi16_9_target_connector_remains_correct,143,143,duplicate_coverage,stale_candidate_high,ascii_prose_punctuation,positive_literal,以上より、\n\n$\pi_{16}^{9} = \mathbb{Z}/16\{\sigma_{9}\}$,"Positive expected prose contains Japanese comma/full stop, while the Phase 154 public Narrative contract uses ASCII ', ' and '.'."
R2-00317,tests/test_phase143_55b_conclusion_step_ordering.py::test_phase143_55b_sigma9_definition_still_has_no_derivation_connector,tests/test_phase143_55b_conclusion_step_ordering.py,test_phase143_55b_sigma9_definition_still_has_no_derivation_connector,156,143,duplicate_coverage,current_compatible,ascii_prose_punctuation,negative_literal,以上より、\n\n$\sigma_{9}$ を \(\sigma\)-family の元として定める.,Negative expectation is aligned with the current ASCII prose-punctuation contract.
R2-00318,tests/test_phase143_59b_group_structure_duplicate_suppression.py::test_phase143_59b_pi15_8_keeps_final_group_conclusion,tests/test_phase143_59b_group_structure_duplicate_suppression.py,test_phase143_59b_pi15_8_keeps_final_group_conclusion,109,143,duplicate_coverage,stale_candidate_high,ascii_prose_punctuation,positive_literal,以上より、\n\n$\pi_{15}^{8} = \mathbb{Z}\{\sigma_{8}\} \oplus \mathbb{Z}/8\{E\sigma'\}$,"Positive expected prose contains Japanese comma/full stop, while the Phase 154 public Narrative contract uses ASCII ', ' and '.'."
R2-00319,tests/test_phase143_59b_group_structure_duplicate_suppression.py::test_phase143_59b_pi6_3_narrative_remains_available,tests/test_phase143_59b_group_structure_duplicate_suppression.py,test_phase143_59b_pi6_3_narrative_remains_available,143,143,current_contract,stale_candidate_high,ascii_prose_punctuation,positive_literal,(1) と (2) より、,"Positive expected prose contains Japanese comma/full stop, while the Phase 154 public Narrative contract uses ASCII ', ' and '.'."
R2-00320,tests/test_phase143_61b_direct_premise_narrative.py::test_phase143_61b_pi16_9_final_conclusion_remains,tests/test_phase143_61b_direct_premise_narrative.py,test_phase143_61b_pi16_9_final_conclusion_remains,166,143,duplicate_coverage,stale_candidate_high,ascii_prose_punctuation,positive_literal,以上より、\n\n$\pi_{16}^{9} = \mathbb{Z}/16\{\sigma_{9}\}$,"Positive expected prose contains Japanese comma/full stop, while the Phase 154 public Narrative contract uses ASCII ', ' and '.'."
R2-00321,tests/test_phase143_61b_r_semantic_suppression_priority.py::test_phase143_61b_r_keeps_pi15_8_final_conclusion,tests/test_phase143_61b_r_semantic_suppression_priority.py,test_phase143_61b_r_keeps_pi15_8_final_conclusion,53,143,duplicate_coverage,stale_candidate_high,ascii_prose_punctuation,positive_literal,以上より、\n\n$\pi_{15}^{8} = \mathbb{Z}\{\sigma_{8}\} \oplus \mathbb{Z}/8\{E\sigma'\}$,"Positive expected prose contains Japanese comma/full stop, while the Phase 154 public Narrative contract uses ASCII ', ' and '.'."
R2-00322,tests/test_phase143_61b_r_semantic_suppression_priority.py::test_phase143_61b_r_keeps_pi8_5_relocated_direct_premise,tests/test_phase143_61b_r_semantic_suppression_priority.py,test_phase143_61b_r_keeps_pi8_5_relocated_direct_premise,68,143,duplicate_coverage,stale_candidate_high,ascii_prose_punctuation,positive_literal,$2\nu_{5} = E^{2}\nu'$\n\n$\operatorname{ord}\left(E^{2}\nu'\right) = 4$\n\n以上より、\n\n$\operatorname{ord}\left(\nu_{5}\right) = 8$,"Positive expected prose contains Japanese comma/full stop, while the Phase 154 public Narrative contract uses ASCII ', ' and '.'."
R2-00323,tests/test_phase143_61b_r_semantic_suppression_priority.py::test_phase143_61b_r_keeps_pi6_3_local_connector,tests/test_phase143_61b_r_semantic_suppression_priority.py,test_phase143_61b_r_keeps_pi6_3_local_connector,86,143,current_contract,stale_candidate_high,ascii_prose_punctuation,positive_literal,(1) と (2) より、,"Positive expected prose contains Japanese comma/full stop, while the Phase 154 public Narrative contract uses ASCII ', ' and '.'."
R2-00324,tests/test_phase143_61b_r_semantic_suppression_priority.py::test_phase143_61b_r_keeps_pi6_3_local_connector,tests/test_phase143_61b_r_semantic_suppression_priority.py,test_phase143_61b_r_keeps_pi6_3_local_connector,87,143,current_contract,stale_candidate_high,ascii_prose_punctuation,positive_literal,(4) と (5) より、,"Positive expected prose contains Japanese comma/full stop, while the Phase 154 public Narrative contract uses ASCII ', ' and '.'."
R2-00325,tests/test_phase143_61b_r_semantic_suppression_priority.py::test_phase143_61b_r_keeps_pi6_3_local_connector,tests/test_phase143_61b_r_semantic_suppression_priority.py,test_phase143_61b_r_keeps_pi6_3_local_connector,88,143,current_contract,stale_candidate_high,ascii_prose_punctuation,positive_literal,以上より、\n\n$\operatorname{ord}\left(\nu'\right) = 4$,"Positive expected prose contains Japanese comma/full stop, while the Phase 154 public Narrative contract uses ASCII ', ' and '.'."
R2-00326,tests/test_phase143_63a_r_exactness_repair.py::test_phase143_63a_r_provenance_suppression_remains,tests/test_phase143_63a_r_exactness_repair.py,test_phase143_63a_r_provenance_suppression_remains,49,143,current_contract,current_compatible,no_internal_fallback_leakage,negative_literal,TodaLemma514Sigma8Statement,Negative expectation is aligned with the current no-internal-fallback contract.
R2-00327,tests/test_phase143_63a_r_exactness_repair.py::test_phase143_63a_r_pi8_5_direct_premise_placement_remains,tests/test_phase143_63a_r_exactness_repair.py,test_phase143_63a_r_pi8_5_direct_premise_placement_remains,54,143,duplicate_coverage,stale_candidate_high,ascii_prose_punctuation,positive_literal,$2\nu_{5} = E^{2}\nu'$\n\n$\operatorname{ord}\left(E^{2}\nu'\right) = 4$\n\n以上より、\n\n$\operatorname{ord}\left(\nu_{5}\right) = 8$,"Positive expected prose contains Japanese comma/full stop, while the Phase 154 public Narrative contract uses ASCII ', ' and '.'."
R2-00328,tests/test_phase143_63a_residual_fallback_provenance.py::test_phase143_63a_pi16_9_provenance_only_sigma8_does_not_leak,tests/test_phase143_63a_residual_fallback_provenance.py,test_phase143_63a_pi16_9_provenance_only_sigma8_does_not_leak,62,143,current_contract,current_compatible,no_internal_fallback_leakage,negative_literal,TodaLemma514Sigma8Statement,Negative expectation is aligned with the current no-internal-fallback contract.
R2-00329,tests/test_phase143_63a_residual_fallback_provenance.py::test_phase143_63a_pi8_5_direct_premise_placement_remains,tests/test_phase143_63a_residual_fallback_provenance.py,test_phase143_63a_pi8_5_direct_premise_placement_remains,74,143,duplicate_coverage,stale_candidate_high,ascii_prose_punctuation,positive_literal,$2\nu_{5} = E^{2}\nu'$\n\n$\operatorname{ord}\left(E^{2}\nu'\right) = 4$\n\n以上より、\n\n$\operatorname{ord}\left(\nu_{5}\right) = 8$,"Positive expected prose contains Japanese comma/full stop, while the Phase 154 public Narrative contract uses ASCII ', ' and '.'."
R2-00330,tests/test_phase143_63a_residual_fallback_provenance.py::test_phase143_63a_four_case_narratives_have_no_known_residual_leakage,tests/test_phase143_63a_residual_fallback_provenance.py,test_phase143_63a_four_case_narratives_have_no_known_residual_leakage,103,143,current_contract,current_compatible,no_internal_fallback_leakage,negative_literal,TodaLemma514Sigma8Statement,Negative expectation is aligned with the current no-internal-fallback contract.
R2-00331,tests/test_phase143_71a_eta_definition_visibility.py::test_phase143_71a_pi7_3_group_narrative_hides_raw_eta_definition,tests/test_phase143_71a_eta_definition_visibility.py,test_phase143_71a_pi7_3_group_narrative_hides_raw_eta_definition,53,143,current_contract,current_compatible,no_internal_fallback_leakage,negative_literal,TodaEtaFamilyDefinitionStatement,Negative expectation is aligned with the current no-internal-fallback contract.
R2-00332,tests/test_phase143_71a_eta_definition_visibility.py::test_phase143_71a_pi9_4_group_narrative_hides_raw_eta_definition,tests/test_phase143_71a_eta_definition_visibility.py,test_phase143_71a_pi9_4_group_narrative_hides_raw_eta_definition,65,143,current_contract,current_compatible,no_internal_fallback_leakage,negative_literal,TodaEtaFamilyDefinitionStatement,Negative expectation is aligned with the current no-internal-fallback contract.
R2-00333,tests/test_phase143_74b_remaining_internal_narrative.py::test_phase143_74b_eta2_definition_renders_hopf_relation,tests/test_phase143_74b_remaining_internal_narrative.py,test_phase143_74b_eta2_definition_renders_hopf_relation,97,143,current_contract,current_compatible,no_internal_fallback_leakage,negative_literal,TodaPi32Eta2DefinitionStatement,Negative expectation is aligned with the current no-internal-fallback contract.
R2-00334,tests/test_phase143_74b_remaining_internal_narrative.py::test_phase143_74b_primary_membership_renders_semantic_membership,tests/test_phase143_74b_remaining_internal_narrative.py,test_phase143_74b_primary_membership_renders_semantic_membership,117,143,current_contract,current_compatible,no_internal_fallback_leakage,negative_literal,TodaPrimaryGroupMembershipStatement,Negative expectation is aligned with the current no-internal-fallback contract.
R2-00335,tests/test_phase143_74b_remaining_internal_narrative.py::test_phase143_74b_prop44_isomorphism_renders_decomposition_semantics,tests/test_phase143_74b_remaining_internal_narrative.py,test_phase143_74b_prop44_isomorphism_renders_decomposition_semantics,155,143,current_contract,current_compatible,no_internal_fallback_leakage,negative_literal,TodaProp44IsomorphismStatement,Negative expectation is aligned with the current no-internal-fallback contract.
R2-00336,tests/test_phase144_5_generic_definition_order_equations.py::test_phase144_5_r2_numbers_only_calculation_chain_equations,tests/test_phase144_5_generic_definition_order_equations.py,test_phase144_5_r2_numbers_only_calculation_chain_equations,52,144,current_contract,stale_candidate_high,ascii_prose_punctuation,positive_literal,(1) と (2) より、,"Positive expected prose contains Japanese comma/full stop, while the Phase 154 public Narrative contract uses ASCII ', ' and '.'."
R2-00337,tests/test_phase144_5_generic_definition_order_equations.py::test_phase144_5_r2_pi6_3_keeps_definition_and_order_purposes,tests/test_phase144_5_generic_definition_order_equations.py,test_phase144_5_r2_pi6_3_keeps_definition_and_order_purposes,80,144,current_contract,stale_candidate_high,ascii_prose_punctuation,positive_literal,$\nu'$ の位数を決定するために、次の完全列を考える.,"Positive expected prose contains Japanese comma/full stop, while the Phase 154 public Narrative contract uses ASCII ', ' and '.'."
R2-00338,tests/test_phase144_5_generic_definition_order_equations.py::test_phase144_5_r2_pi6_3_uses_actual_equation_references,tests/test_phase144_5_generic_definition_order_equations.py,test_phase144_5_r2_pi6_3_uses_actual_equation_references,93,144,current_contract,stale_candidate_high,ascii_prose_punctuation,positive_literal,(1) と (2) より、,"Positive expected prose contains Japanese comma/full stop, while the Phase 154 public Narrative contract uses ASCII ', ' and '.'."
R2-00339,tests/test_phase144_5_generic_definition_order_equations.py::test_phase144_5_r2_pi6_3_uses_actual_equation_references,tests/test_phase144_5_generic_definition_order_equations.py,test_phase144_5_r2_pi6_3_uses_actual_equation_references,94,144,current_contract,stale_candidate_high,ascii_prose_punctuation,positive_literal,(4) と (5) より、,"Positive expected prose contains Japanese comma/full stop, while the Phase 154 public Narrative contract uses ASCII ', ' and '.'."
R2-00340,tests/test_phase144_6_pi6_generic_production_route.py::test_phase144_6_public_pi6_3_narrative_equals_generic_argument_renderer,tests/test_phase144_6_pi6_generic_production_route.py,test_phase144_6_public_pi6_3_narrative_equals_generic_argument_renderer,48,144,current_contract,stale_candidate_high,ascii_prose_punctuation,positive_literal,(1) と (2) より、,"Positive expected prose contains Japanese comma/full stop, while the Phase 154 public Narrative contract uses ASCII ', ' and '.'."
R2-00341,tests/test_phase144_6_pi6_generic_production_route.py::test_phase144_6_public_pi6_3_narrative_equals_generic_argument_renderer,tests/test_phase144_6_pi6_generic_production_route.py,test_phase144_6_public_pi6_3_narrative_equals_generic_argument_renderer,49,144,current_contract,stale_candidate_high,ascii_prose_punctuation,positive_literal,(4) と (5) より、,"Positive expected prose contains Japanese comma/full stop, while the Phase 154 public Narrative contract uses ASCII ', ' and '.'."
R2-00342,tests/test_phase144_6_pi6_generic_production_route.py::test_phase144_6_cli_pi6_3_narrative_uses_generic_route,tests/test_phase144_6_pi6_generic_production_route.py,test_phase144_6_cli_pi6_3_narrative_uses_generic_route,112,144,current_contract,stale_candidate_high,ascii_prose_punctuation,positive_literal,(1) と (2) より、,"Positive expected prose contains Japanese comma/full stop, while the Phase 154 public Narrative contract uses ASCII ', ' and '.'."
R2-00343,tests/test_phase144_6_r25_9a_pi5_suppression.py::test_phase144_6_r25_9a_pi5_3_is_hidden_without_losing_transitions,tests/test_phase144_6_r25_9a_pi5_suppression.py,test_phase144_6_r25_9a_pi5_3_is_hidden_without_losing_transitions,179,144,current_contract,stale_candidate_high,ascii_prose_punctuation,positive_literal,(1) と (2) より、,"Positive expected prose contains Japanese comma/full stop, while the Phase 154 public Narrative contract uses ASCII ', ' and '.'."
R2-00344,tests/test_phase144_6_r25_9a_pi5_suppression.py::test_phase144_6_r25_9a_pi5_3_is_hidden_without_losing_transitions,tests/test_phase144_6_r25_9a_pi5_suppression.py,test_phase144_6_r25_9a_pi5_3_is_hidden_without_losing_transitions,181,144,current_contract,stale_candidate_high,ascii_prose_punctuation,positive_literal,(4) と (5) より、,"Positive expected prose contains Japanese comma/full stop, while the Phase 154 public Narrative contract uses ASCII ', ' and '.'."
R2-00345,tests/test_phase144_6_r25_9a_r1_relocation_hidden.py::test_phase144_6_r25_9a_r1_hidden_support_is_not_reintroduced,tests/test_phase144_6_r25_9a_r1_relocation_hidden.py,test_phase144_6_r25_9a_r1_hidden_support_is_not_reintroduced,38,144,current_contract,stale_candidate_high,ascii_prose_punctuation,positive_literal,(1) と (2) より、,"Positive expected prose contains Japanese comma/full stop, while the Phase 154 public Narrative contract uses ASCII ', ' and '.'."
R2-00346,tests/test_phase144_6_r25_9a_r1_relocation_hidden.py::test_phase144_6_r25_9a_r1_hidden_support_is_not_reintroduced,tests/test_phase144_6_r25_9a_r1_relocation_hidden.py,test_phase144_6_r25_9a_r1_hidden_support_is_not_reintroduced,40,144,current_contract,stale_candidate_high,ascii_prose_punctuation,positive_literal,(4) と (5) より、,"Positive expected prose contains Japanese comma/full stop, while the Phase 154 public Narrative contract uses ASCII ', ' and '.'."
R2-00347,tests/test_phase144_6_r4_supporting_fact_filtering.py::test_phase144_6_r4_preserves_argument_frontier_and_transition_chains,tests/test_phase144_6_r4_supporting_fact_filtering.py,test_phase144_6_r4_preserves_argument_frontier_and_transition_chains,54,144,current_contract,stale_candidate_high,ascii_prose_punctuation,positive_literal,(1) と (2) より、,"Positive expected prose contains Japanese comma/full stop, while the Phase 154 public Narrative contract uses ASCII ', ' and '.'."
R2-00348,tests/test_phase144_6_r4_supporting_fact_filtering.py::test_phase144_6_r4_preserves_argument_frontier_and_transition_chains,tests/test_phase144_6_r4_supporting_fact_filtering.py,test_phase144_6_r4_preserves_argument_frontier_and_transition_chains,56,144,current_contract,stale_candidate_high,ascii_prose_punctuation,positive_literal,(4) と (5) より、,"Positive expected prose contains Japanese comma/full stop, while the Phase 154 public Narrative contract uses ASCII ', ' and '.'."
R2-00349,tests/test_phase144_6_r5_17a_proof_chain_selection_audit.py::test_phase144_6_r5_17a_pi6_3_has_three_argument_chain_roots,tests/test_phase144_6_r5_17a_proof_chain_selection_audit.py,test_phase144_6_r5_17a_pi6_3_has_three_argument_chain_roots,12,144,duplicate_coverage,contract_sensitive_review,fixed_snapshot_risk,numeric_fixed_expectation,3,"Fixed numeric expectation appears in an audit/count/snapshot-style test. It is not automatically stale, but it is contract-sensitive and should be reviewed before R3 consolidation."
R2-00350,tests/test_phase144_6_r5_17b_generic_proof_chain_types.py::test_phase144_6_r5_17b_type_identity_ignores_block_size_and_match_counts,tests/test_phase144_6_r5_17b_generic_proof_chain_types.py,test_phase144_6_r5_17b_type_identity_ignores_block_size_and_match_counts,91,144,current_contract,contract_sensitive_review,fixed_snapshot_risk,numeric_fixed_expectation,2,"Fixed numeric expectation appears in an audit/count/snapshot-style test. It is not automatically stale, but it is contract-sensitive and should be reviewed before R3 consolidation."
R2-00351,tests/test_phase144_6_r5_17b_generic_proof_chain_types.py::test_phase144_6_r5_17b_type_identity_ignores_block_size_and_match_counts,tests/test_phase144_6_r5_17b_generic_proof_chain_types.py,test_phase144_6_r5_17b_type_identity_ignores_block_size_and_match_counts,92,144,current_contract,contract_sensitive_review,fixed_snapshot_risk,numeric_fixed_expectation,1,"Fixed numeric expectation appears in an audit/count/snapshot-style test. It is not automatically stale, but it is contract-sensitive and should be reviewed before R3 consolidation."
R2-00352,tests/test_phase144_6_r5_17e_proof_chain_architecture_decision.py::test_phase144_6_r5_17e_audits_six_representative_groups,tests/test_phase144_6_r5_17e_proof_chain_architecture_decision.py,test_phase144_6_r5_17e_audits_six_representative_groups,13,144,audit_only,contract_sensitive_review,fixed_snapshot_risk,numeric_fixed_expectation,6,"Fixed numeric expectation appears in an audit/count/snapshot-style test. It is not automatically stale, but it is contract-sensitive and should be reviewed before R3 consolidation."
R2-00353,tests/test_phase144_6_r5_21_missing_7_facts_generic_provider_audit.py::test_phase144_6_r5_21_traces_exactly_phase20_missing_seven,tests/test_phase144_6_r5_21_missing_7_facts_generic_provider_audit.py,test_phase144_6_r5_21_traces_exactly_phase20_missing_seven,20,144,audit_only,contract_sensitive_review,fixed_snapshot_risk,numeric_fixed_expectation,7,"Fixed numeric expectation appears in an audit/count/snapshot-style test. It is not automatically stale, but it is contract-sensitive and should be reviewed before R3 consolidation."
R2-00354,tests/test_phase144_6_r5_22_missing_4_facts_statement_structure_audit.py::test_phase144_6_r5_22_traces_exactly_phase21_not_found_four,tests/test_phase144_6_r5_22_missing_4_facts_statement_structure_audit.py,test_phase144_6_r5_22_traces_exactly_phase21_not_found_four,20,144,audit_only,contract_sensitive_review,fixed_snapshot_risk,numeric_fixed_expectation,4,"Fixed numeric expectation appears in an audit/count/snapshot-style test. It is not automatically stale, but it is contract-sensitive and should be reviewed before R3 consolidation."
R2-00355,tests/test_phase144_6_r5_23_missing_7_facts_generic_visibility_path_audit.py::test_phase144_6_r5_23_traces_all_phase20_missing_seven,tests/test_phase144_6_r5_23_missing_7_facts_generic_visibility_path_audit.py,test_phase144_6_r5_23_traces_all_phase20_missing_seven,20,144,audit_only,contract_sensitive_review,fixed_snapshot_risk,numeric_fixed_expectation,7,"Fixed numeric expectation appears in an audit/count/snapshot-style test. It is not automatically stale, but it is contract-sensitive and should be reviewed before R3 consolidation."
R2-00356,tests/test_phase144_6_r5_27_bounded_derivation_visibility_step_dedup_readiness_audit.py::test_phase144_6_r5_27_step_dedup_releases_phase26_total,tests/test_phase144_6_r5_27_bounded_derivation_visibility_step_dedup_readiness_audit.py,test_phase144_6_r5_27_step_dedup_releases_phase26_total,15,144,audit_only,contract_sensitive_review,fixed_snapshot_risk,numeric_fixed_expectation,9,"Fixed numeric expectation appears in an audit/count/snapshot-style test. It is not automatically stale, but it is contract-sensitive and should be reviewed before R3 consolidation."
R2-00357,tests/test_phase144_6_r5_27_bounded_derivation_visibility_step_dedup_readiness_audit.py::test_phase144_6_r5_27_pi6_step_dedup_releases_two_steps,tests/test_phase144_6_r5_27_bounded_derivation_visibility_step_dedup_readiness_audit.py,test_phase144_6_r5_27_pi6_step_dedup_releases_two_steps,21,144,audit_only,contract_sensitive_review,fixed_snapshot_risk,numeric_fixed_expectation,2,"Fixed numeric expectation appears in an audit/count/snapshot-style test. It is not automatically stale, but it is contract-sensitive and should be reviewed before R3 consolidation."
R2-00358,tests/test_phase144_6_r5_30_upstream_calculation_attachment_audit.py::test_phase144_6_r5_30_reports_whether_order_chain_captures_hopf_facts_without_assuming_success,tests/test_phase144_6_r5_30_upstream_calculation_attachment_audit.py,test_phase144_6_r5_30_reports_whether_order_chain_captures_hopf_facts_without_assuming_success,61,144,audit_only,contract_sensitive_review,fixed_snapshot_risk,numeric_fixed_expectation,2,"Fixed numeric expectation appears in an audit/count/snapshot-style test. It is not automatically stale, but it is contract-sensitive and should be reviewed before R3 consolidation."
R2-00359,tests/test_phase144_6_r5_31_upstream_calculation_attachment_semantic_audit.py::test_phase144_6_r5_31_classifies_phase30_attachment_occurrences,tests/test_phase144_6_r5_31_upstream_calculation_attachment_semantic_audit.py,test_phase144_6_r5_31_classifies_phase30_attachment_occurrences,11,144,audit_only,contract_sensitive_review,fixed_snapshot_risk,numeric_fixed_expectation,198,"Fixed numeric expectation appears in an audit/count/snapshot-style test. It is not automatically stale, but it is contract-sensitive and should be reviewed before R3 consolidation."
R2-00360,tests/test_phase144_6_r5_43_11_completion_cross_group_narrative_audit.py::test_phase144_6_r5_43_11_covers_six_representative_groups_and_190_contributions,tests/test_phase144_6_r5_43_11_completion_cross_group_narrative_audit.py,test_phase144_6_r5_43_11_covers_six_representative_groups_and_190_contributions,11,144,audit_only,contract_sensitive_review,fixed_snapshot_risk,numeric_fixed_expectation,6,"Fixed numeric expectation appears in an audit/count/snapshot-style test. It is not automatically stale, but it is contract-sensitive and should be reviewed before R3 consolidation."
R2-00361,tests/test_phase144_6_r5_43_11_completion_cross_group_narrative_audit.py::test_phase144_6_r5_43_11_all_selected_contributions_are_insertable_and_rendered,tests/test_phase144_6_r5_43_11_completion_cross_group_narrative_audit.py,test_phase144_6_r5_43_11_all_selected_contributions_are_insertable_and_rendered,17,144,audit_only,contract_sensitive_review,fixed_snapshot_risk,numeric_fixed_expectation,0,"Fixed numeric expectation appears in an audit/count/snapshot-style test. It is not automatically stale, but it is contract-sensitive and should be reviewed before R3 consolidation."
R2-00362,tests/test_phase144_6_r5_43_11_completion_cross_group_narrative_audit.py::test_phase144_6_r5_43_11_all_sixteen_transport_chains_are_connected,tests/test_phase144_6_r5_43_11_completion_cross_group_narrative_audit.py,test_phase144_6_r5_43_11_all_sixteen_transport_chains_are_connected,22,144,audit_only,contract_sensitive_review,fixed_snapshot_risk,numeric_fixed_expectation,16,"Fixed numeric expectation appears in an audit/count/snapshot-style test. It is not automatically stale, but it is contract-sensitive and should be reviewed before R3 consolidation."
R2-00363,tests/test_phase144_6_r5_43_11_completion_cross_group_narrative_audit.py::test_phase144_6_r5_43_11_has_no_contribution_duplicates_or_order_violations,tests/test_phase144_6_r5_43_11_completion_cross_group_narrative_audit.py,test_phase144_6_r5_43_11_has_no_contribution_duplicates_or_order_violations,30,144,audit_only,contract_sensitive_review,fixed_snapshot_risk,numeric_fixed_expectation,0,"Fixed numeric expectation appears in an audit/count/snapshot-style test. It is not automatically stale, but it is contract-sensitive and should be reviewed before R3 consolidation."
R2-00364,tests/test_phase144_6_r5_43_11_completion_cross_group_narrative_audit.py::test_phase144_6_r5_43_11_all_rendered_contributions_precede_owning_argument_conclusion,tests/test_phase144_6_r5_43_11_completion_cross_group_narrative_audit.py,test_phase144_6_r5_43_11_all_rendered_contributions_precede_owning_argument_conclusion,35,144,audit_only,contract_sensitive_review,fixed_snapshot_risk,numeric_fixed_expectation,0,"Fixed numeric expectation appears in an audit/count/snapshot-style test. It is not automatically stale, but it is contract-sensitive and should be reviewed before R3 consolidation."
R2-00365,tests/test_phase144_6_r5_43_11d_final_completion_audit.py::test_phase144_6_r5_43_11d_connects_all_33_narrative_participating_contributions,tests/test_phase144_6_r5_43_11d_final_completion_audit.py,test_phase144_6_r5_43_11d_connects_all_33_narrative_participating_contributions,24,144,audit_only,contract_sensitive_review,fixed_snapshot_risk,numeric_fixed_expectation,0,"Fixed numeric expectation appears in an audit/count/snapshot-style test. It is not automatically stale, but it is contract-sensitive and should be reviewed before R3 consolidation."
R2-00366,tests/test_phase144_6_r5_43_11d_final_completion_audit.py::test_phase144_6_r5_43_11d_preserves_all_sixteen_transport_connectors,tests/test_phase144_6_r5_43_11d_final_completion_audit.py,test_phase144_6_r5_43_11d_preserves_all_sixteen_transport_connectors,34,144,audit_only,contract_sensitive_review,fixed_snapshot_risk,numeric_fixed_expectation,16,"Fixed numeric expectation appears in an audit/count/snapshot-style test. It is not automatically stale, but it is contract-sensitive and should be reviewed before R3 consolidation."
R2-00367,tests/test_phase144_6_r5_43_5.py::test_phase144_6_r5_43_5_audits_three_transitive_segments,tests/test_phase144_6_r5_43_5.py,test_phase144_6_r5_43_5_audits_three_transitive_segments,14,144,audit_only,contract_sensitive_review,fixed_snapshot_risk,numeric_fixed_expectation,5,"Fixed numeric expectation appears in an audit/count/snapshot-style test. It is not automatically stale, but it is contract-sensitive and should be reviewed before R3 consolidation."
R2-00368,tests/test_phase144_6_r5_43_5.py::test_phase144_6_r5_43_5_audits_three_transitive_segments,tests/test_phase144_6_r5_43_5.py,test_phase144_6_r5_43_5_audits_three_transitive_segments,17,144,audit_only,contract_sensitive_review,fixed_snapshot_risk,numeric_fixed_expectation,3,"Fixed numeric expectation appears in an audit/count/snapshot-style test. It is not automatically stale, but it is contract-sensitive and should be reviewed before R3 consolidation."
R2-00369,tests/test_phase146_7_generic_argument_purpose_prose.py::test_phase146_7_order_exactness_combines_purpose_and_method,tests/test_phase146_7_generic_argument_purpose_prose.py,test_phase146_7_order_exactness_combines_purpose_and_method,32,146,current_contract,stale_candidate_high,ascii_prose_punctuation,positive_literal,$\nu'$ の位数を決定するために、次の完全列を考える.,"Positive expected prose contains Japanese comma/full stop, while the Phase 154 public Narrative contract uses ASCII ', ' and '.'."
R2-00370,tests/test_phase146_7_generic_argument_purpose_prose.py::test_phase146_7_order_exactness_combines_purpose_and_method,tests/test_phase146_7_generic_argument_purpose_prose.py,test_phase146_7_order_exactness_combines_purpose_and_method,37,146,current_contract,current_compatible,ascii_prose_punctuation,negative_literal,$\nu'$ の位数を決定する.そのために、次の完全列を考える.,Negative expectation is aligned with the current ASCII prose-punctuation contract.
R2-00371,tests/test_phase148_rc2_4_post_repair_six_group.py::test_phase148_rc2_4_post_repair_pi6_3_retains_numbered_calculation_chain,tests/test_phase148_rc2_4_post_repair_six_group.py,test_phase148_rc2_4_post_repair_pi6_3_retains_numbered_calculation_chain,136,148,current_contract,stale_candidate_high,ascii_prose_punctuation,positive_literal,(1) と (2) より、,"Positive expected prose contains Japanese comma/full stop, while the Phase 154 public Narrative contract uses ASCII ', ' and '.'."
R2-00372,tests/test_phase148_rc2_4_repair_r3_web_unit_parity_audit.py::test_phase148_rc2_4_repair_r3_web_narrative_uses_depth2_metadata_but_complete_replay_route,tests/test_phase148_rc2_4_repair_r3_web_unit_parity_audit.py,test_phase148_rc2_4_repair_r3_web_narrative_uses_depth2_metadata_but_complete_replay_route,107,148,audit_only,contract_sensitive_review,fixed_snapshot_risk,numeric_fixed_expectation,2,"Fixed numeric expectation appears in an audit/count/snapshot-style test. It is not automatically stale, but it is contract-sensitive and should be reviewed before R3 consolidation."
R2-00373,tests/test_phase148_rc2_4_repair_r4_2_calculation_premise_semantic_closure.py::test_phase148_rc2_4_repair_r4_2_depth2_public_renderer_restores_numbered_chain,tests/test_phase148_rc2_4_repair_r4_2_calculation_premise_semantic_closure.py,test_phase148_rc2_4_repair_r4_2_depth2_public_renderer_restores_numbered_chain,259,148,audit_only,stale_candidate_high,ascii_prose_punctuation,positive_literal,(1) と (2) より、,"Positive expected prose contains Japanese comma/full stop, while the Phase 154 public Narrative contract uses ASCII ', ' and '.'."
R2-00374,tests/test_phase148_rc2_4_repair_r4_2_calculation_premise_semantic_closure.py::test_phase148_rc2_4_repair_r4_2_web_depth2_restores_numbered_chain_without_raw_exactness,tests/test_phase148_rc2_4_repair_r4_2_calculation_premise_semantic_closure.py,test_phase148_rc2_4_repair_r4_2_web_depth2_restores_numbered_chain_without_raw_exactness,287,148,audit_only,stale_candidate_high,ascii_prose_punctuation,positive_literal,(1) と (2) より、,"Positive expected prose contains Japanese comma/full stop, while the Phase 154 public Narrative contract uses ASCII ', ' and '.'."
R2-00375,tests/test_phase148_rc2_5_semantic_closure_scope.py::test_phase148_rc2_5_depth_zero_semantic_closure_is_identity,tests/test_phase148_rc2_5_semantic_closure_scope.py,test_phase148_rc2_5_depth_zero_semantic_closure_is_identity,77,148,audit_only,contract_sensitive_review,fixed_snapshot_risk,numeric_fixed_expectation,0,"Fixed numeric expectation appears in an audit/count/snapshot-style test. It is not automatically stale, but it is contract-sensitive and should be reviewed before R3 consolidation."
R2-00376,tests/test_phase148_rc2_5_semantic_closure_scope.py::test_phase148_rc2_5_depth_zero_semantic_closure_is_identity,tests/test_phase148_rc2_5_semantic_closure_scope.py,test_phase148_rc2_5_depth_zero_semantic_closure_is_identity,78,148,audit_only,contract_sensitive_review,fixed_snapshot_risk,numeric_fixed_expectation,1,"Fixed numeric expectation appears in an audit/count/snapshot-style test. It is not automatically stale, but it is contract-sensitive and should be reviewed before R3 consolidation."
R2-00377,tests/test_phase148_rc2_5_semantic_closure_scope.py::test_phase148_rc2_5_order_calculation_closure_adds_only_required_chain_and_definition,tests/test_phase148_rc2_5_semantic_closure_scope.py,test_phase148_rc2_5_order_calculation_closure_adds_only_required_chain_and_definition,126,148,audit_only,contract_sensitive_review,fixed_snapshot_risk,numeric_fixed_expectation,3,"Fixed numeric expectation appears in an audit/count/snapshot-style test. It is not automatically stale, but it is contract-sensitive and should be reviewed before R3 consolidation."
R2-00378,tests/test_phase148_rc2_5_semantic_closure_scope.py::test_phase148_rc2_5_order_calculation_closure_adds_only_required_chain_and_definition,tests/test_phase148_rc2_5_semantic_closure_scope.py,test_phase148_rc2_5_order_calculation_closure_adds_only_required_chain_and_definition,129,148,audit_only,contract_sensitive_review,fixed_snapshot_risk,numeric_fixed_expectation,2,"Fixed numeric expectation appears in an audit/count/snapshot-style test. It is not automatically stale, but it is contract-sensitive and should be reviewed before R3 consolidation."
R2-00379,tests/test_phase150_rc4_5_visible_reasons.py::test_phase150_rc4_5_visible_reason_count_matches_current_deduplication_contract,tests/test_phase150_rc4_5_visible_reasons.py,test_phase150_rc4_5_visible_reason_count_matches_current_deduplication_contract,124,150,current_contract,contract_sensitive_review,fixed_snapshot_risk,numeric_fixed_expectation,1,"Fixed numeric expectation appears in an audit/count/snapshot-style test. It is not automatically stale, but it is contract-sensitive and should be reviewed before R3 consolidation."
R2-00380,tests/test_phase150_rc4_5_visible_reasons.py::test_phase150_rc4_5_does_not_invent_untyped_reason_prose,tests/test_phase150_rc4_5_visible_reasons.py,test_phase150_rc4_5_does_not_invent_untyped_reason_prose,146,150,current_contract,current_compatible,ascii_prose_punctuation,negative_literal,この前提条件を満たすので、次の定義を用いる.,Negative expectation is aligned with the current ASCII prose-punctuation contract.
R2-00381,tests/test_phase150_rc4_7b_production_repair.py::test_phase150_rc4_7b_target_support_gets_conclusion_connector,tests/test_phase150_rc4_7b_production_repair.py,test_phase150_rc4_7b_target_support_gets_conclusion_connector,47,150,current_contract,stale_candidate_high,ascii_prose_punctuation,positive_literal,以上より、,"Positive expected prose contains Japanese comma/full stop, while the Phase 154 public Narrative contract uses ASCII ', ' and '.'."
R2-00382,tests/test_phase150_rc4_7d_3_public_narrative_generic_route.py::test_phase150_rc4_7d_3_depth1_rc4_target_keeps_existing_route,tests/test_phase150_rc4_7d_3_public_narrative_generic_route.py,test_phase150_rc4_7d_3_depth1_rc4_target_keeps_existing_route,129,150,current_contract,current_compatible,ascii_prose_punctuation,negative_literal,以上で得た群構造、生成元、および写像に関する結果を合わせると,Negative expectation is aligned with the current ASCII prose-punctuation contract.
R2-00383,tests/test_phase150_rc4_7d_reason_hidden_conclusion_anchor.py::test_phase150_rc4_7d_hidden_map_reason_uses_visible_downstream_anchor,tests/test_phase150_rc4_7d_reason_hidden_conclusion_anchor.py,test_phase150_rc4_7d_hidden_map_reason_uses_visible_downstream_anchor,54,150,current_contract,stale_candidate_high,ascii_prose_punctuation,positive_literal,この完全性、既知の群構造、および写像の像に関する結果を合わせると,"Positive expected prose contains Japanese comma/full stop, while the Phase 154 public Narrative contract uses ASCII ', ' and '.'."
R2-00384,tests/test_phase150_rc4_7d_reason_hidden_conclusion_anchor.py::test_phase150_rc4_7d_visible_final_reason_is_preserved,tests/test_phase150_rc4_7d_reason_hidden_conclusion_anchor.py,test_phase150_rc4_7d_visible_final_reason_is_preserved,74,150,current_contract,stale_candidate_high,ascii_prose_punctuation,positive_literal,以上で得た群構造、生成元、および写像に関する結果を合わせると、,"Positive expected prose contains Japanese comma/full stop, while the Phase 154 public Narrative contract uses ASCII ', ' and '.'."
R2-00385,tests/test_phase150_rc4_closure_reason_visibility.py::test_phase150_rc4_closure_pi6_3_keeps_visible_final_group_reason,tests/test_phase150_rc4_closure_reason_visibility.py,test_phase150_rc4_closure_pi6_3_keeps_visible_final_group_reason,58,150,audit_only,contract_sensitive_review,fixed_snapshot_risk,numeric_fixed_expectation,1,"Fixed numeric expectation appears in an audit/count/snapshot-style test. It is not automatically stale, but it is contract-sensitive and should be reviewed before R3 consolidation."
R2-00386,tests/test_phase150_rc4_closure_reason_visibility.py::test_phase150_rc4_closure_pi8_5_keeps_visible_final_group_reason,tests/test_phase150_rc4_closure_reason_visibility.py,test_phase150_rc4_closure_pi8_5_keeps_visible_final_group_reason,71,150,audit_only,contract_sensitive_review,fixed_snapshot_risk,numeric_fixed_expectation,1,"Fixed numeric expectation appears in an audit/count/snapshot-style test. It is not automatically stale, but it is contract-sensitive and should be reviewed before R3 consolidation."
R2-00387,tests/test_phase153_r10_used_reference_filtering.py::test_phase153_r10_filters_unused_entries_and_renumbers_markers,tests/test_phase153_r10_used_reference_filtering.py,test_phase153_r10_filters_unused_entries_and_renumbers_markers,148,153,current_contract,stale_candidate_high,ascii_prose_punctuation,positive_literal,まず、[R1]を用いる。\nさらに、[R2]を用いる。,"Positive expected prose contains Japanese comma/full stop, while the Phase 154 public Narrative contract uses ASCII ', ' and '.'."
R2-00388,tests/test_phase153_r10_used_reference_filtering.py::test_phase153_r10_pi6_2_body_uses_renumbered_references,tests/test_phase153_r10_used_reference_filtering.py,test_phase153_r10_pi6_2_body_uses_renumbered_references,175,153,current_contract,stale_candidate_high,ascii_prose_punctuation,positive_literal,[R1]を用いる。,"Positive expected prose contains Japanese comma/full stop, while the Phase 154 public Narrative contract uses ASCII ', ' and '.'."
R2-00389,tests/test_phase153_r10_used_reference_filtering.py::test_phase153_r10_pi6_2_body_uses_renumbered_references,tests/test_phase153_r10_used_reference_filtering.py,test_phase153_r10_pi6_2_body_uses_renumbered_references,176,153,current_contract,stale_candidate_high,ascii_prose_punctuation,positive_literal,[R2]を用いる。,"Positive expected prose contains Japanese comma/full stop, while the Phase 154 public Narrative contract uses ASCII ', ' and '.'."
R2-00390,tests/test_phase153_r12_root_reference_exclusion.py::test_phase153_r12_pi11_4_body_uses_renumbered_external_references,tests/test_phase153_r12_root_reference_exclusion.py,test_phase153_r12_pi11_4_body_uses_renumbered_external_references,86,153,current_contract,stale_candidate_high,ascii_prose_punctuation,positive_literal,[R1]を用いる。,"Positive expected prose contains Japanese comma/full stop, while the Phase 154 public Narrative contract uses ASCII ', ' and '.'."
R2-00391,tests/test_phase153_r12_root_reference_exclusion.py::test_phase153_r12_pi11_4_body_uses_renumbered_external_references,tests/test_phase153_r12_root_reference_exclusion.py,test_phase153_r12_pi11_4_body_uses_renumbered_external_references,87,153,current_contract,stale_candidate_high,ascii_prose_punctuation,positive_literal,[R2]を用いる。,"Positive expected prose contains Japanese comma/full stop, while the Phase 154 public Narrative contract uses ASCII ', ' and '.'."
R2-00392,tests/test_phase153_r2_public_reference_semantic_fact.py::test_phase153_r2_public_pi10_6_keeps_provenance_only_reference_compact,tests/test_phase153_r2_public_reference_semantic_fact.py,test_phase153_r2_public_pi10_6_keeps_provenance_only_reference_compact,61,153,current_contract,stale_candidate_high,ascii_prose_punctuation,positive_literal,Toda Proposition 5.8を用いる。,"Positive expected prose contains Japanese comma/full stop, while the Phase 154 public Narrative contract uses ASCII ', ' and '.'."
R2-00393,tests/test_phase153_r3_11_reference_body_ownership_repair.py::test_phase153_r3_11_replaces_embedded_unmarked_selected_statement_with_reference_marker,tests/test_phase153_r3_11_reference_body_ownership_repair.py,test_phase153_r3_11_replaces_embedded_unmarked_selected_statement_with_reference_marker,120,153,current_contract,stale_candidate_high,ascii_prose_punctuation,positive_literal,この結果として、[R2]を得る。,"Positive expected prose contains Japanese comma/full stop, while the Phase 154 public Narrative contract uses ASCII ', ' and '.'."
R2-00394,tests/test_phase153_r3_11_reference_body_ownership_repair.py::test_phase153_r3_11_preserves_surrounding_prose_when_replacing_embedded_statement,tests/test_phase153_r3_11_reference_body_ownership_repair.py,test_phase153_r3_11_preserves_surrounding_prose_when_replacing_embedded_statement,142,153,current_contract,stale_candidate_high,ascii_prose_punctuation,positive_literal,まず、[R2]を確認し、次の計算へ進む。,"Positive expected prose contains Japanese comma/full stop, while the Phase 154 public Narrative contract uses ASCII ', ' and '.'."
R2-00395,tests/test_phase153_r3_5_reference_body_duplicate_suppression.py::test_phase153_r3_5_suppresses_exact_standalone_statement_line,tests/test_phase153_r3_5_reference_body_duplicate_suppression.py,test_phase153_r3_5_suppresses_exact_standalone_statement_line,63,153,current_contract,stale_candidate_high,ascii_prose_punctuation,positive_literal,まず、群構造を確認する。,"Positive expected prose contains Japanese comma/full stop, while the Phase 154 public Narrative contract uses ASCII ', ' and '.'."
R2-00396,tests/test_phase153_r3_5_reference_body_duplicate_suppression.py::test_phase153_r3_5_suppresses_exact_standalone_statement_line,tests/test_phase153_r3_5_reference_body_duplicate_suppression.py,test_phase153_r3_5_suppresses_exact_standalone_statement_line,64,153,current_contract,stale_candidate_high,ascii_prose_punctuation,positive_literal,したがって結論を得る。,"Positive expected prose contains Japanese comma/full stop, while the Phase 154 public Narrative contract uses ASCII ', ' and '.'."
R2-00397,tests/test_phase153_r3_5_reference_body_duplicate_suppression.py::test_phase153_r3_5_compacts_reference_marker_sentence,tests/test_phase153_r3_5_reference_body_duplicate_suppression.py,test_phase153_r3_5_compacts_reference_marker_sentence,86,153,current_contract,stale_candidate_high,ascii_prose_punctuation,positive_literal,また、[R2]を用いる。,"Positive expected prose contains Japanese comma/full stop, while the Phase 154 public Narrative contract uses ASCII ', ' and '.'."
R2-00398,tests/test_phase153_r9_reference_reuse_derivation_suppression.py::test_phase153_r9_pi6_2_reuses_selected_references_without_rederiving_ancestry,tests/test_phase153_r9_reference_reuse_derivation_suppression.py,test_phase153_r9_pi6_2_reuses_selected_references_without_rederiving_ancestry,105,153,current_contract,stale_candidate_high,ascii_prose_punctuation,positive_literal,[R1]を用いる。,"Positive expected prose contains Japanese comma/full stop, while the Phase 154 public Narrative contract uses ASCII ', ' and '.'."
R2-00399,tests/test_phase153_r9_reference_reuse_derivation_suppression.py::test_phase153_r9_pi6_2_reuses_selected_references_without_rederiving_ancestry,tests/test_phase153_r9_reference_reuse_derivation_suppression.py,test_phase153_r9_pi6_2_reuses_selected_references_without_rederiving_ancestry,106,153,current_contract,stale_candidate_high,ascii_prose_punctuation,positive_literal,[R2]を用いる。,"Positive expected prose contains Japanese comma/full stop, while the Phase 154 public Narrative contract uses ASCII ', ' and '.'."
R2-00400,tests/test_phase154_r6_2_repair2_equation_numbering.py::test_phase154_r6_2_repair2_pi6_3_numbered_derivation_uses_ascii_comma,tests/test_phase154_r6_2_repair2_equation_numbering.py,test_phase154_r6_2_repair2_pi6_3_numbered_derivation_uses_ascii_comma,49,154,current_contract,current_compatible,ascii_prose_punctuation,negative_literal,(1) と (2) より、,Negative expectation is aligned with the current ASCII prose-punctuation contract.
R2-00401,tests/test_phase71_probe.py::test_phase71_probe_output_contains_aggregate_type,tests/test_phase71_probe.py,test_phase71_probe_output_contains_aggregate_type,214,71,audit_only,stale_candidate_high,no_internal_fallback_leakage,positive_literal,aggregate type = Toda512DeltaInjectivityStatement,"Positive expected public text contains an internal Statement/type token, which conflicts with the Phase 154 no-fallback-leakage contract."
R2-00402,tests/test_phase73_probe.py::test_phase73_probe_output_contains_aggregate_type,tests/test_phase73_probe.py,test_phase73_probe_output_contains_aggregate_type,223,73,audit_only,stale_candidate_high,no_internal_fallback_leakage,positive_literal,aggregate type = TodaProp511FiniteDimensionalStatement,"Positive expected public text contains an internal Statement/type token, which conflicts with the Phase 154 no-fallback-leakage contract."
R2-00403,tests/test_phase74_probe.py::test_phase74_probe_output_contains_final_result,tests/test_phase74_probe.py,test_phase74_probe_output_contains_final_result,265,74,audit_only,stale_candidate_high,no_internal_fallback_leakage,positive_literal,TodaLemma512Statement,"Positive expected public text contains an internal Statement/type token, which conflicts with the Phase 154 no-fallback-leakage contract."
R2-00404,tests/test_phase75_probe.py::test_phase75_probe_output_contains_aggregate_integration,tests/test_phase75_probe.py,test_phase75_probe_output_contains_aggregate_integration,456,75,audit_only,stale_candidate_high,no_internal_fallback_leakage,positive_literal,TodaProp515FiniteDimensionalStatement,"Positive expected public text contains an internal Statement/type token, which conflicts with the Phase 154 no-fallback-leakage contract."
R2-00405,tests/test_phase78_stable_two_primary_identification.py::test_phase78_5_statement_is_distinct_from_finite_stage_toda45,tests/test_phase78_stable_two_primary_identification.py,test_phase78_5_statement_is_distinct_from_finite_stage_toda45,285,78,current_contract,stale_candidate_high,no_internal_fallback_leakage,positive_literal,Toda45StableTwoPrimaryIdentificationStatement,"Positive expected public text contains an internal Statement/type token, which conflicts with the Phase 154 no-fallback-leakage contract."
R2-00406,tests/test_phase96_final_proof_report_audit.py::test_phase96_12_map_property_narrative_does_not_overstate_exactness_dependency,tests/test_phase96_final_proof_report_audit.py,test_phase96_12_map_property_narrative_does_not_overstate_exactness_dependency,141,96,audit_only,contract_sensitive_review,fixed_snapshot_risk,numeric_fixed_expectation,1,"Fixed numeric expectation appears in an audit/count/snapshot-style test. It is not automatically stale, but it is contract-sensitive and should be reviewed before R3 consolidation."
R2-00407,tests/test_phase96_final_proof_report_audit.py::test_phase96_12_unknown_statement_fallback_is_explicit_and_safe,tests/test_phase96_final_proof_report_audit.py,test_phase96_12_unknown_statement_fallback_is_explicit_and_safe,243,96,audit_only,stale_candidate_high,no_internal_fallback_leakage,positive_literal,`TodaProp56FiniteDimensionalStatement`,"Positive expected public text contains an internal Statement/type token, which conflicts with the Phase 154 no-fallback-leakage contract."
R2-00408,tests/test_phase96_full_proof_report_renderer.py::test_phase96_11_actual_pi9_5_unknown_statements_remain_safe_fallbacks,tests/test_phase96_full_proof_report_renderer.py,test_phase96_11_actual_pi9_5_unknown_statements_remain_safe_fallbacks,286,96,current_contract,stale_candidate_high,no_internal_fallback_leakage,positive_literal,`TodaProp56FiniteDimensionalStatement`,"Positive expected public text contains an internal Statement/type token, which conflicts with the Phase 154 no-fallback-leakage contract."
R2-00409,tests/test_phase96_proof_step_mathematical_narrative.py::test_phase96_10_proof_step_markdown_uses_mathematical_statement_when_supported,tests/test_phase96_proof_step_mathematical_narrative.py,test_phase96_10_proof_step_markdown_uses_mathematical_statement_when_supported,246,96,current_contract,current_compatible,no_internal_fallback_leakage,negative_literal,TodaHopfInvariantZeroStatement,Negative expectation is aligned with the current no-internal-fallback contract.
R2-00410,tests/test_phase96_proof_step_mathematical_narrative.py::test_phase96_10_unknown_aggregate_statement_keeps_safe_type_fallback,tests/test_phase96_proof_step_mathematical_narrative.py,test_phase96_10_unknown_aggregate_statement_keeps_safe_type_fallback,279,96,current_contract,stale_candidate_high,no_internal_fallback_leakage,positive_literal,TodaProp56FiniteDimensionalStatement,"Positive expected public text contains an internal Statement/type token, which conflicts with the Phase 154 no-fallback-leakage contract."
R2-00411,tests/test_phase96_proof_step_mathematical_narrative.py::test_phase96_10_narrative_keeps_unknown_statements_without_inventing_math,tests/test_phase96_proof_step_mathematical_narrative.py,test_phase96_10_narrative_keeps_unknown_statements_without_inventing_math,369,96,current_contract,stale_candidate_high,no_internal_fallback_leakage,positive_literal,`TodaProp56FiniteDimensionalStatement`,"Positive expected public text contains an internal Statement/type token, which conflicts with the Phase 154 no-fallback-leakage contract."
R2-00412,tests/test_relation_rules.py::test_equality_closure_propagates_zero_over_multiple_rounds,tests/test_relation_rules.py,test_equality_closure_propagates_zero_over_multiple_rounds,3070,core,audit_only,contract_sensitive_review,fixed_snapshot_risk,numeric_fixed_expectation,3,"Fixed numeric expectation appears in an audit/count/snapshot-style test. It is not automatically stale, but it is contract-sensitive and should be reviewed before R3 consolidation."
R2-00413,tests/test_relation_rules.py::test_equality_closure_propagates_zero_over_multiple_rounds,tests/test_relation_rules.py,test_equality_closure_propagates_zero_over_multiple_rounds,3072,core,audit_only,contract_sensitive_review,fixed_snapshot_risk,numeric_fixed_expectation,3,"Fixed numeric expectation appears in an audit/count/snapshot-style test. It is not automatically stale, but it is contract-sensitive and should be reviewed before R3 consolidation."
