artifact,disposition,reason_combination,file_count,canonical_reference_count,artifact_reference_count,relevant_text_code_count,canonical_duplicate_count,has_apply,has_payload,has_test,has_run,has_readme,has_audit_or_diagnose,canonical_references,artifact_references,canonical_duplicate_members
apply_phase131_4.py,B_APPLY_OR_PAYLOAD,has_apply+artifact_only_reference,1,0,1,0,0,True,False,False,False,False,False,,PHASE131_4_INSTRUCTIONS.txt,
apply_phase131_5.py,B_APPLY_OR_PAYLOAD,has_apply+artifact_only_reference,1,0,1,0,0,True,False,False,False,False,False,,PHASE131_5_README.txt,
apply_phase132_7.py,B_APPLY_OR_PAYLOAD,has_apply+artifact_only_reference,1,0,1,0,0,True,False,False,False,False,False,,PHASE132_7_README.txt,
apply_phase132_8.py,B_APPLY_OR_PAYLOAD,has_apply+artifact_only_reference,1,0,1,0,0,True,False,False,False,False,False,,PHASE132_8_README.txt,
apply_phase132_9.py,B_APPLY_OR_PAYLOAD,has_apply+artifact_only_reference,1,0,1,0,0,True,False,False,False,False,False,,PHASE132_9_README.txt,
audit_phase112_1a.py,B_UNIQUE_AUDIT_OR_DOC_CONTENT,has_audit_or_diagnose+unique_relevant_content,1,0,0,1,0,False,False,False,False,False,True,,,
audit_phase112_1b.py,B_UNIQUE_AUDIT_OR_DOC_CONTENT,has_audit_or_diagnose+unique_relevant_content,1,0,0,1,0,False,False,False,False,False,True,,,
audit_phase112_1c.py,B_UNIQUE_AUDIT_OR_DOC_CONTENT,has_audit_or_diagnose+unique_relevant_content,1,0,0,1,0,False,False,False,False,False,True,,,
audit_phase141_6_blocks.py,B_UNIQUE_AUDIT_OR_DOC_CONTENT,has_audit_or_diagnose+unique_relevant_content,1,0,0,1,0,False,False,False,False,False,True,,,
audit_phase141_8_roles.py,B_UNIQUE_AUDIT_OR_DOC_CONTENT,has_audit_or_diagnose+unique_relevant_content,1,0,0,1,0,False,False,False,False,False,True,,,
audit_phase141_9_final.py,B_UNIQUE_AUDIT_OR_DOC_CONTENT,has_audit_or_diagnose+unique_relevant_content,1,0,0,1,0,False,False,False,False,False,True,,,
audit_phase143_12_order_subject.py,B_UNIQUE_AUDIT_OR_DOC_CONTENT,has_audit_or_diagnose+unique_relevant_content,1,0,0,1,0,False,False,False,False,False,True,,,
audit_phase144_6_r5_17a.py,B_ARTIFACT_REFERENCE_CHAIN,has_audit_or_diagnose+artifact_only_reference+unique_relevant_content,1,0,4,1,0,False,False,False,False,False,True,,phase144_6_r5_17a_audit_package/README.txt | phase144_6_r5_17a_audit_package/apply_phase144_6_r5_17a.ps1 | phase144_6_r5_17a_audit_package/run_phase144_6_r5_17a.ps1 | phase144_6_r5_17a_r1/run_phase144_6_r5_17a_r1.ps1,
audit_phase144_6_r5_17a_r2.py,B_ARTIFACT_REFERENCE_CHAIN,has_audit_or_diagnose+artifact_only_reference+unique_relevant_content,1,0,1,1,0,False,False,False,False,False,True,,phase144_6_r5_17a_r2/run_phase144_6_r5_17a_r2.ps1,
audit_phase144_6_r5_17a_r3.py,B_ARTIFACT_REFERENCE_CHAIN,has_audit_or_diagnose+artifact_only_reference+unique_relevant_content,1,0,1,1,0,False,False,False,False,False,True,,phase144_6_r5_17a_r3/run_phase144_6_r5_17a_r3.ps1,
audit_phase144_6_r5_17b.py,B_ARTIFACT_REFERENCE_CHAIN,has_audit_or_diagnose+artifact_only_reference+unique_relevant_content,1,0,1,1,0,False,False,False,False,False,True,,phase144_6_r5_17b/run_phase144_6_r5_17b.ps1,
audit_phase144_6_r5_17c.py,B_ARTIFACT_REFERENCE_CHAIN,has_audit_or_diagnose+artifact_only_reference+unique_relevant_content,1,0,1,1,0,False,False,False,False,False,True,,phase144_6_r5_17c/run_phase144_6_r5_17c.ps1,
audit_phase144_6_r5_17d.py,B_ARTIFACT_REFERENCE_CHAIN,has_audit_or_diagnose+artifact_only_reference+unique_relevant_content,1,0,1,1,0,False,False,False,False,False,True,,phase144_6_r5_17d/run_phase144_6_r5_17d.ps1,
audit_phase144_6_r5_17d_r1.py,B_ARTIFACT_REFERENCE_CHAIN,has_audit_or_diagnose+artifact_only_reference+unique_relevant_content,1,0,1,1,0,False,False,False,False,False,True,,phase144_6_r5_17d_r1/run_phase144_6_r5_17d_r1.ps1,
audit_phase144_6_r5_17e.py,B_ARTIFACT_REFERENCE_CHAIN,has_audit_or_diagnose+artifact_only_reference+unique_relevant_content,1,0,1,1,0,False,False,False,False,False,True,,phase144_6_r5_17e/run_phase144_6_r5_17e.ps1,
audit_phase144_6_r5_18.py,B_ARTIFACT_REFERENCE_CHAIN,has_audit_or_diagnose+artifact_only_reference+unique_relevant_content,1,0,1,1,0,False,False,False,False,False,True,,phase144_6_r5_18/run_phase144_6_r5_18.ps1,
audit_phase144_6_r5_19.py,B_ARTIFACT_REFERENCE_CHAIN,has_audit_or_diagnose+artifact_only_reference+unique_relevant_content,1,0,1,1,0,False,False,False,False,False,True,,phase144_6_r5_19/run_phase144_6_r5_19.ps1,
audit_phase144_6_r5_20.py,B_ARTIFACT_REFERENCE_CHAIN,has_audit_or_diagnose+artifact_only_reference+unique_relevant_content,1,0,2,1,0,False,False,False,False,False,True,,phase144_6_r5_20/run_phase144_6_r5_20.ps1 | phase144_6_r5_23_r1/run_phase144_6_r5_23_r1.ps1,
audit_phase144_6_r5_21.py,B_ARTIFACT_REFERENCE_CHAIN,has_audit_or_diagnose+artifact_only_reference+unique_relevant_content,1,0,2,1,0,False,False,False,False,False,True,,phase144_6_r5_21/run_phase144_6_r5_21.ps1 | phase144_6_r5_23_r1/run_phase144_6_r5_23_r1.ps1,
audit_phase144_6_r5_22.py,B_ARTIFACT_REFERENCE_CHAIN,has_audit_or_diagnose+artifact_only_reference+unique_relevant_content,1,0,3,1,0,False,False,False,False,False,True,,phase144_6_r5_22/run_phase144_6_r5_22.ps1 | phase144_6_r5_22_r1/run_phase144_6_r5_22_r1.ps1 | phase144_6_r5_23_r1/run_phase144_6_r5_23_r1.ps1,
audit_phase144_6_r5_23.py,B_ARTIFACT_REFERENCE_CHAIN,has_audit_or_diagnose+artifact_only_reference+unique_relevant_content,1,0,2,1,0,False,False,False,False,False,True,,phase144_6_r5_23/run_phase144_6_r5_23.ps1 | phase144_6_r5_23_r1/run_phase144_6_r5_23_r1.ps1,
audit_phase144_6_r5_24.py,B_ARTIFACT_REFERENCE_CHAIN,has_audit_or_diagnose+artifact_only_reference+unique_relevant_content,1,0,1,1,0,False,False,False,False,False,True,,phase144_6_r5_24/run_phase144_6_r5_24.ps1,
audit_phase144_6_r5_25.py,B_ARTIFACT_REFERENCE_CHAIN,has_audit_or_diagnose+artifact_only_reference+unique_relevant_content,1,0,1,1,0,False,False,False,False,False,True,,phase144_6_r5_25/run_phase144_6_r5_25.ps1,
audit_phase144_6_r5_26.py,B_ARTIFACT_REFERENCE_CHAIN,has_audit_or_diagnose+artifact_only_reference+unique_relevant_content,1,0,1,1,0,False,False,False,False,False,True,,phase144_6_r5_26/run_phase144_6_r5_26.ps1,
audit_phase144_6_r5_27.py,B_ARTIFACT_REFERENCE_CHAIN,has_audit_or_diagnose+artifact_only_reference+unique_relevant_content,1,0,1,1,0,False,False,False,False,False,True,,phase144_6_r5_27/run_phase144_6_r5_27.ps1,
audit_phase144_6_r5_28.py,B_ARTIFACT_REFERENCE_CHAIN,has_audit_or_diagnose+artifact_only_reference+unique_relevant_content,1,0,1,1,0,False,False,False,False,False,True,,phase144_6_r5_28/run_phase144_6_r5_28.ps1,
audit_phase144_6_r5_29.py,B_ARTIFACT_REFERENCE_CHAIN,has_audit_or_diagnose+artifact_only_reference+unique_relevant_content,1,0,1,1,0,False,False,False,False,False,True,,phase144_6_r5_29/run_phase144_6_r5_29.ps1,
audit_phase144_6_r5_30.py,B_ARTIFACT_REFERENCE_CHAIN,has_audit_or_diagnose+artifact_only_reference+unique_relevant_content,1,0,1,1,0,False,False,False,False,False,True,,phase144_6_r5_30/run_phase144_6_r5_30.ps1,
audit_phase144_6_r5_31.py,B_ARTIFACT_REFERENCE_CHAIN,has_audit_or_diagnose+artifact_only_reference+unique_relevant_content,1,0,1,1,0,False,False,False,False,False,True,,phase144_6_r5_31/run_phase144_6_r5_31.ps1,
audit_phase144_6_r5_32.py,B_ARTIFACT_REFERENCE_CHAIN,has_audit_or_diagnose+artifact_only_reference+unique_relevant_content,1,0,1,1,0,False,False,False,False,False,True,,phase144_6_r5_32/run_phase144_6_r5_32.ps1,
audit_phase144_6_r5_33.py,B_ARTIFACT_REFERENCE_CHAIN,has_audit_or_diagnose+artifact_only_reference+unique_relevant_content,1,0,1,1,0,False,False,False,False,False,True,,phase144_6_r5_33/run_phase144_6_r5_33.ps1,
audit_phase144_6_r5_34.py,B_ARTIFACT_REFERENCE_CHAIN,has_audit_or_diagnose+artifact_only_reference+unique_relevant_content,1,0,1,1,0,False,False,False,False,False,True,,phase144_6_r5_34/run_phase144_6_r5_34.ps1,
audit_phase144_6_r5_35.py,B_ARTIFACT_REFERENCE_CHAIN,has_audit_or_diagnose+artifact_only_reference+unique_relevant_content,1,0,1,1,0,False,False,False,False,False,True,,phase144_6_r5_35/run_phase144_6_r5_35.ps1,
audit_phase144_6_r5_36.py,B_ARTIFACT_REFERENCE_CHAIN,has_audit_or_diagnose+artifact_only_reference+unique_relevant_content,1,0,1,1,0,False,False,False,False,False,True,,phase144_6_r5_36/run_phase144_6_r5_36.ps1,
audit_phase144_6_r5_37.py,B_ARTIFACT_REFERENCE_CHAIN,has_audit_or_diagnose+artifact_only_reference+unique_relevant_content,1,0,1,1,0,False,False,False,False,False,True,,phase144_6_r5_37/run_phase144_6_r5_37.ps1,
audit_phase144_6_r5_38.py,B_ARTIFACT_REFERENCE_CHAIN,has_audit_or_diagnose+artifact_only_reference+unique_relevant_content,1,0,2,1,0,False,False,False,False,False,True,,phase144_6_r5_38/run_phase144_6_r5_38.ps1 | phase144_6_r5_38_r2/run_phase144_6_r5_38_r2.ps1,
audit_phase144_6_r5_39.py,B_ARTIFACT_REFERENCE_CHAIN,has_audit_or_diagnose+artifact_only_reference+unique_relevant_content,1,0,3,1,0,False,False,False,False,False,True,,phase144_6_r5_39/run_phase144_6_r5_39.ps1 | phase144_6_r5_39_r2/run_phase144_6_r5_39_r2.ps1 | phase144_6_r5_39_r3/run_phase144_6_r5_39_r3.ps1,
audit_phase144_6_r5_40.py,B_ARTIFACT_REFERENCE_CHAIN,has_audit_or_diagnose+artifact_only_reference+unique_relevant_content,1,0,2,1,0,False,False,False,False,False,True,,phase144_6_r5_40/README.txt | phase144_6_r5_40/run_phase144_6_r5_40.ps1,
audit_phase144_6_r5_41.py,B_ARTIFACT_REFERENCE_CHAIN,has_audit_or_diagnose+artifact_only_reference+unique_relevant_content,1,0,2,1,0,False,False,False,False,False,True,,phase144_6_r5_41/README.txt | phase144_6_r5_41/run_phase144_6_r5_41.ps1,
audit_phase144_6_r5_43_1.py,B_ARTIFACT_REFERENCE_CHAIN,has_audit_or_diagnose+artifact_only_reference+unique_relevant_content,1,0,1,1,0,False,False,False,False,False,True,,phase144_6_r5_43_1_pi6_connected_narrative_output_audit/run_phase144_6_r5_43_1.ps1,
audit_phase144_6_r5_43_11.py,B_ARTIFACT_REFERENCE_CHAIN,has_audit_or_diagnose+artifact_only_reference+unique_relevant_content,1,0,2,1,0,False,False,False,False,False,True,,phase144_6_r5_43_11_completion_cross_group_narrative_audit/run_phase144_6_r5_43_11.ps1 | phase144_6_r5_43_11_r2_visibility_aware_completion_audit/run_phase144_6_r5_43_11_r2.ps1,
audit_phase144_6_r5_43_11a.py,B_ARTIFACT_REFERENCE_CHAIN,has_audit_or_diagnose+artifact_only_reference+unique_relevant_content,1,0,1,1,0,False,False,False,False,False,True,,phase144_6_r5_43_11a_insertion_failure_classification_audit/run_phase144_6_r5_43_11a.ps1,
audit_phase144_6_r5_43_11b.py,B_ARTIFACT_REFERENCE_CHAIN,has_audit_or_diagnose+artifact_only_reference+unique_relevant_content,1,0,1,1,0,False,False,False,False,False,True,,phase144_6_r5_43_11b_detached_argument_boundary_audit/run_phase144_6_r5_43_11b.ps1,
audit_phase144_6_r5_43_11d.py,B_ARTIFACT_REFERENCE_CHAIN,has_audit_or_diagnose+artifact_only_reference+unique_relevant_content,1,0,5,1,0,False,False,False,False,False,True,,phase144_6_finalization_r25_30_boundary_gate_r1/README.txt | phase144_6_r25_12_local_190_192_focused_audit/phase144_6_r25_12_local_diff_report.txt | phase144_6_r5_43_11d_final_completion_audit/run_phase144_6_r5_43_11d.ps1 | phase144_final_historical_snapshot_repair_r3/README.txt | phase144_final_historical_snapshot_repair_r3/apply_phase144_final_historical_snapshot_repair_r3.py,
audit_phase144_6_r5_43_2.py,B_ARTIFACT_REFERENCE_CHAIN,has_audit_or_diagnose+artifact_only_reference+unique_relevant_content,1,0,1,1,0,False,False,False,False,False,True,,phase144_6_r5_43_2_placement_aware_contribution_insertion/run_phase144_6_r5_43_2.ps1,
audit_phase144_6_r5_43_3.py,B_ARTIFACT_REFERENCE_CHAIN,has_audit_or_diagnose+artifact_only_reference+unique_relevant_content,1,0,1,1,0,False,False,False,False,False,True,,phase144_6_r5_43_3_contribution_transition_prose_audit/run_phase144_6_r5_43_3.ps1,
audit_phase144_6_r5_43_4.py,B_ARTIFACT_REFERENCE_CHAIN,has_audit_or_diagnose+artifact_only_reference+unique_relevant_content,1,0,1,1,0,False,False,False,False,False,True,,phase144_6_r5_43_4_dependency_aware_contribution_connector/run_phase144_6_r5_43_4.ps1,
audit_phase144_6_r5_43_5.py,B_ARTIFACT_REFERENCE_CHAIN,has_audit_or_diagnose+artifact_only_reference+unique_relevant_content,1,0,2,1,0,False,False,False,False,False,True,,phase144_6_r5_43_5_r2_shortest_path_reconstruction_repair/run_phase144_6_r5_43_5_r2.ps1 | phase144_6_r5_43_5_transitive_contribution_chain_audit/run_phase144_6_r5_43_5.ps1,
audit_phase144_6_r5_43_6.py,B_ARTIFACT_REFERENCE_CHAIN,has_audit_or_diagnose+artifact_only_reference+unique_relevant_content,1,0,1,1,0,False,False,False,False,False,True,,phase144_6_r5_43_6_hidden_bridge_classification_audit/run_phase144_6_r5_43_6.ps1,
audit_phase144_6_r5_43_7.py,B_ARTIFACT_REFERENCE_CHAIN,has_audit_or_diagnose+artifact_only_reference+unique_relevant_content,1,0,1,1,0,False,False,False,False,False,True,,phase144_6_r5_43_7_hidden_bridge_semantic_classification_foundation/run_phase144_6_r5_43_7.ps1,
audit_phase144_6_r5_43_8.py,B_ARTIFACT_REFERENCE_CHAIN,has_audit_or_diagnose+artifact_only_reference+unique_relevant_content,1,0,1,1,0,False,False,False,False,False,True,,phase144_6_r5_43_8_transport_chain_narrative_compression_audit/run_phase144_6_r5_43_8.ps1,
audit_phase144_6_r5_43_9.py,B_ARTIFACT_REFERENCE_CHAIN,has_audit_or_diagnose+artifact_only_reference+unique_relevant_content,1,0,3,1,0,False,False,False,False,False,True,,phase144_6_r5_43_9_r2_powershell_copy_item_repair/README_R2.txt | phase144_6_r5_43_9_r2_powershell_copy_item_repair/run_phase144_6_r5_43_9.ps1 | phase144_6_r5_43_9_transport_chain_compression_prose_design_audit/run_phase144_6_r5_43_9.ps1,
phase106_1_baseline_report.json,B_UNIQUE_AUDIT_OR_DOC_CONTENT,unique_relevant_content,1,0,0,1,0,False,False,False,False,False,False,,,
phase106_2_applicability_scale_duplication_report.json,B_UNIQUE_AUDIT_OR_DOC_CONTENT,unique_relevant_content,1,0,0,1,0,False,False,False,False,False,False,,,
phase106_3_relevant_scope_prefilter_semantic_report.json,B_UNIQUE_AUDIT_OR_DOC_CONTENT,unique_relevant_content,1,0,0,1,0,False,False,False,False,False,False,,,
phase106_3a_same_graph_prefilter_semantic_report.json,B_UNIQUE_AUDIT_OR_DOC_CONTENT,unique_relevant_content,1,0,0,1,0,False,False,False,False,False,False,,,
phase130_11_backup,B_UNIQUE_AUDIT_OR_DOC_CONTENT,unique_relevant_content,1,0,0,1,0,False,False,False,False,False,False,,,
phase130_4_backup,B_UNIQUE_AUDIT_OR_DOC_CONTENT,unique_relevant_content,1,0,0,1,0,False,False,False,False,False,False,,,
phase130_6_backup,B_UNIQUE_AUDIT_OR_DOC_CONTENT,unique_relevant_content,1,0,0,1,0,False,False,False,False,False,False,,,
phase130_8_backup,B_UNIQUE_AUDIT_OR_DOC_CONTENT,unique_relevant_content,2,0,0,2,0,False,False,False,False,False,False,,,
PHASE131_4_INSTRUCTIONS.txt,B_UNIQUE_AUDIT_OR_DOC_CONTENT,unique_relevant_content,1,0,0,1,0,False,False,False,False,False,False,,,
PHASE131_5_README.txt,B_UNIQUE_AUDIT_OR_DOC_CONTENT,unique_relevant_content,1,0,0,1,0,False,False,False,False,False,False,,,
PHASE132_4_README.txt,B_UNIQUE_AUDIT_OR_DOC_CONTENT,unique_relevant_content,1,0,0,1,0,False,False,False,False,False,False,,,
PHASE132_5_README.txt,B_UNIQUE_AUDIT_OR_DOC_CONTENT,unique_relevant_content,1,0,0,1,0,False,False,False,False,False,False,,,
PHASE132_6_README.txt,B_UNIQUE_AUDIT_OR_DOC_CONTENT,unique_relevant_content,1,0,0,1,0,False,False,False,False,False,False,,,
PHASE132_7_README.txt,B_UNIQUE_AUDIT_OR_DOC_CONTENT,unique_relevant_content,1,0,0,1,0,False,False,False,False,False,False,,,
PHASE132_8_README.txt,B_UNIQUE_AUDIT_OR_DOC_CONTENT,unique_relevant_content,1,0,0,1,0,False,False,False,False,False,False,,,
PHASE132_9_README.txt,B_UNIQUE_AUDIT_OR_DOC_CONTENT,unique_relevant_content,1,0,0,1,0,False,False,False,False,False,False,,,
PHASE142_2_README.md,B_UNIQUE_AUDIT_OR_DOC_CONTENT,unique_relevant_content,1,0,0,1,0,False,False,False,False,False,False,,,
PHASE142_3_FIX1_README.md,B_UNIQUE_AUDIT_OR_DOC_CONTENT,unique_relevant_content,1,0,0,1,0,False,False,False,False,False,False,,,
phase143_10,C_SAVE_CANONICAL_REFERENCE,has_apply+has_test+has_audit_or_diagnose+artifact_only_reference+canonical_reference+unique_relevant_content,3,2,2,2,1,True,False,True,False,False,True,tests/test_phase143_10_fix1_compatibility.py | tests/test_phase143_10_local_argument_boundaries.py,phase143_10_fix1/tests/test_phase143_10_fix1_compatibility.py | phase143_10_fix2/apply_phase143_10_fix2.py,phase143_10/tests/test_phase143_10_local_argument_boundaries.py
phase143_10_fix1,C_SAVE_CANONICAL_REFERENCE,has_apply+has_test+artifact_only_reference+canonical_reference+unique_relevant_content,2,1,1,1,0,True,False,True,False,False,False,tests/test_phase143_10_fix1_compatibility.py,phase143_10_fix2/apply_phase143_10_fix2.py,
phase143_10_fix2,B_APPLY_OR_PAYLOAD,has_apply,1,0,0,0,0,True,False,False,False,False,False,,,
phase143_12,C_SAVE_CANONICAL_REFERENCE,has_apply+has_test+has_audit_or_diagnose+artifact_only_reference+canonical_reference+unique_relevant_content,3,7,13,2,1,True,False,True,False,False,True,tests/test_phase143_12_fix2_order_subject.py | tests/test_phase143_12_fix2b_order_subject.py | tests/test_phase143_12_fix2c_order_subject.py | tests/test_phase143_12_purpose_subject.py | tests/test_phase143_13_purpose_sentence.py | tests/test_phase143_15_argument_ordering.py | tests/test_phase143_17_argument_discourse.py,phase143_12_fix2/audit_phase143_12_fix2.py | phase143_12_fix2/tests/test_phase143_12_fix2_order_subject.py | phase143_12_fix2b/audit_phase143_12_fix2b.py | phase143_12_fix2b/tests/test_phase143_12_fix2b_order_subject.py | phase143_12_fix2c/audit_phase143_12_fix2c.py | phase143_12_fix2c/tests/test_phase143_12_fix2c_order_subject.py | phase143_13/audit_phase143_13.py | phase143_13/tests/test_phase143_13_purpose_sentence.py | phase143_15/audit_phase143_15.py | phase143_15/tests/test_phase143_15_argument_ordering.py | phase143_17/audit_phase143_17.py | phase143_17/tests/test_phase143_17_argument_discourse.py | phase144_6_final_regression_repair_r5/tests/test_phase143_15_argument_ordering.py,phase143_12/tests/test_phase143_12_purpose_subject.py
phase143_12_fix1,B_APPLY_OR_PAYLOAD,has_apply,1,0,0,0,0,True,False,False,False,False,False,,,
phase143_12_fix2,C_SAVE_CANONICAL_REFERENCE,has_apply+has_test+has_audit_or_diagnose+artifact_only_reference+canonical_reference+unique_relevant_content,3,3,2,2,1,True,False,True,False,False,True,tests/test_phase143_12_fix2_order_subject.py | tests/test_phase143_12_fix2b_order_subject.py | tests/test_phase143_12_fix2c_order_subject.py,phase143_12_fix2b/tests/test_phase143_12_fix2b_order_subject.py | phase143_12_fix2c/tests/test_phase143_12_fix2c_order_subject.py,phase143_12_fix2/tests/test_phase143_12_fix2_order_subject.py
phase143_12_fix2b,C_SAVE_CANONICAL_REFERENCE,has_apply+has_test+has_audit_or_diagnose+canonical_reference+unique_relevant_content,3,1,0,2,1,True,False,True,False,False,True,tests/test_phase143_12_fix2b_order_subject.py,,phase143_12_fix2b/tests/test_phase143_12_fix2b_order_subject.py
phase143_12_fix2c,C_SAVE_CANONICAL_REFERENCE,has_apply+has_test+has_audit_or_diagnose+canonical_reference+unique_relevant_content,3,1,0,2,1,True,False,True,False,False,True,tests/test_phase143_12_fix2c_order_subject.py,,phase143_12_fix2c/tests/test_phase143_12_fix2c_order_subject.py
phase143_13,C_SAVE_CANONICAL_REFERENCE,has_apply+has_test+has_audit_or_diagnose+canonical_reference+unique_relevant_content,4,1,0,3,1,True,False,True,False,False,True,tests/test_phase143_13_purpose_sentence.py,,phase143_13/tests/test_phase143_13_purpose_sentence.py
phase143_15,C_SAVE_CANONICAL_REFERENCE,has_apply+has_test+has_audit_or_diagnose+artifact_only_reference+canonical_reference+unique_relevant_content,4,1,4,3,1,True,False,True,False,False,True,tests/test_phase143_15_argument_ordering.py,phase144_6_final_regression_repair_r5/README.md | phase144_6_final_regression_repair_r5/run_phase144_6_final_regression_repair_r5.ps1 | phase144_6_final_regression_repair_r5/tests/test_phase143_15_argument_ordering.py | phase144_6_r25_12_local_190_192_focused_audit/phase144_6_r25_12_local_diff_report.txt,phase143_15/toda_group_proof_narrative_argument_ordering.py
phase143_17,C_SAVE_CANONICAL_REFERENCE,has_apply+has_test+has_audit_or_diagnose+artifact_only_reference+canonical_reference+unique_relevant_content,4,1,4,3,1,True,False,True,False,False,True,tests/test_phase143_17_argument_discourse.py,phase144_6_final_regression_repair_r10/README.md | phase144_6_final_regression_repair_r10/apply_phase144_6_final_regression_repair_r10.py | phase144_6_final_regression_repair_r10/run_phase144_6_final_regression_repair_r10.ps1 | phase144_6_r25_12_local_190_192_focused_audit/phase144_6_r25_12_local_diff_report.txt,phase143_17/toda_group_proof_narrative_argument_discourse.py
phase143_19,C_SAVE_CANONICAL_REFERENCE,has_apply+has_test+has_audit_or_diagnose+artifact_only_reference+canonical_reference+unique_relevant_content,4,50,125,3,1,True,False,True,False,False,True,tests/test_phase133_7_group_proof_narrative_labels.py | tests/test_phase134_3_pi6_3_numbered_narrative.py | tests/test_phase134_5_pi6_3_reference_fact_split.py | tests/test_phase134_6_pi6_3_mathbook_narrative.py | tests/test_phase134_7_pi6_3_final_narrative.py | tests/test_phase134_9_pi6_3_snapshot.py | tests/test_phase136_1_pi6_3_narrative_prose.py | tests/test_phase136_2_pi6_3_narrative_structure.py | tests/test_phase143_19_method_evidence.py | tests/test_phase143_22_exactness_components.py | tests/test_phase143_25_relevant_groups.py | tests/test_phase143_26_exactness_relevance.py | tests/test_phase143_28_exactness_selection.py | tests/test_phase143_30_exactness_method_transition.py | tests/test_phase143_32_exactness_component_latex.py | tests/test_phase143_34_argument_header_method.py | tests/test_phase143_36_argument_body_blocks.py | tests/test_phase143_38_exactness_display_contributions.py | tests/test_phase143_39_exactness_contribution_ownership.py | tests/test_phase143_41_argument_local_body.py | tests/test_phase143_42_argument_body_contribution_renderer.py | tests/test_phase143_44_single_argument_narrative_renderer.py | tests/test_phase143_46_multi_argument_narrative_assembler.py | tests/test_phase143_47_multi_argument_shared_contribution_dedup.py | tests/test_phase143_49_dependency_label_narrative_policy.py | tests/test_phase143_50_generic_statement_prose_renderer.py | tests/test_phase143_51a_r_provenance_semantic_catalog.py | tests/test_phase143_51b_aggregate_statement_prose.py | tests/test_phase143_53a_narrative_transitions.py | tests/test_phase143_53a_r_aggregate_derivation.py | tests/test_phase143_53b_r_conclusion_aware_connector.py | tests/test_phase143_53b_transition_connectors.py | tests/test_phase143_55a_argument_conclusion_step.py | tests/test_phase143_55b_conclusion_step_ordering.py | tests/test_phase143_57a_step_calculation_chain.py | tests/test_phase143_57c_step_derivation_connector.py | tests/test_phase143_58a_negative_scalar_sum.py | tests/test_phase143_59b_group_structure_duplicate_suppression.py | tests/test_phase143_61a_argument_conclusion_direct_premises.py | tests/test_phase143_61b_direct_premise_narrative.py | tests/test_phase143_61b_r_semantic_suppression_priority.py | tests/test_phase143_63a_r_exactness_repair.py | tests/test_phase143_63a_residual_fallback_provenance.py | tests/test_phase143_71a_eta_definition_visibility.py | tests/test_phase144_5_generic_definition_order_equations.py | tests/test_phase144_6_pi6_generic_production_route.py | tests/test_phase144_6_public_route_cutover.py | tests/test_phase144_6_r25_9a_pi5_suppression.py | tests/test_phase144_6_r25_9a_r1_relocation_hidden.py | tests/test_phase144_6_r4_supporting_fact_filtering.py,phase143_22/audit_phase143_22.py | phase143_22/tests/test_phase143_22_exactness_components.py | phase143_25/audit_phase143_25.py | phase143_25/tests/test_phase143_25_relevant_groups.py | phase143_26/audit_phase143_26.py | phase143_26/tests/test_phase143_26_exactness_relevance.py | phase143_28/audit_phase143_28.py | phase143_28/tests/test_phase143_28_exactness_selection.py | phase143_30/audit_phase143_30.py | phase143_30/tests/test_phase143_30_exactness_method_transition.py | phase143_32/audit_phase143_32.py | phase143_32/tests/test_phase143_32_exactness_component_latex.py | phase143_32_fix/tests/test_phase143_32_exactness_component_latex.py | phase143_34/audit_phase143_34.py | phase143_34/tests/test_phase143_34_argument_header_method.py | phase143_36/audit_phase143_36.py | phase143_36/tests/test_phase143_36_argument_body_blocks.py | phase143_36a/audit_phase143_36a.py | phase143_36a/tests/test_phase143_36_argument_body_blocks.py | phase143_38/audit_phase143_38.py | phase143_38/tests/test_phase143_38_exactness_display_contributions.py | phase143_39/audit_phase143_39.py | phase143_39/tests/test_phase143_39_exactness_contribution_ownership.py | phase143_41/audit_phase143_41.py | phase143_41/tests/test_phase143_41_argument_local_body.py | phase143_42/audit_phase143_42.py | phase143_42/tests/test_phase143_42_argument_body_contribution_renderer.py | phase143_44/audit_phase143_44.py | phase143_44/tests/test_phase143_44_single_argument_narrative_renderer.py | phase143_45/audit_phase143_45.py | phase143_46/audit_phase143_46.py | phase143_46/tests/test_phase143_46_multi_argument_narrative_assembler.py | phase143_47/audit_phase143_47.py | phase143_47_impl/audit_phase143_47_impl.py | phase143_47_impl/tests/test_phase143_47_multi_argument_shared_contribution_dedup.py | phase143_48/audit_phase143_48.py | phase143_49_impl/audit_phase143_49.py | phase143_49_impl/tests/test_phase143_49_dependency_label_narrative_policy.py | phase143_50R/tests/test_phase143_42_argument_body_contribution_renderer.py | phase143_50R/tests/test_phase143_47_multi_argument_shared_contribution_dedup.py | phase143_50_impl/audit_phase143_50.py | phase143_50_impl/tests/test_phase143_50_generic_statement_prose_renderer.py | phase143_51A_R_impl/audit_phase143_51A_R.py | phase143_51A_R_impl/tests/test_phase143_51a_r_provenance_semantic_catalog.py | phase143_51A_impl/audit_phase143_51A.py | phase143_51A_impl/tests/test_phase143_51a_structured_fallback_and_provenance.py | phase143_51B_impl/audit_phase143_51B.py | phase143_51B_impl/tests/test_phase143_51b_aggregate_statement_prose.py | phase143_51_audit/audit_phase143_51.py | phase143_53A_R_fix/audit_phase143_53A_R.py | phase143_53A_R_fix/tests/test_phase143_53a_r_aggregate_derivation.py | phase143_53A_R_impl/audit_phase143_53A_R.py | phase143_53A_R_impl/tests/test_phase143_53a_r_aggregate_derivation.py | phase143_53A_impl/audit_phase143_53A.py | phase143_53A_impl/tests/test_phase143_53a_narrative_transitions.py | phase143_53B_R_impl/audit_phase143_53B_R.py | phase143_53B_R_impl/tests/test_phase143_53b_r_conclusion_aware_connector.py | phase143_53B_impl/audit_phase143_53B.py | phase143_53B_impl/tests/test_phase143_53b_transition_connectors.py | phase143_55A_impl/audit_phase143_55A.py | phase143_55A_impl/tests/test_phase143_55a_argument_conclusion_step.py | phase143_55B_impl/audit_phase143_55B.py | phase143_55B_impl/tests/test_phase143_55b_conclusion_step_ordering.py | phase143_57A_impl/audit_phase143_57A.py | phase143_57A_impl/tests/test_phase143_57a_step_calculation_chain.py | phase143_57C_impl/audit_phase143_57C.py | phase143_57C_impl/tests/test_phase143_57c_step_derivation_connector.py | phase143_58A_impl/audit_phase143_58A.py | phase143_58A_impl/tests/test_phase143_58a_negative_scalar_sum.py | phase143_59B_impl/audit_phase143_59B.py | phase143_59B_impl/tests/test_phase143_59b_group_structure_duplicate_suppression.py | phase143_61A_impl/audit_phase143_61A.py | phase143_61A_impl/tests/test_phase143_61a_argument_conclusion_direct_premises.py | phase143_61B_R_impl/audit_phase143_61B_R.py | phase143_61B_R_impl/tests/test_phase143_61b_direct_premise_narrative.py | phase143_61B_R_impl/tests/test_phase143_61b_r_semantic_suppression_priority.py | phase143_61B_impl/audit_phase143_61B.py | phase143_61B_impl/tests/test_phase143_61b_direct_premise_narrative.py | phase143_63A_R_impl/audit_phase143_63A_R.py | phase143_63A_R_impl/tests/test_phase143_63a_r_exactness_repair.py | phase143_63A_R_impl/tests/test_phase143_63a_residual_fallback_provenance.py | phase143_63A_impl/audit_phase143_63A.py | phase143_63A_impl/tests/test_phase143_63a_residual_fallback_provenance.py | phase143_71a_impl/audit_phase143_71a.py | phase143_71a_impl/tests/test_phase143_71a_eta_definition_visibility.py | phase143_71a_r_fix/audit_phase143_71a.py | phase143_71a_r_fix/tests/test_phase143_71a_eta_definition_visibility.py | phase143_75ap_r17_completion_audit_r3/README.txt | phase143_75ap_r17_completion_audit_r3/audit.py | phase144_5_generic_definition_order_equations/preview_phase144_5.py | phase144_5_generic_definition_order_equations/test_phase144_5_generic_definition_order_equations.py | phase144_5_r1_test_fix/test_phase144_5_generic_definition_order_equations.py | phase144_5_r2_generic_equation_references/preview_phase144_5_r2.py | phase144_5_r2_generic_equation_references/test_phase144_5_generic_definition_order_equations.py | phase144_6_final_full_suite_r4/README.txt | phase144_6_final_full_suite_r4/run_phase144_6_final_full_suite_r4.ps1 | phase144_6_final_regression_repair/tests/test_phase133_7_group_proof_narrative_labels.py | phase144_6_final_regression_repair/tests/test_phase134_3_pi6_3_numbered_narrative.py | phase144_6_final_regression_repair/tests/test_phase134_5_pi6_3_reference_fact_split.py | phase144_6_final_regression_repair/tests/test_phase134_6_pi6_3_mathbook_narrative.py | phase144_6_final_regression_repair/tests/test_phase134_7_pi6_3_final_narrative.py | phase144_6_final_regression_repair/tests/test_phase134_9_pi6_3_snapshot.py | phase144_6_final_regression_repair/tests/test_phase136_1_pi6_3_narrative_prose.py | phase144_6_final_regression_repair/tests/test_phase136_2_pi6_3_narrative_structure.py | phase144_6_final_regression_repair_r2/README.txt | phase144_6_final_regression_repair_r2/run_phase144_6_final_regression_repair_r2.ps1 | phase144_6_finalization_r25_30_boundary_gate_r2/README.txt | phase144_6_finalization_r25_30_boundary_gate_r2/run_phase144_6_finalization_r25_30_boundary_gate_r2.ps1 | phase144_6_pi6_generic_production_route/test_phase144_6_pi6_generic_production_route.py | phase144_6_public_route_cutover/payload/tests/test_phase144_6_public_route_cutover.py | phase144_6_public_route_cutover_r2/README.txt | phase144_6_public_route_cutover_r2/payload/tests/test_phase144_6_public_route_cutover.py | phase144_6_r1_cli_depth_fix/test_phase144_6_pi6_generic_production_route.py | phase144_6_r25_24_method_evidence_minimal_ownership_boundary/run_phase144_6_r25_24.ps1 | phase144_6_r25_25_ownership_pipeline_diagnosis/run_phase144_6_r25_25.ps1 | phase144_6_r25_9a_pi5_suppression_isolated_repair/test_phase144_6_r25_9a_pi5_suppression.py | phase144_6_r25_9a_r1_r2_test_api_fix/test_phase144_6_r25_9a_r1_relocation_hidden.py | phase144_6_r4_definition_dependency_audit/audit_phase144_6_r4_definition_dependencies.py | phase144_6_r4_frontier_filter_impl/preview_phase144_6_r4.py | phase144_6_r4_frontier_filter_impl/test_phase144_6_r4_supporting_fact_filtering.py | phase144_final_regression_repair_r1/payload/tests/test_phase144_6_pi6_generic_production_route.py | phase144_r2_final_repository_wide_pytest/run_phase144_r2_final_repository_wide_pytest.ps1 | phase144_r2_final_repository_wide_pytest_r2/run_phase144_r2_final_repository_wide_pytest_r2.ps1 | phase144_repository_wide_pytest/run_phase144_repository_wide_pytest.ps1 | phase144_repository_wide_pytest_r1/run_phase144_repository_wide_pytest_r1.ps1,phase143_19/tests/test_phase143_19_method_evidence.py
PHASE143_1_README.md,B_UNIQUE_AUDIT_OR_DOC_CONTENT,unique_relevant_content,1,0,0,1,0,False,False,False,False,False,False,,,
phase143_22,C_SAVE_CANONICAL_REFERENCE,has_apply+has_test+has_audit_or_diagnose+artifact_only_reference+canonical_reference+unique_relevant_content,4,1,2,3,2,True,False,True,False,False,True,tests/test_phase143_22_exactness_components.py,phase144_6_r25_24_method_evidence_minimal_ownership_boundary/run_phase144_6_r25_24.ps1 | phase144_6_r25_25_ownership_pipeline_diagnosis/run_phase144_6_r25_25.ps1,phase143_22/tests/test_phase143_22_exactness_components.py | phase143_22/toda_group_proof_narrative_exactness_components.py
phase143_25,C_SAVE_CANONICAL_REFERENCE,has_apply+has_test+has_audit_or_diagnose+canonical_reference+unique_relevant_content,4,1,0,3,2,True,False,True,False,False,True,tests/test_phase143_25_relevant_groups.py,,phase143_25/tests/test_phase143_25_relevant_groups.py | phase143_25/toda_group_proof_narrative_relevant_groups.py
phase143_26,C_SAVE_CANONICAL_REFERENCE,has_apply+has_test+has_audit_or_diagnose+artifact_only_reference+canonical_reference+unique_relevant_content,4,1,1,3,2,True,False,True,False,False,True,tests/test_phase143_26_exactness_relevance.py,phase144_6_r25_24_method_evidence_minimal_ownership_boundary/run_phase144_6_r25_24.ps1,phase143_26/tests/test_phase143_26_exactness_relevance.py | phase143_26/toda_group_proof_narrative_exactness_relevance.py
phase143_28,C_SAVE_CANONICAL_REFERENCE,has_apply+has_test+has_audit_or_diagnose+artifact_only_reference+canonical_reference+unique_relevant_content,4,1,1,3,2,True,False,True,False,False,True,tests/test_phase143_28_exactness_selection.py,phase144_6_r25_24_method_evidence_minimal_ownership_boundary/run_phase144_6_r25_24.ps1,phase143_28/tests/test_phase143_28_exactness_selection.py | phase143_28/toda_group_proof_narrative_exactness_selection.py
phase143_30,C_SAVE_CANONICAL_REFERENCE,has_apply+has_test+has_audit_or_diagnose+canonical_reference+unique_relevant_content,4,1,0,3,1,True,False,True,False,False,True,tests/test_phase143_30_exactness_method_transition.py,,phase143_30/tests/test_phase143_30_exactness_method_transition.py
phase143_32,C_SAVE_CANONICAL_REFERENCE,has_apply+has_test+has_audit_or_diagnose+artifact_only_reference+canonical_reference+unique_relevant_content,4,1,2,3,1,True,False,True,False,False,True,tests/test_phase143_32_exactness_component_latex.py,phase143_32_fix/apply_phase143_32_fix.py | phase143_32_fix/tests/test_phase143_32_exactness_component_latex.py,phase143_32/tests/test_phase143_32_exactness_component_latex.py
phase143_32_fix,B_APPLY_OR_PAYLOAD,has_apply+has_test+all_relevant_content_canonical_duplicate,3,0,0,2,2,True,False,True,False,False,False,,,phase143_32_fix/tests/test_phase143_32_exactness_component_latex.py | phase143_32_fix/toda_group_proof_narrative_exactness_method_renderer.py
phase143_34,C_SAVE_CANONICAL_REFERENCE,has_apply+has_test+has_audit_or_diagnose+canonical_reference+unique_relevant_content,4,1,0,3,2,True,False,True,False,False,True,tests/test_phase143_34_argument_header_method.py,,phase143_34/tests/test_phase143_34_argument_header_method.py | phase143_34/toda_group_proof_narrative_argument_renderer.py
phase143_36,C_SAVE_CANONICAL_REFERENCE,has_apply+has_test+has_audit_or_diagnose+artifact_only_reference+canonical_reference+unique_relevant_content,4,1,3,3,0,True,False,True,False,False,True,tests/test_phase143_36_argument_body_blocks.py,phase143_36a/apply_phase143_36a.py | phase143_36a/tests/test_phase143_36_argument_body_blocks.py | phase144_6_r25_24_method_evidence_minimal_ownership_boundary/run_phase144_6_r25_24.ps1,
phase143_36a,C_SAVE_CANONICAL_REFERENCE,has_apply+has_test+has_audit_or_diagnose+canonical_reference+unique_relevant_content,4,1,0,3,2,True,False,True,False,False,True,tests/test_phase143_36_argument_body_blocks.py,,phase143_36a/tests/test_phase143_36_argument_body_blocks.py | phase143_36a/toda_group_proof_narrative_argument_body.py
phase143_38,C_SAVE_CANONICAL_REFERENCE,has_apply+has_test+has_audit_or_diagnose+canonical_reference+unique_relevant_content,4,1,0,3,2,True,False,True,False,False,True,tests/test_phase143_38_exactness_display_contributions.py,,phase143_38/tests/test_phase143_38_exactness_display_contributions.py | phase143_38/toda_group_proof_narrative_exactness_display_contributions.py
phase143_39,C_SAVE_CANONICAL_REFERENCE,has_apply+has_test+has_audit_or_diagnose+artifact_only_reference+canonical_reference+unique_relevant_content,4,1,2,3,2,True,False,True,False,False,True,tests/test_phase143_39_exactness_contribution_ownership.py,phase144_6_r25_24_method_evidence_minimal_ownership_boundary/run_phase144_6_r25_24.ps1 | phase144_6_r25_25_ownership_pipeline_diagnosis/run_phase144_6_r25_25.ps1,phase143_39/tests/test_phase143_39_exactness_contribution_ownership.py | phase143_39/toda_group_proof_narrative_exactness_contribution_ownership.py
phase143_3_fix2,B_APPLY_OR_PAYLOAD,has_apply,1,0,0,0,0,True,False,False,False,False,False,,,
phase143_41,C_SAVE_CANONICAL_REFERENCE,has_apply+has_test+has_audit_or_diagnose+artifact_only_reference+canonical_reference+unique_relevant_content,4,1,10,3,2,True,False,True,False,False,True,tests/test_phase143_41_argument_local_body.py,phase144_6_r25_26_dependency_source_closure_audit/run_phase144_6_r25_26.ps1 | phase144_6_r25_27_proof_edge_ownership_boundary_audit/run_phase144_6_r25_27.ps1 | phase144_6_r25_27_r2_boundary_harness_repair/run_phase144_6_r25_27_r2.ps1 | phase144_6_r25_27_r3_cycle_isolated_premise_audit/run_phase144_6_r25_27_r3.ps1 | phase144_6_r25_28_proof_edge_fanout_block_aggregation_audit/run_phase144_6_r25_28.ps1 | phase144_6_r25_29_entry_step_preserving_block_dependency_audit/run_phase144_6_r25_29.ps1 | phase144_6_r25_30_group_structure_definition_entry_branch_ownership_audit/run_phase144_6_r25_30.ps1 | phase144_6_r25_30_r2_cycle_consistent_entry_branch_audit/run_phase144_6_r25_30.ps1 | phase144_6_r25_30_r2_cycle_consistent_entry_branch_audit/run_phase144_6_r25_30_r2.ps1 | phase144_6_r25_30_r3_argument_boundary_entry_classification_audit/run_phase144_6_r25_30_r3.ps1,phase143_41/tests/test_phase143_41_argument_local_body.py | phase143_41/toda_group_proof_narrative_argument_local_body.py
phase143_42,C_SAVE_CANONICAL_REFERENCE,has_apply+has_test+has_audit_or_diagnose+artifact_only_reference+canonical_reference+unique_relevant_content,4,1,2,3,0,True,False,True,False,False,True,tests/test_phase143_42_argument_body_contribution_renderer.py,phase143_50R/apply_phase143_50R.py | phase143_50R/tests/test_phase143_42_argument_body_contribution_renderer.py,
phase143_44,C_SAVE_CANONICAL_REFERENCE,has_apply+has_test+has_audit_or_diagnose+canonical_reference+unique_relevant_content,4,1,0,3,1,True,False,True,False,False,True,tests/test_phase143_44_single_argument_narrative_renderer.py,,phase143_44/toda_group_proof_narrative_argument_single_renderer.py
phase143_45,B_UNIQUE_AUDIT_OR_DOC_CONTENT,has_audit_or_diagnose+unique_relevant_content,1,0,0,1,0,False,False,False,False,False,True,,,
phase143_46,C_SAVE_CANONICAL_REFERENCE,has_apply+has_test+has_audit_or_diagnose+artifact_only_reference+canonical_reference+unique_relevant_content,4,1,4,3,0,True,False,True,False,False,True,tests/test_phase143_46_multi_argument_narrative_assembler.py,phase144_6_final_regression_repair_r10/README.md | phase144_6_final_regression_repair_r10/apply_phase144_6_final_regression_repair_r10.py | phase144_6_final_regression_repair_r10/run_phase144_6_final_regression_repair_r10.ps1 | phase144_6_r25_12_local_190_192_focused_audit/phase144_6_r25_12_local_diff_report.txt,
phase143_47,C_SAVE_CANONICAL_REFERENCE,has_audit_or_diagnose+artifact_only_reference+canonical_reference+unique_relevant_content,1,1,12,1,0,False,False,False,False,False,True,tests/test_phase143_47_multi_argument_shared_contribution_dedup.py,phase143_47_impl/apply_phase143_47_impl.py | phase143_47_impl/tests/test_phase143_47_multi_argument_shared_contribution_dedup.py | phase143_50R/apply_phase143_50R.py | phase143_50R/tests/test_phase143_47_multi_argument_shared_contribution_dedup.py | phase144_6_final_regression_repair_r10/README.md | phase144_6_final_regression_repair_r10/apply_phase144_6_final_regression_repair_r10.py | phase144_6_final_regression_repair_r10/run_phase144_6_final_regression_repair_r10.ps1 | phase144_6_r25_12_local_190_192_focused_audit/phase144_6_r25_12_local_diff_report.txt | phase144_final_regression_repair_r1/run_phase144_final_regression_repair_r1.ps1 | phase144_final_regression_repair_r2/README.txt | phase144_final_regression_repair_r2/apply_phase144_final_regression_repair_r2.py | phase144_final_regression_repair_r2/run_phase144_final_regression_repair_r2.ps1,
phase143_47_impl,B_APPLY_OR_PAYLOAD,has_apply+has_test+has_audit_or_diagnose+unique_relevant_content,5,0,0,4,0,True,False,True,False,False,True,,,
phase143_48,B_UNIQUE_AUDIT_OR_DOC_CONTENT,has_audit_or_diagnose+unique_relevant_content,1,0,0,1,0,False,False,False,False,False,True,,,
phase143_49_impl,B_APPLY_OR_PAYLOAD,has_apply+has_test+has_audit_or_diagnose+unique_relevant_content,3,0,0,2,0,True,False,True,False,False,True,,,
phase143_50_impl,B_APPLY_OR_PAYLOAD,has_apply+has_test+has_audit_or_diagnose+unique_relevant_content,3,0,0,2,0,True,False,True,False,False,True,,,
phase143_50R,B_APPLY_OR_PAYLOAD,has_apply+has_test+unique_relevant_content,3,0,0,2,1,True,False,True,False,False,False,,,phase143_50R/tests/test_phase143_42_argument_body_contribution_renderer.py
phase143_51_audit,B_UNIQUE_AUDIT_OR_DOC_CONTENT,has_readme+has_audit_or_diagnose+unique_relevant_content,2,0,0,1,0,False,False,False,False,True,True,,,
phase143_51A_impl,B_APPLY_OR_PAYLOAD,has_apply+has_test+has_audit_or_diagnose+artifact_only_reference+unique_relevant_content,3,0,1,2,0,True,False,True,False,False,True,,phase143_51B_R_impl/apply_phase143_51B_R.py,
phase143_51A_R_impl,B_APPLY_OR_PAYLOAD,has_apply+has_test+has_audit_or_diagnose+unique_relevant_content,4,0,0,3,0,True,False,True,False,False,True,,,
phase143_51B_impl,B_APPLY_OR_PAYLOAD,has_apply+has_test+has_audit_or_diagnose+unique_relevant_content,4,0,0,3,1,True,False,True,False,False,True,,,phase143_51B_impl/tests/test_phase143_51b_aggregate_statement_prose.py
phase143_51B_R_impl,B_APPLY_OR_PAYLOAD,has_apply+has_readme,2,0,0,0,0,True,False,False,False,True,False,,,
phase143_53A_impl,B_APPLY_OR_PAYLOAD,has_apply+has_test+has_audit_or_diagnose+unique_relevant_content,4,0,0,3,1,True,False,True,False,False,True,,,phase143_53A_impl/tests/test_phase143_53a_narrative_transitions.py
phase143_53A_R_fix,B_APPLY_OR_PAYLOAD,has_apply+has_test+has_audit_or_diagnose+unique_relevant_content,4,0,0,3,1,True,False,True,False,False,True,,,phase143_53A_R_fix/toda_group_proof_narrative_transitions.py
phase143_53A_R_impl,B_APPLY_OR_PAYLOAD,has_apply+has_test+has_audit_or_diagnose+unique_relevant_content,6,0,0,5,2,True,False,True,False,False,True,,,phase143_53A_R_impl/toda_group_proof_aggregate_statement_catalog.py | phase143_53A_R_impl/toda_group_proof_aggregate_statement_renderer.py
phase143_53B_impl,B_APPLY_OR_PAYLOAD,has_apply+has_test+has_audit_or_diagnose+unique_relevant_content,5,0,0,4,2,True,False,True,False,False,True,,,phase143_53B_impl/tests/test_phase143_53b_transition_connectors.py | phase143_53B_impl/toda_group_proof_narrative_transition_renderer.py
phase143_53B_R_impl,B_APPLY_OR_PAYLOAD,has_apply+has_test+has_audit_or_diagnose+unique_relevant_content,5,0,0,4,1,True,False,True,False,False,True,,,phase143_53B_R_impl/tests/test_phase143_53b_r_conclusion_aware_connector.py
phase143_55A_impl,B_APPLY_OR_PAYLOAD,has_apply+has_test+has_audit_or_diagnose+unique_relevant_content,4,0,0,3,1,True,False,True,False,False,True,,,phase143_55A_impl/tests/test_phase143_55a_argument_conclusion_step.py
phase143_55B_impl,B_APPLY_OR_PAYLOAD,has_apply+has_test+has_audit_or_diagnose+unique_relevant_content,4,0,0,3,1,True,False,True,False,False,True,,,phase143_55B_impl/tests/test_phase143_55b_conclusion_step_ordering.py
phase143_57A_impl,B_APPLY_OR_PAYLOAD,has_apply+has_test+has_audit_or_diagnose+unique_relevant_content,4,0,0,3,1,True,False,True,False,False,True,,,phase143_57A_impl/toda_group_proof_narrative_step_transitions.py
phase143_57A_R_impl,B_APPLY_OR_PAYLOAD,has_apply+unique_relevant_content,2,0,0,1,0,True,False,False,False,False,False,,,
phase143_57C_impl,B_APPLY_OR_PAYLOAD,has_apply+has_test+has_audit_or_diagnose+unique_relevant_content,4,0,0,3,0,True,False,True,False,False,True,,,
phase143_58A_impl,B_APPLY_OR_PAYLOAD,has_apply+has_test+has_audit_or_diagnose+unique_relevant_content,4,0,0,3,0,True,False,True,False,False,True,,,
phase143_59A_impl,B_APPLY_OR_PAYLOAD,has_apply+has_test+has_audit_or_diagnose+unique_relevant_content,4,0,0,3,0,True,False,True,False,False,True,,,
phase143_59B_impl,B_APPLY_OR_PAYLOAD,has_apply+has_test+has_audit_or_diagnose+unique_relevant_content,4,0,0,3,1,True,False,True,False,False,True,,,phase143_59B_impl/toda_group_proof_narrative_group_structure_semantics.py
phase143_61A_impl,B_APPLY_OR_PAYLOAD,has_apply+has_test+has_audit_or_diagnose+unique_relevant_content,4,0,0,3,2,True,False,True,False,False,True,,,phase143_61A_impl/tests/test_phase143_61a_argument_conclusion_direct_premises.py | phase143_61A_impl/toda_group_proof_narrative_argument_direct_premises.py
phase143_61B_impl,B_APPLY_OR_PAYLOAD,has_apply+has_test+has_audit_or_diagnose+unique_relevant_content,3,0,0,2,0,True,False,True,False,False,True,,,
phase143_61B_R_impl,B_APPLY_OR_PAYLOAD,has_apply+has_test+has_audit_or_diagnose+unique_relevant_content,4,0,0,3,0,True,False,True,False,False,True,,,
phase143_63A_impl,B_APPLY_OR_PAYLOAD,has_apply+has_test+has_audit_or_diagnose+unique_relevant_content,3,0,0,2,1,True,False,True,False,False,True,,,phase143_63A_impl/tests/test_phase143_63a_residual_fallback_provenance.py
phase143_63A_R_impl,B_APPLY_OR_PAYLOAD,has_apply+has_test+has_audit_or_diagnose+unique_relevant_content,4,0,0,3,2,True,False,True,False,False,True,,,phase143_63A_R_impl/tests/test_phase143_63a_r_exactness_repair.py | phase143_63A_R_impl/tests/test_phase143_63a_residual_fallback_provenance.py
phase143_68,B_UNIQUE_AUDIT_OR_DOC_CONTENT,has_audit_or_diagnose+unique_relevant_content,1,0,0,1,0,False,False,False,False,False,True,,,
phase143_70_impl,B_APPLY_OR_PAYLOAD,has_apply+has_test+has_readme+has_audit_or_diagnose+unique_relevant_content,4,0,0,2,1,True,False,True,False,True,True,,,phase143_70_impl/tests/test_phase143_70_provenance_only_residual.py
phase143_71a_impl,B_APPLY_OR_PAYLOAD,has_apply+has_test+has_audit_or_diagnose+unique_relevant_content,3,0,0,2,0,True,False,True,False,False,True,,,
phase143_71a_r2_fix,B_UNIQUE_AUDIT_OR_DOC_CONTENT,unique_relevant_content,1,0,0,1,0,False,False,False,False,False,False,,,
phase143_71a_r_fix,B_APPLY_OR_PAYLOAD,has_apply+has_test+has_audit_or_diagnose+unique_relevant_content,3,0,0,2,1,True,False,True,False,False,True,,,phase143_71a_r_fix/tests/test_phase143_71a_eta_definition_visibility.py
phase143_72a,C_SAVE_CANONICAL_REFERENCE,has_apply+has_readme+artifact_only_reference+canonical_reference,2,1,4,0,0,True,False,False,False,True,False,tests/test_phase143_72a_negative_scalar_product_latex.py,phase143_72a_narrative_audit/README.txt | phase143_72a_r2/apply_phase143_72a_r2.ps1 | phase143_72a_r3/apply_phase143_72a_r3.ps1 | phase143_72a_r4/repair_phase143_72a_r4.ps1,
phase143_72a_narrative_audit,B_UNIQUE_AUDIT_OR_DOC_CONTENT,has_readme+has_audit_or_diagnose+unique_relevant_content,2,0,0,1,0,False,False,False,False,True,True,,,
phase143_72a_r2,B_APPLY_OR_PAYLOAD,has_apply,1,0,0,0,0,True,False,False,False,False,False,,,
phase143_72a_r3,B_APPLY_OR_PAYLOAD,has_apply,1,0,0,0,0,True,False,False,False,False,False,,,
phase143_72a_r4,B_UNIQUE_AUDIT_OR_DOC_CONTENT,unique_relevant_content,1,0,0,1,0,False,False,False,False,False,False,,,
phase143_73a,C_SAVE_CANONICAL_REFERENCE,has_apply+has_readme+artifact_only_reference+canonical_reference,2,1,6,0,0,True,False,False,False,True,False,tests/test_phase143_73a_internal_statement_narrative.py,phase143_73a_r2/apply_phase143_73a_r2.ps1 | phase143_73a_r3/repair_phase143_73a_r3.ps1 | phase143_73a_r3/repair_phase143_73a_r3.py | phase143_73a_r4/repair_phase143_73a_r4.ps1 | phase143_73a_r4/repair_phase143_73a_r4.py | phase143_73a_r5/repair_phase143_73a_r5.ps1,
phase143_73a_narrative_audit,B_UNIQUE_AUDIT_OR_DOC_CONTENT,has_readme+has_audit_or_diagnose+unique_relevant_content,2,0,0,1,0,False,False,False,False,True,True,,,
phase143_73a_presence_scan,B_UNIQUE_AUDIT_OR_DOC_CONTENT,unique_relevant_content,1,0,0,1,0,False,False,False,False,False,False,,,
phase143_73a_r2,B_APPLY_OR_PAYLOAD,has_apply,1,0,0,0,0,True,False,False,False,False,False,,,
phase143_73a_r3,B_UNIQUE_AUDIT_OR_DOC_CONTENT,unique_relevant_content,2,0,0,2,0,False,False,False,False,False,False,,,
phase143_73a_r4,B_UNIQUE_AUDIT_OR_DOC_CONTENT,unique_relevant_content,2,0,0,2,0,False,False,False,False,False,False,,,
phase143_73a_r5,B_UNIQUE_AUDIT_OR_DOC_CONTENT,unique_relevant_content,2,0,0,2,0,False,False,False,False,False,False,,,
phase143_74,C_SAVE_CANONICAL_REFERENCE,has_readme+has_audit_or_diagnose+artifact_only_reference+canonical_reference+unique_relevant_content,2,2,6,1,0,False,False,False,False,True,True,tests/test_phase143_74a_map_narrative.py | tests/test_phase143_74b_remaining_internal_narrative.py,phase143_74a/apply_phase143_74a.ps1 | phase143_74a/tests/test_phase143_74a_map_narrative.py | phase143_74a_r2/repair_phase143_74a_r2.ps1 | phase143_74a_r2/test_phase143_74a_map_narrative.py | phase143_74b/apply_phase143_74b.ps1 | phase143_74b/tests/test_phase143_74b_remaining_internal_narrative.py,
phase143_74a,C_SAVE_CANONICAL_REFERENCE,has_apply+has_test+artifact_only_reference+canonical_reference+unique_relevant_content,3,1,2,1,0,True,False,True,False,False,False,tests/test_phase143_74a_map_narrative.py,phase143_74a_r2/repair_phase143_74a_r2.ps1 | phase143_74a_r2/test_phase143_74a_map_narrative.py,
phase143_74a_r2,B_UNIQUE_TEST_MATERIAL,has_test+unique_relevant_content,2,0,0,2,1,False,False,True,False,False,False,,,phase143_74a_r2/test_phase143_74a_map_narrative.py
phase143_74b,C_SAVE_CANONICAL_REFERENCE,has_apply+has_test+canonical_reference+all_relevant_content_canonical_duplicate,3,1,0,1,1,True,False,True,False,False,False,tests/test_phase143_74b_remaining_internal_narrative.py,,phase143_74b/tests/test_phase143_74b_remaining_internal_narrative.py
phase143_75,C_SAVE_CANONICAL_REFERENCE,has_readme+has_audit_or_diagnose+artifact_only_reference+canonical_reference+unique_relevant_content,2,14,251,1,0,False,False,False,False,True,True,tests/test_phase143_75aa_toda56_nu4_prop44_specialization_rendering.py | tests/test_phase143_75ab3_whitehead_correction_rendering.py | tests/test_phase143_75ac4_hopf_odd_multiple_rendering.py | tests/test_phase143_75ad_double_suspension_rendering.py | tests/test_phase143_75c_generic_semantic_rendering.py | tests/test_phase143_75f_ehp_semantic_rendering.py | tests/test_phase143_75i_whitehead_hopf_semantic_rendering.py | tests/test_phase143_75m_finite_dimensional_semantic_rendering.py | tests/test_phase143_75p_prop44_suspension_injective_semantic_rendering.py | tests/test_phase143_75s_toda58_whitehead_square_semantic_rendering.py | tests/test_phase143_75t_toda58_equation_aggregate_semantic_rendering.py | tests/test_phase143_75w_toda54_bracket_up_to_sign_semantic_rendering.py | tests/test_phase143_75y_nu4_construction_semantic_rendering.py | toda_proof_narrative_renderer.py,phase143_75_r2/repair_phase143_75_r2.ps1 | phase143_75aa/apply_phase143_75aa.py | phase143_75aa/run_phase143_75aa.ps1 | phase143_75aa_audit/run_phase143_75aa_audit.ps1 | phase143_75aa_r2/apply_phase143_75aa_r2.py | phase143_75aa_r2/run_phase143_75aa_r2.ps1 | phase143_75ab/audit_phase143_75ab.py | phase143_75ab/run_phase143_75ab.ps1 | phase143_75ab2/run_phase143_75ab2.ps1 | phase143_75ab3/README.txt | phase143_75ab3/apply_phase143_75ab3.py | phase143_75ab3/run_phase143_75ab3.ps1 | phase143_75ab3_r2/repair_phase143_75ab3_r2.py | phase143_75ab3_r2/run_phase143_75ab3_r2.ps1 | phase143_75ab3_r3/README.txt | phase143_75ab3_r3/repair_phase143_75ab3_r3.py | phase143_75ab3_r3/run_phase143_75ab3_r3.ps1 | phase143_75ab_completion_audit/run_phase143_75ab_completion_audit.ps1 | phase143_75ac/run_phase143_75ac.ps1 | phase143_75ac2/audit_phase143_75ac2.py | phase143_75ac2/run_phase143_75ac2.ps1 | phase143_75ac3/audit_phase143_75ac3.py | phase143_75ac3/run_phase143_75ac3.ps1 | phase143_75ac4/README.txt | phase143_75ac4/repair_phase143_75ac4.py | phase143_75ac4/run_phase143_75ac4.ps1 | phase143_75ac4/test_phase143_75ac4_hopf_odd_multiple_rendering.py | phase143_75ac_completion_audit/run_phase143_75ac_completion_audit.ps1 | phase143_75ad/audit_phase143_75ad.py | phase143_75ad/run_phase143_75ad.ps1 | phase143_75ad_completion/run_phase143_75ad_completion.ps1 | phase143_75ad_impl/README.txt | phase143_75ad_impl/repair_phase143_75ad.py | phase143_75ad_impl/run_phase143_75ad.ps1 | phase143_75ad_impl/test_phase143_75ad_double_suspension_rendering.py | phase143_75ae/audit_phase143_75ae.py | phase143_75ae/run_phase143_75ae.ps1 | phase143_75ae_completion/audit_phase143_75ae_completion.py | phase143_75ae_completion/run_phase143_75ae_completion.ps1 | phase143_75ae_impl/README.txt | phase143_75ae_impl/repair_phase143_75ae.py | phase143_75ae_impl/run_phase143_75ae.ps1 | phase143_75ae_impl/test_phase143_75ae_suspension_zero_rendering.py | phase143_75ae_impl_r2/repair_phase143_75ae_r2.py | phase143_75ae_impl_r2/run_phase143_75ae_r2.ps1 | phase143_75ae_impl_r2/test_phase143_75ae_suspension_zero_rendering.py | phase143_75ae_impl_r3/run_phase143_75ae_r3.ps1 | phase143_75ae_impl_r3/test_phase143_75ae_suspension_zero_rendering.py | phase143_75af/audit_phase143_75af.py | phase143_75af/run_phase143_75af.ps1 | phase143_75af_completion/audit_phase143_75af_completion.py | phase143_75af_completion/run_phase143_75af_completion.ps1 | phase143_75af_impl/README.txt | phase143_75af_impl/repair_phase143_75af.py | phase143_75af_impl/run_phase143_75af.ps1 | phase143_75af_impl/test_phase143_75af_first_summand_rendering.py | phase143_75af_impl_r2/README.txt | phase143_75af_impl_r2/repair_phase143_75af_r2.py | phase143_75af_impl_r2/run_phase143_75af_r2.ps1 | phase143_75ag/audit_phase143_75ag.py | phase143_75ag/run_phase143_75ag.ps1 | phase143_75ag_impl/repair_phase143_75ag.py | phase143_75ag_impl/run_phase143_75ag.ps1 | phase143_75ag_impl/test_phase143_75ag_bracket_modulo_rendering.py | phase143_75ag_impl_r2/README.txt | phase143_75ag_impl_r2/repair_phase143_75ag_r2.py | phase143_75ag_impl_r2/run_phase143_75ag_r2.ps1 | phase143_75ag_impl_r2/test_phase143_75ag_bracket_modulo_rendering.py | phase143_75ag_impl_r3/run_phase143_75ag_r3.ps1 | phase143_75ag_impl_r3/test_phase143_75ag_bracket_modulo_rendering.py | phase143_75ag_impl_r4/run_phase143_75ag_r4.ps1 | phase143_75ag_impl_r4/test_phase143_75ag_bracket_modulo_rendering.py | phase143_75ag_r5_completion/audit_phase143_75ag_completion.py | phase143_75ag_r5_completion/run_phase143_75ag_r5_completion.ps1 | phase143_75ag_r5_completion/test_phase143_75ag_bracket_modulo_rendering.py | phase143_75ah/audit_phase143_75ah.py | phase143_75ah/run_phase143_75ah.ps1 | phase143_75ah_completion/audit_phase143_75ah_completion.py | phase143_75ah_completion/run_phase143_75ah_completion.ps1 | phase143_75ah_impl/repair_phase143_75ah.py | phase143_75ah_impl/run_phase143_75ah.ps1 | phase143_75ah_impl/test_phase143_75ah_two_iota5_rendering.py | phase143_75ah_r2/run_phase143_75ah_r2.ps1 | phase143_75ah_r2/test_phase143_75ah_two_iota5_rendering.py | phase143_75ai/audit_phase143_75ai.py | phase143_75ai/run_phase143_75ai.ps1 | phase143_75ai_completion/audit_phase143_75ai_completion.py | phase143_75ai_completion/run_phase143_75ai_completion.ps1 | phase143_75ai_impl/repair_phase143_75ai.py | phase143_75ai_impl/run_phase143_75ai.ps1 | phase143_75ai_impl/test_phase143_75ai_delta_kernel_rendering.py | phase143_75aj/audit_phase143_75aj.py | phase143_75aj/run_phase143_75aj.ps1 | phase143_75aj_completion/audit_phase143_75aj_completion.py | phase143_75aj_completion/run_phase143_75aj_completion.ps1 | phase143_75aj_impl/repair_phase143_75aj.py | phase143_75aj_impl/run_phase143_75aj.ps1 | phase143_75aj_impl/test_phase143_75aj_toda36_rendering.py | phase143_75ak/audit_phase143_75ak.py | phase143_75ak/run_phase143_75ak.ps1 | phase143_75ak_completion/audit_phase143_75ak_completion.py | phase143_75ak_completion/run_phase143_75ak_completion.ps1 | phase143_75ak_impl/repair_phase143_75ak.py | phase143_75ak_impl/run_phase143_75ak.ps1 | phase143_75ak_impl/test_phase143_75ak_sigma_double_prime_rendering.py | phase143_75ak_r2/repair_phase143_75ak_r2.py | phase143_75ak_r2/run_phase143_75ak_r2.ps1 | phase143_75ak_r2/test_phase143_75ak_sigma_double_prime_rendering.py | phase143_75al/audit_phase143_75al.py | phase143_75al/run_phase143_75al.ps1 | phase143_75al_completion/audit_phase143_75al_completion.py | phase143_75al_completion/run_phase143_75al_completion.ps1 | phase143_75al_impl/repair_phase143_75al.py | phase143_75al_impl/run_phase143_75al.ps1 | phase143_75al_impl/test_phase143_75al_first_short_exact_rendering.py | phase143_75am/audit_phase143_75am.py | phase143_75am/run_phase143_75am.ps1 | phase143_75am_completion/audit_phase143_75am_completion.py | phase143_75am_completion/run_phase143_75am_completion.ps1 | phase143_75am_impl/repair_phase143_75am.py | phase143_75am_impl/run_phase143_75am.ps1 | phase143_75am_impl/test_phase143_75am_second_short_exact_rendering.py | phase143_75an/audit_phase143_75an.py | phase143_75an/run_phase143_75an.ps1 | phase143_75an_completion/audit_phase143_75an_completion.py | phase143_75an_completion/run_phase143_75an_completion.ps1 | phase143_75an_impl/repair_phase143_75an.py | phase143_75an_impl/run_phase143_75an.ps1 | phase143_75an_impl/test_phase143_75an_indeterminacy_rendering.py | phase143_75an_r2/repair_phase143_75an_r2.py | phase143_75an_r2/run_phase143_75an_r2.ps1 | phase143_75ao_bulk_audit/audit_phase143_75ao_bulk.py | phase143_75ao_bulk_audit/run_phase143_75ao_bulk.ps1 | phase143_75ao_bulk_impl/repair_phase143_75ao_bulk.py | phase143_75ao_bulk_impl/run_phase143_75ao_bulk.ps1 | phase143_75ao_bulk_impl/test_phase143_75ao_bulk_rendering.py | phase143_75ao_bulk_r2/repair_phase143_75ao_bulk_r2.py | phase143_75ao_bulk_r2/run_phase143_75ao_bulk_r2.ps1 | phase143_75ao_bulk_r3/apply_phase143_75ao_bulk_r3.py | phase143_75ao_bulk_r3/run_phase143_75ao_bulk_r3.ps1 | phase143_75ao_bulk_r3/test_phase143_75ao_bulk_r3.py | phase143_75ao_completion/audit_phase143_75ao_completion.py | phase143_75ao_completion/run_phase143_75ao_completion.ps1 | phase143_75ap_completion_audit/README.txt | phase143_75ap_completion_audit/run_phase143_75ap_completion_audit.ps1 | phase143_75ap_final_bulk/apply_phase143_75ap_final_bulk.py | phase143_75ap_final_bulk/run_phase143_75ap_final_bulk.ps1 | phase143_75ap_final_bulk/test_phase143_75ap_final_bulk.py | phase143_75ap_r10/run_phase143_75ap_r10.ps1 | phase143_75ap_r10_audit/run_phase143_75ap_r10_audit.ps1 | phase143_75ap_r10b_audit/run_phase143_75ap_r10b_audit.ps1 | phase143_75ap_r10c_audit/run_phase143_75ap_r10c_audit.ps1 | phase143_75ap_r10d_audit/run_phase143_75ap_r10d_audit.ps1 | phase143_75ap_r10e_audit/run_phase143_75ap_r10e_audit.ps1 | phase143_75ap_r11/run_phase143_75ap_r11.ps1 | phase143_75ap_r11_import_audit/run_phase143_75ap_r11_import_audit.ps1 | phase143_75ap_r11_r2/run_phase143_75ap_r11_r2.ps1 | phase143_75ap_r11_r3/run_phase143_75ap_r11_r3.ps1 | phase143_75ap_r11_r4/run_phase143_75ap_r11_r4.ps1 | phase143_75ap_r11_r5/run_phase143_75ap_r11_r5.ps1 | phase143_75ap_r12_trace_audit/run_phase143_75ap_r12_trace_audit.ps1 | phase143_75ap_r12b_selection_audit/run_phase143_75ap_r12b_selection_audit.ps1 | phase143_75ap_r12c_exclusion_audit/run_phase143_75ap_r12c_exclusion_audit.ps1 | phase143_75ap_r12d_step_filter_audit/run_phase143_75ap_r12d_step_filter_audit.ps1 | phase143_75ap_r13/run_phase143_75ap_r13.ps1 | phase143_75ap_r14_completion_audit/run_phase143_75ap_r14_completion_audit.ps1 | phase143_75ap_r15_boundary_audit/run_phase143_75ap_r15_boundary_audit.ps1 | phase143_75ap_r16/run_phase143_75ap_r16.ps1 | phase143_75ap_r16_import_audit/run.ps1 | phase143_75ap_r16_r2/run_phase143_75ap_r16_r2.ps1 | phase143_75ap_r17/README.txt | phase143_75ap_r17/extract_changed_function.py | phase143_75ap_r17/run_phase143_75ap_r17.ps1 | phase143_75ap_r17_audit/run.ps1 | phase143_75ap_r17_completion_audit/run.ps1 | phase143_75ap_r17_completion_audit/run_existing_completion_audit.py | phase143_75ap_r17_completion_audit_r2/run.ps1 | phase143_75ap_r17_completion_audit_r3/run.ps1 | phase143_75ap_r2/apply_phase143_75ap_r2.py | phase143_75ap_r2/run_phase143_75ap_r2.ps1 | phase143_75ap_r3/apply_phase143_75ap_r3.py | phase143_75ap_r3/run_phase143_75ap_r3.ps1 | phase143_75ap_r4/apply_phase143_75ap_r4.py | phase143_75ap_r4/run_phase143_75ap_r4.ps1 | phase143_75ap_r5/apply_phase143_75ap_r5.py | phase143_75ap_r5/run_phase143_75ap_r5.ps1 | phase143_75ap_r6/apply_phase143_75ap_r6.py | phase143_75ap_r6/run_phase143_75ap_r6.ps1 | phase143_75ap_r7/run_phase143_75ap_r7.ps1 | phase143_75ap_r8/apply_phase143_75ap_r8.py | phase143_75ap_r8/run_phase143_75ap_r8.ps1 | phase143_75ap_r9/apply_phase143_75ap_r9.py | phase143_75ap_r9/run_phase143_75ap_r9.ps1 | phase143_75c/apply_phase143_75c.ps1 | phase143_75c/test_phase143_75c_generic_semantic_rendering.py | phase143_75d/run_phase143_75d.ps1 | phase143_75f/apply_phase143_75f.ps1 | phase143_75f/test_phase143_75f_ehp_semantic_rendering.py | phase143_75g/run_phase143_75g.ps1 | phase143_75h/run_phase143_75h.ps1 | phase143_75i/apply_phase143_75i.ps1 | phase143_75i/test_phase143_75i_whitehead_hopf_semantic_rendering.py | phase143_75i_r2/repair_phase143_75i_r2.ps1 | phase143_75i_r2/test_phase143_75i_whitehead_hopf_semantic_rendering.py | phase143_75j/README.txt | phase143_75j/run_phase143_75j.ps1 | phase143_75k/run_phase143_75k.ps1 | phase143_75l/run_phase143_75l.ps1 | phase143_75m/README.txt | phase143_75m/apply_phase143_75m.py | phase143_75m/run_phase143_75m.ps1 | phase143_75m/test_phase143_75m_finite_dimensional_semantic_rendering.py | phase143_75m_r2/repair_phase143_75m_r2.py | phase143_75m_r2/run_phase143_75m_r2.ps1 | phase143_75m_r2/test_phase143_75m_finite_dimensional_semantic_rendering.py | phase143_75m_r3/README.txt | phase143_75m_r3/repair_phase143_75m_r3.py | phase143_75m_r3/run_phase143_75m_r3.ps1 | phase143_75m_r4/README.txt | phase143_75m_r4/repair_phase143_75m_r4.py | phase143_75m_r4/run_phase143_75m_r4.ps1 | phase143_75n/run_phase143_75n.ps1 | phase143_75o/run_phase143_75o.ps1 | phase143_75p/README.txt | phase143_75p/repair_phase143_75p.py | phase143_75p/run_phase143_75p.ps1 | phase143_75p/test_phase143_75p_prop44_suspension_injective_semantic_rendering.py | phase143_75q/run_phase143_75q.ps1 | phase143_75r/run_phase143_75r.ps1 | phase143_75s/repair_phase143_75s.py | phase143_75s/run_phase143_75s.ps1 | phase143_75s/test_phase143_75s_toda58_whitehead_square_semantic_rendering.py | phase143_75s_r2/README.txt | phase143_75s_r2/repair_phase143_75s_r2.py | phase143_75s_r2/run_phase143_75s_r2.ps1 | phase143_75t/install_phase143_75t_test.py | phase143_75t/repair_phase143_75t.py | phase143_75t/run_phase143_75t.ps1 | phase143_75t/test_phase143_75t_toda58_equation_aggregate_semantic_rendering.py | phase143_75u/run_phase143_75u.ps1 | phase143_75v/run_phase143_75v.ps1 | phase143_75w/install_phase143_75w_test.py | phase143_75w/repair_phase143_75w.py | phase143_75w/run_phase143_75w.ps1 | phase143_75w/test_phase143_75w_toda54_bracket_up_to_sign_semantic_rendering.py | phase143_75x/run_phase143_75x.ps1 | phase143_75y/install_phase143_75y_test.py | phase143_75y/repair_phase143_75y.py | phase143_75y/run_phase143_75y.ps1 | phase143_75y/test_phase143_75y_nu4_construction_semantic_rendering.py | phase143_75z/run_phase143_75z.ps1,
phase143_75_r2,B_UNIQUE_AUDIT_OR_DOC_CONTENT,has_audit_or_diagnose+unique_relevant_content,2,0,0,2,0,False,False,False,False,False,True,,,
phase143_75a,C_SAVE_CANONICAL_REFERENCE,has_readme+has_audit_or_diagnose+artifact_only_reference+canonical_reference+unique_relevant_content,2,5,163,1,0,False,False,False,False,True,True,tests/test_phase143_75aa_toda56_nu4_prop44_specialization_rendering.py | tests/test_phase143_75ab3_whitehead_correction_rendering.py | tests/test_phase143_75ac4_hopf_odd_multiple_rendering.py | tests/test_phase143_75ad_double_suspension_rendering.py | toda_proof_narrative_renderer.py,phase143_75aa/apply_phase143_75aa.py | phase143_75aa/run_phase143_75aa.ps1 | phase143_75aa_r2/apply_phase143_75aa_r2.py | phase143_75aa_r2/run_phase143_75aa_r2.ps1 | phase143_75ab2/run_phase143_75ab2.ps1 | phase143_75ab3/README.txt | phase143_75ab3/apply_phase143_75ab3.py | phase143_75ab3/run_phase143_75ab3.ps1 | phase143_75ab3_r2/repair_phase143_75ab3_r2.py | phase143_75ab3_r2/run_phase143_75ab3_r2.ps1 | phase143_75ab3_r3/README.txt | phase143_75ab3_r3/repair_phase143_75ab3_r3.py | phase143_75ab3_r3/run_phase143_75ab3_r3.ps1 | phase143_75ac/run_phase143_75ac.ps1 | phase143_75ac2/run_phase143_75ac2.ps1 | phase143_75ac3/run_phase143_75ac3.ps1 | phase143_75ac4/README.txt | phase143_75ac4/repair_phase143_75ac4.py | phase143_75ac4/run_phase143_75ac4.ps1 | phase143_75ac4/test_phase143_75ac4_hopf_odd_multiple_rendering.py | phase143_75ad/run_phase143_75ad.ps1 | phase143_75ad_impl/README.txt | phase143_75ad_impl/repair_phase143_75ad.py | phase143_75ad_impl/run_phase143_75ad.ps1 | phase143_75ad_impl/test_phase143_75ad_double_suspension_rendering.py | phase143_75ae/run_phase143_75ae.ps1 | phase143_75ae_completion/run_phase143_75ae_completion.ps1 | phase143_75ae_impl/README.txt | phase143_75ae_impl/repair_phase143_75ae.py | phase143_75ae_impl/run_phase143_75ae.ps1 | phase143_75ae_impl/test_phase143_75ae_suspension_zero_rendering.py | phase143_75ae_impl_r2/repair_phase143_75ae_r2.py | phase143_75ae_impl_r2/run_phase143_75ae_r2.ps1 | phase143_75ae_impl_r2/test_phase143_75ae_suspension_zero_rendering.py | phase143_75ae_impl_r3/run_phase143_75ae_r3.ps1 | phase143_75ae_impl_r3/test_phase143_75ae_suspension_zero_rendering.py | phase143_75af/run_phase143_75af.ps1 | phase143_75af_completion/run_phase143_75af_completion.ps1 | phase143_75af_impl/README.txt | phase143_75af_impl/repair_phase143_75af.py | phase143_75af_impl/run_phase143_75af.ps1 | phase143_75af_impl/test_phase143_75af_first_summand_rendering.py | phase143_75af_impl_r2/README.txt | phase143_75af_impl_r2/repair_phase143_75af_r2.py | phase143_75af_impl_r2/run_phase143_75af_r2.ps1 | phase143_75ag/run_phase143_75ag.ps1 | phase143_75ag_impl/repair_phase143_75ag.py | phase143_75ag_impl/run_phase143_75ag.ps1 | phase143_75ag_impl/test_phase143_75ag_bracket_modulo_rendering.py | phase143_75ag_impl_r2/README.txt | phase143_75ag_impl_r2/repair_phase143_75ag_r2.py | phase143_75ag_impl_r2/run_phase143_75ag_r2.ps1 | phase143_75ag_impl_r2/test_phase143_75ag_bracket_modulo_rendering.py | phase143_75ag_impl_r3/run_phase143_75ag_r3.ps1 | phase143_75ag_impl_r3/test_phase143_75ag_bracket_modulo_rendering.py | phase143_75ag_impl_r4/run_phase143_75ag_r4.ps1 | phase143_75ag_impl_r4/test_phase143_75ag_bracket_modulo_rendering.py | phase143_75ag_r5_completion/run_phase143_75ag_r5_completion.ps1 | phase143_75ag_r5_completion/test_phase143_75ag_bracket_modulo_rendering.py | phase143_75ah/run_phase143_75ah.ps1 | phase143_75ah_completion/run_phase143_75ah_completion.ps1 | phase143_75ah_impl/repair_phase143_75ah.py | phase143_75ah_impl/run_phase143_75ah.ps1 | phase143_75ah_impl/test_phase143_75ah_two_iota5_rendering.py | phase143_75ah_r2/run_phase143_75ah_r2.ps1 | phase143_75ah_r2/test_phase143_75ah_two_iota5_rendering.py | phase143_75ai/run_phase143_75ai.ps1 | phase143_75ai_completion/run_phase143_75ai_completion.ps1 | phase143_75ai_impl/repair_phase143_75ai.py | phase143_75ai_impl/run_phase143_75ai.ps1 | phase143_75ai_impl/test_phase143_75ai_delta_kernel_rendering.py | phase143_75aj/run_phase143_75aj.ps1 | phase143_75aj_completion/run_phase143_75aj_completion.ps1 | phase143_75aj_impl/repair_phase143_75aj.py | phase143_75aj_impl/run_phase143_75aj.ps1 | phase143_75aj_impl/test_phase143_75aj_toda36_rendering.py | phase143_75ak/run_phase143_75ak.ps1 | phase143_75ak_completion/run_phase143_75ak_completion.ps1 | phase143_75ak_impl/repair_phase143_75ak.py | phase143_75ak_impl/run_phase143_75ak.ps1 | phase143_75ak_impl/test_phase143_75ak_sigma_double_prime_rendering.py | phase143_75ak_r2/repair_phase143_75ak_r2.py | phase143_75ak_r2/run_phase143_75ak_r2.ps1 | phase143_75ak_r2/test_phase143_75ak_sigma_double_prime_rendering.py | phase143_75al/run_phase143_75al.ps1 | phase143_75al_completion/run_phase143_75al_completion.ps1 | phase143_75al_impl/repair_phase143_75al.py | phase143_75al_impl/run_phase143_75al.ps1 | phase143_75al_impl/test_phase143_75al_first_short_exact_rendering.py | phase143_75am/run_phase143_75am.ps1 | phase143_75am_completion/run_phase143_75am_completion.ps1 | phase143_75am_impl/repair_phase143_75am.py | phase143_75am_impl/run_phase143_75am.ps1 | phase143_75am_impl/test_phase143_75am_second_short_exact_rendering.py | phase143_75an/run_phase143_75an.ps1 | phase143_75an_completion/run_phase143_75an_completion.ps1 | phase143_75an_impl/repair_phase143_75an.py | phase143_75an_impl/run_phase143_75an.ps1 | phase143_75an_impl/test_phase143_75an_indeterminacy_rendering.py | phase143_75an_r2/repair_phase143_75an_r2.py | phase143_75an_r2/run_phase143_75an_r2.ps1 | phase143_75ao_bulk_audit/run_phase143_75ao_bulk.ps1 | phase143_75ao_bulk_impl/repair_phase143_75ao_bulk.py | phase143_75ao_bulk_impl/run_phase143_75ao_bulk.ps1 | phase143_75ao_bulk_impl/test_phase143_75ao_bulk_rendering.py | phase143_75ao_bulk_r2/repair_phase143_75ao_bulk_r2.py | phase143_75ao_bulk_r2/run_phase143_75ao_bulk_r2.ps1 | phase143_75ao_bulk_r3/apply_phase143_75ao_bulk_r3.py | phase143_75ao_bulk_r3/run_phase143_75ao_bulk_r3.ps1 | phase143_75ao_bulk_r3/test_phase143_75ao_bulk_r3.py | phase143_75ao_completion/run_phase143_75ao_completion.ps1 | phase143_75ap_final_bulk/apply_phase143_75ap_final_bulk.py | phase143_75ap_final_bulk/run_phase143_75ap_final_bulk.ps1 | phase143_75ap_final_bulk/test_phase143_75ap_final_bulk.py | phase143_75ap_r10/run_phase143_75ap_r10.ps1 | phase143_75ap_r10_audit/run_phase143_75ap_r10_audit.ps1 | phase143_75ap_r10b_audit/run_phase143_75ap_r10b_audit.ps1 | phase143_75ap_r10c_audit/run_phase143_75ap_r10c_audit.ps1 | phase143_75ap_r10d_audit/run_phase143_75ap_r10d_audit.ps1 | phase143_75ap_r10e_audit/run_phase143_75ap_r10e_audit.ps1 | phase143_75ap_r11/run_phase143_75ap_r11.ps1 | phase143_75ap_r11_import_audit/run_phase143_75ap_r11_import_audit.ps1 | phase143_75ap_r11_r2/run_phase143_75ap_r11_r2.ps1 | phase143_75ap_r11_r3/run_phase143_75ap_r11_r3.ps1 | phase143_75ap_r11_r4/run_phase143_75ap_r11_r4.ps1 | phase143_75ap_r11_r5/run_phase143_75ap_r11_r5.ps1 | phase143_75ap_r12_trace_audit/run_phase143_75ap_r12_trace_audit.ps1 | phase143_75ap_r12b_selection_audit/run_phase143_75ap_r12b_selection_audit.ps1 | phase143_75ap_r12c_exclusion_audit/run_phase143_75ap_r12c_exclusion_audit.ps1 | phase143_75ap_r12d_step_filter_audit/run_phase143_75ap_r12d_step_filter_audit.ps1 | phase143_75ap_r13/run_phase143_75ap_r13.ps1 | phase143_75ap_r14_completion_audit/run_phase143_75ap_r14_completion_audit.ps1 | phase143_75ap_r15_boundary_audit/run_phase143_75ap_r15_boundary_audit.ps1 | phase143_75ap_r16/run_phase143_75ap_r16.ps1 | phase143_75ap_r16_import_audit/run.ps1 | phase143_75ap_r16_r2/run_phase143_75ap_r16_r2.ps1 | phase143_75ap_r17/README.txt | phase143_75ap_r17/extract_changed_function.py | phase143_75ap_r17/run_phase143_75ap_r17.ps1 | phase143_75ap_r17_audit/run.ps1 | phase143_75ap_r17_completion_audit/run.ps1 | phase143_75ap_r17_completion_audit/run_existing_completion_audit.py | phase143_75ap_r17_completion_audit_r2/run.ps1 | phase143_75ap_r17_completion_audit_r3/run.ps1 | phase143_75ap_r2/apply_phase143_75ap_r2.py | phase143_75ap_r2/run_phase143_75ap_r2.ps1 | phase143_75ap_r3/apply_phase143_75ap_r3.py | phase143_75ap_r3/run_phase143_75ap_r3.ps1 | phase143_75ap_r4/apply_phase143_75ap_r4.py | phase143_75ap_r4/run_phase143_75ap_r4.ps1 | phase143_75ap_r5/apply_phase143_75ap_r5.py | phase143_75ap_r5/run_phase143_75ap_r5.ps1 | phase143_75ap_r6/apply_phase143_75ap_r6.py | phase143_75ap_r6/run_phase143_75ap_r6.ps1 | phase143_75ap_r7/run_phase143_75ap_r7.ps1 | phase143_75ap_r8/apply_phase143_75ap_r8.py | phase143_75ap_r8/run_phase143_75ap_r8.ps1 | phase143_75ap_r9/apply_phase143_75ap_r9.py | phase143_75ap_r9/run_phase143_75ap_r9.ps1 | phase143_75d/run_phase143_75d.ps1 | phase143_75g/run_phase143_75g.ps1 | phase143_75j/README.txt | phase143_75j/run_phase143_75j.ps1,
phase143_75aa,C_SAVE_CANONICAL_REFERENCE,has_apply+has_run+has_readme+artifact_only_reference+canonical_reference,3,1,2,0,0,True,False,False,True,True,False,tests/test_phase143_75aa_toda56_nu4_prop44_specialization_rendering.py,phase143_75aa_r2/apply_phase143_75aa_r2.py | phase143_75aa_r2/run_phase143_75aa_r2.ps1,
phase143_75aa_audit,B_CONSERVATIVE_OTHER,has_run+has_readme,2,0,0,0,0,False,False,False,True,True,False,,,
phase143_75aa_r2,B_APPLY_OR_PAYLOAD,has_apply+has_run,2,0,0,0,0,True,False,False,True,False,False,,,
phase143_75ab,C_SAVE_CANONICAL_REFERENCE,has_run+has_readme+has_audit_or_diagnose+artifact_only_reference+canonical_reference+unique_relevant_content,3,1,9,1,0,False,False,False,True,True,True,tests/test_phase143_75ab3_whitehead_correction_rendering.py,phase143_75ab2/run_phase143_75ab2.ps1 | phase143_75ab3/README.txt | phase143_75ab3/apply_phase143_75ab3.py | phase143_75ab3/run_phase143_75ab3.ps1 | phase143_75ab3_r2/repair_phase143_75ab3_r2.py | phase143_75ab3_r2/run_phase143_75ab3_r2.ps1 | phase143_75ab3_r3/README.txt | phase143_75ab3_r3/repair_phase143_75ab3_r3.py | phase143_75ab3_r3/run_phase143_75ab3_r3.ps1,
phase143_75ab2,B_UNIQUE_AUDIT_OR_DOC_CONTENT,has_run+has_readme+has_audit_or_diagnose+unique_relevant_content,3,0,0,1,0,False,False,False,True,True,True,,,
phase143_75ab3,C_SAVE_CANONICAL_REFERENCE,has_apply+has_run+has_readme+artifact_only_reference+canonical_reference,3,1,5,0,0,True,False,False,True,True,False,tests/test_phase143_75ab3_whitehead_correction_rendering.py,phase143_75ab3_r2/repair_phase143_75ab3_r2.py | phase143_75ab3_r2/run_phase143_75ab3_r2.ps1 | phase143_75ab3_r3/README.txt | phase143_75ab3_r3/repair_phase143_75ab3_r3.py | phase143_75ab3_r3/run_phase143_75ab3_r3.ps1,
phase143_75ab3_r2,B_UNIQUE_AUDIT_OR_DOC_CONTENT,has_run+has_readme+unique_relevant_content,3,0,0,1,0,False,False,False,True,True,False,,,
phase143_75ab3_r3,B_UNIQUE_AUDIT_OR_DOC_CONTENT,has_run+has_readme+unique_relevant_content,3,0,0,1,0,False,False,False,True,True,False,,,
phase143_75ab_completion_audit,B_CONSERVATIVE_OTHER,has_run+has_readme,2,0,0,0,0,False,False,False,True,True,False,,,
phase143_75ac,C_SAVE_CANONICAL_REFERENCE,has_run+has_readme+has_audit_or_diagnose+artifact_only_reference+canonical_reference+unique_relevant_content,3,1,6,1,0,False,False,False,True,True,True,tests/test_phase143_75ac4_hopf_odd_multiple_rendering.py,phase143_75ac2/run_phase143_75ac2.ps1 | phase143_75ac3/run_phase143_75ac3.ps1 | phase143_75ac4/README.txt | phase143_75ac4/repair_phase143_75ac4.py | phase143_75ac4/run_phase143_75ac4.ps1 | phase143_75ac4/test_phase143_75ac4_hopf_odd_multiple_rendering.py,
phase143_75ac2,B_UNIQUE_AUDIT_OR_DOC_CONTENT,has_run+has_readme+has_audit_or_diagnose+unique_relevant_content,3,0,0,1,0,False,False,False,True,True,True,,,
phase143_75ac3,B_UNIQUE_AUDIT_OR_DOC_CONTENT,has_run+has_readme+has_audit_or_diagnose+unique_relevant_content,3,0,0,1,0,False,False,False,True,True,True,,,
phase143_75ac4,C_SAVE_CANONICAL_REFERENCE,has_test+has_run+has_readme+canonical_reference+unique_relevant_content,4,1,0,2,1,False,False,True,True,True,False,tests/test_phase143_75ac4_hopf_odd_multiple_rendering.py,,phase143_75ac4/test_phase143_75ac4_hopf_odd_multiple_rendering.py
phase143_75ac_completion_audit,B_CONSERVATIVE_OTHER,has_run+has_readme,2,0,0,0,0,False,False,False,True,True,False,,,
phase143_75ad,C_SAVE_CANONICAL_REFERENCE,has_run+has_readme+has_audit_or_diagnose+artifact_only_reference+canonical_reference+unique_relevant_content,3,1,4,1,0,False,False,False,True,True,True,tests/test_phase143_75ad_double_suspension_rendering.py,phase143_75ad_impl/README.txt | phase143_75ad_impl/repair_phase143_75ad.py | phase143_75ad_impl/run_phase143_75ad.ps1 | phase143_75ad_impl/test_phase143_75ad_double_suspension_rendering.py,
phase143_75ad_completion,B_CONSERVATIVE_OTHER,has_run+has_readme,2,0,0,0,0,False,False,False,True,True,False,,,
phase143_75ad_impl,B_UNIQUE_TEST_MATERIAL,has_test+has_run+has_readme+unique_relevant_content,4,0,0,2,1,False,False,True,True,True,False,,,phase143_75ad_impl/test_phase143_75ad_double_suspension_rendering.py
phase143_75ae,B_ARTIFACT_REFERENCE_CHAIN,has_run+has_readme+has_audit_or_diagnose+artifact_only_reference+unique_relevant_content,3,0,10,1,0,False,False,False,True,True,True,,phase143_75ae_completion/run_phase143_75ae_completion.ps1 | phase143_75ae_impl/README.txt | phase143_75ae_impl/repair_phase143_75ae.py | phase143_75ae_impl/run_phase143_75ae.ps1 | phase143_75ae_impl/test_phase143_75ae_suspension_zero_rendering.py | phase143_75ae_impl_r2/repair_phase143_75ae_r2.py | phase143_75ae_impl_r2/run_phase143_75ae_r2.ps1 | phase143_75ae_impl_r2/test_phase143_75ae_suspension_zero_rendering.py | phase143_75ae_impl_r3/run_phase143_75ae_r3.ps1 | phase143_75ae_impl_r3/test_phase143_75ae_suspension_zero_rendering.py,
phase143_75ae_completion,B_UNIQUE_AUDIT_OR_DOC_CONTENT,has_run+has_readme+has_audit_or_diagnose+unique_relevant_content,3,0,0,1,0,False,False,False,True,True,True,,,
phase143_75ae_impl,B_UNIQUE_TEST_MATERIAL,has_test+has_run+has_readme+artifact_only_reference+unique_relevant_content,4,0,2,2,0,False,False,True,True,True,False,,phase143_75ae_impl_r2/run_phase143_75ae_r2.ps1 | phase143_75ae_impl_r3/run_phase143_75ae_r3.ps1,
phase143_75ae_impl_r2,B_UNIQUE_TEST_MATERIAL,has_test+has_run+has_readme+unique_relevant_content,4,0,0,2,0,False,False,True,True,True,False,,,
phase143_75ae_impl_r3,B_UNIQUE_TEST_MATERIAL,has_test+has_run+has_readme+unique_relevant_content,4,0,0,2,0,False,False,True,True,True,False,,,
phase143_75af,B_ARTIFACT_REFERENCE_CHAIN,has_run+has_readme+has_audit_or_diagnose+artifact_only_reference+unique_relevant_content,3,0,8,1,0,False,False,False,True,True,True,,phase143_75af_completion/run_phase143_75af_completion.ps1 | phase143_75af_impl/README.txt | phase143_75af_impl/repair_phase143_75af.py | phase143_75af_impl/run_phase143_75af.ps1 | phase143_75af_impl/test_phase143_75af_first_summand_rendering.py | phase143_75af_impl_r2/README.txt | phase143_75af_impl_r2/repair_phase143_75af_r2.py | phase143_75af_impl_r2/run_phase143_75af_r2.ps1,
phase143_75af_completion,B_UNIQUE_AUDIT_OR_DOC_CONTENT,has_run+has_readme+has_audit_or_diagnose+unique_relevant_content,3,0,0,1,0,False,False,False,True,True,True,,,
phase143_75af_impl,B_UNIQUE_TEST_MATERIAL,has_test+has_run+has_readme+artifact_only_reference+unique_relevant_content,4,0,3,2,0,False,False,True,True,True,False,,phase143_75af_impl_r2/README.txt | phase143_75af_impl_r2/repair_phase143_75af_r2.py | phase143_75af_impl_r2/run_phase143_75af_r2.ps1,
phase143_75af_impl_r2,B_UNIQUE_AUDIT_OR_DOC_CONTENT,has_run+has_readme+unique_relevant_content,3,0,0,1,0,False,False,False,True,True,False,,,
phase143_75ag,B_ARTIFACT_REFERENCE_CHAIN,has_run+has_readme+has_audit_or_diagnose+artifact_only_reference+unique_relevant_content,3,0,13,1,0,False,False,False,True,True,True,,phase143_75ag_impl/repair_phase143_75ag.py | phase143_75ag_impl/run_phase143_75ag.ps1 | phase143_75ag_impl/test_phase143_75ag_bracket_modulo_rendering.py | phase143_75ag_impl_r2/README.txt | phase143_75ag_impl_r2/repair_phase143_75ag_r2.py | phase143_75ag_impl_r2/run_phase143_75ag_r2.ps1 | phase143_75ag_impl_r2/test_phase143_75ag_bracket_modulo_rendering.py | phase143_75ag_impl_r3/run_phase143_75ag_r3.ps1 | phase143_75ag_impl_r3/test_phase143_75ag_bracket_modulo_rendering.py | phase143_75ag_impl_r4/run_phase143_75ag_r4.ps1 | phase143_75ag_impl_r4/test_phase143_75ag_bracket_modulo_rendering.py | phase143_75ag_r5_completion/run_phase143_75ag_r5_completion.ps1 | phase143_75ag_r5_completion/test_phase143_75ag_bracket_modulo_rendering.py,
phase143_75ag_impl,B_UNIQUE_TEST_MATERIAL,has_test+has_run+has_readme+artifact_only_reference+unique_relevant_content,4,0,4,2,0,False,False,True,True,True,False,,phase143_75ag_impl_r2/README.txt | phase143_75ag_impl_r2/run_phase143_75ag_r2.ps1 | phase143_75ag_impl_r3/run_phase143_75ag_r3.ps1 | phase143_75ag_impl_r4/run_phase143_75ag_r4.ps1,
phase143_75ag_impl_r2,B_UNIQUE_TEST_MATERIAL,has_test+has_run+has_readme+unique_relevant_content,4,0,0,2,0,False,False,True,True,True,False,,,
phase143_75ag_impl_r3,B_UNIQUE_TEST_MATERIAL,has_test+has_run+has_readme+unique_relevant_content,4,0,0,2,0,False,False,True,True,True,False,,,
phase143_75ag_impl_r4,B_UNIQUE_TEST_MATERIAL,has_test+has_run+has_readme+unique_relevant_content,4,0,0,2,0,False,False,True,True,True,False,,,
phase143_75ag_r5_completion,B_UNIQUE_TEST_MATERIAL,has_test+has_run+has_readme+has_audit_or_diagnose+unique_relevant_content,4,0,0,2,0,False,False,True,True,True,True,,,
phase143_75ah,B_ARTIFACT_REFERENCE_CHAIN,has_run+has_readme+has_audit_or_diagnose+artifact_only_reference+unique_relevant_content,3,0,6,1,0,False,False,False,True,True,True,,phase143_75ah_completion/run_phase143_75ah_completion.ps1 | phase143_75ah_impl/repair_phase143_75ah.py | phase143_75ah_impl/run_phase143_75ah.ps1 | phase143_75ah_impl/test_phase143_75ah_two_iota5_rendering.py | phase143_75ah_r2/run_phase143_75ah_r2.ps1 | phase143_75ah_r2/test_phase143_75ah_two_iota5_rendering.py,
phase143_75ah_completion,B_UNIQUE_AUDIT_OR_DOC_CONTENT,has_run+has_readme+has_audit_or_diagnose+unique_relevant_content,3,0,0,1,0,False,False,False,True,True,True,,,
phase143_75ah_impl,B_UNIQUE_TEST_MATERIAL,has_test+has_run+has_readme+unique_relevant_content,4,0,0,2,0,False,False,True,True,True,False,,,
phase143_75ah_r2,B_UNIQUE_TEST_MATERIAL,has_test+has_run+has_readme+unique_relevant_content,3,0,0,1,0,False,False,True,True,True,False,,,
phase143_75ai,B_ARTIFACT_REFERENCE_CHAIN,has_run+has_readme+has_audit_or_diagnose+artifact_only_reference+unique_relevant_content,3,0,4,1,0,False,False,False,True,True,True,,phase143_75ai_completion/run_phase143_75ai_completion.ps1 | phase143_75ai_impl/repair_phase143_75ai.py | phase143_75ai_impl/run_phase143_75ai.ps1 | phase143_75ai_impl/test_phase143_75ai_delta_kernel_rendering.py,
phase143_75ai_completion,B_UNIQUE_AUDIT_OR_DOC_CONTENT,has_run+has_readme+has_audit_or_diagnose+unique_relevant_content,3,0,0,1,0,False,False,False,True,True,True,,,
phase143_75ai_impl,B_UNIQUE_TEST_MATERIAL,has_test+has_run+has_readme+unique_relevant_content,4,0,0,2,0,False,False,True,True,True,False,,,
phase143_75aj,B_ARTIFACT_REFERENCE_CHAIN,has_run+has_readme+has_audit_or_diagnose+artifact_only_reference+unique_relevant_content,3,0,4,1,0,False,False,False,True,True,True,,phase143_75aj_completion/run_phase143_75aj_completion.ps1 | phase143_75aj_impl/repair_phase143_75aj.py | phase143_75aj_impl/run_phase143_75aj.ps1 | phase143_75aj_impl/test_phase143_75aj_toda36_rendering.py,
phase143_75aj_completion,B_UNIQUE_AUDIT_OR_DOC_CONTENT,has_run+has_readme+has_audit_or_diagnose+unique_relevant_content,3,0,0,1,0,False,False,False,True,True,True,,,
phase143_75aj_impl,B_UNIQUE_TEST_MATERIAL,has_test+has_run+has_readme+unique_relevant_content,4,0,0,2,0,False,False,True,True,True,False,,,
phase143_75ak,B_ARTIFACT_REFERENCE_CHAIN,has_run+has_readme+has_audit_or_diagnose+artifact_only_reference+unique_relevant_content,3,0,7,1,0,False,False,False,True,True,True,,phase143_75ak_completion/run_phase143_75ak_completion.ps1 | phase143_75ak_impl/repair_phase143_75ak.py | phase143_75ak_impl/run_phase143_75ak.ps1 | phase143_75ak_impl/test_phase143_75ak_sigma_double_prime_rendering.py | phase143_75ak_r2/repair_phase143_75ak_r2.py | phase143_75ak_r2/run_phase143_75ak_r2.ps1 | phase143_75ak_r2/test_phase143_75ak_sigma_double_prime_rendering.py,
phase143_75ak_completion,B_UNIQUE_AUDIT_OR_DOC_CONTENT,has_run+has_readme+has_audit_or_diagnose+unique_relevant_content,3,0,0,1,0,False,False,False,True,True,True,,,
phase143_75ak_impl,B_UNIQUE_TEST_MATERIAL,has_test+has_run+has_readme+unique_relevant_content,4,0,0,2,0,False,False,True,True,True,False,,,
phase143_75ak_r2,B_UNIQUE_TEST_MATERIAL,has_test+has_run+has_readme+unique_relevant_content,4,0,0,2,0,False,False,True,True,True,False,,,
phase143_75al,B_ARTIFACT_REFERENCE_CHAIN,has_run+has_readme+has_audit_or_diagnose+artifact_only_reference+unique_relevant_content,3,0,4,1,0,False,False,False,True,True,True,,phase143_75al_completion/run_phase143_75al_completion.ps1 | phase143_75al_impl/repair_phase143_75al.py | phase143_75al_impl/run_phase143_75al.ps1 | phase143_75al_impl/test_phase143_75al_first_short_exact_rendering.py,
phase143_75al_completion,B_UNIQUE_AUDIT_OR_DOC_CONTENT,has_run+has_readme+has_audit_or_diagnose+unique_relevant_content,3,0,0,1,0,False,False,False,True,True,True,,,
phase143_75al_impl,B_UNIQUE_TEST_MATERIAL,has_test+has_run+has_readme+unique_relevant_content,4,0,0,2,0,False,False,True,True,True,False,,,
phase143_75am,B_ARTIFACT_REFERENCE_CHAIN,has_run+has_readme+has_audit_or_diagnose+artifact_only_reference+unique_relevant_content,3,0,4,1,0,False,False,False,True,True,True,,phase143_75am_completion/run_phase143_75am_completion.ps1 | phase143_75am_impl/repair_phase143_75am.py | phase143_75am_impl/run_phase143_75am.ps1 | phase143_75am_impl/test_phase143_75am_second_short_exact_rendering.py,
phase143_75am_completion,B_UNIQUE_AUDIT_OR_DOC_CONTENT,has_run+has_readme+has_audit_or_diagnose+unique_relevant_content,3,0,0,1,0,False,False,False,True,True,True,,,
phase143_75am_impl,B_UNIQUE_TEST_MATERIAL,has_test+has_run+has_readme+unique_relevant_content,4,0,0,2,0,False,False,True,True,True,False,,,
phase143_75an,B_ARTIFACT_REFERENCE_CHAIN,has_run+has_readme+has_audit_or_diagnose+artifact_only_reference+unique_relevant_content,3,0,6,1,0,False,False,False,True,True,True,,phase143_75an_completion/run_phase143_75an_completion.ps1 | phase143_75an_impl/repair_phase143_75an.py | phase143_75an_impl/run_phase143_75an.ps1 | phase143_75an_impl/test_phase143_75an_indeterminacy_rendering.py | phase143_75an_r2/repair_phase143_75an_r2.py | phase143_75an_r2/run_phase143_75an_r2.ps1,
phase143_75an_completion,B_UNIQUE_AUDIT_OR_DOC_CONTENT,has_run+has_readme+has_audit_or_diagnose+unique_relevant_content,3,0,0,1,0,False,False,False,True,True,True,,,
phase143_75an_impl,B_UNIQUE_TEST_MATERIAL,has_test+has_run+has_readme+artifact_only_reference+unique_relevant_content,4,0,2,2,0,False,False,True,True,True,False,,phase143_75an_r2/repair_phase143_75an_r2.py | phase143_75an_r2/run_phase143_75an_r2.ps1,
phase143_75an_r2,B_UNIQUE_AUDIT_OR_DOC_CONTENT,has_run+has_readme+unique_relevant_content,3,0,0,1,0,False,False,False,True,True,False,,,
phase143_75ao_bulk_audit,B_ARTIFACT_REFERENCE_CHAIN,has_run+has_readme+has_audit_or_diagnose+artifact_only_reference+unique_relevant_content,3,0,1,1,0,False,False,False,True,True,True,,phase143_75ao_bulk_impl/test_phase143_75ao_bulk_rendering.py,
phase143_75ao_bulk_impl,B_UNIQUE_TEST_MATERIAL,has_test+has_run+has_readme+artifact_only_reference+unique_relevant_content,4,0,2,2,0,False,False,True,True,True,False,,phase143_75ao_bulk_r2/repair_phase143_75ao_bulk_r2.py | phase143_75ao_bulk_r2/run_phase143_75ao_bulk_r2.ps1,
phase143_75ao_bulk_r2,B_UNIQUE_AUDIT_OR_DOC_CONTENT,has_run+has_readme+unique_relevant_content,3,0,0,1,0,False,False,False,True,True,False,,,
phase143_75ao_bulk_r3,B_APPLY_OR_PAYLOAD,has_apply+has_test+has_run+has_readme+unique_relevant_content,4,0,0,1,0,True,False,True,True,True,False,,,
phase143_75ao_completion,B_UNIQUE_AUDIT_OR_DOC_CONTENT,has_run+has_readme+has_audit_or_diagnose+unique_relevant_content,3,0,0,1,0,False,False,False,True,True,True,,,
phase143_75ap_completion_audit,B_CONSERVATIVE_OTHER,has_run+has_readme,2,0,0,0,0,False,False,False,True,True,False,,,
phase143_75ap_final_bulk,B_APPLY_OR_PAYLOAD,has_apply+has_test+has_run+has_readme+unique_relevant_content,4,0,0,1,0,True,False,True,True,True,False,,,
phase143_75ap_r10,B_APPLY_OR_PAYLOAD,has_apply+has_run+has_readme+artifact_only_reference,3,0,5,0,0,True,False,False,True,True,False,,phase143_75ap_r10_audit/run_phase143_75ap_r10_audit.ps1 | phase143_75ap_r10b_audit/run_phase143_75ap_r10b_audit.ps1 | phase143_75ap_r10c_audit/run_phase143_75ap_r10c_audit.ps1 | phase143_75ap_r10d_audit/run_phase143_75ap_r10d_audit.ps1 | phase143_75ap_r10e_audit/run_phase143_75ap_r10e_audit.ps1,
phase143_75ap_r10_audit,B_UNIQUE_AUDIT_OR_DOC_CONTENT,has_run+has_readme+has_audit_or_diagnose+unique_relevant_content,3,0,0,1,0,False,False,False,True,True,True,,,
phase143_75ap_r10b_audit,B_UNIQUE_AUDIT_OR_DOC_CONTENT,has_run+has_readme+has_audit_or_diagnose+unique_relevant_content,3,0,0,1,0,False,False,False,True,True,True,,,
phase143_75ap_r10c_audit,B_UNIQUE_AUDIT_OR_DOC_CONTENT,has_run+has_readme+has_audit_or_diagnose+unique_relevant_content,3,0,0,1,0,False,False,False,True,True,True,,,
phase143_75ap_r10d_audit,B_UNIQUE_AUDIT_OR_DOC_CONTENT,has_run+has_readme+has_audit_or_diagnose+unique_relevant_content,3,0,0,1,0,False,False,False,True,True,True,,,
phase143_75ap_r10e_audit,B_UNIQUE_AUDIT_OR_DOC_CONTENT,has_run+has_readme+has_audit_or_diagnose+unique_relevant_content,3,0,0,1,0,False,False,False,True,True,True,,,
phase143_75ap_r11,B_APPLY_OR_PAYLOAD,has_apply+has_run+has_readme+artifact_only_reference,3,0,5,0,0,True,False,False,True,True,False,,phase143_75ap_r11_import_audit/run_phase143_75ap_r11_import_audit.ps1 | phase143_75ap_r11_r2/run_phase143_75ap_r11_r2.ps1 | phase143_75ap_r11_r3/run_phase143_75ap_r11_r3.ps1 | phase143_75ap_r11_r4/run_phase143_75ap_r11_r4.ps1 | phase143_75ap_r11_r5/run_phase143_75ap_r11_r5.ps1,
phase143_75ap_r11_import_audit,B_UNIQUE_AUDIT_OR_DOC_CONTENT,has_run+has_audit_or_diagnose+unique_relevant_content,2,0,0,1,0,False,False,False,True,False,True,,,
phase143_75ap_r11_r2,B_APPLY_OR_PAYLOAD,has_apply+has_run+has_readme,3,0,0,0,0,True,False,False,True,True,False,,,
phase143_75ap_r11_r3,B_APPLY_OR_PAYLOAD,has_apply+has_run+has_readme,3,0,0,0,0,True,False,False,True,True,False,,,
phase143_75ap_r11_r4,B_APPLY_OR_PAYLOAD,has_apply+has_run+has_readme,3,0,0,0,0,True,False,False,True,True,False,,,
phase143_75ap_r11_r5,B_APPLY_OR_PAYLOAD,has_apply+has_run+has_readme,3,0,0,0,0,True,False,False,True,True,False,,,
phase143_75ap_r12_trace_audit,B_UNIQUE_AUDIT_OR_DOC_CONTENT,has_run+has_readme+has_audit_or_diagnose+unique_relevant_content,3,0,0,1,0,False,False,False,True,True,True,,,
phase143_75ap_r12b_selection_audit,B_UNIQUE_AUDIT_OR_DOC_CONTENT,has_run+has_readme+has_audit_or_diagnose+unique_relevant_content,3,0,0,1,0,False,False,False,True,True,True,,,
phase143_75ap_r12c_exclusion_audit,B_UNIQUE_AUDIT_OR_DOC_CONTENT,has_run+has_readme+has_audit_or_diagnose+unique_relevant_content,3,0,0,1,0,False,False,False,True,True,True,,,
phase143_75ap_r12d_step_filter_audit,B_UNIQUE_AUDIT_OR_DOC_CONTENT,has_run+has_readme+has_audit_or_diagnose+unique_relevant_content,3,0,0,1,0,False,False,False,True,True,True,,,
phase143_75ap_r13,B_APPLY_OR_PAYLOAD,has_apply+has_run+has_readme,3,0,0,0,0,True,False,False,True,True,False,,,
phase143_75ap_r14_completion_audit,B_UNIQUE_AUDIT_OR_DOC_CONTENT,has_run+has_readme+has_audit_or_diagnose+unique_relevant_content,3,0,0,1,0,False,False,False,True,True,True,,,
phase143_75ap_r15_boundary_audit,B_UNIQUE_AUDIT_OR_DOC_CONTENT,has_run+has_readme+has_audit_or_diagnose+unique_relevant_content,4,0,0,2,0,False,False,False,True,True,True,,,
phase143_75ap_r16,B_APPLY_OR_PAYLOAD,has_apply+has_run+has_readme+artifact_only_reference,3,0,2,0,0,True,False,False,True,True,False,,phase143_75ap_r16_import_audit/run.ps1 | phase143_75ap_r16_r2/run_phase143_75ap_r16_r2.ps1,
phase143_75ap_r16_import_audit,B_UNIQUE_AUDIT_OR_DOC_CONTENT,has_readme+has_audit_or_diagnose+unique_relevant_content,4,0,0,3,0,False,False,False,False,True,True,,,
phase143_75ap_r16_r2,B_APPLY_OR_PAYLOAD,has_apply+has_run+has_readme,3,0,0,0,0,True,False,False,True,True,False,,,
phase143_75ap_r17,B_APPLY_OR_PAYLOAD,has_apply+has_run+has_readme+artifact_only_reference+unique_relevant_content,5,0,4,2,0,True,False,False,True,True,False,,phase143_75ap_r17_audit/run.ps1 | phase143_75ap_r17_completion_audit/run.ps1 | phase143_75ap_r17_completion_audit_r2/run.ps1 | phase143_75ap_r17_completion_audit_r3/run.ps1,
phase143_75ap_r17_audit,B_UNIQUE_AUDIT_OR_DOC_CONTENT,has_readme+has_audit_or_diagnose+unique_relevant_content,4,0,0,3,0,False,False,False,False,True,True,,,
phase143_75ap_r17_completion_audit,B_ARTIFACT_REFERENCE_CHAIN,has_run+has_readme+artifact_only_reference+unique_relevant_content,4,0,2,2,0,False,False,False,True,True,False,,phase143_75ap_r17_completion_audit_r2/run.ps1 | phase143_75ap_r17_completion_audit_r3/run.ps1,
phase143_75ap_r17_completion_audit_r2,B_UNIQUE_AUDIT_OR_DOC_CONTENT,has_readme+has_audit_or_diagnose+unique_relevant_content,4,0,0,3,0,False,False,False,False,True,True,,,
phase143_75ap_r17_completion_audit_r3,B_UNIQUE_AUDIT_OR_DOC_CONTENT,has_readme+has_audit_or_diagnose+unique_relevant_content,4,0,0,3,0,False,False,False,False,True,True,,,
phase143_75ap_r2,B_APPLY_OR_PAYLOAD,has_apply+has_run+has_readme+unique_relevant_content,4,0,0,1,0,True,False,False,True,True,False,,,
phase143_75ap_r3,B_APPLY_OR_PAYLOAD,has_apply+has_run+has_readme,3,0,0,0,0,True,False,False,True,True,False,,,
phase143_75ap_r4,B_APPLY_OR_PAYLOAD,has_apply+has_run+has_readme,3,0,0,0,0,True,False,False,True,True,False,,,
phase143_75ap_r5,B_APPLY_OR_PAYLOAD,has_apply+has_run+has_readme,3,0,0,0,0,True,False,False,True,True,False,,,
phase143_75ap_r6,B_APPLY_OR_PAYLOAD,has_apply+has_run+has_readme,3,0,0,0,0,True,False,False,True,True,False,,,
phase143_75ap_r7,B_APPLY_OR_PAYLOAD,has_apply+has_run+has_readme,3,0,0,0,0,True,False,False,True,True,False,,,
phase143_75ap_r8,B_APPLY_OR_PAYLOAD,has_apply+has_run+has_readme+artifact_only_reference,3,0,1,0,0,True,False,False,True,True,False,,phase143_75ap_r17_completion_audit/run_existing_completion_audit.py,
phase143_75ap_r9,B_APPLY_OR_PAYLOAD,has_apply+has_run+has_readme,3,0,0,0,0,True,False,False,True,True,False,,,
phase143_75b,B_UNIQUE_AUDIT_OR_DOC_CONTENT,has_readme+has_audit_or_diagnose+unique_relevant_content,2,0,0,1,0,False,False,False,False,True,True,,,
phase143_75c,C_SAVE_CANONICAL_REFERENCE,has_apply+has_test+has_audit_or_diagnose+canonical_reference+unique_relevant_content,4,1,0,2,1,True,False,True,False,False,True,tests/test_phase143_75c_generic_semantic_rendering.py,,phase143_75c/test_phase143_75c_generic_semantic_rendering.py
phase143_75d,B_CONSERVATIVE_OTHER,has_run+has_readme,2,0,0,0,0,False,False,False,True,True,False,,,
phase143_75e,B_UNIQUE_AUDIT_OR_DOC_CONTENT,has_readme+has_audit_or_diagnose+unique_relevant_content,2,0,0,1,0,False,False,False,False,True,True,,,
phase143_75f,C_SAVE_CANONICAL_REFERENCE,has_apply+has_test+has_audit_or_diagnose+canonical_reference+unique_relevant_content,4,1,0,2,1,True,False,True,False,False,True,tests/test_phase143_75f_ehp_semantic_rendering.py,,phase143_75f/test_phase143_75f_ehp_semantic_rendering.py
phase143_75g,B_CONSERVATIVE_OTHER,has_run+has_readme,2,0,0,0,0,False,False,False,True,True,False,,,
phase143_75h,B_UNIQUE_AUDIT_OR_DOC_CONTENT,has_run+has_readme+has_audit_or_diagnose+unique_relevant_content,3,0,0,1,0,False,False,False,True,True,True,,,
phase143_75i,C_SAVE_CANONICAL_REFERENCE,has_apply+has_test+has_readme+has_audit_or_diagnose+artifact_only_reference+canonical_reference+unique_relevant_content,5,1,2,2,0,True,False,True,False,True,True,tests/test_phase143_75i_whitehead_hopf_semantic_rendering.py,phase143_75i_r2/repair_phase143_75i_r2.ps1 | phase143_75i_r2/test_phase143_75i_whitehead_hopf_semantic_rendering.py,
phase143_75i_r2,B_UNIQUE_TEST_MATERIAL,has_test+has_readme+unique_relevant_content,3,0,0,2,1,False,False,True,False,True,False,,,phase143_75i_r2/test_phase143_75i_whitehead_hopf_semantic_rendering.py
phase143_75j,B_CONSERVATIVE_OTHER,has_run+has_readme,2,0,0,0,0,False,False,False,True,True,False,,,
phase143_75k,B_UNIQUE_AUDIT_OR_DOC_CONTENT,has_run+has_readme+has_audit_or_diagnose+unique_relevant_content,3,0,0,1,0,False,False,False,True,True,True,,,
phase143_75l,B_UNIQUE_AUDIT_OR_DOC_CONTENT,has_run+has_readme+has_audit_or_diagnose+unique_relevant_content,3,0,0,1,0,False,False,False,True,True,True,,,
phase143_75m,C_SAVE_CANONICAL_REFERENCE,has_apply+has_test+has_run+has_readme+has_audit_or_diagnose+artifact_only_reference+canonical_reference+unique_relevant_content,5,1,9,2,0,True,False,True,True,True,True,tests/test_phase143_75m_finite_dimensional_semantic_rendering.py,phase143_75m_r2/repair_phase143_75m_r2.py | phase143_75m_r2/run_phase143_75m_r2.ps1 | phase143_75m_r2/test_phase143_75m_finite_dimensional_semantic_rendering.py | phase143_75m_r3/README.txt | phase143_75m_r3/repair_phase143_75m_r3.py | phase143_75m_r3/run_phase143_75m_r3.ps1 | phase143_75m_r4/README.txt | phase143_75m_r4/repair_phase143_75m_r4.py | phase143_75m_r4/run_phase143_75m_r4.ps1,
phase143_75m_r2,B_UNIQUE_TEST_MATERIAL,has_test+has_run+has_readme+has_audit_or_diagnose+artifact_only_reference+unique_relevant_content,5,0,2,3,0,False,False,True,True,True,True,,phase143_75m_r3/run_phase143_75m_r3.ps1 | phase143_75m_r4/run_phase143_75m_r4.ps1,
phase143_75m_r3,B_UNIQUE_AUDIT_OR_DOC_CONTENT,has_run+has_readme+unique_relevant_content,3,0,0,1,0,False,False,False,True,True,False,,,
phase143_75m_r4,B_UNIQUE_AUDIT_OR_DOC_CONTENT,has_run+has_readme+unique_relevant_content,3,0,0,1,0,False,False,False,True,True,False,,,
phase143_75n,B_UNIQUE_AUDIT_OR_DOC_CONTENT,has_run+has_readme+has_audit_or_diagnose+unique_relevant_content,3,0,0,1,0,False,False,False,True,True,True,,,
phase143_75o,B_UNIQUE_AUDIT_OR_DOC_CONTENT,has_run+has_readme+has_audit_or_diagnose+unique_relevant_content,3,0,0,1,0,False,False,False,True,True,True,,,
phase143_75p,C_SAVE_CANONICAL_REFERENCE,has_test+has_run+has_readme+has_audit_or_diagnose+canonical_reference+unique_relevant_content,5,1,0,3,1,False,False,True,True,True,True,tests/test_phase143_75p_prop44_suspension_injective_semantic_rendering.py,,phase143_75p/test_phase143_75p_prop44_suspension_injective_semantic_rendering.py
phase143_75q,B_UNIQUE_AUDIT_OR_DOC_CONTENT,has_run+has_readme+has_audit_or_diagnose+unique_relevant_content,3,0,0,1,0,False,False,False,True,True,True,,,
phase143_75r,B_UNIQUE_AUDIT_OR_DOC_CONTENT,has_run+has_readme+has_audit_or_diagnose+unique_relevant_content,3,0,0,1,0,False,False,False,True,True,True,,,
phase143_75s,C_SAVE_CANONICAL_REFERENCE,has_test+has_run+has_readme+has_audit_or_diagnose+artifact_only_reference+canonical_reference+unique_relevant_content,5,1,3,3,1,False,False,True,True,True,True,tests/test_phase143_75s_toda58_whitehead_square_semantic_rendering.py,phase143_75s_r2/README.txt | phase143_75s_r2/repair_phase143_75s_r2.py | phase143_75s_r2/run_phase143_75s_r2.ps1,phase143_75s/test_phase143_75s_toda58_whitehead_square_semantic_rendering.py
phase143_75s_r2,B_UNIQUE_AUDIT_OR_DOC_CONTENT,has_run+has_readme+unique_relevant_content,3,0,0,1,0,False,False,False,True,True,False,,,
phase143_75t,C_SAVE_CANONICAL_REFERENCE,has_test+has_run+has_readme+has_audit_or_diagnose+artifact_only_reference+canonical_reference+unique_relevant_content,6,1,1,4,1,False,False,True,True,True,True,tests/test_phase143_75t_toda58_equation_aggregate_semantic_rendering.py,phase143_75ab2/run_phase143_75ab2.ps1,phase143_75t/test_phase143_75t_toda58_equation_aggregate_semantic_rendering.py
phase143_75u,B_ARTIFACT_REFERENCE_CHAIN,has_run+has_readme+has_audit_or_diagnose+artifact_only_reference+unique_relevant_content,3,0,33,1,0,False,False,False,True,True,True,,phase143_75ab2/run_phase143_75ab2.ps1 | phase143_75ab_completion_audit/run_phase143_75ab_completion_audit.ps1 | phase143_75ac/run_phase143_75ac.ps1 | phase143_75ac2/audit_phase143_75ac2.py | phase143_75ac3/audit_phase143_75ac3.py | phase143_75ac_completion_audit/run_phase143_75ac_completion_audit.ps1 | phase143_75ad/audit_phase143_75ad.py | phase143_75ad_completion/run_phase143_75ad_completion.ps1 | phase143_75ae/audit_phase143_75ae.py | phase143_75ae_completion/audit_phase143_75ae_completion.py | phase143_75af/audit_phase143_75af.py | phase143_75af_completion/audit_phase143_75af_completion.py | phase143_75ag/audit_phase143_75ag.py | phase143_75ag_r5_completion/audit_phase143_75ag_completion.py | phase143_75ah/audit_phase143_75ah.py | phase143_75ah_completion/audit_phase143_75ah_completion.py | phase143_75ai/audit_phase143_75ai.py | phase143_75ai_completion/audit_phase143_75ai_completion.py | phase143_75aj/audit_phase143_75aj.py | phase143_75aj_completion/audit_phase143_75aj_completion.py | phase143_75ak/audit_phase143_75ak.py | phase143_75ak_completion/audit_phase143_75ak_completion.py | phase143_75al/audit_phase143_75al.py | phase143_75al_completion/audit_phase143_75al_completion.py | phase143_75am/audit_phase143_75am.py | phase143_75am_completion/audit_phase143_75am_completion.py | phase143_75an/audit_phase143_75an.py | phase143_75an_completion/audit_phase143_75an_completion.py | phase143_75ao_bulk_audit/audit_phase143_75ao_bulk.py | phase143_75ao_completion/audit_phase143_75ao_completion.py | phase143_75ap_completion_audit/README.txt | phase143_75ap_completion_audit/run_phase143_75ap_completion_audit.ps1 | phase143_75ap_final_bulk/test_phase143_75ap_final_bulk.py,
phase143_75v,B_UNIQUE_AUDIT_OR_DOC_CONTENT,has_run+has_readme+has_audit_or_diagnose+unique_relevant_content,3,0,0,1,0,False,False,False,True,True,True,,,
phase143_75w,C_SAVE_CANONICAL_REFERENCE,has_test+has_run+has_readme+has_audit_or_diagnose+canonical_reference+unique_relevant_content,6,1,0,4,1,False,False,True,True,True,True,tests/test_phase143_75w_toda54_bracket_up_to_sign_semantic_rendering.py,,phase143_75w/test_phase143_75w_toda54_bracket_up_to_sign_semantic_rendering.py
phase143_75x,B_UNIQUE_AUDIT_OR_DOC_CONTENT,has_run+has_readme+has_audit_or_diagnose+unique_relevant_content,3,0,0,1,0,False,False,False,True,True,True,,,
phase143_75y,C_SAVE_CANONICAL_REFERENCE,has_test+has_run+has_readme+has_audit_or_diagnose+canonical_reference+unique_relevant_content,6,1,0,4,1,False,False,True,True,True,True,tests/test_phase143_75y_nu4_construction_semantic_rendering.py,,phase143_75y/test_phase143_75y_nu4_construction_semantic_rendering.py
phase143_75z,B_ARTIFACT_REFERENCE_CHAIN,has_run+has_readme+has_audit_or_diagnose+artifact_only_reference+unique_relevant_content,3,0,3,1,0,False,False,False,True,True,True,,phase143_75aa_audit/run_phase143_75aa_audit.ps1 | phase143_75ab/audit_phase143_75ab.py | phase143_75ab/run_phase143_75ab.ps1,
phase143_7_fix1,C_SAVE_CANONICAL_REFERENCE,has_apply+has_test+canonical_reference+all_relevant_content_canonical_duplicate,2,1,0,1,1,True,False,True,False,False,False,tests/test_phase143_7_fix1_argument_cycle.py,,phase143_7_fix1/tests/test_phase143_7_fix1_argument_cycle.py
PHASE143_7_README.txt,B_UNIQUE_AUDIT_OR_DOC_CONTENT,unique_relevant_content,1,0,0,1,0,False,False,False,False,False,False,,,
phase143_8_audit,C_SAVE_CANONICAL_REFERENCE,has_test+has_audit_or_diagnose+canonical_reference+unique_relevant_content,2,1,0,2,1,False,False,True,False,False,True,tests/test_phase143_8_argument_audit.py,,phase143_8_audit/tests/test_phase143_8_argument_audit.py
phase143_docs_completion,B_APPLY_OR_PAYLOAD,has_apply+has_run+has_readme+unique_relevant_content,8,0,0,4,0,True,False,False,True,True,False,,,
phase143_final_regression,B_CONSERVATIVE_OTHER,has_run+has_readme,2,0,0,0,0,False,False,False,True,True,False,,,
phase143_final_regression_r2,B_CONSERVATIVE_OTHER,has_run+has_readme,2,0,0,0,0,False,False,False,True,True,False,,,
phase144_1_representative_narrative_path_audit,B_UNIQUE_AUDIT_OR_DOC_CONTENT,has_run+has_readme+has_audit_or_diagnose+unique_relevant_content,4,0,0,2,0,False,False,False,True,True,True,,,
phase144_2_definition_hierarchy_audit,B_UNIQUE_AUDIT_OR_DOC_CONTENT,has_run+has_readme+has_audit_or_diagnose+unique_relevant_content,3,0,0,1,0,False,False,False,True,True,True,,,
phase144_2_definition_relevance_audit,B_UNIQUE_AUDIT_OR_DOC_CONTENT,has_run+has_readme+has_audit_or_diagnose+unique_relevant_content,3,0,0,1,0,False,False,False,True,True,True,,,
phase144_2_definition_statement_shape_audit,B_UNIQUE_AUDIT_OR_DOC_CONTENT,has_run+has_readme+has_audit_or_diagnose+unique_relevant_content,4,0,0,2,0,False,False,False,True,True,True,,,
phase144_2_other_block_semantic_audit,B_ARTIFACT_REFERENCE_CHAIN,has_run+has_readme+has_audit_or_diagnose+artifact_only_reference+unique_relevant_content,4,0,1,2,0,False,False,False,True,True,True,,phase144_2_other_block_semantic_audit_r2/run_phase144_2_r2.ps1,
phase144_2_other_block_semantic_audit_r2,B_UNIQUE_AUDIT_OR_DOC_CONTENT,has_run+has_readme+has_audit_or_diagnose+unique_relevant_content,4,0,0,2,0,False,False,False,True,True,True,,,
phase144_2_post_impl_audit_r2,B_UNIQUE_AUDIT_OR_DOC_CONTENT,has_run+has_readme+has_audit_or_diagnose+unique_relevant_content,3,0,0,1,0,False,False,False,True,True,True,,,
phase144_2_sigma_definition_semantic_path_audit,B_UNIQUE_AUDIT_OR_DOC_CONTENT,has_run+has_readme+has_audit_or_diagnose+unique_relevant_content,4,0,0,2,0,False,False,False,True,True,True,,,
phase144_2_sigma_triple_prime_definition_impl,B_APPLY_OR_PAYLOAD,has_apply+has_test+has_run+has_readme+has_audit_or_diagnose+unique_relevant_content,6,0,0,3,1,True,False,True,True,True,True,,,phase144_2_sigma_triple_prime_definition_impl/test_phase144_2_sigma_triple_prime_definition.py
phase144_4_pi6_3_legacy_generic_audit,B_UNIQUE_AUDIT_OR_DOC_CONTENT,has_run+has_readme+has_audit_or_diagnose+unique_relevant_content,7,0,0,5,0,False,False,False,True,True,True,,,
phase144_5_generic_definition_order_equations,B_APPLY_OR_PAYLOAD,has_apply+has_test+has_run+has_readme+artifact_only_reference+unique_relevant_content,6,0,24,3,0,True,False,True,True,True,False,,phase144_5_r1_test_fix/README.txt | phase144_5_r1_test_fix/apply_phase144_5_r1.py | phase144_5_r1_test_fix/run_phase144_5_r1.ps1 | phase144_5_r2_generic_equation_references/README.txt | phase144_5_r2_generic_equation_references/apply_phase144_5_r2.py | phase144_5_r2_generic_equation_references/run_phase144_5_r2.ps1 | phase144_5_r2_r1_transition_fix/run_phase144_5_r2_r1.ps1 | phase144_5_r2_r2_api_fix/run_phase144_5_r2_r2.ps1 | phase144_6_final_completion_regression/run_phase144_6_final_completion_regression.ps1 | phase144_6_final_regression_repair_r11/README.md | phase144_6_final_regression_repair_r11/apply_phase144_6_final_regression_repair_r11.py | phase144_6_final_regression_repair_r11/run_phase144_6_final_regression_repair_r11.ps1 | phase144_6_final_regression_repair_r16/README.md | phase144_6_final_regression_repair_r16/run_phase144_6_final_regression_repair_r16.ps1 | phase144_6_final_regression_repair_r17/run_phase144_6_final_regression_repair_r17.ps1 | phase144_6_final_regression_repair_r19/run_phase144_6_final_regression_repair_r19.ps1 | phase144_6_final_regression_repair_r22/run_phase144_6_final_regression_repair_r22.ps1 | phase144_6_final_regression_repair_r23/run_phase144_6_final_regression_repair_r23.ps1 | phase144_6_final_regression_repair_r24/run_phase144_6_final_regression_repair_r24.ps1 | phase144_6_finalization_focused_gate/run_phase144_6_finalization_focused_gate.ps1 | phase144_6_r25_12_local_190_192_focused_audit/phase144_6_r25_12_local_diff_report.txt | phase144_6_r25_22_r2_web_numbered_equation_adapter/run_phase144_6_r25_22_r2.ps1 | phase144_6_r25_22_r3_test_assertion_repair/run_phase144_6_r25_22_r3.ps1 | phase144_6_r25_8_production_repair/run_phase144_6_r25_8.ps1,
phase144_5_r1_test_fix,B_APPLY_OR_PAYLOAD,has_apply+has_test+has_run+has_readme+unique_relevant_content,4,0,0,1,0,True,False,True,True,True,False,,,
phase144_5_r2_generic_equation_references,B_APPLY_OR_PAYLOAD,has_apply+has_test+has_run+has_readme+unique_relevant_content,6,0,0,3,0,True,False,True,True,True,False,,,
phase144_5_r2_r1_transition_fix,B_APPLY_OR_PAYLOAD,has_apply+has_run+has_readme,3,0,0,0,0,True,False,False,True,True,False,,,
phase144_5_r2_r2_api_fix,B_APPLY_OR_PAYLOAD,has_apply+has_test+has_run+has_readme+all_relevant_content_canonical_duplicate,5,0,0,2,2,True,False,True,True,True,False,,,phase144_5_r2_r2_api_fix/test_phase144_5_r2_r2_api.py | phase144_5_r2_r2_api_fix/toda_group_proof_narrative_equation_numbering.py
phase144_6_abort_historical_audit_restore,B_UNIQUE_AUDIT_OR_DOC_CONTENT,has_readme+unique_relevant_content,2,0,0,1,0,False,False,False,False,True,False,,,
phase144_6_final_completion_audit_and_full_pytest,B_UNIQUE_AUDIT_OR_DOC_CONTENT,has_run+has_readme+has_audit_or_diagnose+unique_relevant_content,3,0,0,1,0,False,False,False,True,True,True,,,
phase144_6_final_completion_regression,B_CONSERVATIVE_OTHER,has_run+has_readme,2,0,0,0,0,False,False,False,True,True,False,,,
phase144_6_final_full_suite,B_ARTIFACT_REFERENCE_CHAIN,has_run+has_readme+artifact_only_reference,2,0,1,0,0,False,False,False,True,True,False,,phase144_6_final_full_suite_r2/README.txt,
phase144_6_final_full_suite_r2,B_CONSERVATIVE_OTHER,has_run+has_readme,2,0,0,0,0,False,False,False,True,True,False,,,
phase144_6_final_full_suite_r4,B_CONSERVATIVE_OTHER,has_run+has_readme,2,0,0,0,0,False,False,False,True,True,False,,,
phase144_6_final_regression_repair,B_APPLY_OR_PAYLOAD,has_apply+has_test+has_run+has_readme+artifact_only_reference+all_relevant_content_canonical_duplicate,12,0,12,9,9,True,False,True,True,True,False,,phase144_6_final_regression_repair_r10/run_phase144_6_final_regression_repair_r10.ps1 | phase144_6_final_regression_repair_r11/run_phase144_6_final_regression_repair_r11.ps1 | phase144_6_final_regression_repair_r12/run_phase144_6_final_regression_repair_r12.ps1 | phase144_6_final_regression_repair_r15/run_phase144_6_final_regression_repair_r15.ps1 | phase144_6_final_regression_repair_r16/run_phase144_6_final_regression_repair_r16.ps1 | phase144_6_final_regression_repair_r17/run_phase144_6_final_regression_repair_r17.ps1 | phase144_6_final_regression_repair_r19/run_phase144_6_final_regression_repair_r19.ps1 | phase144_6_final_regression_repair_r2/README.txt | phase144_6_final_regression_repair_r22/run_phase144_6_final_regression_repair_r22.ps1 | phase144_6_final_regression_repair_r23/run_phase144_6_final_regression_repair_r23.ps1 | phase144_6_final_regression_repair_r5/README.md | phase144_6_r25_12_local_190_192_focused_audit/phase144_6_r25_12_local_diff_report.txt,phase144_6_final_regression_repair/tests/test_phase133_7_group_proof_narrative_labels.py | phase144_6_final_regression_repair/tests/test_phase134_16_presentation_catalog.py | phase144_6_final_regression_repair/tests/test_phase134_3_pi6_3_numbered_narrative.py | phase144_6_final_regression_repair/tests/test_phase134_5_pi6_3_reference_fact_split.py | phase144_6_final_regression_repair/tests/test_phase134_6_pi6_3_mathbook_narrative.py | phase144_6_final_regression_repair/tests/test_phase134_7_pi6_3_final_narrative.py | phase144_6_final_regression_repair/tests/test_phase134_9_pi6_3_snapshot.py | phase144_6_final_regression_repair/tests/test_phase136_1_pi6_3_narrative_prose.py | phase144_6_final_regression_repair/tests/test_phase136_2_pi6_3_narrative_structure.py
phase144_6_final_regression_repair_r10,B_APPLY_OR_PAYLOAD,has_apply+has_run+has_readme+artifact_only_reference,3,0,1,0,0,True,False,False,True,True,False,,phase144_6_r25_12_local_190_192_focused_audit/phase144_6_r25_12_local_diff_report.txt,
phase144_6_final_regression_repair_r11,B_APPLY_OR_PAYLOAD,has_apply+has_run+has_readme+artifact_only_reference,3,0,1,0,0,True,False,False,True,True,False,,phase144_6_r25_12_local_190_192_focused_audit/phase144_6_r25_12_local_diff_report.txt,
phase144_6_final_regression_repair_r12,B_APPLY_OR_PAYLOAD,has_apply+has_run+has_readme+artifact_only_reference,3,0,1,0,0,True,False,False,True,True,False,,phase144_6_r25_12_local_190_192_focused_audit/phase144_6_r25_12_local_diff_report.txt,
phase144_6_final_regression_repair_r15,B_APPLY_OR_PAYLOAD,has_apply+has_run+has_readme+artifact_only_reference,3,0,1,0,0,True,False,False,True,True,False,,phase144_6_r25_12_local_190_192_focused_audit/phase144_6_r25_12_local_diff_report.txt,
phase144_6_final_regression_repair_r16,B_APPLY_OR_PAYLOAD,has_apply+has_run+has_readme+artifact_only_reference,3,0,1,0,0,True,False,False,True,True,False,,phase144_6_r25_12_local_190_192_focused_audit/phase144_6_r25_12_local_diff_report.txt,
phase144_6_final_regression_repair_r17,B_APPLY_OR_PAYLOAD,has_apply+has_run+has_readme+artifact_only_reference,3,0,1,0,0,True,False,False,True,True,False,,phase144_6_r25_12_local_190_192_focused_audit/phase144_6_r25_12_local_diff_report.txt,
phase144_6_final_regression_repair_r19,B_APPLY_OR_PAYLOAD,has_apply+has_run+has_readme+artifact_only_reference,3,0,1,0,0,True,False,False,True,True,False,,phase144_6_r25_12_local_190_192_focused_audit/phase144_6_r25_12_local_diff_report.txt,
phase144_6_final_regression_repair_r2,B_ARTIFACT_REFERENCE_CHAIN,has_run+has_readme+artifact_only_reference,2,0,3,0,0,False,False,False,True,True,False,,phase144_6_final_regression_repair_r22/run_phase144_6_final_regression_repair_r22.ps1 | phase144_6_final_regression_repair_r23/run_phase144_6_final_regression_repair_r23.ps1 | phase144_6_r25_12_local_190_192_focused_audit/phase144_6_r25_12_local_diff_report.txt,
phase144_6_final_regression_repair_r22,B_APPLY_OR_PAYLOAD,has_apply+has_run+has_readme+artifact_only_reference,3,0,1,0,0,True,False,False,True,True,False,,phase144_6_r25_12_local_190_192_focused_audit/phase144_6_r25_12_local_diff_report.txt,
phase144_6_final_regression_repair_r23,B_APPLY_OR_PAYLOAD,has_apply+has_run+has_readme+artifact_only_reference,3,0,1,0,0,True,False,False,True,True,False,,phase144_6_r25_12_local_190_192_focused_audit/phase144_6_r25_12_local_diff_report.txt,
phase144_6_final_regression_repair_r24,B_APPLY_OR_PAYLOAD,has_apply+has_run+has_readme+has_audit_or_diagnose+artifact_only_reference+unique_relevant_content,5,0,1,1,0,True,False,False,True,True,True,,phase144_6_r25_12_local_190_192_focused_audit/phase144_6_r25_12_local_diff_report.txt,
phase144_6_final_regression_repair_r5,B_UNIQUE_TEST_MATERIAL,has_test+has_run+has_readme+unique_relevant_content,3,0,0,1,0,False,False,True,True,True,False,,,
phase144_6_finalization,B_ARTIFACT_REFERENCE_CHAIN,has_run+has_readme+artifact_only_reference+unique_relevant_content,4,0,11,2,0,False,False,False,True,True,False,,phase144_6_finalization_focused_gate/README.txt | phase144_6_finalization_focused_gate/phase144_6_finalization_focused_gate_output.txt | phase144_6_finalization_focused_gate/run_phase144_6_finalization_focused_gate.ps1 | phase144_6_finalization_r25_30_boundary_gate/phase144_6_finalization_r25_30_boundary_gate_output.txt | phase144_6_finalization_r25_30_boundary_gate/run_phase144_6_finalization_r25_30_boundary_gate.ps1 | phase144_6_finalization_r25_30_boundary_gate_r1/README.txt | phase144_6_finalization_r25_30_boundary_gate_r1/phase144_6_finalization_r25_30_boundary_gate_r1_output.txt | phase144_6_finalization_r25_30_boundary_gate_r1/run_phase144_6_finalization_r25_30_boundary_gate_r1.ps1 | phase144_6_finalization_r25_30_boundary_gate_r2/README.txt | phase144_6_finalization_r25_30_boundary_gate_r2/phase144_6_finalization_r25_30_boundary_gate_r2_output.txt | phase144_6_finalization_r25_30_boundary_gate_r2/run_phase144_6_finalization_r25_30_boundary_gate_r2.ps1,
phase144_6_finalization_focused_gate,B_UNIQUE_AUDIT_OR_DOC_CONTENT,has_run+has_readme+unique_relevant_content,4,0,0,2,0,False,False,False,True,True,False,,,
phase144_6_finalization_r25_30_boundary_gate,B_ARTIFACT_REFERENCE_CHAIN,has_run+has_readme+artifact_only_reference+unique_relevant_content,3,0,6,1,0,False,False,False,True,True,False,,phase144_6_finalization_r25_30_boundary_gate_r1/README.txt | phase144_6_finalization_r25_30_boundary_gate_r1/phase144_6_finalization_r25_30_boundary_gate_r1_output.txt | phase144_6_finalization_r25_30_boundary_gate_r1/run_phase144_6_finalization_r25_30_boundary_gate_r1.ps1 | phase144_6_finalization_r25_30_boundary_gate_r2/README.txt | phase144_6_finalization_r25_30_boundary_gate_r2/phase144_6_finalization_r25_30_boundary_gate_r2_output.txt | phase144_6_finalization_r25_30_boundary_gate_r2/run_phase144_6_finalization_r25_30_boundary_gate_r2.ps1,
phase144_6_finalization_r25_30_boundary_gate_r1,B_UNIQUE_AUDIT_OR_DOC_CONTENT,has_run+has_readme+unique_relevant_content,3,0,0,1,0,False,False,False,True,True,False,,,
phase144_6_finalization_r25_30_boundary_gate_r2,B_UNIQUE_AUDIT_OR_DOC_CONTENT,has_run+has_readme+unique_relevant_content,3,0,0,1,0,False,False,False,True,True,False,,,
phase144_6_pi6_generic_production_route,B_APPLY_OR_PAYLOAD,has_apply+has_test+has_run+has_readme+artifact_only_reference+unique_relevant_content,5,0,48,2,0,True,False,True,True,True,False,,phase144_6_final_completion_regression/run_phase144_6_final_completion_regression.ps1 | phase144_6_final_regression_repair_r11/README.md | phase144_6_final_regression_repair_r11/apply_phase144_6_final_regression_repair_r11.py | phase144_6_final_regression_repair_r11/run_phase144_6_final_regression_repair_r11.ps1 | phase144_6_final_regression_repair_r24/run_phase144_6_final_regression_repair_r24.ps1 | phase144_6_finalization/phase144_6_finalization_output.txt | phase144_6_finalization_focused_gate/run_phase144_6_finalization_focused_gate.ps1 | phase144_6_finalization_r25_30_boundary_gate/run_phase144_6_finalization_r25_30_boundary_gate.ps1 | phase144_6_finalization_r25_30_boundary_gate_r1/run_phase144_6_finalization_r25_30_boundary_gate_r1.ps1 | phase144_6_finalization_r25_30_boundary_gate_r2/run_phase144_6_finalization_r25_30_boundary_gate_r2.ps1 | phase144_6_r1_cli_depth_fix/apply_phase144_6_r1.py | phase144_6_r1_cli_depth_fix/run_phase144_6_r1.ps1 | phase144_6_r25_10_final_regression_ownership_audit/run_phase144_6_r25_10.ps1 | phase144_6_r25_12_local_190_192_focused_audit/phase144_6_r25_12_local_diff_report.txt | phase144_6_r25_13_definition_scoped_evidence_repair/run_phase144_6_r25_13.ps1 | phase144_6_r25_15_final_ownership_repair/run_phase144_6_r25_15.ps1 | phase144_6_r25_16_depth2_derivation_support_repair/run_phase144_6_r25_16.ps1 | phase144_6_r25_17_restore_cli_narrative_completeness/run_phase144_6_r25_17.ps1 | phase144_6_r25_19_complete_replay_api/run_phase144_6_r25_19.ps1 | phase144_6_r25_22_cli_web_narrative_replay_parity/run_phase144_6_r25_22.ps1 | phase144_6_r25_22_r2_web_numbered_equation_adapter/run_phase144_6_r25_22_r2.ps1 | phase144_6_r25_22_r3_test_assertion_repair/run_phase144_6_r25_22_r3.ps1 | phase144_6_r25_24_method_evidence_minimal_ownership_boundary/run_phase144_6_r25_24.ps1 | phase144_6_r25_25_ownership_pipeline_diagnosis/run_phase144_6_r25_25.ps1 | phase144_6_r25_8_production_repair/run_phase144_6_r25_8.ps1 | phase144_6_r2_information_preservation_audit/run_phase144_6_r2.ps1 | phase144_6_r3_impl/run_phase144_6_r3.ps1 | phase144_6_r3_provenance_source_audit/run_phase144_6_r3_provenance_audit.ps1 | phase144_6_r3_r1_syntax_repair/run_phase144_6_r3_r1.ps1 | phase144_6_r3_reference_mapping_audit/run_phase144_6_r3.ps1 | phase144_6_r3_second_half/run_phase144_6_r3_second_half.ps1 | phase144_6_r3_second_half_r1/run_phase144_6_r3_second_half_r1.ps1 | phase144_6_r3_second_half_r2/run_phase144_6_r3_second_half_r2.ps1 | phase144_6_r3_second_half_r3/run_phase144_6_r3_second_half_r3.ps1 | phase144_6_r3_second_half_r4_test_alignment/SCOPE.txt | phase144_6_r3_second_half_r4_test_alignment/apply_phase144_6_r3_second_half_r4.py | phase144_6_r3_second_half_r4_test_alignment/run_phase144_6_r3_second_half_r4.ps1 | phase144_6_r4_frontier_filter_impl/run_phase144_6_r4_frontier_filter.ps1 | phase144_6_r4_r1_transition_scope_repair/run_phase144_6_r4_r1.ps1 | phase144_6_r4_r2_blocks_parameter_repair/run_phase144_6_r4_r2.ps1 | phase144_6_r4_r3_ast_repair/run_phase144_6_r4_r3.ps1 | phase144_6_r4_r4_literal_newline_repair/run_phase144_6_r4_r4.ps1 | phase144_6_r4_r5_duplicate_cleanup/run_phase144_6_r4_r5.ps1 | phase144_6_r4_r6_definition_frontier/run_phase144_6_r4_r6.ps1 | phase144_6_r4_r7_semantic_definition_frontier/run_phase144_6_r4_r7.ps1 | phase144_final_regression_repair_r1/README.txt | phase144_final_regression_repair_r1/run_phase144_final_regression_repair_r1.ps1 | phase144_final_regression_repair_r2/run_phase144_final_regression_repair_r2.ps1,
phase144_6_public_route_cutover,B_APPLY_OR_PAYLOAD,has_apply+has_payload+has_test+has_run+has_readme+artifact_only_reference+unique_relevant_content,5,0,15,2,1,True,True,True,True,True,False,,phase144_6_final_regression_repair/run_phase144_6_final_regression_repair.ps1 | phase144_6_final_regression_repair_r2/README.txt | phase144_6_final_regression_repair_r2/run_phase144_6_final_regression_repair_r2.ps1 | phase144_6_finalization/phase144_6_finalization_output.txt | phase144_6_finalization_focused_gate/run_phase144_6_finalization_focused_gate.ps1 | phase144_6_finalization_r25_30_boundary_gate/run_phase144_6_finalization_r25_30_boundary_gate.ps1 | phase144_6_finalization_r25_30_boundary_gate_r1/run_phase144_6_finalization_r25_30_boundary_gate_r1.ps1 | phase144_6_finalization_r25_30_boundary_gate_r2/run_phase144_6_finalization_r25_30_boundary_gate_r2.ps1 | phase144_6_public_route_cutover_r2/README.txt | phase144_6_public_route_cutover_r2/install_phase144_6_public_route_cutover_r2.py | phase144_6_public_route_cutover_r2/run_phase144_6_public_route_cutover_r2.ps1 | phase144_6_public_route_cutover_r3/README.txt | phase144_6_public_route_cutover_r3/run_phase144_6_public_route_cutover_r3.ps1 | phase144_6_r25_12_local_190_192_focused_audit/phase144_6_r25_12_local_diff_report.txt | phase144_final_regression_repair_r2/run_phase144_final_regression_repair_r2.ps1,phase144_6_public_route_cutover/payload/tests/test_phase144_6_public_route_cutover.py
phase144_6_public_route_cutover_r2,B_APPLY_OR_PAYLOAD,has_payload+has_test+has_run+has_readme+artifact_only_reference+unique_relevant_content,4,0,1,2,0,False,True,True,True,True,False,,phase144_6_r25_12_local_190_192_focused_audit/phase144_6_r25_12_local_diff_report.txt,
phase144_6_public_route_cutover_r3,B_APPLY_OR_PAYLOAD,has_payload+has_test+has_run+has_readme+artifact_only_reference+unique_relevant_content,4,0,1,2,1,False,True,True,True,True,False,,phase144_6_r25_12_local_190_192_focused_audit/phase144_6_r25_12_local_diff_report.txt,phase144_6_public_route_cutover_r3/payload/tests/test_phase135_1_web_narrative_display_math.py
phase144_6_r14_import_origin_preflight,B_ARTIFACT_REFERENCE_CHAIN,has_run+has_readme+has_audit_or_diagnose+artifact_only_reference+unique_relevant_content,3,0,1,1,0,False,False,False,True,True,True,,phase144_6_r25_12_local_190_192_focused_audit/phase144_6_r25_12_local_diff_report.txt,
phase144_6_r1_cli_depth_fix,B_APPLY_OR_PAYLOAD,has_apply+has_test+has_run+unique_relevant_content,3,0,0,1,0,True,False,True,True,False,False,,,
phase144_6_r20_local_multi_context_capture,B_ARTIFACT_REFERENCE_CHAIN,has_run+has_readme+artifact_only_reference+unique_relevant_content,3,0,1,1,0,False,False,False,True,True,False,,phase144_6_r25_12_local_190_192_focused_audit/phase144_6_r25_12_local_diff_report.txt,
phase144_6_r21_local_body_context_capture,B_ARTIFACT_REFERENCE_CHAIN,has_run+has_readme+artifact_only_reference+unique_relevant_content,3,0,1,1,0,False,False,False,True,True,False,,phase144_6_r25_12_local_190_192_focused_audit/phase144_6_r25_12_local_diff_report.txt,
phase144_6_r25_10_final_regression_ownership_audit,B_ARTIFACT_REFERENCE_CHAIN,has_run+has_readme+has_audit_or_diagnose+artifact_only_reference+unique_relevant_content,4,0,10,2,0,False,False,False,True,True,True,,phase144_6_r25_10_r1_import_path_repair/README.md | phase144_6_r25_10_r1_import_path_repair/apply_phase144_6_r25_10_r1.ps1 | phase144_6_r25_10_r1_import_path_repair/run_phase144_6_r25_10_r1.ps1 | phase144_6_r25_10_r2_audit_environment_repair/run_phase144_6_r25_10_r2.ps1 | phase144_6_r25_10_r3_contribution_import_repair/apply_phase144_6_r25_10_r3.ps1 | phase144_6_r25_10_r3_contribution_import_repair/run_phase144_6_r25_10_r3.ps1 | phase144_6_r25_10_r4_utf8_audit_runner/run_phase144_6_r25_10_r4.ps1 | phase144_6_r25_10_r5_argument_api_audit_repair/apply_phase144_6_r25_10_r5.ps1 | phase144_6_r25_10_r5_argument_api_audit_repair/run_phase144_6_r25_10_r5.ps1 | phase144_6_r25_10_r6_utf8_and_argument_api_runner/run_phase144_6_r25_10_r6.ps1,
phase144_6_r25_10_r1_import_path_repair,B_APPLY_OR_PAYLOAD,has_apply+has_run+has_readme,3,0,0,0,0,True,False,False,True,True,False,,,
phase144_6_r25_10_r2_audit_environment_repair,B_CONSERVATIVE_OTHER,has_run+has_readme,2,0,0,0,0,False,False,False,True,True,False,,,
phase144_6_r25_10_r3_contribution_import_repair,B_APPLY_OR_PAYLOAD,has_apply+has_run+has_readme,3,0,0,0,0,True,False,False,True,True,False,,,
phase144_6_r25_10_r4_utf8_audit_runner,B_CONSERVATIVE_OTHER,has_run+has_readme,2,0,0,0,0,False,False,False,True,True,False,,,
phase144_6_r25_10_r5_argument_api_audit_repair,B_APPLY_OR_PAYLOAD,has_apply+has_run+has_readme+artifact_only_reference,3,0,2,0,0,True,False,False,True,True,False,,phase144_6_r25_11_production_repair/run_phase144_6_r25_11.ps1 | phase144_6_r25_11_r2_semantic_closure_ownership_repair/run_phase144_6_r25_11_r2.ps1,
phase144_6_r25_10_r6_utf8_and_argument_api_runner,B_CONSERVATIVE_OTHER,has_run+has_readme,2,0,0,0,0,False,False,False,True,True,False,,,
phase144_6_r25_11_production_repair,B_APPLY_OR_PAYLOAD,has_apply+has_test+has_run+has_readme+artifact_only_reference+unique_relevant_content,4,0,1,1,0,True,False,True,True,True,False,,phase144_6_r25_12_local_190_192_focused_audit/phase144_6_r25_12_local_diff_report.txt,
phase144_6_r25_11_r2_semantic_closure_ownership_repair,B_APPLY_OR_PAYLOAD,has_apply+has_test+has_run+has_readme+artifact_only_reference+unique_relevant_content,4,0,1,1,0,True,False,True,True,True,False,,phase144_6_r25_12_local_190_192_focused_audit/phase144_6_r25_12_local_diff_report.txt,
phase144_6_r25_11_r4_closure_origin_boundary_audit,B_UNIQUE_TEST_MATERIAL,has_test+has_run+has_readme+has_audit_or_diagnose+artifact_only_reference+unique_relevant_content,4,0,1,2,0,False,False,True,True,True,True,,phase144_6_r25_12_local_190_192_focused_audit/phase144_6_r25_12_local_diff_report.txt,
phase144_6_r25_11_r5_full_depth_plus2_ownership_delta_audit,B_UNIQUE_TEST_MATERIAL,has_test+has_run+has_readme+has_audit_or_diagnose+artifact_only_reference+unique_relevant_content,4,0,1,2,0,False,False,True,True,True,True,,phase144_6_r25_12_local_190_192_focused_audit/phase144_6_r25_12_local_diff_report.txt,
phase144_6_r25_11_r6_historical_190_192_exact_delta_audit,B_UNIQUE_TEST_MATERIAL,has_test+has_run+has_readme+artifact_only_reference+unique_relevant_content,6,0,1,4,0,False,False,True,True,True,False,,phase144_6_r25_12_local_190_192_focused_audit/phase144_6_r25_12_local_diff_report.txt,
phase144_6_r25_11_r6_r1_r1_runner_repair,B_APPLY_OR_PAYLOAD,has_apply+has_payload+has_test+has_run+has_readme+artifact_only_reference+unique_relevant_content,6,0,1,2,0,True,True,True,True,True,False,,phase144_6_r25_12_local_190_192_focused_audit/phase144_6_r25_12_local_diff_report.txt,
phase144_6_r25_11_r6_r1_r2_r1_powershell51_syntax_repair,B_APPLY_OR_PAYLOAD,has_apply+has_payload+has_test+has_run+has_readme+artifact_only_reference+unique_relevant_content,5,0,1,2,0,True,True,True,True,True,False,,phase144_6_r25_12_local_190_192_focused_audit/phase144_6_r25_12_local_diff_report.txt,
phase144_6_r25_11_r6_r1_r2_r1_r1_audit_test_compatibility_repair,B_APPLY_OR_PAYLOAD,has_apply+has_payload+has_test+has_run+has_readme+artifact_only_reference+unique_relevant_content,4,0,1,1,0,True,True,True,True,True,False,,phase144_6_r25_12_local_190_192_focused_audit/phase144_6_r25_12_local_diff_report.txt,
phase144_6_r25_11_r6_r1_r2_r1_r2_native_git_error_handling_repair,B_APPLY_OR_PAYLOAD,has_apply+has_payload+has_test+has_run+has_readme+artifact_only_reference+unique_relevant_content,5,0,1,2,0,True,True,True,True,True,False,,phase144_6_r25_12_local_190_192_focused_audit/phase144_6_r25_12_local_diff_report.txt,
phase144_6_r25_11_r6_r1_r2_r1_r2_r1_powershell51_native_git_syntax_repair,B_APPLY_OR_PAYLOAD,has_payload+has_test+has_run+has_readme+artifact_only_reference+unique_relevant_content,5,0,1,3,0,False,True,True,True,True,False,,phase144_6_r25_12_local_190_192_focused_audit/phase144_6_r25_12_local_diff_report.txt,
phase144_6_r25_11_r6_r1_r2_r1_r2_r2_git_object_path_distinction_repair,B_APPLY_OR_PAYLOAD,has_payload+has_test+has_run+has_readme+artifact_only_reference+unique_relevant_content,5,0,1,3,0,False,True,True,True,True,False,,phase144_6_r25_12_local_190_192_focused_audit/phase144_6_r25_12_local_diff_report.txt,
phase144_6_r25_11_r6_r1_r2_r1_r2_r2_r1_audit_test_compatibility_repair,B_APPLY_OR_PAYLOAD,has_apply+has_payload+has_test+has_run+has_readme+artifact_only_reference+unique_relevant_content,5,0,1,2,0,True,True,True,True,True,False,,phase144_6_r25_12_local_190_192_focused_audit/phase144_6_r25_12_local_diff_report.txt,
phase144_6_r25_11_r6_r1_r2_r1_r2_r2_r2_r1_diagnostic_audit_test_repair,B_APPLY_OR_PAYLOAD,has_apply+has_payload+has_test+has_run+has_readme+artifact_only_reference+unique_relevant_content,4,0,1,1,0,True,True,True,True,True,False,,phase144_6_r25_12_local_190_192_focused_audit/phase144_6_r25_12_local_diff_report.txt,
phase144_6_r25_11_r6_r1_r2_r1_r2_r2_r2_worktree_creation_failure_diagnostic_audit,B_UNIQUE_TEST_MATERIAL,has_test+has_run+has_readme+has_audit_or_diagnose+artifact_only_reference+unique_relevant_content,4,0,2,2,0,False,False,True,True,True,True,,phase144_6_r25_11_r6_r1_r2_r1_r2_r2_r2_r1_diagnostic_audit_test_repair/run_phase144_6_r25_11_r6_r1_r2_r1_r2_r2_r2_r1.ps1 | phase144_6_r25_12_local_190_192_focused_audit/phase144_6_r25_12_local_diff_report.txt,
phase144_6_r25_11_r6_r1_r2_r1_r2_r2_r3_native_command_scalar_exit_code_repair,B_APPLY_OR_PAYLOAD,has_payload+has_test+has_run+has_readme+artifact_only_reference+unique_relevant_content,7,0,1,5,0,False,True,True,True,True,False,,phase144_6_r25_12_local_190_192_focused_audit/phase144_6_r25_12_local_diff_report.txt,
phase144_6_r25_11_r6_r1_r2_r1_r2_r2_r3_r1_installer_syntax_repair,B_APPLY_OR_PAYLOAD,has_payload+has_test+has_run+has_readme+artifact_only_reference+unique_relevant_content,7,0,1,5,0,False,True,True,True,True,False,,phase144_6_r25_12_local_190_192_focused_audit/phase144_6_r25_12_local_diff_report.txt,
phase144_6_r25_11_r6_r1_r2_r1_r2_r2_r3_r2_cleanup_syntax_repair,B_APPLY_OR_PAYLOAD,has_payload+has_test+has_run+has_readme+artifact_only_reference+unique_relevant_content,7,0,1,5,0,False,True,True,True,True,False,,phase144_6_r25_12_local_190_192_focused_audit/phase144_6_r25_12_local_diff_report.txt,
phase144_6_r25_11_r6_r1_r2_r1_r2_r2_r3_r3_payload_powershell51_syntax_repair,B_APPLY_OR_PAYLOAD,has_payload+has_test+has_run+has_readme+artifact_only_reference+unique_relevant_content,7,0,1,5,0,False,True,True,True,True,False,,phase144_6_r25_12_local_190_192_focused_audit/phase144_6_r25_12_local_diff_report.txt,
phase144_6_r25_11_r6_r1_r2_r1_r2_r2_r3_r4_measure_commit_whole_function_repair,B_APPLY_OR_PAYLOAD,has_payload+has_test+has_run+has_readme+artifact_only_reference+unique_relevant_content,7,0,1,5,0,False,True,True,True,True,False,,phase144_6_r25_12_local_190_192_focused_audit/phase144_6_r25_12_local_diff_report.txt,
phase144_6_r25_11_r6_r1_r2_r1_r2_r2_r3_r4_r1_focused_test_manifest_repair,B_APPLY_OR_PAYLOAD,has_payload+has_test+has_run+has_readme+artifact_only_reference+unique_relevant_content,4,0,1,2,0,False,True,True,True,True,False,,phase144_6_r25_12_local_190_192_focused_audit/phase144_6_r25_12_local_diff_report.txt,
phase144_6_r25_11_r6_r1_r2_r1_r2_r2_r3_r4_r2_read_population_cache_restoration,B_APPLY_OR_PAYLOAD,has_payload+has_test+has_run+has_readme+artifact_only_reference+unique_relevant_content,5,0,1,3,0,False,True,True,True,True,False,,phase144_6_r25_12_local_190_192_focused_audit/phase144_6_r25_12_local_diff_report.txt,
phase144_6_r25_11_r6_r1_r2_r1_r2_r2_r3_r4_r3_r1_prune_contract_restoration,B_APPLY_OR_PAYLOAD,has_payload+has_test+has_run+has_readme+artifact_only_reference+unique_relevant_content,5,0,1,3,0,False,True,True,True,True,False,,phase144_6_r25_12_local_190_192_focused_audit/phase144_6_r25_12_local_diff_report.txt,
phase144_6_r25_11_r6_r1_r2_r1_r2_r2_r3_r4_r3_stale_worktree_path_cleanup,B_APPLY_OR_PAYLOAD,has_payload+has_test+has_run+has_readme+artifact_only_reference+unique_relevant_content,5,0,1,3,0,False,True,True,True,True,False,,phase144_6_r25_12_local_190_192_focused_audit/phase144_6_r25_12_local_diff_report.txt,
phase144_6_r25_11_r6_r1_r2_r1_r2_r2_r3_r4_r4_collector_native_error_handling,B_APPLY_OR_PAYLOAD,has_payload+has_test+has_run+has_readme+artifact_only_reference+unique_relevant_content,4,0,1,2,0,False,True,True,True,True,False,,phase144_6_r25_12_local_190_192_focused_audit/phase144_6_r25_12_local_diff_report.txt,
phase144_6_r25_11_r6_r1_r2_windows_worktree_cache_robustness_repair,B_APPLY_OR_PAYLOAD,has_apply+has_payload+has_test+has_run+has_readme+artifact_only_reference+unique_relevant_content,5,0,1,2,0,True,True,True,True,True,False,,phase144_6_r25_12_local_190_192_focused_audit/phase144_6_r25_12_local_diff_report.txt,
phase144_6_r25_11_r6_r1_r4_r5_idempotent_post_measure_cleanup,B_APPLY_OR_PAYLOAD,has_payload+has_test+has_run+has_readme+artifact_only_reference+unique_relevant_content,5,0,1,3,0,False,True,True,True,True,False,,phase144_6_r25_12_local_190_192_focused_audit/phase144_6_r25_12_local_diff_report.txt,
phase144_6_r25_11_r6_r1_r4_r5_r1_registration_contract_compatibility,B_APPLY_OR_PAYLOAD,has_payload+has_test+has_run+has_readme+artifact_only_reference+unique_relevant_content,4,0,1,2,0,False,True,True,True,True,False,,phase144_6_r25_12_local_190_192_focused_audit/phase144_6_r25_12_local_diff_report.txt,
phase144_6_r25_12_local_190_192_focused_audit,B_UNIQUE_AUDIT_OR_DOC_CONTENT,has_run+has_readme+unique_relevant_content,3,0,0,1,0,False,False,False,True,True,False,,,
phase144_6_r25_13_definition_scoped_evidence_repair,B_APPLY_OR_PAYLOAD,has_apply+has_test+has_run+has_readme+unique_relevant_content,4,0,0,1,0,True,False,True,True,True,False,,,
phase144_6_r25_15_final_ownership_repair,B_APPLY_OR_PAYLOAD,has_apply+has_test+has_run+has_readme+unique_relevant_content,4,0,0,1,0,True,False,True,True,True,False,,,
phase144_6_r25_16_depth2_derivation_support_repair,B_APPLY_OR_PAYLOAD,has_apply+has_test+has_run+has_readme+unique_relevant_content,4,0,0,1,0,True,False,True,True,True,False,,,
phase144_6_r25_17_restore_cli_narrative_completeness,B_APPLY_OR_PAYLOAD,has_apply+has_test+has_run+has_readme+unique_relevant_content,4,0,0,1,0,True,False,True,True,True,False,,,
phase144_6_r25_19_complete_replay_api,B_APPLY_OR_PAYLOAD,has_apply+has_test+has_run+has_readme+unique_relevant_content,5,0,0,2,0,True,False,True,True,True,False,,,
phase144_6_r25_20_six_group_generic_production_narrative,B_APPLY_OR_PAYLOAD,has_payload+has_test+has_run+has_readme+artifact_only_reference+unique_relevant_content,12,0,1,10,1,False,True,True,True,True,False,,phase144_6_finalization/phase144_6_finalization_output.txt,phase144_6_r25_20_six_group_generic_production_narrative/payload/test_phase144_6_r25_20_six_group_generic_production_narrative.py
phase144_6_r25_21_presentation_rules_audit,B_UNIQUE_TEST_MATERIAL,has_test+has_run+has_readme+has_audit_or_diagnose+artifact_only_reference+unique_relevant_content,4,0,1,2,0,False,False,True,True,True,True,,phase144_6_r25_21_r2_import_repair/run_phase144_6_r25_21.ps1,
phase144_6_r25_21_r2_import_repair,B_UNIQUE_TEST_MATERIAL,has_test+has_run+has_readme+has_audit_or_diagnose+unique_relevant_content,13,0,0,10,0,False,False,True,True,True,True,,,
phase144_6_r25_22_cli_web_narrative_replay_parity,B_APPLY_OR_PAYLOAD,has_apply+has_test+has_run+has_readme+unique_relevant_content,4,0,0,1,0,True,False,True,True,True,False,,,
phase144_6_r25_22_r2_web_numbered_equation_adapter,B_APPLY_OR_PAYLOAD,has_apply+has_test+has_run+has_readme+artifact_only_reference+unique_relevant_content,4,0,2,1,0,True,False,True,True,True,False,,phase144_6_r25_22_r3_test_assertion_repair/repair_phase144_6_r25_22_r3.py | phase144_6_r25_22_r3_test_assertion_repair/run_phase144_6_r25_22_r3.ps1,
phase144_6_r25_22_r3_test_assertion_repair,B_UNIQUE_AUDIT_OR_DOC_CONTENT,has_run+has_readme+unique_relevant_content,3,0,0,1,0,False,False,False,True,True,False,,,
phase144_6_r25_23_evidence_selection_dependency_order_audit,B_UNIQUE_TEST_MATERIAL,has_test+has_run+has_readme+has_audit_or_diagnose+artifact_only_reference+unique_relevant_content,5,0,2,3,0,False,False,True,True,True,True,,phase144_6_r25_23_r2_audit_harness_import_api_repair/repair_phase144_6_r25_23_r2.py | phase144_6_r25_23_r2_audit_harness_import_api_repair/run_phase144_6_r25_23_r2.ps1,
phase144_6_r25_23_r2_audit_harness_import_api_repair,B_UNIQUE_AUDIT_OR_DOC_CONTENT,has_run+has_readme+has_audit_or_diagnose+unique_relevant_content,4,0,0,2,0,False,False,False,True,True,True,,,
phase144_6_r25_24_method_evidence_minimal_ownership_boundary,B_APPLY_OR_PAYLOAD,has_apply+has_test+has_run+has_readme+has_audit_or_diagnose+unique_relevant_content,6,0,0,3,0,True,False,True,True,True,True,,,
phase144_6_r25_25_ownership_pipeline_diagnosis,B_UNIQUE_TEST_MATERIAL,has_test+has_run+has_readme+has_audit_or_diagnose+unique_relevant_content,7,0,0,5,0,False,False,True,True,True,True,,,
phase144_6_r25_26_dependency_source_closure_audit,B_UNIQUE_TEST_MATERIAL,has_test+has_run+has_readme+has_audit_or_diagnose+unique_relevant_content,5,0,0,3,0,False,False,True,True,True,True,,,
phase144_6_r25_27_proof_edge_ownership_boundary_audit,B_UNIQUE_TEST_MATERIAL,has_test+has_run+has_readme+has_audit_or_diagnose+artifact_only_reference+unique_relevant_content,5,0,6,3,0,False,False,True,True,True,True,,phase144_6_r25_27_r2_boundary_harness_repair/apply_phase144_6_r25_27_r2.py | phase144_6_r25_27_r2_boundary_harness_repair/run_phase144_6_r25_27_r2.ps1 | phase144_6_r25_27_r2_boundary_harness_repair/test_phase144_6_r25_27_r2.py | phase144_6_r25_27_r3_cycle_isolated_premise_audit/apply_phase144_6_r25_27_r3.py | phase144_6_r25_27_r3_cycle_isolated_premise_audit/run_phase144_6_r25_27_r3.ps1 | phase144_6_r25_27_r3_cycle_isolated_premise_audit/test_phase144_6_r25_27_r3.py,
phase144_6_r25_27_r2_boundary_harness_repair,B_APPLY_OR_PAYLOAD,has_apply+has_test+has_run+has_readme+unique_relevant_content,4,0,0,1,0,True,False,True,True,True,False,,,
phase144_6_r25_27_r3_cycle_isolated_premise_audit,B_APPLY_OR_PAYLOAD,has_apply+has_test+has_run+has_readme+unique_relevant_content,4,0,0,1,0,True,False,True,True,True,False,,,
phase144_6_r25_28_proof_edge_fanout_block_aggregation_audit,B_UNIQUE_TEST_MATERIAL,has_test+has_run+has_readme+has_audit_or_diagnose+unique_relevant_content,5,0,0,3,0,False,False,True,True,True,True,,,
phase144_6_r25_29_entry_step_preserving_block_dependency_audit,B_UNIQUE_TEST_MATERIAL,has_test+has_run+has_readme+has_audit_or_diagnose+unique_relevant_content,5,0,0,3,0,False,False,True,True,True,True,,,
phase144_6_r25_30_group_structure_definition_entry_branch_ownership_audit,B_UNIQUE_TEST_MATERIAL,has_test+has_run+has_readme+has_audit_or_diagnose+artifact_only_reference+unique_relevant_content,4,0,1,2,0,False,False,True,True,True,True,,phase144_6_r25_30_r2_cycle_consistent_entry_branch_audit/run_phase144_6_r25_30.ps1,
phase144_6_r25_30_r2_cycle_consistent_entry_branch_audit,B_UNIQUE_TEST_MATERIAL,has_test+has_run+has_readme+has_audit_or_diagnose+unique_relevant_content,5,0,0,2,0,False,False,True,True,True,True,,,
phase144_6_r25_30_r3_argument_boundary_entry_classification_audit,B_UNIQUE_TEST_MATERIAL,has_test+has_run+has_readme+has_audit_or_diagnose+artifact_only_reference+unique_relevant_content,5,0,2,3,0,False,False,True,True,True,True,,phase144_6_finalization_r25_30_boundary_gate_r1/phase144_6_finalization_r25_30_boundary_gate_r1_output.txt | phase144_6_finalization_r25_30_boundary_gate_r2/phase144_6_finalization_r25_30_boundary_gate_r2_output.txt,
phase144_6_r25_6_upstream_ownership_audit,B_UNIQUE_AUDIT_OR_DOC_CONTENT,has_run+has_readme+has_audit_or_diagnose+unique_relevant_content,3,0,0,1,0,False,False,False,True,True,True,,,
phase144_6_r25_7_root_construction_exact_block_path_audit,B_UNIQUE_AUDIT_OR_DOC_CONTENT,has_run+has_readme+has_audit_or_diagnose+unique_relevant_content,3,0,0,1,0,False,False,False,True,True,True,,,
phase144_6_r25_7r1_cycle_safe_audit,B_UNIQUE_AUDIT_OR_DOC_CONTENT,has_run+has_readme+has_audit_or_diagnose+unique_relevant_content,3,0,0,1,0,False,False,False,True,True,True,,,
phase144_6_r25_8_production_repair,B_APPLY_OR_PAYLOAD,has_apply+has_run+has_readme+artifact_only_reference,3,0,1,0,0,True,False,False,True,True,False,,phase144_6_r25_12_local_190_192_focused_audit/phase144_6_r25_12_local_diff_report.txt,
phase144_6_r25_8r1_r1_semantic_route_audit,B_UNIQUE_AUDIT_OR_DOC_CONTENT,has_run+has_readme+has_audit_or_diagnose+unique_relevant_content,3,0,0,1,0,False,False,False,True,True,True,,,
phase144_6_r25_8r1_rollback_semantic_route_audit,B_UNIQUE_AUDIT_OR_DOC_CONTENT,has_run+has_readme+has_audit_or_diagnose+unique_relevant_content,3,0,0,1,0,False,False,False,True,True,True,,,
phase144_6_r25_9a_pi5_suppression_isolated_repair,B_APPLY_OR_PAYLOAD,has_apply+has_test+has_run+has_readme+artifact_only_reference+all_relevant_content_canonical_duplicate,4,0,1,1,1,True,False,True,True,True,False,,phase144_6_r25_12_local_190_192_focused_audit/phase144_6_r25_12_local_diff_report.txt,phase144_6_r25_9a_pi5_suppression_isolated_repair/test_phase144_6_r25_9a_pi5_suppression.py
phase144_6_r25_9a_r1_r1_preflight_fix,B_APPLY_OR_PAYLOAD,has_apply+has_test+has_run+has_readme+has_audit_or_diagnose+artifact_only_reference+unique_relevant_content,5,0,1,2,0,True,False,True,True,True,True,,phase144_6_r25_12_local_190_192_focused_audit/phase144_6_r25_12_local_diff_report.txt,
phase144_6_r25_9a_r1_r2_test_api_fix,B_UNIQUE_TEST_MATERIAL,has_test+has_run+has_readme+artifact_only_reference+unique_relevant_content,3,0,1,1,0,False,False,True,True,True,False,,phase144_6_r25_12_local_190_192_focused_audit/phase144_6_r25_12_local_diff_report.txt,
phase144_6_r25_9a_r1_relocation_hidden_repair,B_APPLY_OR_PAYLOAD,has_apply+has_test+has_run+has_readme+artifact_only_reference+unique_relevant_content,4,0,1,1,0,True,False,True,True,True,False,,phase144_6_r25_12_local_190_192_focused_audit/phase144_6_r25_12_local_diff_report.txt,
phase144_6_r25_9b_nu_prime_definition_depth2_selection_repair,B_APPLY_OR_PAYLOAD,has_apply+has_test+has_run+has_readme+artifact_only_reference+unique_relevant_content,4,0,3,1,0,True,False,True,True,True,False,,phase144_6_r25_11_production_repair/run_phase144_6_r25_11.ps1 | phase144_6_r25_11_r2_semantic_closure_ownership_repair/run_phase144_6_r25_11_r2.ps1 | phase144_6_r25_12_local_190_192_focused_audit/phase144_6_r25_12_local_diff_report.txt,
phase144_6_r2_information_preservation_audit,B_UNIQUE_AUDIT_OR_DOC_CONTENT,has_run+has_readme+has_audit_or_diagnose+unique_relevant_content,3,0,0,1,0,False,False,False,True,True,True,,,
phase144_6_r3_equation_regression_audit,B_UNIQUE_AUDIT_OR_DOC_CONTENT,has_run+has_readme+has_audit_or_diagnose+unique_relevant_content,3,0,0,1,0,False,False,False,True,True,True,,,
phase144_6_r3_impl,B_APPLY_OR_PAYLOAD,has_apply+has_run+unique_relevant_content,3,0,0,1,0,True,False,False,True,False,False,,,
phase144_6_r3_provenance_source_audit,B_UNIQUE_AUDIT_OR_DOC_CONTENT,has_run+has_audit_or_diagnose+unique_relevant_content,3,0,0,2,0,False,False,False,True,False,True,,,
phase144_6_r3_r1_syntax_repair,A_CANDIDATE_CANONICAL_DUPLICATE,has_run+has_readme+all_relevant_content_canonical_duplicate,3,0,0,1,1,False,False,False,True,True,False,,,phase144_6_r3_r1_syntax_repair/toda_group_proof_narrative_references.py
phase144_6_r3_reference_mapping_audit,B_UNIQUE_AUDIT_OR_DOC_CONTENT,has_run+has_audit_or_diagnose+unique_relevant_content,3,0,0,2,0,False,False,False,True,False,True,,,
phase144_6_r3_second_half,B_APPLY_OR_PAYLOAD,has_apply+has_run+artifact_only_reference+unique_relevant_content,4,0,4,2,0,True,False,False,True,False,False,,phase144_6_r3_second_half_r1/run_phase144_6_r3_second_half_r1.ps1 | phase144_6_r3_second_half_r2/run_phase144_6_r3_second_half_r2.ps1 | phase144_6_r3_second_half_r3/run_phase144_6_r3_second_half_r3.ps1 | phase144_6_r3_second_half_r4_test_alignment/run_phase144_6_r3_second_half_r4.ps1,
phase144_6_r3_second_half_r1,B_UNIQUE_AUDIT_OR_DOC_CONTENT,has_run+unique_relevant_content,3,0,0,2,0,False,False,False,True,False,False,,,
phase144_6_r3_second_half_r2,B_UNIQUE_TEST_MATERIAL,has_test+has_run+unique_relevant_content,4,0,0,3,1,False,False,True,True,False,False,,,phase144_6_r3_second_half_r2/test_phase144_6_r3_production_references.py
phase144_6_r3_second_half_r3,B_UNIQUE_AUDIT_OR_DOC_CONTENT,has_run+unique_relevant_content,4,0,0,3,0,False,False,False,True,False,False,,,
phase144_6_r3_second_half_r4_test_alignment,B_APPLY_OR_PAYLOAD,has_apply+has_run+unique_relevant_content,4,0,0,2,0,True,False,False,True,False,False,,,
phase144_6_r4_definition_dependency_audit,B_UNIQUE_AUDIT_OR_DOC_CONTENT,has_run+has_readme+has_audit_or_diagnose+unique_relevant_content,3,0,0,1,0,False,False,False,True,True,True,,,
phase144_6_r4_dependency_distance_audit,B_UNIQUE_AUDIT_OR_DOC_CONTENT,has_run+has_readme+has_audit_or_diagnose+unique_relevant_content,3,0,0,1,0,False,False,False,True,True,True,,,
phase144_6_r4_duplicate_call_audit,B_UNIQUE_AUDIT_OR_DOC_CONTENT,has_run+has_readme+has_audit_or_diagnose+unique_relevant_content,3,0,0,1,0,False,False,False,True,True,True,,,
phase144_6_r4_frontier_audit,B_UNIQUE_AUDIT_OR_DOC_CONTENT,has_run+has_readme+has_audit_or_diagnose+unique_relevant_content,3,0,0,1,0,False,False,False,True,True,True,,,
phase144_6_r4_frontier_filter_impl,B_APPLY_OR_PAYLOAD,has_apply+has_test+has_run+artifact_only_reference+unique_relevant_content,5,0,7,3,1,True,False,True,True,False,False,,phase144_6_r4_r1_transition_scope_repair/run_phase144_6_r4_r1.ps1 | phase144_6_r4_r2_blocks_parameter_repair/run_phase144_6_r4_r2.ps1 | phase144_6_r4_r3_ast_repair/run_phase144_6_r4_r3.ps1 | phase144_6_r4_r4_literal_newline_repair/run_phase144_6_r4_r4.ps1 | phase144_6_r4_r5_duplicate_cleanup/run_phase144_6_r4_r5.ps1 | phase144_6_r4_r6_definition_frontier/run_phase144_6_r4_r6.ps1 | phase144_6_r4_r7_semantic_definition_frontier/run_phase144_6_r4_r7.ps1,phase144_6_r4_frontier_filter_impl/test_phase144_6_r4_supporting_fact_filtering.py
phase144_6_r4_helper_source_audit,B_UNIQUE_AUDIT_OR_DOC_CONTENT,has_run+has_readme+has_audit_or_diagnose+unique_relevant_content,3,0,0,1,0,False,False,False,True,True,True,,,
phase144_6_r4_r1_transition_scope_repair,B_APPLY_OR_PAYLOAD,has_apply+has_run+unique_relevant_content,3,0,0,1,0,True,False,False,True,False,False,,,
phase144_6_r4_r2_blocks_parameter_repair,B_APPLY_OR_PAYLOAD,has_apply+has_run+unique_relevant_content,3,0,0,1,0,True,False,False,True,False,False,,,
phase144_6_r4_r3_ast_repair,B_APPLY_OR_PAYLOAD,has_apply+has_run+unique_relevant_content,3,0,0,1,0,True,False,False,True,False,False,,,
phase144_6_r4_r4_literal_newline_repair,B_APPLY_OR_PAYLOAD,has_apply+has_run+unique_relevant_content,3,0,0,1,0,True,False,False,True,False,False,,,
phase144_6_r4_r5_duplicate_cleanup,B_APPLY_OR_PAYLOAD,has_apply+has_run+unique_relevant_content,3,0,0,1,0,True,False,False,True,False,False,,,
phase144_6_r4_r6_definition_frontier,B_APPLY_OR_PAYLOAD,has_apply+has_run+unique_relevant_content,3,0,0,1,0,True,False,False,True,False,False,,,
phase144_6_r4_r7_semantic_definition_frontier,B_APPLY_OR_PAYLOAD,has_apply+has_run+unique_relevant_content,3,0,0,1,0,True,False,False,True,False,False,,,
phase144_6_r4_supporting_fact_audit,B_UNIQUE_AUDIT_OR_DOC_CONTENT,has_run+has_readme+has_audit_or_diagnose+unique_relevant_content,3,0,0,1,0,False,False,False,True,True,True,,,
phase144_6_r5_10_claim_provider_classification_audit,B_UNIQUE_AUDIT_OR_DOC_CONTENT,has_run+has_readme+has_audit_or_diagnose+unique_relevant_content,3,0,0,1,0,False,False,False,True,True,True,,,
phase144_6_r5_11_structural_provider_semantics_audit,B_UNIQUE_AUDIT_OR_DOC_CONTENT,has_run+has_readme+has_audit_or_diagnose+unique_relevant_content,3,0,0,1,0,False,False,False,True,True,True,,,
phase144_6_r5_12_typed_provider_semantics_prototype_audit,B_UNIQUE_AUDIT_OR_DOC_CONTENT,has_run+has_readme+has_audit_or_diagnose+unique_relevant_content,3,0,0,1,0,False,False,False,True,True,True,,,
phase144_6_r5_13_atomic_transport_integration_provider_audit,B_UNIQUE_AUDIT_OR_DOC_CONTENT,has_run+has_readme+has_audit_or_diagnose+unique_relevant_content,3,0,0,1,0,False,False,False,True,True,True,,,
phase144_6_r5_14_provider_closure_required_depth_audit,B_UNIQUE_AUDIT_OR_DOC_CONTENT,has_run+has_readme+has_audit_or_diagnose+unique_relevant_content,3,0,0,1,0,False,False,False,True,True,True,,,
phase144_6_r5_15_semantic_provider_boundary_audit,B_UNIQUE_AUDIT_OR_DOC_CONTENT,has_run+has_readme+has_audit_or_diagnose+unique_relevant_content,3,0,0,1,0,False,False,False,True,True,True,,,
phase144_6_r5_15b_argument_local_semantic_boundary_audit,B_UNIQUE_AUDIT_OR_DOC_CONTENT,has_run+has_readme+has_audit_or_diagnose+unique_relevant_content,3,0,0,1,0,False,False,False,True,True,True,,,
phase144_6_r5_15c_claim_provider_conclusion_depth_sufficiency_audit,B_UNIQUE_AUDIT_OR_DOC_CONTENT,has_run+has_readme+has_audit_or_diagnose+unique_relevant_content,3,0,0,1,0,False,False,False,True,True,True,,,
phase144_6_r5_15d_supporting_evidence_minimum_depth_audit,B_UNIQUE_AUDIT_OR_DOC_CONTENT,has_run+has_readme+has_audit_or_diagnose+unique_relevant_content,3,0,0,1,0,False,False,False,True,True,True,,,
phase144_6_r5_15e_supporting_evidence_ownership_relevance_audit,B_UNIQUE_AUDIT_OR_DOC_CONTENT,has_run+has_readme+has_audit_or_diagnose+unique_relevant_content,3,0,0,1,0,False,False,False,True,True,True,,,
phase144_6_r5_15f_nested_evidence_semantic_promotion_audit,B_UNIQUE_AUDIT_OR_DOC_CONTENT,has_run+has_readme+has_audit_or_diagnose+unique_relevant_content,3,0,0,1,0,False,False,False,True,True,True,,,
phase144_6_r5_15g_promotion_locality_ownership_audit,B_UNIQUE_AUDIT_OR_DOC_CONTENT,has_run+has_readme+has_audit_or_diagnose+unique_relevant_content,3,0,0,1,0,False,False,False,True,True,True,,,
phase144_6_r5_15h_evidence_function_ownership_relation_audit,B_UNIQUE_AUDIT_OR_DOC_CONTENT,has_run+has_readme+has_audit_or_diagnose+unique_relevant_content,3,0,0,1,0,False,False,False,True,True,True,,,
phase144_6_r5_15i_support_only_relation_decomposition_audit,B_UNIQUE_AUDIT_OR_DOC_CONTENT,has_run+has_readme+has_audit_or_diagnose+unique_relevant_content,3,0,0,1,0,False,False,False,True,True,True,,,
phase144_6_r5_15j_r1_import_fix,B_UNIQUE_AUDIT_OR_DOC_CONTENT,has_run+has_readme+has_audit_or_diagnose+unique_relevant_content,3,0,0,1,0,False,False,False,True,True,True,,,
phase144_6_r5_15j_typed_provider_residual_statement_shape_audit,B_UNIQUE_AUDIT_OR_DOC_CONTENT,has_run+has_readme+has_audit_or_diagnose+unique_relevant_content,3,0,0,1,0,False,False,False,True,True,True,,,
phase144_6_r5_15k_consumer_purpose_evidence_contribution_audit,B_UNIQUE_AUDIT_OR_DOC_CONTENT,has_run+has_readme+has_audit_or_diagnose+unique_relevant_content,3,0,0,1,0,False,False,False,True,True,True,,,
phase144_6_r5_15l_explicit_evidence_contribution_metadata_design_audit,B_UNIQUE_AUDIT_OR_DOC_CONTENT,has_run+has_readme+has_audit_or_diagnose+unique_relevant_content,3,0,0,1,0,False,False,False,True,True,True,,,
phase144_6_r5_15m_r1_replay_depth_fix,B_UNIQUE_TEST_MATERIAL,has_test+has_run+has_readme+has_audit_or_diagnose+unique_relevant_content,5,0,0,3,1,False,False,True,True,True,True,,,phase144_6_r5_15m_r1_replay_depth_fix/tests/test_phase144_6_r5_15m_evidence_contributions.py
phase144_6_r5_15m_r2_audit_replay_depth_fix,B_UNIQUE_TEST_MATERIAL,has_test+has_run+has_readme+has_audit_or_diagnose+unique_relevant_content,5,0,0,3,1,False,False,True,True,True,True,,,phase144_6_r5_15m_r2_audit_replay_depth_fix/tests/test_phase144_6_r5_15m_evidence_contributions.py
phase144_6_r5_15m_typed_evidence_contribution_metadata_prototype,B_UNIQUE_TEST_MATERIAL,has_test+has_run+has_readme+has_audit_or_diagnose+unique_relevant_content,5,0,0,3,0,False,False,True,True,True,True,,,
phase144_6_r5_15n_r1_argument_builder_api_fix,B_UNIQUE_AUDIT_OR_DOC_CONTENT,has_run+has_readme+has_audit_or_diagnose+unique_relevant_content,3,0,0,1,0,False,False,False,True,True,True,,,
phase144_6_r5_15n_typed_contribution_narrative_relevance_coverage_audit,B_UNIQUE_AUDIT_OR_DOC_CONTENT,has_run+has_readme+has_audit_or_diagnose+unique_relevant_content,3,0,0,1,0,False,False,False,True,True,True,,,
phase144_6_r5_15o_top3_unresolved_semantic_gap_audit,B_UNIQUE_AUDIT_OR_DOC_CONTENT,has_run+has_readme+has_audit_or_diagnose+unique_relevant_content,3,0,0,1,0,False,False,False,True,True,True,,,
phase144_6_r5_15p_generic_evidence_contribution_vocabulary_extension,B_APPLY_OR_PAYLOAD,has_apply+has_test+has_run+has_readme+has_audit_or_diagnose+unique_relevant_content,5,0,0,2,1,True,False,True,True,True,True,,,phase144_6_r5_15p_generic_evidence_contribution_vocabulary_extension/tests/test_phase144_6_r5_15p_evidence_contribution_vocabulary.py
phase144_6_r5_15p_r1_mapper_shape_fix,B_APPLY_OR_PAYLOAD,has_apply+has_test+has_run+has_readme+has_audit_or_diagnose+unique_relevant_content,6,0,0,3,1,True,False,True,True,True,True,,,phase144_6_r5_15p_r1_mapper_shape_fix/tests/test_phase144_6_r5_15p_evidence_contribution_vocabulary.py
phase144_6_r5_15q_remaining_49_visible_unresolved_edge_audit,B_UNIQUE_AUDIT_OR_DOC_CONTENT,has_run+has_readme+has_audit_or_diagnose+unique_relevant_content,3,0,0,1,0,False,False,False,True,True,True,,,
phase144_6_r5_15r_remaining_9_edge_semantic_structure_audit,B_UNIQUE_AUDIT_OR_DOC_CONTENT,has_run+has_readme+has_audit_or_diagnose+unique_relevant_content,3,0,0,1,0,False,False,False,True,True,True,,,
phase144_6_r5_15s_aggregate_semantic_metadata_design_audit,B_UNIQUE_AUDIT_OR_DOC_CONTENT,has_run+has_readme+has_audit_or_diagnose+unique_relevant_content,3,0,0,1,0,False,False,False,True,True,True,,,
phase144_6_r5_15t_aggregate_semantic_metadata_prototype,B_APPLY_OR_PAYLOAD,has_apply+has_test+has_run+has_readme+has_audit_or_diagnose+unique_relevant_content,6,0,0,3,2,True,False,True,True,True,True,,,phase144_6_r5_15t_aggregate_semantic_metadata_prototype/tests/test_phase144_6_r5_15t_aggregate_semantics.py | phase144_6_r5_15t_aggregate_semantic_metadata_prototype/toda_group_proof_narrative_aggregate_semantics.py
phase144_6_r5_15u_aggregate_semantic_evidence_integration,B_APPLY_OR_PAYLOAD,has_apply+has_test+has_run+has_readme+has_audit_or_diagnose+unique_relevant_content,5,0,0,2,1,True,False,True,True,True,True,,,phase144_6_r5_15u_aggregate_semantic_evidence_integration/tests/test_phase144_6_r5_15u_evidence_integration.py
phase144_6_r5_15u_r1_safe_builder_replacement,B_APPLY_OR_PAYLOAD,has_apply+has_test+has_run+has_readme+has_audit_or_diagnose+unique_relevant_content,5,0,0,2,1,True,False,True,True,True,True,,,phase144_6_r5_15u_r1_safe_builder_replacement/tests/test_phase144_6_r5_15u_r1_evidence_integration.py
phase144_6_r5_16_narrative_evidence_relevance_policy_audit,B_UNIQUE_AUDIT_OR_DOC_CONTENT,has_run+has_readme+has_audit_or_diagnose+unique_relevant_content,3,0,0,1,0,False,False,False,True,True,True,,,
phase144_6_r5_17a_audit_package,B_APPLY_OR_PAYLOAD,has_apply+has_payload+has_test+has_run+has_readme+has_audit_or_diagnose+unique_relevant_content,5,0,0,2,0,True,True,True,True,True,True,,,
phase144_6_r5_17a_r1,C_SAVE_CANONICAL_REFERENCE,has_payload+has_test+has_run+has_readme+has_audit_or_diagnose+canonical_reference+unique_relevant_content,4,1,0,2,1,False,True,True,True,True,True,tests/test_phase144_6_r5_17a_proof_chain_selection_audit.py,,phase144_6_r5_17a_r1/payload/tests/test_phase144_6_r5_17a_proof_chain_selection_audit.py
phase144_6_r5_17a_r2,C_SAVE_CANONICAL_REFERENCE,has_payload+has_test+has_run+has_readme+has_audit_or_diagnose+artifact_only_reference+canonical_reference+unique_relevant_content,4,1,1,2,1,False,True,True,True,True,True,tests/test_phase144_6_r5_17a_r2_argument_support_edge_integration.py,phase144_6_finalization/phase144_6_finalization_output.txt,phase144_6_r5_17a_r2/payload/tests/test_phase144_6_r5_17a_r2_argument_support_edge_integration.py
phase144_6_r5_17a_r3,C_SAVE_CANONICAL_REFERENCE,has_payload+has_test+has_run+has_readme+has_audit_or_diagnose+artifact_only_reference+canonical_reference+unique_relevant_content,4,1,1,2,1,False,True,True,True,True,True,tests/test_phase144_6_r5_17a_r3_support_edge_correspondence.py,phase144_6_finalization/phase144_6_finalization_output.txt,phase144_6_r5_17a_r3/payload/tests/test_phase144_6_r5_17a_r3_support_edge_correspondence.py
phase144_6_r5_17b,C_SAVE_CANONICAL_REFERENCE,has_payload+has_test+has_run+has_readme+has_audit_or_diagnose+artifact_only_reference+canonical_reference+unique_relevant_content,4,1,1,2,1,False,True,True,True,True,True,tests/test_phase144_6_r5_17b_generic_proof_chain_types.py,phase144_6_finalization/phase144_6_finalization_output.txt,phase144_6_r5_17b/payload/tests/test_phase144_6_r5_17b_generic_proof_chain_types.py
phase144_6_r5_17c,C_SAVE_CANONICAL_REFERENCE,has_payload+has_test+has_run+has_readme+has_audit_or_diagnose+artifact_only_reference+canonical_reference+unique_relevant_content,4,1,1,2,1,False,True,True,True,True,True,tests/test_phase144_6_r5_17c_cross_group_generic_proof_chain.py,phase144_6_finalization/phase144_6_finalization_output.txt,phase144_6_r5_17c/payload/tests/test_phase144_6_r5_17c_cross_group_generic_proof_chain.py
phase144_6_r5_17d,C_SAVE_CANONICAL_REFERENCE,has_payload+has_test+has_run+has_readme+has_audit_or_diagnose+artifact_only_reference+canonical_reference+unique_relevant_content,4,2,3,2,1,False,True,True,True,True,True,tests/test_phase144_6_r5_17d_failure_novelty_classification.py | tests/test_phase144_6_r5_17d_r1_other_semantic_role_resolution.py,phase144_6_finalization/phase144_6_finalization_output.txt | phase144_6_r5_17d_r1/payload/tests/test_phase144_6_r5_17d_r1_other_semantic_role_resolution.py | phase144_6_r5_17d_r1/run_phase144_6_r5_17d_r1.ps1,phase144_6_r5_17d/payload/tests/test_phase144_6_r5_17d_failure_novelty_classification.py
phase144_6_r5_17d_r1,C_SAVE_CANONICAL_REFERENCE,has_payload+has_test+has_run+has_readme+has_audit_or_diagnose+artifact_only_reference+canonical_reference+unique_relevant_content,4,1,1,2,1,False,True,True,True,True,True,tests/test_phase144_6_r5_17d_r1_other_semantic_role_resolution.py,phase144_6_finalization/phase144_6_finalization_output.txt,phase144_6_r5_17d_r1/payload/tests/test_phase144_6_r5_17d_r1_other_semantic_role_resolution.py
phase144_6_r5_17e,C_SAVE_CANONICAL_REFERENCE,has_payload+has_test+has_run+has_readme+has_audit_or_diagnose+artifact_only_reference+canonical_reference+unique_relevant_content,4,1,1,2,1,False,True,True,True,True,True,tests/test_phase144_6_r5_17e_proof_chain_architecture_decision.py,phase144_6_finalization/phase144_6_finalization_output.txt,phase144_6_r5_17e/payload/tests/test_phase144_6_r5_17e_proof_chain_architecture_decision.py
phase144_6_r5_18,C_SAVE_CANONICAL_REFERENCE,has_payload+has_test+has_run+has_readme+has_audit_or_diagnose+artifact_only_reference+canonical_reference+unique_relevant_content,5,29,135,3,2,False,True,True,True,True,True,tests/test_phase144_6_r5_18_production_generic_proof_chain_foundation.py | tests/test_phase144_6_r5_19_proof_chain_narrative_integration.py | tests/test_phase144_6_r5_24_generic_visibility_policy_correction_design_audit.py | tests/test_phase144_6_r5_26_step_level_dedup_derivation_path_relevance_audit.py | tests/test_phase144_6_r5_27_bounded_derivation_visibility_step_dedup_readiness_audit.py | tests/test_phase144_6_r5_28_narrative_contribution_ownership_audit.py | tests/test_phase144_6_r5_29_narrative_contribution_chain_ownership_audit.py | tests/test_phase144_6_r5_30_upstream_calculation_attachment_audit.py | tests/test_phase144_6_r5_32_visible_contribution_assembly_dedup_audit.py | tests/test_phase144_6_r5_34_provider_anchored_visibility_gap_audit.py | tests/test_phase144_6_r5_35_hidden_anchored_contribution_necessity_audit.py | tests/test_phase144_6_r5_36_necessary_contribution_current_display_coverage_audit.py | tests/test_phase144_6_r5_37_genuinely_missing_semantic_equivalence_and_rendering_audit.py | tests/test_phase144_6_r5_38_visibility_gap_explanatory_contribution_dedup_ownership_audit.py | tests/test_phase144_6_r5_39_explanatory_contribution_narrative_necessity_audit.py | tests/test_phase144_6_r5_40_narrative_contribution_placement_order_audit.py | tests/test_phase144_6_r5_41_contribution_topological_order_determinism_audit.py | tests/test_phase144_6_r5_42_generic_narrative_contribution_production_foundation.py | tests/test_phase144_6_r5_43_1.py | tests/test_phase144_6_r5_43_10_transport_chain_compression_production.py | tests/test_phase144_6_r5_43_11c_non_detached_fallback_placement_repair.py | tests/test_phase144_6_r5_43_11c_r2_argument_participation_guard.py | tests/test_phase144_6_r5_43_2_placement_aware_contribution_insertion.py | tests/test_phase144_6_r5_43_4_dependency_aware_contribution_connector.py | tests/test_phase144_6_r5_43_6.py | tests/test_phase144_6_r5_43_7_hidden_bridge_semantic_classification_foundation.py | tests/test_phase144_6_r5_43_generic_renderer_contribution_connection.py | tests/test_phase144_6_r5_43_r2_recursive_repr_repair.py | tests/test_phase144_6_r5_43_r3_current_markdown_plumbing_repair.py,audit_phase144_6_r5_18.py | audit_phase144_6_r5_19.py | audit_phase144_6_r5_20.py | audit_phase144_6_r5_21.py | audit_phase144_6_r5_22.py | audit_phase144_6_r5_23.py | audit_phase144_6_r5_24.py | audit_phase144_6_r5_25.py | audit_phase144_6_r5_26.py | audit_phase144_6_r5_27.py | audit_phase144_6_r5_28.py | audit_phase144_6_r5_29.py | audit_phase144_6_r5_30.py | audit_phase144_6_r5_31.py | audit_phase144_6_r5_32.py | audit_phase144_6_r5_33.py | audit_phase144_6_r5_34.py | audit_phase144_6_r5_35.py | audit_phase144_6_r5_36.py | audit_phase144_6_r5_37.py | audit_phase144_6_r5_38.py | audit_phase144_6_r5_39.py | audit_phase144_6_r5_40.py | audit_phase144_6_r5_41.py | audit_phase144_6_r5_43_1.py | audit_phase144_6_r5_43_11.py | audit_phase144_6_r5_43_11a.py | audit_phase144_6_r5_43_11b.py | audit_phase144_6_r5_43_11d.py | audit_phase144_6_r5_43_3.py | audit_phase144_6_r5_43_5.py | audit_phase144_6_r5_43_6.py | audit_phase144_6_r5_43_7.py | audit_phase144_6_r5_43_8.py | phase144_6_final_completion_regression/run_phase144_6_final_completion_regression.ps1 | phase144_6_final_full_suite_r4/run_phase144_6_final_full_suite_r4.ps1 | phase144_6_finalization/phase144_6_finalization_output.txt | phase144_6_finalization_r25_30_boundary_gate_r1/README.txt | phase144_6_finalization_r25_30_boundary_gate_r1/run_phase144_6_finalization_r25_30_boundary_gate_r1.ps1 | phase144_6_r25_10_r2_audit_environment_repair/README.md | phase144_6_r25_10_r2_audit_environment_repair/run_phase144_6_r25_10_r2.ps1 | phase144_6_r25_10_r3_contribution_import_repair/run_phase144_6_r25_10_r3.ps1 | phase144_6_r25_10_r4_utf8_audit_runner/run_phase144_6_r25_10_r4.ps1 | phase144_6_r25_10_r6_utf8_and_argument_api_runner/run_phase144_6_r25_10_r6.ps1 | phase144_6_r25_11_production_repair/test_phase144_6_r25_11_production_repair.py | phase144_6_r25_11_r2_semantic_closure_ownership_repair/test_phase144_6_r25_11_r2.py | phase144_6_r25_11_r4_closure_origin_boundary_audit/README.md | phase144_6_r25_11_r4_closure_origin_boundary_audit/audit_r25_11_r4.py | phase144_6_r25_11_r5_full_depth_plus2_ownership_delta_audit/audit_r25_11_r5.py | phase144_6_r25_11_r6_historical_190_192_exact_delta_audit/collect_r25_11_r6_inventory.py | phase144_6_r25_11_r6_r1_r1_runner_repair/payload/locate_historical_190.ps1 | phase144_6_r25_11_r6_r1_r2_r1_powershell51_syntax_repair/payload/locate_historical_190.ps1 | phase144_6_r25_11_r6_r1_r2_windows_worktree_cache_robustness_repair/payload/locate_historical_190.ps1 | phase144_6_r5_19/payload/audit_phase144_6_r5_19.py | phase144_6_r5_19/payload/tests/test_phase144_6_r5_19_proof_chain_narrative_integration.py | phase144_6_r5_19/run_phase144_6_r5_19.ps1 | phase144_6_r5_20/payload/audit_phase144_6_r5_20.py | phase144_6_r5_20/run_phase144_6_r5_20.ps1 | phase144_6_r5_21/payload/audit_phase144_6_r5_21.py | phase144_6_r5_22/payload/audit_phase144_6_r5_22.py | phase144_6_r5_23/payload/audit_phase144_6_r5_23.py | phase144_6_r5_23_r1/README.txt | phase144_6_r5_23_r1/run_phase144_6_r5_23_r1.ps1 | phase144_6_r5_24/payload/audit_phase144_6_r5_24.py | phase144_6_r5_24/payload/tests/test_phase144_6_r5_24_generic_visibility_policy_correction_design_audit.py | phase144_6_r5_25/payload/audit_phase144_6_r5_25.py | phase144_6_r5_26/payload/audit_phase144_6_r5_26.py | phase144_6_r5_26/payload/tests/test_phase144_6_r5_26_step_level_dedup_derivation_path_relevance_audit.py | phase144_6_r5_27/payload/audit_phase144_6_r5_27.py | phase144_6_r5_27/payload/tests/test_phase144_6_r5_27_bounded_derivation_visibility_step_dedup_readiness_audit.py | phase144_6_r5_28/payload/audit_phase144_6_r5_28.py | phase144_6_r5_28/payload/tests/test_phase144_6_r5_28_narrative_contribution_ownership_audit.py | phase144_6_r5_29/payload/audit_phase144_6_r5_29.py | phase144_6_r5_29/payload/tests/test_phase144_6_r5_29_narrative_contribution_chain_ownership_audit.py | phase144_6_r5_30/payload/audit_phase144_6_r5_30.py | phase144_6_r5_30/payload/tests/test_phase144_6_r5_30_upstream_calculation_attachment_audit.py | phase144_6_r5_31/payload/audit_phase144_6_r5_31.py | phase144_6_r5_32/payload/audit_phase144_6_r5_32.py | phase144_6_r5_32/payload/tests/test_phase144_6_r5_32_visible_contribution_assembly_dedup_audit.py | phase144_6_r5_33/payload/audit_phase144_6_r5_33.py | phase144_6_r5_34/payload/audit_phase144_6_r5_34.py | phase144_6_r5_34/payload/tests/test_phase144_6_r5_34_provider_anchored_visibility_gap_audit.py | phase144_6_r5_35/payload/audit_phase144_6_r5_35.py | phase144_6_r5_35/payload/tests/test_phase144_6_r5_35_hidden_anchored_contribution_necessity_audit.py | phase144_6_r5_36/payload/audit_phase144_6_r5_36.py | phase144_6_r5_36/payload/tests/test_phase144_6_r5_36_necessary_contribution_current_display_coverage_audit.py | phase144_6_r5_37/payload/audit_phase144_6_r5_37.py | phase144_6_r5_37/payload/tests/test_phase144_6_r5_37_genuinely_missing_semantic_equivalence_and_rendering_audit.py | phase144_6_r5_38/payload/audit_phase144_6_r5_38.py | phase144_6_r5_38/payload/tests/test_phase144_6_r5_38_visibility_gap_explanatory_contribution_dedup_ownership_audit.py | phase144_6_r5_38_r2/payload/audit_phase144_6_r5_38.py | phase144_6_r5_38_r2/payload/tests/test_phase144_6_r5_38_visibility_gap_explanatory_contribution_dedup_ownership_audit.py | phase144_6_r5_39/payload/audit_phase144_6_r5_39.py | phase144_6_r5_39/payload/tests/test_phase144_6_r5_39_explanatory_contribution_narrative_necessity_audit.py | phase144_6_r5_39_r2/payload/audit_phase144_6_r5_39.py | phase144_6_r5_39_r2/payload/tests/test_phase144_6_r5_39_explanatory_contribution_narrative_necessity_audit.py | phase144_6_r5_39_r3/payload/audit_phase144_6_r5_39.py | phase144_6_r5_39_r3/payload/tests/test_phase144_6_r5_39_explanatory_contribution_narrative_necessity_audit.py | phase144_6_r5_40/payload/audit_phase144_6_r5_40.py | phase144_6_r5_40/payload/tests/test_phase144_6_r5_40_narrative_contribution_placement_order_audit.py | phase144_6_r5_41/payload/audit_phase144_6_r5_41.py | phase144_6_r5_41/payload/tests/test_phase144_6_r5_41_contribution_topological_order_determinism_audit.py | phase144_6_r5_42_generic_narrative_contribution_production_foundation/payload/tests/test_phase144_6_r5_42_generic_narrative_contribution_production_foundation.py | phase144_6_r5_42_r1_occurrence_downstream_repair/payload/tests/test_phase144_6_r5_42_generic_narrative_contribution_production_foundation.py | phase144_6_r5_42_r2_provider_key_semantics_repair/payload/tests/test_phase144_6_r5_42_generic_narrative_contribution_production_foundation.py | phase144_6_r5_43_10_transport_chain_compression_production/test_phase144_6_r5_43_10_transport_chain_compression_production.py | phase144_6_r5_43_11_completion_cross_group_narrative_audit/audit_phase144_6_r5_43_11.py | phase144_6_r5_43_11_r2_visibility_aware_completion_audit/audit_phase144_6_r5_43_11.py | phase144_6_r5_43_11a_insertion_failure_classification_audit/audit_phase144_6_r5_43_11a.py | phase144_6_r5_43_11b_detached_argument_boundary_audit/audit_phase144_6_r5_43_11b.py | phase144_6_r5_43_11c_non_detached_fallback_placement_repair/test_phase144_6_r5_43_11c_non_detached_fallback_placement_repair.py | phase144_6_r5_43_11c_r2_argument_participation_guard/test_phase144_6_r5_43_11c_r2_argument_participation_guard.py | phase144_6_r5_43_11d_final_completion_audit/audit_phase144_6_r5_43_11d.py | phase144_6_r5_43_1_pi6_connected_narrative_output_audit/audit_phase144_6_r5_43_1.py | phase144_6_r5_43_1_pi6_connected_narrative_output_audit/test_phase144_6_r5_43_1.py | phase144_6_r5_43_2_placement_aware_contribution_insertion/payload/tests/test_phase144_6_r5_43_2_placement_aware_contribution_insertion.py | phase144_6_r5_43_3_contribution_transition_prose_audit/audit_phase144_6_r5_43_3.py | phase144_6_r5_43_4_dependency_aware_contribution_connector/payload/tests/test_phase144_6_r5_43_4_dependency_aware_contribution_connector.py | phase144_6_r5_43_5_r2_shortest_path_reconstruction_repair/audit_phase144_6_r5_43_5.py | phase144_6_r5_43_5_transitive_contribution_chain_audit/audit_phase144_6_r5_43_5.py | phase144_6_r5_43_6_hidden_bridge_classification_audit/audit_phase144_6_r5_43_6.py | phase144_6_r5_43_6_hidden_bridge_classification_audit/test_phase144_6_r5_43_6.py | phase144_6_r5_43_7_hidden_bridge_semantic_classification_foundation/audit_phase144_6_r5_43_7.py | phase144_6_r5_43_7_hidden_bridge_semantic_classification_foundation/payload/tests/test_phase144_6_r5_43_7_hidden_bridge_semantic_classification_foundation.py | phase144_6_r5_43_8_transport_chain_narrative_compression_audit/audit_phase144_6_r5_43_8.py | phase144_6_r5_43_generic_renderer_contribution_connection/payload/tests/test_phase144_6_r5_43_generic_renderer_contribution_connection.py | phase144_6_r5_43_r2_recursive_repr_repair/payload/tests/test_phase144_6_r5_43_generic_renderer_contribution_connection.py | phase144_6_r5_43_r2_recursive_repr_repair/payload/tests/test_phase144_6_r5_43_r2_recursive_repr_repair.py | phase144_6_r5_43_r3_current_markdown_plumbing_repair/payload/tests/test_phase144_6_r5_43_generic_renderer_contribution_connection.py | phase144_6_r5_43_r3_current_markdown_plumbing_repair/payload/tests/test_phase144_6_r5_43_r3_current_markdown_plumbing_repair.py | phase144_final_regression_repair_r1/payload/tests/test_phase144_6_r5_37_genuinely_missing_semantic_equivalence_and_rendering_audit.py | phase144_final_regression_repair_r1/payload/tests/test_phase144_6_r5_38_visibility_gap_explanatory_contribution_dedup_ownership_audit.py | phase144_final_regression_repair_r1/payload/tests/test_phase144_6_r5_39_explanatory_contribution_narrative_necessity_audit.py | phase144_r2_final_repository_wide_pytest/run_phase144_r2_final_repository_wide_pytest.ps1 | phase144_r2_final_repository_wide_pytest_r2/run_phase144_r2_final_repository_wide_pytest_r2.ps1,phase144_6_r5_18/payload/tests/test_phase144_6_r5_18_production_generic_proof_chain_foundation.py | phase144_6_r5_18/payload/toda_group_proof_narrative_proof_chains.py
phase144_6_r5_19,C_SAVE_CANONICAL_REFERENCE,has_payload+has_test+has_run+has_readme+has_audit_or_diagnose+artifact_only_reference+canonical_reference+unique_relevant_content,5,1,3,3,2,False,True,True,True,True,True,tests/test_phase144_6_r5_19_proof_chain_narrative_integration.py,phase144_6_final_completion_regression/run_phase144_6_final_completion_regression.ps1 | phase144_6_finalization/phase144_6_finalization_output.txt | phase144_6_r5_20/run_phase144_6_r5_20.ps1,phase144_6_r5_19/payload/tests/test_phase144_6_r5_19_proof_chain_narrative_integration.py | phase144_6_r5_19/payload/toda_group_proof_narrative_proof_chain_renderer.py
phase144_6_r5_20,C_SAVE_CANONICAL_REFERENCE,has_payload+has_test+has_run+has_readme+has_audit_or_diagnose+artifact_only_reference+canonical_reference+unique_relevant_content,4,1,8,2,1,False,True,True,True,True,True,tests/test_phase144_6_r5_20_pi6_3_proof_chain_generic_parity.py,audit_phase144_6_r5_21.py | audit_phase144_6_r5_33.py | phase144_6_final_completion_regression/run_phase144_6_final_completion_regression.ps1 | phase144_6_finalization/phase144_6_finalization_output.txt | phase144_6_r5_21/payload/audit_phase144_6_r5_21.py | phase144_6_r5_21/run_phase144_6_r5_21.ps1 | phase144_6_r5_23_r1/run_phase144_6_r5_23_r1.ps1 | phase144_6_r5_33/payload/audit_phase144_6_r5_33.py,phase144_6_r5_20/payload/tests/test_phase144_6_r5_20_pi6_3_proof_chain_generic_parity.py
phase144_6_r5_21,C_SAVE_CANONICAL_REFERENCE,has_payload+has_test+has_run+has_readme+has_audit_or_diagnose+artifact_only_reference+canonical_reference+unique_relevant_content,4,1,5,2,1,False,True,True,True,True,True,tests/test_phase144_6_r5_21_missing_7_facts_generic_provider_audit.py,phase144_6_finalization/phase144_6_finalization_output.txt | phase144_6_r5_22/run_phase144_6_r5_22.ps1 | phase144_6_r5_22_r1/run_phase144_6_r5_22_r1.ps1 | phase144_6_r5_23/run_phase144_6_r5_23.ps1 | phase144_6_r5_23_r1/run_phase144_6_r5_23_r1.ps1,phase144_6_r5_21/payload/tests/test_phase144_6_r5_21_missing_7_facts_generic_provider_audit.py
phase144_6_r5_22,C_SAVE_CANONICAL_REFERENCE,has_payload+has_test+has_run+has_readme+has_audit_or_diagnose+artifact_only_reference+canonical_reference+unique_relevant_content,4,1,9,2,1,False,True,True,True,True,True,tests/test_phase144_6_r5_22_missing_4_facts_statement_structure_audit.py,audit_phase144_6_r5_23.py | phase144_6_finalization/phase144_6_finalization_output.txt | phase144_6_r25_10_r2_audit_environment_repair/run_phase144_6_r25_10_r2.ps1 | phase144_6_r25_10_r3_contribution_import_repair/run_phase144_6_r25_10_r3.ps1 | phase144_6_r25_10_r6_utf8_and_argument_api_runner/run_phase144_6_r25_10_r6.ps1 | phase144_6_r5_22_r1/run_phase144_6_r5_22_r1.ps1 | phase144_6_r5_23/payload/audit_phase144_6_r5_23.py | phase144_6_r5_23/run_phase144_6_r5_23.ps1 | phase144_6_r5_23_r1/run_phase144_6_r5_23_r1.ps1,phase144_6_r5_22/payload/tests/test_phase144_6_r5_22_missing_4_facts_statement_structure_audit.py
phase144_6_r5_22_r1,B_CONSERVATIVE_OTHER,has_run+has_readme,2,0,0,0,0,False,False,False,True,True,False,,,
phase144_6_r5_23,C_SAVE_CANONICAL_REFERENCE,has_payload+has_test+has_run+has_readme+has_audit_or_diagnose+artifact_only_reference+canonical_reference+unique_relevant_content,4,1,29,2,1,False,True,True,True,True,True,tests/test_phase144_6_r5_23_missing_7_facts_generic_visibility_path_audit.py,audit_phase144_6_r5_24.py | audit_phase144_6_r5_25.py | audit_phase144_6_r5_26.py | audit_phase144_6_r5_27.py | audit_phase144_6_r5_28.py | audit_phase144_6_r5_29.py | audit_phase144_6_r5_30.py | audit_phase144_6_r5_31.py | audit_phase144_6_r5_32.py | audit_phase144_6_r5_33.py | audit_phase144_6_r5_34.py | audit_phase144_6_r5_35.py | audit_phase144_6_r5_36.py | phase144_6_finalization/phase144_6_finalization_output.txt | phase144_6_r5_23_r1/run_phase144_6_r5_23_r1.ps1 | phase144_6_r5_24/payload/audit_phase144_6_r5_24.py | phase144_6_r5_24/run_phase144_6_r5_24.ps1 | phase144_6_r5_25/payload/audit_phase144_6_r5_25.py | phase144_6_r5_26/payload/audit_phase144_6_r5_26.py | phase144_6_r5_27/payload/audit_phase144_6_r5_27.py | phase144_6_r5_28/payload/audit_phase144_6_r5_28.py | phase144_6_r5_29/payload/audit_phase144_6_r5_29.py | phase144_6_r5_30/payload/audit_phase144_6_r5_30.py | phase144_6_r5_31/payload/audit_phase144_6_r5_31.py | phase144_6_r5_32/payload/audit_phase144_6_r5_32.py | phase144_6_r5_33/payload/audit_phase144_6_r5_33.py | phase144_6_r5_34/payload/audit_phase144_6_r5_34.py | phase144_6_r5_35/payload/audit_phase144_6_r5_35.py | phase144_6_r5_36/payload/audit_phase144_6_r5_36.py,phase144_6_r5_23/payload/tests/test_phase144_6_r5_23_missing_7_facts_generic_visibility_path_audit.py
phase144_6_r5_23_r1,B_CONSERVATIVE_OTHER,has_run+has_readme,2,0,0,0,0,False,False,False,True,True,False,,,
phase144_6_r5_24,C_SAVE_CANONICAL_REFERENCE,has_payload+has_test+has_run+has_readme+has_audit_or_diagnose+artifact_only_reference+canonical_reference+unique_relevant_content,4,1,2,2,1,False,True,True,True,True,True,tests/test_phase144_6_r5_24_generic_visibility_policy_correction_design_audit.py,phase144_6_finalization/phase144_6_finalization_output.txt | phase144_6_r5_25/run_phase144_6_r5_25.ps1,phase144_6_r5_24/payload/tests/test_phase144_6_r5_24_generic_visibility_policy_correction_design_audit.py
phase144_6_r5_25,C_SAVE_CANONICAL_REFERENCE,has_payload+has_test+has_run+has_readme+has_audit_or_diagnose+artifact_only_reference+canonical_reference+unique_relevant_content,4,1,2,2,1,False,True,True,True,True,True,tests/test_phase144_6_r5_25_multi_argument_suppression_selective_frontier_relevance_audit.py,phase144_6_finalization/phase144_6_finalization_output.txt | phase144_6_r5_26/run_phase144_6_r5_26.ps1,phase144_6_r5_25/payload/tests/test_phase144_6_r5_25_multi_argument_suppression_selective_frontier_relevance_audit.py
phase144_6_r5_26,C_SAVE_CANONICAL_REFERENCE,has_payload+has_test+has_run+has_readme+has_audit_or_diagnose+artifact_only_reference+canonical_reference+unique_relevant_content,4,1,2,2,1,False,True,True,True,True,True,tests/test_phase144_6_r5_26_step_level_dedup_derivation_path_relevance_audit.py,phase144_6_finalization/phase144_6_finalization_output.txt | phase144_6_r5_27/run_phase144_6_r5_27.ps1,phase144_6_r5_26/payload/tests/test_phase144_6_r5_26_step_level_dedup_derivation_path_relevance_audit.py
phase144_6_r5_27,C_SAVE_CANONICAL_REFERENCE,has_payload+has_test+has_run+has_readme+has_audit_or_diagnose+artifact_only_reference+canonical_reference+unique_relevant_content,4,1,2,2,1,False,True,True,True,True,True,tests/test_phase144_6_r5_27_bounded_derivation_visibility_step_dedup_readiness_audit.py,phase144_6_finalization/phase144_6_finalization_output.txt | phase144_6_r5_28/run_phase144_6_r5_28.ps1,phase144_6_r5_27/payload/tests/test_phase144_6_r5_27_bounded_derivation_visibility_step_dedup_readiness_audit.py
phase144_6_r5_28,C_SAVE_CANONICAL_REFERENCE,has_payload+has_test+has_run+has_readme+has_audit_or_diagnose+artifact_only_reference+canonical_reference+unique_relevant_content,4,1,7,2,1,False,True,True,True,True,True,tests/test_phase144_6_r5_28_narrative_contribution_ownership_audit.py,audit_phase144_6_r5_29.py | phase144_6_finalization/phase144_6_finalization_output.txt | phase144_6_r25_6_upstream_ownership_audit/run_phase144_6_r25_6.ps1 | phase144_6_r25_7_root_construction_exact_block_path_audit/run_phase144_6_r25_7.ps1 | phase144_6_r25_7r1_cycle_safe_audit/run_phase144_6_r25_7r1.ps1 | phase144_6_r5_29/payload/audit_phase144_6_r5_29.py | phase144_6_r5_29/run_phase144_6_r5_29.ps1,phase144_6_r5_28/payload/tests/test_phase144_6_r5_28_narrative_contribution_ownership_audit.py
phase144_6_r5_29,C_SAVE_CANONICAL_REFERENCE,has_payload+has_test+has_run+has_readme+has_audit_or_diagnose+artifact_only_reference+canonical_reference+unique_relevant_content,4,1,11,2,1,False,True,True,True,True,True,tests/test_phase144_6_r5_29_narrative_contribution_chain_ownership_audit.py,audit_phase144_6_r5_30.py | audit_phase144_6_r5_31.py | audit_phase144_6_r5_34.py | audit_phase144_6_r5_35.py | phase144_6_finalization/phase144_6_finalization_output.txt | phase144_6_r5_30/payload/audit_phase144_6_r5_30.py | phase144_6_r5_30/run_phase144_6_r5_30.ps1 | phase144_6_r5_31/payload/audit_phase144_6_r5_31.py | phase144_6_r5_34/payload/audit_phase144_6_r5_34.py | phase144_6_r5_34/run_phase144_6_r5_34.ps1 | phase144_6_r5_35/payload/audit_phase144_6_r5_35.py,phase144_6_r5_29/payload/tests/test_phase144_6_r5_29_narrative_contribution_chain_ownership_audit.py
phase144_6_r5_2_frontier_required_depth_audit,B_UNIQUE_AUDIT_OR_DOC_CONTENT,has_run+has_audit_or_diagnose+unique_relevant_content,3,0,0,2,0,False,False,False,True,False,True,,,
phase144_6_r5_30,C_SAVE_CANONICAL_REFERENCE,has_payload+has_test+has_run+has_readme+has_audit_or_diagnose+artifact_only_reference+canonical_reference+unique_relevant_content,4,1,4,2,1,False,True,True,True,True,True,tests/test_phase144_6_r5_30_upstream_calculation_attachment_audit.py,audit_phase144_6_r5_31.py | phase144_6_finalization/phase144_6_finalization_output.txt | phase144_6_r5_31/payload/audit_phase144_6_r5_31.py | phase144_6_r5_31/run_phase144_6_r5_31.ps1,phase144_6_r5_30/payload/tests/test_phase144_6_r5_30_upstream_calculation_attachment_audit.py
phase144_6_r5_31,C_SAVE_CANONICAL_REFERENCE,has_payload+has_test+has_run+has_readme+has_audit_or_diagnose+artifact_only_reference+canonical_reference+unique_relevant_content,4,1,2,2,1,False,True,True,True,True,True,tests/test_phase144_6_r5_31_upstream_calculation_attachment_semantic_audit.py,phase144_6_finalization/phase144_6_finalization_output.txt | phase144_6_r5_32/run_phase144_6_r5_32.ps1,phase144_6_r5_31/payload/tests/test_phase144_6_r5_31_upstream_calculation_attachment_semantic_audit.py
phase144_6_r5_32,C_SAVE_CANONICAL_REFERENCE,has_payload+has_test+has_run+has_readme+has_audit_or_diagnose+artifact_only_reference+canonical_reference+unique_relevant_content,4,1,4,2,1,False,True,True,True,True,True,tests/test_phase144_6_r5_32_visible_contribution_assembly_dedup_audit.py,audit_phase144_6_r5_33.py | phase144_6_finalization/phase144_6_finalization_output.txt | phase144_6_r5_33/payload/audit_phase144_6_r5_33.py | phase144_6_r5_33/run_phase144_6_r5_33.ps1,phase144_6_r5_32/payload/tests/test_phase144_6_r5_32_visible_contribution_assembly_dedup_audit.py
phase144_6_r5_33,C_SAVE_CANONICAL_REFERENCE,has_payload+has_test+has_run+has_readme+has_audit_or_diagnose+artifact_only_reference+canonical_reference+unique_relevant_content,4,1,2,2,1,False,True,True,True,True,True,tests/test_phase144_6_r5_33_visible_step_rendered_markdown_survival_audit.py,phase144_6_finalization/phase144_6_finalization_output.txt | phase144_6_r5_34/run_phase144_6_r5_34.ps1,phase144_6_r5_33/payload/tests/test_phase144_6_r5_33_visible_step_rendered_markdown_survival_audit.py
phase144_6_r5_34,C_SAVE_CANONICAL_REFERENCE,has_payload+has_test+has_run+has_readme+has_audit_or_diagnose+artifact_only_reference+canonical_reference+unique_relevant_content,4,1,4,2,1,False,True,True,True,True,True,tests/test_phase144_6_r5_34_provider_anchored_visibility_gap_audit.py,audit_phase144_6_r5_35.py | phase144_6_finalization/phase144_6_finalization_output.txt | phase144_6_r5_35/payload/audit_phase144_6_r5_35.py | phase144_6_r5_35/run_phase144_6_r5_35.ps1,phase144_6_r5_34/payload/tests/test_phase144_6_r5_34_provider_anchored_visibility_gap_audit.py
phase144_6_r5_35,C_SAVE_CANONICAL_REFERENCE,has_payload+has_test+has_run+has_readme+has_audit_or_diagnose+artifact_only_reference+canonical_reference+unique_relevant_content,4,1,9,2,1,False,True,True,True,True,True,tests/test_phase144_6_r5_35_hidden_anchored_contribution_necessity_audit.py,audit_phase144_6_r5_36.py | audit_phase144_6_r5_37.py | audit_phase144_6_r5_38.py | phase144_6_finalization/phase144_6_finalization_output.txt | phase144_6_r5_36/payload/audit_phase144_6_r5_36.py | phase144_6_r5_36/run_phase144_6_r5_36.ps1 | phase144_6_r5_37/payload/audit_phase144_6_r5_37.py | phase144_6_r5_38/payload/audit_phase144_6_r5_38.py | phase144_6_r5_38_r2/payload/audit_phase144_6_r5_38.py,phase144_6_r5_35/payload/tests/test_phase144_6_r5_35_hidden_anchored_contribution_necessity_audit.py
phase144_6_r5_36,C_SAVE_CANONICAL_REFERENCE,has_payload+has_test+has_run+has_readme+has_audit_or_diagnose+artifact_only_reference+canonical_reference+unique_relevant_content,4,1,6,2,1,False,True,True,True,True,True,tests/test_phase144_6_r5_36_necessary_contribution_current_display_coverage_audit.py,audit_phase144_6_r5_37.py | audit_phase144_6_r5_38.py | phase144_6_finalization/phase144_6_finalization_output.txt | phase144_6_r5_37/payload/audit_phase144_6_r5_37.py | phase144_6_r5_37/run_phase144_6_r5_37.ps1 | phase144_6_r5_38_r2/payload/audit_phase144_6_r5_38.py,phase144_6_r5_36/payload/tests/test_phase144_6_r5_36_necessary_contribution_current_display_coverage_audit.py
phase144_6_r5_37,C_SAVE_CANONICAL_REFERENCE,has_payload+has_test+has_run+has_readme+has_audit_or_diagnose+artifact_only_reference+canonical_reference+unique_relevant_content,4,2,12,2,0,False,True,True,True,True,True,tests/test_phase144_6_r5_37_genuinely_missing_semantic_equivalence_and_rendering_audit.py | tests/test_phase144_6_r5_38_visibility_gap_explanatory_contribution_dedup_ownership_audit.py,audit_phase144_6_r5_38.py | phase144_6_finalization/phase144_6_finalization_output.txt | phase144_6_r25_10_final_regression_ownership_audit/audit_phase144_6_r25_10.py | phase144_6_r25_11_production_repair/run_phase144_6_r25_11.ps1 | phase144_6_r25_11_r2_semantic_closure_ownership_repair/run_phase144_6_r25_11_r2.ps1 | phase144_6_r5_38/payload/audit_phase144_6_r5_38.py | phase144_6_r5_38/run_phase144_6_r5_38.ps1 | phase144_6_r5_38_r2/payload/audit_phase144_6_r5_38.py | phase144_6_r5_38_r2/run_phase144_6_r5_38_r2.ps1 | phase144_final_regression_repair_r1/payload/tests/test_phase144_6_r5_37_genuinely_missing_semantic_equivalence_and_rendering_audit.py | phase144_final_regression_repair_r1/payload/tests/test_phase144_6_r5_38_visibility_gap_explanatory_contribution_dedup_ownership_audit.py | phase144_final_regression_repair_r1/run_phase144_final_regression_repair_r1.ps1,
phase144_6_r5_38,C_SAVE_CANONICAL_REFERENCE,has_payload+has_test+has_run+has_readme+has_audit_or_diagnose+artifact_only_reference+canonical_reference+unique_relevant_content,4,2,20,2,0,False,True,True,True,True,True,tests/test_phase144_6_r5_38_visibility_gap_explanatory_contribution_dedup_ownership_audit.py | tests/test_phase144_6_r5_39_explanatory_contribution_narrative_necessity_audit.py,audit_phase144_6_r5_39.py | audit_phase144_6_r5_40.py | audit_phase144_6_r5_41.py | phase144_6_finalization/phase144_6_finalization_output.txt | phase144_6_r25_10_final_regression_ownership_audit/audit_phase144_6_r25_10.py | phase144_6_r25_11_production_repair/run_phase144_6_r25_11.ps1 | phase144_6_r25_11_r2_semantic_closure_ownership_repair/run_phase144_6_r25_11_r2.ps1 | phase144_6_r5_38_r2/payload/tests/test_phase144_6_r5_38_visibility_gap_explanatory_contribution_dedup_ownership_audit.py | phase144_6_r5_38_r2/run_phase144_6_r5_38_r2.ps1 | phase144_6_r5_39/payload/audit_phase144_6_r5_39.py | phase144_6_r5_39/run_phase144_6_r5_39.ps1 | phase144_6_r5_39_r2/payload/audit_phase144_6_r5_39.py | phase144_6_r5_39_r2/run_phase144_6_r5_39_r2.ps1 | phase144_6_r5_39_r3/payload/audit_phase144_6_r5_39.py | phase144_6_r5_39_r3/run_phase144_6_r5_39_r3.ps1 | phase144_6_r5_40/payload/audit_phase144_6_r5_40.py | phase144_6_r5_41/payload/audit_phase144_6_r5_41.py | phase144_final_regression_repair_r1/payload/tests/test_phase144_6_r5_38_visibility_gap_explanatory_contribution_dedup_ownership_audit.py | phase144_final_regression_repair_r1/payload/tests/test_phase144_6_r5_39_explanatory_contribution_narrative_necessity_audit.py | phase144_final_regression_repair_r1/run_phase144_final_regression_repair_r1.ps1,
phase144_6_r5_38_r2,B_APPLY_OR_PAYLOAD,has_payload+has_test+has_run+has_readme+has_audit_or_diagnose+unique_relevant_content,4,0,0,2,0,False,True,True,True,True,True,,,
phase144_6_r5_39,C_SAVE_CANONICAL_REFERENCE,has_payload+has_test+has_run+has_readme+has_audit_or_diagnose+artifact_only_reference+canonical_reference+unique_relevant_content,4,1,14,2,0,False,True,True,True,True,True,tests/test_phase144_6_r5_39_explanatory_contribution_narrative_necessity_audit.py,phase144_6_finalization/phase144_6_finalization_output.txt | phase144_6_r25_10_final_regression_ownership_audit/audit_phase144_6_r25_10.py | phase144_6_r25_10_final_regression_ownership_audit/run_phase144_6_r25_10.ps1 | phase144_6_r25_11_production_repair/run_phase144_6_r25_11.ps1 | phase144_6_r25_11_r2_semantic_closure_ownership_repair/run_phase144_6_r25_11_r2.ps1 | phase144_6_r5_39_r2/payload/tests/test_phase144_6_r5_39_explanatory_contribution_narrative_necessity_audit.py | phase144_6_r5_39_r2/run_phase144_6_r5_39_r2.ps1 | phase144_6_r5_39_r3/payload/tests/test_phase144_6_r5_39_explanatory_contribution_narrative_necessity_audit.py | phase144_6_r5_39_r3/run_phase144_6_r5_39_r3.ps1 | phase144_6_r5_40/run_phase144_6_r5_40.ps1 | phase144_final_historical_snapshot_repair_r3/apply_phase144_final_historical_snapshot_repair_r3.py | phase144_final_historical_snapshot_repair_r3/run_phase144_final_historical_snapshot_repair_r3.ps1 | phase144_final_regression_repair_r1/payload/tests/test_phase144_6_r5_39_explanatory_contribution_narrative_necessity_audit.py | phase144_final_regression_repair_r1/run_phase144_final_regression_repair_r1.ps1,
phase144_6_r5_39_r2,B_APPLY_OR_PAYLOAD,has_payload+has_test+has_run+has_readme+has_audit_or_diagnose+unique_relevant_content,4,0,0,2,0,False,True,True,True,True,True,,,
phase144_6_r5_39_r3,B_APPLY_OR_PAYLOAD,has_payload+has_test+has_run+has_readme+has_audit_or_diagnose+unique_relevant_content,4,0,0,2,0,False,True,True,True,True,True,,,
phase144_6_r5_3_root_argument_dependency_audit,B_UNIQUE_AUDIT_OR_DOC_CONTENT,has_run+has_audit_or_diagnose+unique_relevant_content,3,0,0,2,0,False,False,False,True,False,True,,,
phase144_6_r5_40,C_SAVE_CANONICAL_REFERENCE,has_payload+has_test+has_run+has_readme+has_audit_or_diagnose+artifact_only_reference+canonical_reference+unique_relevant_content,4,4,11,2,0,False,True,True,True,True,True,tests/test_phase144_6_r5_40_narrative_contribution_placement_order_audit.py | tests/test_phase144_6_r5_41_contribution_topological_order_determinism_audit.py | tests/test_phase144_6_r5_42_generic_narrative_contribution_production_foundation.py | tests/test_phase144_6_r5_43_r2_recursive_repr_repair.py,phase144_6_finalization/phase144_6_finalization_output.txt | phase144_6_r25_10_final_regression_ownership_audit/audit_phase144_6_r25_10.py | phase144_6_r25_11_production_repair/run_phase144_6_r25_11.ps1 | phase144_6_r25_11_r2_semantic_closure_ownership_repair/run_phase144_6_r25_11_r2.ps1 | phase144_6_r25_11_r5_full_depth_plus2_ownership_delta_audit/README.md | phase144_6_r5_41/run_phase144_6_r5_41.ps1 | phase144_6_r5_42_generic_narrative_contribution_production_foundation/payload/tests/test_phase144_6_r5_42_generic_narrative_contribution_production_foundation.py | phase144_6_r5_42_r1_occurrence_downstream_repair/payload/tests/test_phase144_6_r5_42_generic_narrative_contribution_production_foundation.py | phase144_6_r5_42_r2_provider_key_semantics_repair/payload/tests/test_phase144_6_r5_42_generic_narrative_contribution_production_foundation.py | phase144_final_historical_snapshot_repair_r3/apply_phase144_final_historical_snapshot_repair_r3.py | phase144_final_historical_snapshot_repair_r3/run_phase144_final_historical_snapshot_repair_r3.ps1,
phase144_6_r5_41,C_SAVE_CANONICAL_REFERENCE,has_payload+has_test+has_run+has_readme+has_audit_or_diagnose+artifact_only_reference+canonical_reference+unique_relevant_content,4,2,6,2,0,False,True,True,True,True,True,tests/test_phase144_6_r5_41_contribution_topological_order_determinism_audit.py | tests/test_phase144_6_r5_42_generic_narrative_contribution_production_foundation.py,phase144_6_finalization/phase144_6_finalization_output.txt | phase144_6_r5_42_generic_narrative_contribution_production_foundation/payload/tests/test_phase144_6_r5_42_generic_narrative_contribution_production_foundation.py | phase144_6_r5_42_r1_occurrence_downstream_repair/payload/tests/test_phase144_6_r5_42_generic_narrative_contribution_production_foundation.py | phase144_6_r5_42_r2_provider_key_semantics_repair/payload/tests/test_phase144_6_r5_42_generic_narrative_contribution_production_foundation.py | phase144_final_historical_snapshot_repair_r3/apply_phase144_final_historical_snapshot_repair_r3.py | phase144_final_historical_snapshot_repair_r3/run_phase144_final_historical_snapshot_repair_r3.ps1,
phase144_6_r5_42_generic_narrative_contribution_production_foundation,B_APPLY_OR_PAYLOAD,has_payload+has_test+has_run+has_readme+artifact_only_reference+unique_relevant_content,4,0,10,2,0,False,True,True,True,True,False,,phase144_6_finalization/phase144_6_finalization_output.txt | phase144_6_r5_42_r1_occurrence_downstream_repair/run_phase144_6_r5_42_r1.ps1 | phase144_6_r5_42_r2_provider_key_semantics_repair/run_phase144_6_r5_42_r2.ps1 | phase144_6_r5_43_2_placement_aware_contribution_insertion/run_phase144_6_r5_43_2.ps1 | phase144_6_r5_43_4_dependency_aware_contribution_connector/run_phase144_6_r5_43_4.ps1 | phase144_6_r5_43_generic_renderer_contribution_connection/run_phase144_6_r5_43.ps1 | phase144_6_r5_43_r2_recursive_repr_repair/run_phase144_6_r5_43_r2.ps1 | phase144_6_r5_43_r3_current_markdown_plumbing_repair/run_phase144_6_r5_43_r3.ps1 | phase144_final_historical_snapshot_repair_r3/apply_phase144_final_historical_snapshot_repair_r3.py | phase144_final_historical_snapshot_repair_r3/run_phase144_final_historical_snapshot_repair_r3.ps1,
phase144_6_r5_42_r1_occurrence_downstream_repair,B_APPLY_OR_PAYLOAD,has_payload+has_test+has_run+has_readme+unique_relevant_content,4,0,0,2,0,False,True,True,True,True,False,,,
phase144_6_r5_42_r2_provider_key_semantics_repair,B_APPLY_OR_PAYLOAD,has_payload+has_test+has_run+has_readme+unique_relevant_content,4,0,0,2,0,False,True,True,True,True,False,,,
phase144_6_r5_43_10_transport_chain_compression_production,B_UNIQUE_TEST_MATERIAL,has_test+has_run+has_readme+artifact_only_reference+unique_relevant_content,5,0,3,3,2,False,False,True,True,True,False,,phase144_6_finalization/phase144_6_finalization_output.txt | phase144_6_r5_43_11c_non_detached_fallback_placement_repair/run_phase144_6_r5_43_11c.ps1 | phase144_6_r5_43_11c_r2_argument_participation_guard/run_phase144_6_r5_43_11c_r2.ps1,phase144_6_r5_43_10_transport_chain_compression_production/test_phase144_6_r5_43_10_transport_chain_compression_production.py | phase144_6_r5_43_10_transport_chain_compression_production/toda_group_proof_narrative_hidden_bridge_semantics.py
phase144_6_r5_43_11_completion_cross_group_narrative_audit,B_UNIQUE_TEST_MATERIAL,has_test+has_run+has_readme+has_audit_or_diagnose+artifact_only_reference+unique_relevant_content,4,0,4,2,0,False,False,True,True,True,True,,phase144_6_finalization/phase144_6_finalization_output.txt | phase144_6_r5_43_11_r2_visibility_aware_completion_audit/run_phase144_6_r5_43_11_r2.ps1 | phase144_final_historical_snapshot_repair_r3/apply_phase144_final_historical_snapshot_repair_r3.py | phase144_final_historical_snapshot_repair_r3/run_phase144_final_historical_snapshot_repair_r3.ps1,
phase144_6_r5_43_11_r2_visibility_aware_completion_audit,B_UNIQUE_TEST_MATERIAL,has_test+has_run+has_readme+has_audit_or_diagnose+unique_relevant_content,4,0,0,2,0,False,False,True,True,True,True,,,
phase144_6_r5_43_11a_insertion_failure_classification_audit,B_UNIQUE_TEST_MATERIAL,has_test+has_run+has_readme+has_audit_or_diagnose+artifact_only_reference+unique_relevant_content,4,0,3,2,0,False,False,True,True,True,True,,phase144_6_finalization/phase144_6_finalization_output.txt | phase144_final_historical_snapshot_repair_r3/apply_phase144_final_historical_snapshot_repair_r3.py | phase144_final_historical_snapshot_repair_r3/run_phase144_final_historical_snapshot_repair_r3.ps1,
phase144_6_r5_43_11b_detached_argument_boundary_audit,B_UNIQUE_TEST_MATERIAL,has_test+has_run+has_readme+has_audit_or_diagnose+artifact_only_reference+unique_relevant_content,4,0,3,2,0,False,False,True,True,True,True,,phase144_6_finalization/phase144_6_finalization_output.txt | phase144_final_historical_snapshot_repair_r3/apply_phase144_final_historical_snapshot_repair_r3.py | phase144_final_historical_snapshot_repair_r3/run_phase144_final_historical_snapshot_repair_r3.ps1,
phase144_6_r5_43_11c_non_detached_fallback_placement_repair,B_UNIQUE_TEST_MATERIAL,has_test+has_run+has_readme+artifact_only_reference+unique_relevant_content,4,0,4,2,0,False,False,True,True,True,False,,phase144_6_finalization/phase144_6_finalization_output.txt | phase144_6_r5_43_11c_r2_argument_participation_guard/run_phase144_6_r5_43_11c_r2.ps1 | phase144_final_historical_snapshot_repair_r3/apply_phase144_final_historical_snapshot_repair_r3.py | phase144_final_historical_snapshot_repair_r3/run_phase144_final_historical_snapshot_repair_r3.ps1,
phase144_6_r5_43_11c_r2_argument_participation_guard,B_UNIQUE_TEST_MATERIAL,has_test+has_run+has_readme+artifact_only_reference+unique_relevant_content,4,0,9,2,1,False,False,True,True,True,False,,phase144_6_finalization/phase144_6_finalization_output.txt | phase144_6_r25_10_final_regression_ownership_audit/audit_phase144_6_r25_10.py | phase144_6_r25_10_r1_import_path_repair/apply_phase144_6_r25_10_r1.ps1 | phase144_6_r25_11_production_repair/run_phase144_6_r25_11.ps1 | phase144_6_r25_11_r2_semantic_closure_ownership_repair/run_phase144_6_r25_11_r2.ps1 | phase144_6_r25_11_r4_closure_origin_boundary_audit/README.md | phase144_6_r25_11_r5_full_depth_plus2_ownership_delta_audit/README.md | phase144_final_historical_snapshot_repair_r3/apply_phase144_final_historical_snapshot_repair_r3.py | phase144_final_historical_snapshot_repair_r3/run_phase144_final_historical_snapshot_repair_r3.ps1,phase144_6_r5_43_11c_r2_argument_participation_guard/toda_group_proof_narrative_contribution_renderer.py
phase144_6_r5_43_11d_final_completion_audit,B_UNIQUE_TEST_MATERIAL,has_test+has_run+has_readme+has_audit_or_diagnose+artifact_only_reference+unique_relevant_content,4,0,18,2,0,False,False,True,True,True,True,,phase144_6_final_regression_repair/run_phase144_6_final_regression_repair.ps1 | phase144_6_final_regression_repair_r2/run_phase144_6_final_regression_repair_r2.ps1 | phase144_6_finalization/phase144_6_finalization_output.txt | phase144_6_finalization_focused_gate/run_phase144_6_finalization_focused_gate.ps1 | phase144_6_public_route_cutover/run_phase144_6_public_route_cutover.ps1 | phase144_6_public_route_cutover_r2/run_phase144_6_public_route_cutover_r2.ps1 | phase144_6_public_route_cutover_r3/run_phase144_6_public_route_cutover_r3.ps1 | phase144_6_r25_10_final_regression_ownership_audit/audit_phase144_6_r25_10.py | phase144_6_r25_10_final_regression_ownership_audit/run_phase144_6_r25_10.ps1 | phase144_6_r25_10_r1_import_path_repair/apply_phase144_6_r25_10_r1.ps1 | phase144_6_r25_11_production_repair/run_phase144_6_r25_11.ps1 | phase144_6_r25_11_r2_semantic_closure_ownership_repair/run_phase144_6_r25_11_r2.ps1 | phase144_6_r25_11_r5_full_depth_plus2_ownership_delta_audit/README.md | phase144_6_r25_12_local_190_192_focused_audit/phase144_6_r25_12_local_diff_report.txt | phase144_6_r25_13_definition_scoped_evidence_repair/run_phase144_6_r25_13.ps1 | phase144_6_r25_15_final_ownership_repair/run_phase144_6_r25_15.ps1 | phase144_final_historical_snapshot_repair_r3/apply_phase144_final_historical_snapshot_repair_r3.py | phase144_final_historical_snapshot_repair_r3/run_phase144_final_historical_snapshot_repair_r3.ps1,
phase144_6_r5_43_1_pi6_connected_narrative_output_audit,B_UNIQUE_TEST_MATERIAL,has_test+has_run+has_readme+has_audit_or_diagnose+unique_relevant_content,4,0,0,2,0,False,False,True,True,True,True,,,
phase144_6_r5_43_2_placement_aware_contribution_insertion,B_APPLY_OR_PAYLOAD,has_payload+has_test+has_run+has_readme+has_audit_or_diagnose+artifact_only_reference+unique_relevant_content,6,0,4,4,1,False,True,True,True,True,True,,audit_phase144_6_r5_43_2.py | phase144_6_finalization/phase144_6_finalization_output.txt | phase144_6_r5_43_11c_non_detached_fallback_placement_repair/run_phase144_6_r5_43_11c.ps1 | phase144_6_r5_43_11c_r2_argument_participation_guard/run_phase144_6_r5_43_11c_r2.ps1,phase144_6_r5_43_2_placement_aware_contribution_insertion/payload/tests/test_phase144_6_r5_43_2_placement_aware_contribution_insertion.py
phase144_6_r5_43_3_contribution_transition_prose_audit,B_UNIQUE_TEST_MATERIAL,has_test+has_run+has_readme+has_audit_or_diagnose+unique_relevant_content,4,0,0,2,0,False,False,True,True,True,True,,,
phase144_6_r5_43_4_dependency_aware_contribution_connector,B_APPLY_OR_PAYLOAD,has_payload+has_test+has_run+has_readme+has_audit_or_diagnose+artifact_only_reference+unique_relevant_content,6,0,3,4,0,False,True,True,True,True,True,,audit_phase144_6_r5_43_4.py | phase144_6_finalization/phase144_6_finalization_output.txt | phase144_6_r5_43_10_transport_chain_compression_production/run_phase144_6_r5_43_10.ps1,
phase144_6_r5_43_5_r2_shortest_path_reconstruction_repair,B_UNIQUE_TEST_MATERIAL,has_test+has_run+has_readme+has_audit_or_diagnose+unique_relevant_content,4,0,0,2,1,False,False,True,True,True,True,,,phase144_6_r5_43_5_r2_shortest_path_reconstruction_repair/test_phase144_6_r5_43_5.py
phase144_6_r5_43_5_transitive_contribution_chain_audit,B_UNIQUE_TEST_MATERIAL,has_test+has_run+has_readme+has_audit_or_diagnose+unique_relevant_content,4,0,0,2,1,False,False,True,True,True,True,,,phase144_6_r5_43_5_transitive_contribution_chain_audit/test_phase144_6_r5_43_5.py
phase144_6_r5_43_6_hidden_bridge_classification_audit,B_UNIQUE_TEST_MATERIAL,has_test+has_run+has_readme+has_audit_or_diagnose+unique_relevant_content,4,0,0,2,1,False,False,True,True,True,True,,,phase144_6_r5_43_6_hidden_bridge_classification_audit/test_phase144_6_r5_43_6.py
phase144_6_r5_43_7_hidden_bridge_semantic_classification_foundation,B_APPLY_OR_PAYLOAD,has_payload+has_test+has_run+has_readme+has_audit_or_diagnose+artifact_only_reference+unique_relevant_content,5,0,2,3,0,False,True,True,True,True,True,,phase144_6_finalization/phase144_6_finalization_output.txt | phase144_6_r5_43_10_transport_chain_compression_production/run_phase144_6_r5_43_10.ps1,
phase144_6_r5_43_8_transport_chain_narrative_compression_audit,B_UNIQUE_TEST_MATERIAL,has_test+has_run+has_readme+has_audit_or_diagnose+unique_relevant_content,4,0,0,2,1,False,False,True,True,True,True,,,phase144_6_r5_43_8_transport_chain_narrative_compression_audit/test_phase144_6_r5_43_8.py
phase144_6_r5_43_9_r2_powershell_copy_item_repair,B_UNIQUE_TEST_MATERIAL,has_test+has_run+has_readme+has_audit_or_diagnose+unique_relevant_content,5,0,0,2,1,False,False,True,True,True,True,,,phase144_6_r5_43_9_r2_powershell_copy_item_repair/test_phase144_6_r5_43_9.py
phase144_6_r5_43_9_transport_chain_compression_prose_design_audit,B_UNIQUE_TEST_MATERIAL,has_test+has_run+has_readme+has_audit_or_diagnose+unique_relevant_content,4,0,0,2,1,False,False,True,True,True,True,,,phase144_6_r5_43_9_transport_chain_compression_prose_design_audit/test_phase144_6_r5_43_9.py
phase144_6_r5_43_generic_renderer_contribution_connection,B_APPLY_OR_PAYLOAD,has_payload+has_test+has_run+has_readme+artifact_only_reference+unique_relevant_content,5,0,5,3,0,False,True,True,True,True,False,,phase144_6_finalization/phase144_6_finalization_output.txt | phase144_6_r5_43_r2_recursive_repr_repair/run_phase144_6_r5_43_r2.ps1 | phase144_6_r5_43_r3_current_markdown_plumbing_repair/run_phase144_6_r5_43_r3.ps1 | phase144_final_historical_snapshot_repair_r3/apply_phase144_final_historical_snapshot_repair_r3.py | phase144_final_historical_snapshot_repair_r3/run_phase144_final_historical_snapshot_repair_r3.ps1,
phase144_6_r5_43_r2_recursive_repr_repair,B_APPLY_OR_PAYLOAD,has_payload+has_test+has_run+has_readme+artifact_only_reference+unique_relevant_content,6,0,9,4,0,False,True,True,True,True,False,,phase144_6_finalization/phase144_6_finalization_output.txt | phase144_6_finalization_focused_gate/run_phase144_6_finalization_focused_gate.ps1 | phase144_6_r25_10_final_regression_ownership_audit/audit_phase144_6_r25_10.py | phase144_6_r25_10_final_regression_ownership_audit/run_phase144_6_r25_10.ps1 | phase144_6_r25_10_r1_import_path_repair/apply_phase144_6_r25_10_r1.ps1 | phase144_6_r25_10_r3_contribution_import_repair/README.md | phase144_6_r25_11_production_repair/run_phase144_6_r25_11.ps1 | phase144_final_historical_snapshot_repair_r3/apply_phase144_final_historical_snapshot_repair_r3.py | phase144_final_historical_snapshot_repair_r3/run_phase144_final_historical_snapshot_repair_r3.ps1,
phase144_6_r5_43_r3_current_markdown_plumbing_repair,B_APPLY_OR_PAYLOAD,has_payload+has_test+has_run+has_readme+artifact_only_reference+unique_relevant_content,6,0,2,4,1,False,True,True,True,True,False,,phase144_6_finalization/phase144_6_finalization_output.txt | phase144_6_finalization_focused_gate/run_phase144_6_finalization_focused_gate.ps1,phase144_6_r5_43_r3_current_markdown_plumbing_repair/payload/tests/test_phase144_6_r5_43_r3_current_markdown_plumbing_repair.py
phase144_6_r5_4_argument_dependency_gap_audit,B_UNIQUE_AUDIT_OR_DOC_CONTENT,has_run+has_readme+has_audit_or_diagnose+unique_relevant_content,3,0,0,1,0,False,False,False,True,True,True,,,
phase144_6_r5_4_r1_group_result_fix,B_UNIQUE_AUDIT_OR_DOC_CONTENT,has_run+has_readme+has_audit_or_diagnose+unique_relevant_content,3,0,0,1,0,False,False,False,True,True,True,,,
phase144_6_r5_5_argument_boundary_compression_audit,B_UNIQUE_AUDIT_OR_DOC_CONTENT,has_run+has_readme+has_audit_or_diagnose+unique_relevant_content,3,0,0,1,0,False,False,False,True,True,True,,,
phase144_6_r5_6_full_provenance_required_depth_audit,B_UNIQUE_AUDIT_OR_DOC_CONTENT,has_run+has_readme+has_audit_or_diagnose+unique_relevant_content,3,0,0,1,0,False,False,False,True,True,True,,,
phase144_6_r5_7_narrative_required_argument_selection_audit,B_UNIQUE_AUDIT_OR_DOC_CONTENT,has_run+has_readme+has_audit_or_diagnose+unique_relevant_content,3,0,0,1,0,False,False,False,True,True,True,,,
phase144_6_r5_8_purpose_subject_consumption_audit,B_UNIQUE_AUDIT_OR_DOC_CONTENT,has_run+has_readme+has_audit_or_diagnose+unique_relevant_content,3,0,0,1,0,False,False,False,True,True,True,,,
phase144_6_r5_9_narrative_claim_consumer_audit,B_UNIQUE_AUDIT_OR_DOC_CONTENT,has_run+has_readme+has_audit_or_diagnose+unique_relevant_content,3,0,0,1,0,False,False,False,True,True,True,,,
phase144_6_r5_depth_policy_audit,B_UNIQUE_AUDIT_OR_DOC_CONTENT,has_run+has_readme+has_audit_or_diagnose+unique_relevant_content,3,0,0,1,0,False,False,False,True,True,True,,,
phase144_documentation_closure,B_APPLY_OR_PAYLOAD,has_apply+has_run+has_readme+unique_relevant_content,13,0,0,8,4,True,False,False,True,True,False,,,phase144_documentation_closure/full_files/design.md | phase144_documentation_closure/full_files/development_log.md | phase144_documentation_closure/full_files/proof_records.md | phase144_documentation_closure/full_files/roadmap.md
phase144_final_historical_snapshot_repair_r3,B_APPLY_OR_PAYLOAD,has_apply+has_run+has_readme,3,0,0,0,0,True,False,False,True,True,False,,,
phase144_final_regression_repair_r1,B_APPLY_OR_PAYLOAD,has_payload+has_test+has_run+has_readme+unique_relevant_content,6,0,0,4,3,False,True,True,True,True,False,,,phase144_final_regression_repair_r1/payload/tests/test_phase144_6_pi6_generic_production_route.py | phase144_final_regression_repair_r1/payload/tests/test_phase144_6_r5_37_genuinely_missing_semantic_equivalence_and_rendering_audit.py | phase144_final_regression_repair_r1/payload/tests/test_phase144_6_r5_38_visibility_gap_explanatory_contribution_dedup_ownership_audit.py
phase144_final_regression_repair_r2,B_APPLY_OR_PAYLOAD,has_apply+has_run+has_readme,3,0,0,0,0,True,False,False,True,True,False,,,
phase144_r2_final_repository_wide_pytest,B_ARTIFACT_REFERENCE_CHAIN,has_run+has_readme+artifact_only_reference,3,0,1,0,0,False,False,False,True,True,False,,phase144_r2_final_repository_wide_pytest_r2/run_phase144_r2_final_repository_wide_pytest_r2.ps1,
phase144_r2_final_repository_wide_pytest_r2,B_UNIQUE_AUDIT_OR_DOC_CONTENT,has_run+has_readme+unique_relevant_content,4,0,0,1,0,False,False,False,True,True,False,,,
phase144_repository_wide_pytest,B_ARTIFACT_REFERENCE_CHAIN,has_run+has_readme+artifact_only_reference+unique_relevant_content,3,0,3,1,0,False,False,False,True,True,False,,phase144_repository_wide_pytest_r1/README.txt | phase144_repository_wide_pytest_r1/phase144_repository_wide_pytest_r1_output.txt | phase144_repository_wide_pytest_r1/run_phase144_repository_wide_pytest_r1.ps1,
phase144_repository_wide_pytest_r1,B_UNIQUE_AUDIT_OR_DOC_CONTENT,has_run+has_readme+unique_relevant_content,4,0,0,2,0,False,False,False,True,True,False,,,
